MOI,temp,humidity,need_irrigation
95,39,38.0,0
9,31,60.0,1
49,17,87.0,0
96,30,66.5,0
25,29,70.0,1
91,31,62.0,0
51,15,89.0,0
22,15,89.0,0
57,33,64.0,1
54,26,77.0,1
97,37,40.0,0
18,19,85.0,0
2,22,82.0,0
31,18,86.0,0
43,27,74.0,1
49,17,87.0,0
12,36,47.0,1
79,43,26.0,0
6,13,91.0,0
60,42,34.1,1
25,41,32.0,1
8,30,65.0,1
59,29,68.0,1
17,39,38.0,1
81,25,80.0,0
28,21,83.0,0
42,32,59.0,1
33,22,82.0,0
65,14,90.0,0
59,41,36.8,1
40,40,35.0,1
4,30,65.0,1
36,13,91.0,0
53,43,26.0,1
30,14,90.0,0
38,17,87.0,0
59,29,69.2,1
45,20,84.0,0
92,32,59.0,0
7,35,52.0,1
57,21,83.0,0
62,36,47.0,1
89,37,47.6,0
68,40,35.0,0
15,39,38.0,1
50,46,17.0,0
2,26,77.0,1
49,43,35.0,1
95,27,74.0,0
20,23,81.0,0
63,14,90.0,0
61,17,87.0,0
99,35,60.0,0
37,18,86.0,0
9,41,32.0,1
16,18,86.0,0
12,32,55.0,1
30,46,17.0,1
74,38,41.0,0
83,35,50.0,1
60,40,31.0,1
54,36,45.0,1
26,18,86.0,0
19,31,62.0,1
51,43,26.0,1
82,40,50.0,0
40,15,89.0,0
16,15,89.0,0
42,36,47.0,1
24,46,15.0,1
29,31,60.0,1
90,38,44.9,0
22,28,71.0,1
78,28,71.0,1
14,23,81.0,0
85,27,74.0,0
25,18,86.0,0
94,36,47.0,0
38,23,81.0,0
54,46,17.0,1
28,16,88.0,0
22,26,77.5,1
100,28,73.0,0
65,35,50.0,1
30,32,57.0,1
28,15,89.0,0
29,20,84.0,0
48,46,17.0,1
3,29,68.0,1
43,29,68.0,1
100,26,77.0,0
70,42,29.0,1
8,22,82.0,0
30,30,61.0,1
45,21,83.0,0
28,32,62.5,1
91,45,20.0,0
44,22,82.0,0
89,29,64.0,0
25,24,80.0,0
24,13,91.0,0
37,27,76.0,1
14,44,28.7,1
39,25,80.0,1
17,27,74.0,1
10,34,53.0,1
19,37,44.0,1
49,24,80.0,0
53,14,90.0,0
61,43,31.4,1
19,24,80.0,0
16,44,25.0,1
34,20,84.0,0
83,31,63.8,0
12,28,71.0,1
37,39,36.0,1
53,14,90.0,0
43,23,81.0,0
98,26,79.0,0
12,36,47.0,1
61,33,56.0,1
34,15,89.0,0
56,40,35.0,1
5,20,84.0,0
79,39,34.0,0
8,32,59.0,1
42,19,85.0,0
89,27,74.0,1
30,19,85.0,0
100,38,41.0,0
19,27,74.0,1
67,45,20.0,1
45,22,82.0,0
98,46,17.0,0
1,25,80.0,1
35,20,84.0,0
50,42,29.0,1
72,19,85.0,0
98,40,33.0,0
54,24,80.0,0
78,42,29.0,0
47,18,86.0,0
48,28,71.9,1
7,24,80.0,0
33,35,55.0,1
1,45,20.0,1
57,16,88.0,0
18,32,59.0,1
33,22,82.0,0
74,26,77.0,1
32,36,47.0,1
29,31,60.0,1
16,26,77.0,1
73,31,65.0,0
53,31,62.0,1
100,26,77.0,0
33,22,82.0,0
13,18,86.0,0
40,32,59.0,1
13,19,85.0,0
79,41,30.0,0
74,36,47.0,1
77,20,84.0,0
34,36,52.5,1
43,37,44.0,1
87,37,44.0,1
65,14,90.0,0
23,13,91.0,0
62,26,77.0,1
80,38,54.0,0
19,39,34.0,1
2,28,71.0,1
68,22,82.0,0
33,22,82.0,0
58,15,89.0,0
10,26,77.0,1
9,22,82.0,0
26,28,72.5,1
62,17,87.0,0
11,21,83.0,0
86,30,65.0,0
92,42,29.0,0
83,45,18.0,0
24,19,85.0,0
75,35,46.0,0
49,18,86.0,0
38,23,81.0,0
40,15,89.0,0
70,42,29.0,1
29,43,26.0,1
86,28,69.0,0
25,24,80.0,0
45,27,72.0,1
26,19,85.0,0
62,40,35.0,1
8,46,17.0,1
7,24,80.0,0
38,44,28.7,1
89,27,74.0,0
27,24,80.0,0
24,46,15.0,1
6,30,65.0,1
82,32,61.1,0
58,42,29.0,0
65,29,68.0,1
20,44,23.0,1
30,19,85.0,0
51,24,80.0,0
95,33,56.0,0
91,39,52.0,0
4,21,83.0,0
64,14,90.0,0
62,22,82.0,0
69,27,76.0,1
71,31,62.0,1
73,43,26.0,0
42,42,34.1,1
88,46,38.0,0
31,27,74.0,1
17,20,84.0,0
64,13,91.0,0
62,44,21.0,1
48,42,29.0,1
37,24,80.0,0
47,35,50.0,1
3,45,18.0,1
32,28,71.0,1
31,25,80.0,1
5,33,58.0,1
67,37,44.0,1
42,24,80.0,0
77,35,60.0,1
36,40,35.0,1
68,38,41.0,1
1,18,86.0,0
82,40,35.0,0
72,36,47.0,1
23,39,38.0,1
15,39,38.0,1
72,46,23.3,1
63,16,88.0,0
79,37,50.0,0
51,16,88.0,0
26,30,67.5,1
97,33,56.0,0
9,43,26.0,1
21,16,88.0,0
39,35,50.0,1
26,42,29.0,1
59,20,84.0,0
94,36,45.0,0
15,15,89.0,0
43,18,86.0,0
47,43,26.0,1
36,13,91.0,0
88,38,41.0,1
8,24,80.0,0
46,40,35.0,1
54,13,91.0,0
60,44,23.0,1
4,15,89.0,0
63,15,89.0,0
61,43,31.4,1
63,27,75.0,1
27,27,70.0,1
33,27,74.0,1
78,32,66.0,1
41,25,80.0,1
33,39,38.0,1
19,35,50.0,1
68,44,42.0,1
74,44,23.0,1
65,29,68.0,1
56,23,81.0,0
95,27,74.0,0
91,35,50.0,0
53,13,91.0,0
60,42,34.1,1
21,24,80.0,0
69,21,83.0,0
36,42,29.0,1
13,14,90.0,0
92,36,47.0,0
34,15,89.0,0
9,35,60.0,1
66,28,69.0,1
35,39,38.0,1
4,15,89.0,0
44,22,82.0,0
79,41,48.0,1
83,37,44.0,0
70,15,89.0,0
9,22,82.0,0
38,17,87.0,0
86,44,23.0,0
6,13,91.0,0
18,19,85.0,0
12,36,47.0,1
35,35,46.0,1
56,44,23.0,1
29,43,26.0,1
7,27,70.0,1
50,44,23.0,1
96,38,39.0,0
28,21,83.0,0
50,17,87.0,0
30,34,57.5,1
24,26,77.5,1
66,26,73.0,0
90,32,57.0,0
85,43,44.0,0
35,20,84.0,0
44,22,82.0,0
80,44,23.0,0
14,26,78.0,1
59,20,84.0,0
82,42,29.0,1
49,31,62.0,1
23,20,84.0,0
17,39,36.0,1
26,23,81.0,0
35,20,84.0,0
12,28,71.0,1
77,29,68.0,1
40,40,31.0,1
43,18,86.0,0
30,19,85.0,0
78,40,33.0,1
41,45,20.0,1
5,43,26.0,1
61,18,86.0,0
11,19,85.0,0
48,28,71.9,0
34,38,41.0,1
9,22,82.0,0
57,41,32.0,1
77,35,50.0,0
4,30,65.0,1
28,21,83.0,0
36,38,39.0,1
45,39,38.0,1
19,35,50.0,1
86,38,41.0,0
1,18,86.0,0
6,28,69.0,1
54,13,91.0,0
73,45,20.0,1
19,25,80.0,1
1,19,85.0,0
89,39,42.2,0
21,16,88.0,0
35,14,90.0,0
42,38,41.0,1
55,23,81.0,0
36,19,85.0,0
75,27,74.0,1
31,35,50.0,1
16,26,77.0,1
35,20,84.0,0
41,45,20.0,1
5,14,90.0,0
51,33,56.0,1
64,21,83.0,0
15,39,38.0,1
26,26,73.0,1
70,40,35.0,1
9,16,88.0,0
46,21,83.0,0
23,14,90.0,0
50,16,88.0,0
66,13,91.0,0
16,18,86.0,0
40,34,53.0,1
94,32,59.0,0
92,42,29.0,0
10,21,83.0,0
99,39,38.0,0
25,18,86.0,0
45,25,76.0,1
3,35,50.0,1
62,42,34.1,1
42,36,47.0,1
85,39,38.0,0
58,40,33.0,1
47,16,88.0,0
63,33,56.0,1
2,23,81.0,0
21,45,20.0,1
67,23,81.0,0
17,37,50.0,1
98,34,53.0,0
75,16,88.0,0
61,45,20.0,0
19,18,86.0,0
65,31,62.0,1
12,32,55.0,1
8,34,53.0,1
51,37,44.0,1
60,19,85.0,0
46,30,65.0,1
98,26,77.0,0
8,24,80.0,0
22,15,89.0,0
18,42,29.0,1
14,18,86.0,0
96,38,39.0,0
4,42,29.0,1
22,36,47.0,1
35,20,84.0,0
16,16,88.0,0
14,38,41.0,1
98,38,37.0,0
72,38,41.0,0
75,37,42.0,1
7,45,20.0,1
41,45,20.0,1
21,22,82.0,0
88,36,47.0,0
65,29,70.0,1
4,30,65.0,1
69,25,80.0,0
30,46,17.0,1
5,35,50.0,1
48,19,85.0,0
74,34,53.0,1
46,46,17.0,1
35,14,90.0,0
34,34,49.0,1
27,18,86.0,0
49,45,20.0,1
34,38,47.5,1
58,20,84.0,0
25,18,86.0,0
54,32,59.0,1
32,32,55.0,1
45,16,88.0,0
93,25,80.0,0
47,19,85.0,0
56,19,85.0,0
32,26,77.0,1
34,40,35.0,1
13,27,74.0,1
49,31,60.0,1
49,41,32.0,1
71,37,44.0,0
39,16,88.0,0
58,21,83.0,0
77,14,90.0,0
8,17,87.0,0
76,26,77.3,0
30,34,53.0,1
4,30,65.0,1
64,14,90.0,0
98,38,37.0,0
5,29,68.0,1
56,26,77.0,1
8,34,53.0,1
36,30,65.0,1
50,30,65.0,1
25,24,80.0,0
61,43,24.0,1
14,30,65.0,1
50,32,57.0,1
81,41,32.0,1
15,29,68.0,1
29,31,62.0,1
33,16,88.0,0
100,40,31.0,0
35,27,74.0,1
2,30,67.0,1
46,19,85.0,0
48,28,71.0,1
64,30,66.5,1
45,22,82.0,0
51,16,88.0,0
25,29,68.0,1
51,39,38.0,1
45,18,86.0,0
18,16,88.0,0
8,28,71.0,1
99,43,26.0,0
14,38,41.0,1
60,40,35.0,1
36,19,85.0,0
22,40,35.0,1
15,31,62.0,1
4,14,90.0,0
47,33,56.0,1
46,40,35.0,1
11,14,90.0,0
72,13,91.0,0
34,44,23.0,1
65,29,69.2,1
15,43,28.0,1
55,27,74.0,0
8,23,81.0,0
18,36,47.0,1
48,30,63.0,1
25,27,75.0,1
32,23,81.0,0
57,37,40.0,1
1,24,80.0,0
48,26,77.0,1
58,21,83.0,0
62,17,87.0,0
94,26,77.0,0
3,15,89.0,0
20,34,53.0,1
40,15,89.0,0
74,44,23.0,0
52,34,51.0,1
18,13,91.0,0
99,45,20.0,0
63,31,62.0,1
40,21,83.0,0
20,36,47.0,1
70,26,77.0,0
13,18,86.0,0
92,30,70.0,0
66,24,80.0,0
47,14,90.0,0
76,38,39.0,1
96,44,23.0,0
58,38,44.9,0
7,13,91.0,0
37,18,86.0,0
48,42,29.0,1
15,15,89.0,0
44,21,83.0,0
74,34,49.0,1
45,22,82.0,0
67,25,80.0,0
44,38,41.0,1
20,34,53.0,1
48,26,77.0,1
99,43,26.0,0
31,18,86.0,0
61,41,36.8,1
27,43,26.0,1
77,25,80.0,0
48,13,91.0,0
12,22,82.0,0
41,41,36.8,1
52,34,51.0,1
92,36,47.0,0
69,16,88.0,0
29,33,56.0,1
33,33,52.0,1
11,37,44.0,1
22,28,71.0,1
46,20,84.0,0
29,43,26.0,1
23,25,80.0,1
12,13,91.0,0
67,24,80.0,0
70,19,85.0,0
82,38,41.0,0
72,44,23.0,1
74,40,35.0,0
96,46,17.0,0
20,17,87.0,0
54,26,77.0,0
69,21,83.0,0
8,17,87.0,0
26,17,87.0,0
53,20,84.0,0
94,28,71.0,0
38,17,87.0,0
19,18,86.0,0
44,21,83.0,0
31,24,80.0,0
11,20,84.0,0
4,44,23.0,1
17,15,89.0,0
51,14,90.0,0
31,25,80.0,1
32,44,23.0,1
30,46,17.0,1
40,44,23.0,1
7,43,44.0,1
10,21,83.0,0
58,20,84.0,0
12,13,91.0,0
42,44,23.0,1
15,16,88.0,0
72,44,23.0,1
67,23,81.0,0
40,44,23.0,1
17,39,45.0,1
3,25,78.0,1
32,23,81.0,0
11,21,83.0,0
20,23,81.0,0
23,20,84.0,0
55,18,86.0,0
13,37,44.0,1
27,16,88.0,0
68,28,67.0,1
30,32,61.1,1
52,36,58.0,1
3,27,74.0,1
16,46,23.3,1
5,20,84.0,0
15,16,88.0,0
44,26,77.0,1
10,17,87.0,0
35,33,58.4,1
66,13,91.0,0
72,32,55.0,1
58,21,83.0,0
8,44,42.0,1
34,21,83.0,0
36,19,85.0,0
30,30,61.0,1
87,27,70.0,1
12,28,71.0,1
20,22,82.0,0
43,45,20.0,1
69,43,26.0,0
80,40,31.0,1
53,45,20.0,0
38,36,47.0,1
4,32,61.0,1
58,32,59.0,1
11,41,32.0,1
56,36,43.0,1
14,34,53.0,1
43,37,50.0,1
86,30,65.0,0
13,29,68.0,1
16,21,83.0,0
3,35,50.0,1
57,37,47.6,1
62,16,88.0,0
32,23,81.0,0
83,27,74.0,0
84,34,53.0,1
12,19,85.0,0
33,33,58.4,1
20,38,41.0,1
14,46,17.0,1
48,46,17.0,1
42,24,80.0,0
27,31,62.0,1
29,20,84.0,0
88,30,63.0,0
76,36,47.0,1
25,24,80.0,0
41,24,80.0,0
32,23,81.0,0
48,23,81.0,0
27,29,66.0,1
76,15,89.0,0
64,34,55.7,0
50,40,50.0,0
30,32,57.0,1
52,40,35.0,1
42,26,77.0,1
35,39,45.0,1
19,24,80.0,0
46,30,65.0,1
59,39,34.0,1
76,34,62.0,1
21,43,24.0,1
18,44,23.0,1
75,43,26.0,1
50,36,47.0,1
30,24,80.0,0
35,39,45.0,1
13,21,83.0,0
69,25,80.0,0
40,38,41.0,1
17,43,26.0,1
77,17,87.0,0
22,15,89.0,0
77,29,68.0,0
93,45,20.0,0
27,31,65.0,1
12,42,37.5,1
45,22,82.0,0
9,16,88.0,0
28,15,89.0,0
51,16,88.0,0
25,29,68.0,1
59,19,85.0,0
49,17,87.0,0
51,31,63.8,1
6,19,85.0,0
54,34,49.0,1
17,33,56.0,1
77,20,84.0,0
68,38,41.0,1
76,38,39.0,1
66,24,80.0,0
6,44,23.0,1
65,25,76.0,0
4,16,88.0,0
10,20,84.0,0
44,40,35.0,1
28,42,29.0,1
51,35,50.0,1
28,21,83.0,0
58,30,65.0,1
99,35,50.0,0
67,29,66.0,1
72,34,62.0,1
100,34,53.0,0
22,21,83.0,0
34,15,89.0,0
62,17,87.0,0
42,19,85.0,0
63,16,88.0,0
54,36,45.0,1
60,30,65.0,1
80,36,47.0,0
34,21,83.0,0
68,32,59.0,1
36,16,88.0,0
1,24,80.0,0
55,23,81.0,0
10,15,89.0,0
25,14,90.0,0
76,26,77.0,0
67,37,47.6,0
67,24,80.0,0
86,46,17.0,0
23,37,44.0,1
67,41,32.0,1
5,33,58.0,1
49,33,56.0,1
67,39,38.0,1
31,33,60.0,1
8,17,87.0,0
16,15,89.0,0
82,46,17.0,0
98,42,29.0,0
78,44,23.0,0
94,38,41.0,0
9,31,65.0,1
40,46,17.0,1
15,17,87.0,0
9,29,64.0,1
53,37,44.0,1
86,38,41.0,1
16,21,83.0,0
39,16,88.0,0
38,40,42.5,1
77,39,38.0,1
11,37,44.0,1
6,19,85.0,0
11,14,90.0,0
54,36,45.0,1
32,23,81.0,0
88,26,77.0,1
34,15,89.0,0
50,24,80.0,0
36,28,71.0,1
49,16,88.0,0
71,20,84.0,0
16,32,59.0,1
70,28,71.0,1
42,19,85.0,0
25,18,86.0,0
98,38,41.0,0
44,46,15.0,1
55,25,80.0,1
42,15,89.0,0
92,34,51.0,0
68,40,35.0,0
24,15,89.0,0
3,37,44.0,1
37,33,56.0,1
27,16,88.0,0
54,13,91.0,0
33,33,56.0,1
64,26,77.0,0
21,21,83.0,0
16,21,83.0,0
84,32,61.1,0
70,32,57.0,1
22,17,87.0,0
52,15,89.0,0
67,23,81.0,0
2,46,17.0,1
66,32,59.0,1
56,22,82.0,0
66,26,73.0,1
28,44,23.0,1
58,26,77.0,1
39,37,44.0,1
14,30,65.0,1
39,16,88.0,0
82,26,77.0,0
98,32,59.0,0
31,35,50.0,1
62,34,53.0,0
7,23,81.0,0
6,19,85.0,0
28,21,83.0,0
9,31,62.0,1
19,27,74.0,1
1,24,80.0,0
97,25,81.0,0
27,16,88.0,0
6,26,77.0,1
15,19,85.0,0
14,23,81.0,0
34,21,83.0,0
45,16,88.0,0
95,37,44.0,0
84,28,71.0,0
100,36,58.0,0
85,37,44.0,0
64,34,53.0,1
59,19,85.0,0
49,35,50.0,1
95,37,42.0,0
24,38,41.0,1
98,32,59.0,0
9,33,56.0,1
85,43,44.0,0
64,34,53.0,1
80,44,23.0,0
18,40,33.0,1
30,34,57.5,1
53,25,80.0,0
68,22,82.0,0
59,19,85.0,0
94,28,71.0,0
80,28,71.0,0
22,38,41.0,1
7,33,56.0,1
47,20,84.0,0
80,28,71.9,1
28,42,29.0,1
1,29,70.0,1
37,18,86.0,0
49,17,87.0,0
37,41,40.0,1
56,17,87.0,0
55,27,74.0,1
44,46,27.5,1
47,20,84.0,0
68,40,39.5,1
29,22,82.0,0
8,34,53.0,1
98,38,37.0,0
73,33,52.0,1
27,33,56.0,1
53,45,20.0,1
3,27,74.0,1
80,42,46.0,1
35,14,90.0,0
3,41,48.0,1
60,44,23.0,1
76,26,77.0,1
66,38,41.0,1
46,21,83.0,0
4,18,86.0,0
3,43,26.0,1
24,34,53.0,1
29,20,84.0,0
49,43,26.0,1
37,27,74.0,1
79,24,80.0,0
52,32,55.0,1
58,15,89.0,0
22,26,77.0,1
38,23,81.0,0
45,22,82.0,0
23,45,20.0,1
15,35,46.0,1
70,32,57.0,1
45,20,84.0,0
16,36,43.0,1
73,37,44.0,0
79,39,38.0,0
6,13,91.0,0
46,19,85.0,0
32,42,29.0,1
8,28,67.0,1
20,24,80.0,0
52,15,89.0,0
61,33,56.0,0
52,30,65.0,0
69,20,84.0,0
49,18,86.0,0
49,24,80.0,0
30,46,17.0,1
22,26,77.5,1
59,33,56.0,0
64,14,90.0,0
6,34,55.0,1
47,19,85.0,0
80,28,71.0,0
36,36,43.0,1
53,37,44.0,1
87,31,62.0,1
90,32,57.0,0
59,31,62.0,1
71,35,50.0,1
55,18,86.0,0
26,34,53.0,1
37,24,80.0,0
11,14,90.0,0
43,45,18.0,1
24,40,35.0,1
48,34,53.0,1
67,39,38.0,1
37,18,86.0,0
84,46,15.0,1
87,33,56.0,0
30,38,41.0,1
59,31,62.0,1
49,17,87.0,0
15,39,38.0,1
68,36,47.0,1
25,39,38.0,1
38,13,91.0,0
13,18,86.0,0
96,26,77.3,0
48,17,87.0,0
74,38,41.0,1
47,19,85.0,0
57,39,36.0,1
3,16,88.0,0
73,33,52.0,0
1,24,80.0,0
81,29,69.2,0
76,34,62.0,1
98,38,54.0,0
71,37,44.0,0
61,18,86.0,0
35,27,75.0,1
51,22,82.0,0
52,13,91.0,0
19,15,89.0,0
96,40,35.0,0
34,15,89.0,0
32,23,81.0,0
90,40,35.0,0
21,43,24.0,1
2,44,23.0,1
58,21,83.0,0
11,14,90.0,0
20,36,47.0,1
41,14,90.0,0
71,25,80.0,0
99,29,68.0,0
16,21,83.0,0
68,16,88.0,0
93,31,62.0,0
89,31,63.8,0
21,22,82.0,0
46,21,83.0,0
72,46,17.0,1
56,36,43.0,1
14,23,81.0,0
19,13,91.0,0
26,23,81.0,0
88,42,29.0,0
26,17,87.0,0
10,15,89.0,0
61,25,80.0,1
69,33,56.0,0
20,26,77.0,1
83,45,18.0,0
33,16,88.0,0
47,19,85.0,0
21,41,32.0,1
24,26,77.3,1
18,34,53.0,1
14,38,41.0,1
19,39,45.0,1
48,32,59.0,1
21,25,80.0,1
25,27,72.0,1
42,24,80.0,0
55,37,42.0,1
66,24,80.0,0
72,42,29.0,1
56,22,82.0,0
85,33,58.4,0
1,24,80.0,0
29,15,89.0,0
25,27,75.0,1
56,17,87.0,0
75,41,32.0,0
52,19,85.0,0
10,21,83.0,0
57,41,32.0,1
58,20,84.0,0
41,14,90.0,0
55,33,56.0,1
55,39,38.0,1
19,24,80.0,0
13,17,87.0,0
98,46,23.3,0
37,25,80.0,1
48,42,29.0,1
46,34,53.0,1
18,34,53.0,1
43,23,81.0,0
96,36,43.0,0
60,18,86.0,0
34,15,89.0,0
90,32,61.1,0
18,28,71.0,1
23,21,83.0,0
46,15,89.0,0
45,35,50.0,1
35,20,84.0,0
52,46,17.0,1
52,14,90.0,0
28,32,59.0,1
77,45,20.0,0
78,13,91.0,0
14,13,91.0,0
37,25,80.0,1
92,46,17.0,0
28,21,83.0,0
95,37,42.0,0
56,22,82.0,0
7,29,66.0,1
13,35,48.0,1
71,33,54.0,1
86,26,73.0,0
17,20,84.0,0
14,30,65.0,1
36,36,43.0,1
70,21,83.0,0
25,43,26.0,1
22,21,83.0,0
43,24,80.0,0
14,23,81.0,0
18,13,91.0,0
99,41,32.0,0
21,16,88.0,0
85,27,74.0,0
6,13,91.0,0
39,22,82.0,0
16,40,35.0,1
24,44,23.0,1
2,30,67.0,1
10,28,71.0,1
67,41,32.0,0
15,16,88.0,0
51,33,58.4,1
73,31,68.0,1
44,17,87.0,0
98,26,77.5,0
75,45,20.0,1
1,27,74.0,1
16,30,65.0,1
51,35,50.0,1
89,25,80.0,0
45,22,82.0,0
48,18,86.0,0
57,35,50.0,0
55,39,38.0,1
41,35,50.0,1
20,36,47.0,1
56,22,82.0,0
44,46,17.0,1
58,21,83.0,0
90,38,41.0,0
1,41,48.0,1
44,42,34.1,1
2,17,87.0,0
30,32,62.5,1
64,38,44.9,1
50,16,88.0,0
9,31,60.0,1
16,15,89.0,0
46,40,35.0,1
34,15,89.0,0
59,27,74.0,1
14,34,49.0,1
29,13,91.0,0
33,22,82.0,0
92,44,23.0,0
95,39,38.0,0
30,13,91.0,0
37,39,45.0,1
17,13,91.0,0
5,20,84.0,0
9,35,50.0,1
21,43,24.0,1
18,34,53.0,1
7,20,84.0,0
86,26,78.0,0
37,18,86.0,0
93,45,20.0,0
11,23,81.0,0
21,16,88.0,0
16,42,29.0,1
7,33,56.0,1
10,24,80.0,0
40,15,89.0,0
70,34,57.5,1
89,33,56.0,0
43,25,80.0,1
99,37,44.0,0
15,37,50.0,1
64,13,91.0,0
39,39,34.0,1
55,24,80.0,0
49,20,84.0,0
10,34,53.0,1
53,14,90.0,0
15,17,87.0,0
58,34,53.0,1
48,34,57.5,1
18,13,91.0,0
40,15,89.0,0
98,26,79.0,0
5,27,72.0,1
54,36,50.3,1
39,43,26.0,1
94,36,45.0,0
47,31,62.0,1
64,42,29.0,1
40,32,59.0,1
22,15,89.0,0
29,43,26.0,1
78,42,29.0,0
32,23,81.0,0
59,29,68.0,1
44,30,65.0,1
37,18,86.0,0
40,40,31.0,1
18,21,83.0,0
2,36,47.0,1
94,32,59.0,0
47,25,80.0,1
1,24,80.0,0
59,14,90.0,0
96,36,43.0,0
29,14,90.0,0
40,34,53.0,1
20,44,23.0,1
57,22,82.0,0
10,34,53.0,1
26,32,59.0,1
39,43,35.0,1
33,35,55.0,1
100,40,31.0,0
63,41,32.0,0
57,21,83.0,0
70,28,74.0,0
100,44,23.0,0
6,16,88.0,0
35,25,80.0,1
38,23,81.0,0
46,26,77.3,1
15,39,38.0,1
67,37,44.0,1
22,34,53.0,1
54,38,41.0,1
4,26,75.0,1
79,25,80.0,0
70,36,47.0,0
88,40,35.0,0
71,20,84.0,0
9,31,60.0,1
41,18,86.0,0
17,17,87.0,0
10,42,29.0,1
55,18,86.0,0
72,19,85.0,0
77,37,44.0,1
9,22,82.0,0
88,28,71.0,0
84,34,53.0,0
4,15,89.0,0
35,20,84.0,0
97,39,38.0,0
37,39,36.0,1
49,33,56.0,1
27,43,26.0,1
13,18,86.0,0
92,42,29.0,0
57,37,44.0,1
17,39,36.0,1
21,37,44.0,1
31,37,44.0,1
71,41,32.0,1
30,46,17.0,1
3,29,68.0,1
71,35,50.0,1
54,34,55.7,1
20,36,47.0,1
57,25,80.0,1
32,32,55.0,1
8,36,47.0,1
90,28,71.0,1
18,36,58.0,1
48,13,91.0,0
17,14,90.0,0
48,32,62.5,1
25,18,86.0,0
43,18,86.0,0
37,18,86.0,0
33,16,88.0,0
46,32,59.0,1
4,14,90.0,0
41,43,35.0,1
11,14,90.0,0
60,13,91.0,0
13,24,80.0,0
37,27,74.0,1
73,45,20.0,0
14,28,71.0,1
35,43,26.0,1
40,15,89.0,0
86,30,65.0,0
34,32,59.0,1
61,18,86.0,0
60,28,71.0,0
61,45,20.0,1
73,45,26.0,1
63,41,32.0,0
31,33,54.0,1
44,23,81.0,0
45,16,88.0,0
11,20,84.0,0
17,20,84.0,0
4,46,15.0,1
47,41,32.0,1
41,14,90.0,0
18,40,33.0,1
57,25,80.0,0
58,42,29.0,1
4,21,83.0,0
47,41,32.0,1
86,34,55.7,0
79,37,44.0,0
35,20,84.0,0
38,17,87.0,0
47,20,84.0,0
39,16,88.0,0
7,18,86.0,0
78,38,41.0,0
50,30,61.0,1
78,44,23.0,0
76,42,29.0,0
20,17,87.0,0
28,38,41.0,1
3,45,18.0,1
3,22,82.0,0
9,16,88.0,0
28,21,83.0,0
90,38,41.0,0
72,26,78.0,1
15,45,20.0,1
35,25,80.0,1
34,36,50.3,1
3,31,64.0,1
96,26,77.5,0
93,37,44.0,0
61,45,20.0,1
97,27,74.0,0
39,16,88.0,0
17,20,84.0,0
23,31,62.0,1
47,29,66.0,1
11,14,90.0,0
35,20,84.0,0
22,40,35.0,1
30,19,85.0,0
7,29,66.0,1
47,14,90.0,0
4,28,71.0,1
25,33,58.4,1
6,28,71.0,1
9,16,88.0,0
24,40,35.0,1
24,18,86.0,0
70,34,53.0,1
39,16,88.0,0
89,31,60.0,0
45,39,38.0,1
32,36,52.5,1
75,22,82.0,0
23,20,84.0,0
93,31,62.0,0
22,21,83.0,0
90,28,71.0,1
100,42,27.0,0
26,23,81.0,0
70,21,83.0,0
19,24,80.0,0
24,19,85.0,0
39,16,88.0,0
1,24,80.0,0
14,40,35.0,1
47,45,20.0,1
14,34,49.0,1
77,33,56.0,0
41,43,24.0,1
54,24,80.0,0
19,18,86.0,0
57,16,88.0,0
79,29,69.2,0
84,26,75.0,0
66,19,85.0,0
22,46,17.0,1
99,35,60.0,0
55,18,86.0,0
39,16,88.0,0
7,35,52.0,1
63,45,18.0,1
68,32,59.0,1
100,44,23.0,0
42,13,91.0,0
3,45,18.0,1
86,32,59.0,0
11,25,80.0,1
35,20,84.0,0
32,34,51.0,1
63,43,26.0,0
60,42,27.0,1
15,35,46.0,1
63,35,50.0,1
31,23,81.0,0
2,26,77.0,1
6,13,91.0,0
40,15,89.0,0
74,42,29.0,0
96,40,35.0,0
61,43,31.4,1
64,15,89.0,0
55,24,80.0,0
52,44,23.0,0
10,14,90.0,0
11,27,74.0,1
84,38,41.0,0
54,26,77.0,1
58,20,84.0,0
13,24,80.0,0
30,24,80.0,0
35,37,42.0,1
76,15,89.0,0
23,39,38.0,1
72,34,51.0,0
37,18,86.0,0
4,28,71.0,1
2,32,59.0,1
95,43,44.0,0
75,33,56.0,1
56,26,77.0,1
51,15,89.0,0
17,27,74.0,1
26,44,23.0,1
60,40,31.0,1
28,44,23.0,1
69,15,89.0,0
11,27,74.0,1
1,18,86.0,0
44,23,81.0,0
6,28,69.0,1
27,16,88.0,0
28,28,67.0,1
33,33,52.0,1
5,45,20.0,1
61,45,20.0,1
5,31,68.0,1
76,38,39.0,1
44,17,87.0,0
32,36,47.0,1
33,16,88.0,0
32,34,51.0,1
99,41,32.0,0
49,29,69.2,1
7,45,40.0,1
33,33,52.0,1
8,36,49.0,1
86,36,47.0,0
7,24,80.0,0
35,29,68.0,1
33,22,82.0,0
35,37,44.0,1
23,25,78.0,1
64,26,75.0,1
54,42,29.0,0
27,31,62.0,1
64,36,47.0,1
9,33,56.0,1
26,17,87.0,0
72,42,29.0,0
81,45,20.0,0
44,22,82.0,0
9,33,56.0,1
98,26,79.0,0
67,20,84.0,0
64,15,89.0,0
34,21,83.0,0
58,38,41.0,1
65,13,91.0,0
50,44,23.0,1
15,16,88.0,0
45,29,68.0,1
31,39,38.0,1
72,36,47.0,1
16,21,83.0,0
100,40,31.0,0
8,30,63.0,1
69,39,38.0,1
38,23,81.0,0
89,37,44.0,0
63,25,80.0,1
91,33,54.0,0
3,17,87.0,0
15,22,82.0,0
36,38,39.0,1
9,18,86.0,0
7,13,91.0,0
34,21,83.0,0
46,26,77.0,1
50,17,87.0,0
15,39,38.0,1
19,31,62.0,1
32,32,59.0,1
71,23,81.0,0
90,30,61.0,0
37,18,86.0,0
21,43,26.0,1
29,16,88.0,0
94,46,17.0,0
3,17,87.0,0
1,18,86.0,0
6,13,91.0,0
32,46,17.0,1
63,16,88.0,0
12,13,91.0,0
21,16,88.0,0
71,35,55.0,0
34,21,83.0,0
41,14,90.0,0
61,45,20.0,1
55,29,69.2,1
42,13,91.0,0
65,37,44.0,1
88,38,41.0,1
46,21,83.0,0
11,14,90.0,0
29,20,84.0,0
37,37,40.0,1
74,36,45.0,1
53,33,58.4,1
38,42,29.0,1
27,29,70.0,1
15,37,44.0,1
16,32,59.0,1
30,30,61.0,1
95,45,20.0,0
17,20,84.0,0
12,30,65.0,1
14,17,87.0,0
47,29,66.0,1
67,27,70.0,1
16,42,29.0,1
23,29,68.0,1
70,24,80.0,0
61,37,56.0,1
3,13,91.0,0
39,31,65.0,1
94,26,77.0,0
43,23,81.0,0
19,37,44.0,1
25,14,90.0,0
35,29,68.0,1
46,15,89.0,0
25,14,90.0,0
58,21,83.0,0
35,39,38.0,1
30,44,23.0,1
44,42,29.0,1
83,33,56.0,0
7,15,89.0,0
40,44,23.0,1
80,28,71.9,1
19,18,86.0,0
70,40,35.0,0
45,33,56.0,1
66,26,73.0,1
31,31,63.8,1
85,27,72.0,1
27,22,82.0,0
7,29,66.0,1
31,20,84.0,0
65,14,90.0,0
79,43,26.0,0
11,20,84.0,0
18,38,37.0,1
35,20,84.0,0
33,33,52.0,1
100,40,31.0,0
21,35,50.0,1
38,42,37.5,1
34,21,83.0,0
47,20,84.0,0
80,38,54.0,1
46,15,89.0,0
21,23,81.0,0
95,45,20.0,0
97,35,60.0,0
45,25,76.0,1
22,24,80.0,0
43,37,44.0,1
11,27,74.0,1
8,30,63.0,1
56,22,82.0,0
44,22,82.0,0
59,43,26.0,1
50,24,80.0,0
7,24,80.0,0
69,29,64.0,1
40,40,39.5,1
63,45,18.0,1
91,39,42.2,0
24,40,35.0,1
39,16,88.0,0
94,28,71.0,0
2,17,87.0,0
59,19,85.0,0
7,24,80.0,0
29,29,68.0,1
41,43,24.0,1
26,23,81.0,0
35,14,90.0,0
11,31,58.0,1
6,28,69.0,1
28,23,81.0,0
5,43,26.0,1
11,20,84.0,0
74,38,41.0,1
9,13,91.0,0
25,45,20.0,1
40,21,83.0,0
20,23,81.0,0
35,29,68.0,1
86,36,47.0,0
49,27,74.0,1
9,22,82.0,0
49,33,56.0,1
71,45,20.0,0
31,25,80.0,1
47,16,88.0,0
65,45,26.0,0
14,18,86.0,0
40,30,70.0,1
61,31,62.0,1
8,14,90.0,0
42,42,29.0,1
11,20,84.0,0
33,22,82.0,0
62,44,21.0,1
27,22,82.0,0
65,25,76.0,1
19,35,50.0,1
16,15,89.0,0
66,46,23.3,1
39,43,26.0,1
25,25,76.0,1
32,23,81.0,0
46,30,65.0,1
19,29,68.0,1
63,15,89.0,0
38,23,81.0,0
34,21,83.0,0
18,36,47.0,1
50,32,61.1,1
74,34,53.0,1
1,39,52.0,1
39,16,88.0,0
13,29,68.0,1
83,25,78.0,1
67,18,86.0,0
23,45,20.0,1
23,27,74.0,1
88,38,41.0,0
62,42,29.0,0
63,35,50.0,0
74,17,87.0,0
33,25,80.0,1
62,34,53.0,1
42,19,85.0,0
62,46,17.0,1
94,42,46.0,0
66,19,85.0,0
70,30,65.0,1
15,31,62.0,1
10,15,89.0,0
90,42,29.0,1
30,14,90.0,0
77,37,40.0,1
31,31,58.0,1
5,29,68.0,1
47,39,45.0,1
83,37,44.0,0
87,41,32.0,0
78,13,91.0,0
49,18,86.0,0
34,38,41.0,1
24,42,29.0,1
76,40,35.0,1
4,21,83.0,0
11,33,54.0,1
3,16,88.0,0
64,38,41.0,1
20,17,87.0,0
42,19,85.0,0
14,17,87.0,0
42,24,80.0,0
6,30,65.0,1
10,14,90.0,0
12,15,89.0,0
70,46,38.0,1
27,22,82.0,0
16,28,71.0,1
2,38,54.0,1
52,36,47.0,1
70,32,66.0,1
66,28,69.0,1
45,29,68.0,1
5,20,84.0,0
37,18,86.0,0
33,18,86.0,0
86,44,42.0,0
21,22,82.0,0
43,27,74.0,1
42,46,27.5,1
12,13,91.0,0
22,40,35.0,1
61,17,87.0,0
30,19,85.0,0
26,30,65.0,1
44,40,35.0,1
91,39,42.2,0
50,38,41.0,1
52,26,77.3,1
94,30,70.0,0
89,29,64.0,1
35,20,84.0,0
92,40,35.0,0
28,32,59.0,1
1,45,20.0,1
84,36,47.0,0
64,44,28.7,1
44,26,77.3,1
31,37,44.0,1
34,15,89.0,0
55,31,62.0,1
38,38,41.0,1
85,29,68.0,0
17,31,62.0,1
37,39,36.0,1
96,46,17.0,0
89,33,56.0,0
55,18,86.0,0
74,44,28.7,0
26,36,47.0,1
13,37,44.0,1
46,21,83.0,0
89,29,72.0,0
22,44,21.0,1
27,31,62.0,1
10,21,83.0,0
95,29,69.2,0
44,17,87.0,0
41,25,80.0,1
50,23,81.0,0
52,15,89.0,0
32,23,81.0,0
34,40,35.0,1
46,21,83.0,0
8,46,17.0,1
62,38,41.0,0
88,26,78.0,0
37,33,56.0,1
68,28,67.0,1
57,35,50.0,1
39,33,56.0,1
60,46,17.0,1
37,18,86.0,0
58,38,41.0,0
14,44,23.0,1
63,31,62.0,0
57,21,83.0,0
88,38,41.0,1
56,17,87.0,0
71,31,62.0,1
36,38,47.5,1
80,30,65.0,1
42,38,41.0,1
1,43,24.0,1
39,35,50.0,1
16,20,84.0,0
24,26,75.0,1
86,34,55.7,0
32,26,77.0,1
33,18,86.0,0
63,35,50.0,1
45,43,26.0,1
11,27,74.0,1
20,28,71.0,1
69,45,20.0,1
33,35,48.0,1
13,35,50.0,1
46,38,41.0,1
41,14,90.0,0
58,19,85.0,0
42,26,77.0,1
32,26,77.0,1
44,23,81.0,0
55,35,46.0,1
30,19,85.0,0
79,27,74.6,1
95,39,38.0,0
70,42,29.0,1
11,35,50.0,1
23,39,38.0,1
23,14,90.0,0
1,29,68.0,1
9,29,68.0,1
36,38,39.0,1
90,38,44.9,0
35,14,90.0,0
74,46,17.0,1
83,31,63.8,0
84,46,15.0,0
38,44,23.0,1
2,13,91.0,0
36,19,85.0,0
23,39,38.0,1
22,20,84.0,0
30,19,85.0,0
6,13,91.0,0
7,18,86.0,0
17,41,32.0,1
67,24,80.0,0
26,40,35.0,1
55,35,53.0,1
48,18,86.0,0
36,19,85.0,0
53,37,44.0,1
29,39,38.0,1
23,20,84.0,0
8,14,90.0,0
1,14,90.0,0
41,45,20.0,1
17,37,40.0,1
79,24,80.0,0
38,42,29.0,1
30,32,59.0,1
5,33,58.0,1
18,18,86.0,0
58,38,37.0,1
65,14,90.0,0
55,29,68.0,0
65,37,44.0,1
37,18,86.0,0
4,46,15.0,1
17,20,84.0,0
48,15,89.0,0
31,14,90.0,0
85,31,62.0,0
61,17,87.0,0
4,15,89.0,0
56,38,41.0,1
70,15,89.0,0
99,43,26.0,0
33,22,82.0,0
29,20,84.0,0
72,34,55.7,0
26,23,81.0,0
35,33,56.0,1
35,20,84.0,0
48,30,63.0,1
47,18,86.0,0
63,33,56.0,1
12,44,23.0,1
97,33,56.0,0
45,25,80.0,1
94,44,23.0,0
58,30,65.0,1
65,27,72.0,1
1,19,85.0,0
34,30,65.0,1
39,22,82.0,0
65,13,91.0,0
16,15,89.0,0
48,32,66.0,1
12,28,71.0,1
50,34,62.0,1
93,43,26.0,0
22,26,77.0,1
52,15,89.0,0
58,20,84.0,0
38,28,74.0,1
12,36,47.0,1
8,23,81.0,0
11,16,88.0,0
8,44,42.0,1
48,19,85.0,0
1,18,86.0,0
21,37,44.0,1
49,35,50.0,1
82,32,59.0,1
83,43,26.0,1
16,34,53.0,1
91,37,44.0,0
48,40,35.0,1
68,34,53.0,0
38,17,87.0,0
25,39,38.0,1
5,25,76.0,1
43,27,74.0,1
87,31,62.0,0
86,36,47.0,0
35,35,46.0,1
66,28,69.0,1
88,38,41.0,0
34,21,83.0,0
85,25,80.0,0
18,16,88.0,0
96,36,43.0,0
79,41,30.0,1
73,18,86.0,0
8,24,80.0,0
59,20,84.0,0
45,16,88.0,0
100,44,23.0,0
39,37,44.0,1
38,17,87.0,0
65,27,72.0,1
90,32,59.0,0
79,31,62.0,1
21,35,50.0,1
67,29,66.0,1
9,16,88.0,0
92,42,29.0,0
47,19,85.0,0
26,30,65.0,1
11,27,74.0,1
25,37,44.0,1
6,13,91.0,0
99,41,30.0,0
56,40,35.0,1
40,34,57.5,1
36,30,65.0,1
23,25,80.0,1
72,30,70.0,1
80,40,35.0,1
58,15,89.0,0
59,41,36.8,1
64,14,90.0,0
86,26,73.0,0
21,37,44.0,1
52,32,59.0,1
97,39,36.0,0
3,17,87.0,0
34,21,83.0,0
79,37,56.0,1
29,29,64.0,1
10,22,82.0,0
7,43,44.0,1
21,22,82.0,0
24,28,71.0,1
24,36,47.0,1
9,16,88.0,0
85,33,56.0,0
50,13,91.0,0
6,13,91.0,0
29,33,56.0,1
52,46,17.0,1
91,41,32.0,0
60,44,23.0,1
36,30,65.0,1
2,26,77.0,1
47,14,90.0,0
56,36,43.0,1
6,19,85.0,0
16,38,39.0,1
34,28,71.0,1
44,22,82.0,0
23,21,83.0,0
4,46,17.0,1
8,17,87.0,0
12,18,86.0,0
28,30,63.0,1
25,29,70.0,1
25,19,85.0,0
86,26,73.0,1
53,39,38.0,1
1,18,86.0,0
20,40,31.0,1
73,37,44.0,1
34,46,17.0,1
45,29,68.0,1
11,33,54.0,1
78,46,17.0,0
31,24,80.0,0
53,43,44.0,0
7,13,91.0,0
9,29,64.0,1
65,25,80.0,1
27,41,32.0,1
13,35,48.0,1
3,15,89.0,0
24,36,47.0,1
25,24,80.0,0
18,19,85.0,0
31,24,80.0,0
60,44,23.0,1
90,26,78.0,0
9,43,26.0,1
8,24,80.0,0
26,30,67.5,1
9,33,56.0,1
43,24,80.0,0
46,26,77.0,1
45,18,86.0,0
48,40,42.5,1
27,16,88.0,0
48,28,67.0,1
48,19,85.0,0
21,43,24.0,1
19,20,84.0,0
19,18,86.0,0
93,35,50.0,0
15,29,68.0,1
32,32,59.0,1
12,36,47.0,1
60,13,91.0,0
14,23,81.0,0
17,31,62.0,1
10,34,53.0,1
34,34,53.0,1
9,27,76.0,1
57,27,74.0,1
34,38,47.5,1
57,18,86.0,0
40,36,47.0,1
16,42,29.0,1
65,19,85.0,0
86,34,55.7,0
23,20,84.0,0
1,43,24.0,1
68,23,81.0,0
13,35,50.0,1
24,46,17.0,1
5,29,68.0,1
6,36,50.3,1
71,29,68.0,0
15,16,88.0,0
32,32,55.0,1
53,35,53.0,1
43,20,84.0,0
13,27,74.0,1
59,31,63.8,1
92,44,23.0,0
74,34,53.0,0
31,18,86.0,0
67,25,80.0,0
32,32,61.1,1
50,16,88.0,0
61,23,81.0,0
48,32,59.0,1
25,29,68.0,1
67,27,74.0,1
54,19,85.0,0
13,37,44.0,1
64,36,47.0,0
24,19,85.0,0
7,24,80.0,0
71,41,36.8,0
15,37,42.0,1
55,18,86.0,0
26,23,81.0,0
46,20,84.0,0
16,38,39.0,1
25,39,38.0,1
90,40,35.0,0
3,17,87.0,0
25,17,87.0,0
12,13,91.0,0
54,30,65.0,1
34,28,71.0,1
49,16,88.0,0
58,40,33.0,1
52,32,55.0,1
10,40,42.5,1
77,14,90.0,0
6,42,29.0,1
62,46,17.0,1
90,26,77.0,0
31,29,68.0,1
63,45,18.0,0
47,22,82.0,0
5,14,90.0,0
18,13,91.0,0
44,15,89.0,0
65,20,84.0,0
7,18,86.0,0
89,29,68.0,0
58,32,59.0,1
62,34,53.0,1
11,33,56.0,1
1,25,80.0,1
76,36,43.0,1
21,22,82.0,0
57,39,36.0,1
41,20,84.0,0
20,42,27.0,1
41,24,80.0,0
33,22,82.0,0
28,15,89.0,0
63,43,31.4,1
21,45,20.0,1
2,17,87.0,0
73,45,20.0,1
93,35,48.0,0
56,30,65.0,1
67,39,42.2,1
66,30,67.5,1
38,42,29.0,1
11,33,54.0,1
31,45,20.0,1
5,15,89.0,0
98,30,65.0,0
10,26,77.0,1
90,30,70.0,0
15,31,62.0,1
42,19,85.0,0
39,16,88.0,0
38,40,39.5,1
25,27,74.0,1
47,25,80.0,1
22,21,83.0,0
74,34,49.0,1
58,40,33.0,1
32,23,81.0,0
2,30,67.0,1
19,24,80.0,0
35,20,84.0,0
17,29,68.0,1
32,23,81.0,0
10,17,87.0,0
20,44,23.0,1
100,26,77.0,0
58,30,65.0,1
1,24,80.0,0
50,15,89.0,0
77,25,80.0,1
4,21,83.0,0
77,35,55.0,0
20,17,87.0,0
93,31,68.0,0
15,22,82.0,0
98,38,41.0,0
54,28,71.0,0
13,39,38.0,1
28,17,87.0,0
42,40,35.0,1
11,27,74.0,1
25,29,70.0,1
54,13,91.0,0
7,43,44.0,1
51,22,82.0,0
7,29,66.0,1
74,36,45.0,1
11,43,26.0,1
78,36,47.0,1
47,27,74.0,1
5,41,48.0,1
25,41,32.0,1
73,35,48.0,0
44,17,87.0,0
47,35,50.0,0
53,20,84.0,0
38,23,81.0,0
92,34,51.0,0
60,19,85.0,0
40,14,90.0,0
37,18,86.0,0
2,44,21.0,1
56,38,44.9,1
69,18,86.0,0
20,17,87.0,0
37,18,86.0,0
18,19,85.0,0
56,40,35.0,1
53,33,58.4,0
55,37,47.6,1
9,25,80.0,1
7,24,80.0,0
57,27,74.0,1
72,32,55.0,0
19,25,80.0,1
91,35,50.0,0
51,22,82.0,0
17,37,40.0,1
70,32,57.0,1
76,28,71.0,1
21,45,20.0,1
30,30,61.0,1
64,44,28.7,1
49,24,80.0,0
21,21,83.0,0
3,22,82.0,0
66,26,73.0,1
73,39,42.2,1
66,26,73.0,1
9,22,82.0,0
13,37,44.0,1
9,39,38.0,1
79,15,89.0,0
59,37,44.0,1
95,31,62.0,0
69,25,80.0,1
23,45,18.0,1
10,20,84.0,0
67,39,38.0,1
63,15,89.0,0
80,40,31.0,1
94,34,49.0,0
7,24,80.0,0
54,20,84.0,0
3,43,44.0,1
15,35,46.0,1
21,16,88.0,0
56,17,87.0,0
26,23,81.0,0
69,22,82.0,0
52,26,77.0,0
73,18,86.0,0
48,18,86.0,0
65,35,53.0,0
32,36,52.5,1
12,38,41.0,1
7,37,44.0,1
78,42,29.0,0
20,17,87.0,0
4,30,65.0,1
81,43,24.0,1
54,13,91.0,0
33,18,86.0,0
7,18,86.0,0
35,35,50.0,1
12,19,85.0,0
50,16,88.0,0
99,43,26.0,0
3,16,88.0,0
39,16,88.0,0
22,20,84.0,0
43,27,74.0,1
20,14,90.0,0
48,13,91.0,0
68,17,87.0,0
33,16,88.0,0
27,29,66.0,1
13,24,80.0,0
24,13,91.0,0
57,41,40.0,1
39,22,82.0,0
25,25,80.0,1
88,26,77.0,1
48,28,67.0,1
32,23,81.0,0
70,32,57.0,1
5,29,68.0,1
8,24,80.0,0
34,15,89.0,0
41,14,90.0,0
23,20,84.0,0
90,26,78.0,0
4,32,61.0,1
80,30,65.0,1
8,38,41.0,1
72,30,70.0,0
94,36,45.0,0
76,40,42.5,0
51,15,89.0,0
34,15,89.0,0
54,24,80.0,0
21,35,50.0,1
85,29,68.0,0
37,37,40.0,1
83,27,74.0,0
45,21,83.0,0
57,39,42.2,1
26,26,73.0,1
14,38,41.0,1
3,16,88.0,0
53,35,50.0,1
27,35,50.0,1
74,46,23.3,1
4,28,71.0,1
88,44,23.0,0
37,39,36.0,1
7,18,86.0,0
39,43,35.0,1
43,35,55.0,1
53,13,91.0,0
65,25,80.0,1
12,38,54.0,1
70,38,41.0,0
53,35,53.0,1
22,15,89.0,0
76,15,89.0,0
83,25,78.0,0
13,45,20.0,1
23,25,78.0,1
21,29,68.0,1
13,31,68.0,1
29,33,56.0,1
71,23,81.0,0
67,29,68.0,0
14,17,87.0,0
95,31,68.0,0
15,31,62.0,1
39,43,35.0,1
8,28,67.0,1
42,34,53.0,1
78,46,17.0,1
26,30,65.0,1
5,39,38.0,1
75,35,50.0,1
6,44,23.0,1
92,30,65.0,0
86,34,62.0,0
69,33,56.0,1
79,37,56.0,1
71,14,90.0,0
49,43,26.0,1
11,31,58.0,1
11,16,88.0,0
62,30,65.0,0
9,33,56.0,1
10,22,82.0,0
18,34,53.0,1
57,21,83.0,0
27,29,66.0,1
69,21,83.0,0
22,15,89.0,0
9,45,40.0,1
73,35,48.0,0
29,17,87.0,0
28,46,17.0,1
58,20,84.0,0
53,29,68.0,1
51,33,54.0,1
99,43,26.0,0
32,23,81.0,0
40,30,65.0,1
43,24,80.0,0
35,35,46.0,1
84,32,59.0,0
94,32,59.0,0
26,30,65.0,1
40,21,83.0,0
5,29,68.0,1
51,15,89.0,0
46,44,23.0,1
76,36,47.0,1
7,20,84.0,0
49,35,55.0,1
68,28,67.0,1
33,37,50.0,1
81,41,32.0,0
57,39,36.0,1
97,33,64.0,0
45,22,82.0,0
83,27,74.0,0
27,17,87.0,0
47,20,84.0,0
2,17,87.0,0
79,31,62.0,1
63,45,18.0,1
36,38,47.5,1
35,27,74.0,1
7,29,66.0,1
12,15,89.0,0
29,43,26.0,1
19,43,26.0,1
20,17,87.0,0
32,15,89.0,0
57,33,56.0,1
64,14,90.0,0
26,23,81.0,0
59,39,34.0,1
57,29,68.0,1
68,30,63.0,1
5,13,91.0,0
83,45,18.0,0
42,46,27.5,1
18,19,85.0,0
13,33,56.0,1
74,17,87.0,0
39,39,34.0,1
84,44,23.0,0
61,31,62.0,1
100,28,73.0,0
32,36,52.5,1
3,16,88.0,0
96,38,39.0,0
93,39,38.0,0
29,45,20.0,1
18,42,29.0,1
18,30,70.0,1
19,18,86.0,0
25,25,76.0,1
41,33,56.0,1
1,45,20.0,1
51,16,88.0,0
45,21,83.0,0
4,34,57.5,1
54,13,91.0,0
87,29,69.2,0
22,36,47.0,1
56,28,71.0,0
23,37,44.0,1
16,44,23.0,1
30,32,57.0,1
76,15,89.0,0
89,27,74.0,0
16,38,41.0,1
28,44,23.0,1
57,22,82.0,0
17,39,38.0,1
85,25,80.0,0
43,37,44.0,1
26,17,87.0,0
64,40,35.0,1
78,42,29.0,1
20,19,85.0,0
58,40,35.0,1
31,31,58.0,1
89,25,80.0,0
13,27,74.0,1
56,46,17.0,1
66,36,47.0,0
57,41,48.0,1
67,27,70.0,1
6,19,85.0,0
99,39,34.0,0
32,23,81.0,0
37,35,50.0,1
46,28,71.9,1
49,29,64.0,1
8,30,63.0,1
17,20,84.0,0
8,32,59.0,1
41,43,26.0,1
7,27,70.0,1
33,41,36.8,1
66,38,41.0,1
1,18,86.0,0
24,19,85.0,0
23,27,75.0,1
22,21,83.0,0
45,29,68.0,1
28,15,89.0,0
24,20,84.0,0
48,13,91.0,0
23,16,88.0,0
16,21,83.0,0
78,40,33.0,0
21,16,88.0,0
9,41,32.0,1
5,20,84.0,0
25,19,85.0,0
34,21,83.0,0
94,42,34.1,0
42,46,17.0,1
97,39,36.0,0
8,46,17.0,1
57,41,32.0,1
21,25,80.0,1
69,16,88.0,0
12,28,71.0,1
15,41,32.0,1
33,35,55.0,1
65,35,50.0,1
46,32,59.0,1
49,37,44.0,1
40,40,31.0,1
67,39,38.0,1
86,40,35.0,0
45,25,76.0,1
66,46,23.3,1
61,23,81.0,0
29,37,47.6,1
37,24,80.0,0
45,16,88.0,0
9,37,46.0,1
12,13,91.0,0
12,13,91.0,0
6,16,88.0,0
38,23,81.0,0
69,29,72.0,0
6,19,85.0,0
8,14,90.0,0
70,42,34.1,1
24,19,85.0,0
1,19,85.0,0
12,13,91.0,0
24,19,85.0,0
48,30,63.0,1
64,36,47.0,1
58,44,23.0,0
9,25,80.0,1
42,46,17.0,1
67,18,86.0,0
33,43,26.0,1
36,44,23.0,1
63,25,78.0,1
51,15,89.0,0
14,36,45.0,1
1,39,38.0,1
47,19,85.0,0
17,14,90.0,0
19,35,50.0,1
28,40,35.0,1
41,14,90.0,0
63,35,50.0,1
100,38,41.0,0
65,29,68.0,1
16,15,89.0,0
64,28,71.9,1
63,45,18.0,1
13,29,68.0,1
81,45,20.0,0
6,13,91.0,0
76,26,77.0,1
2,38,41.0,1
32,38,44.9,1
7,31,62.0,1
73,33,56.0,0
21,43,24.0,1
75,37,42.0,0
84,34,53.0,1
26,40,35.0,1
2,18,86.0,0
29,18,86.0,0
58,19,85.0,0
53,20,84.0,0
23,43,26.0,1
79,41,32.0,0
17,33,56.0,1
46,38,41.0,1
78,13,91.0,0
5,25,76.0,1
91,33,54.0,0
72,40,35.0,1
67,45,20.0,1
42,23,81.0,0
53,25,80.0,1
36,19,85.0,0
54,23,81.0,0
88,30,65.0,0
1,29,70.0,1
5,23,81.0,0
18,32,59.0,1
5,33,58.0,1
59,20,84.0,0
63,15,89.0,0
48,18,86.0,0
97,41,32.0,0
64,36,50.3,1
42,24,80.0,0
42,30,65.0,1
48,18,86.0,0
100,46,17.0,0
28,30,67.5,1
47,14,90.0,0
86,30,65.0,1
12,18,86.0,0
16,38,41.0,1
4,26,75.0,1
21,25,80.0,1
31,24,80.0,0
19,23,81.0,0
65,29,68.0,1
5,15,89.0,0
18,32,59.0,1
6,46,17.0,1
23,14,90.0,0
25,18,86.0,0
88,30,63.0,0
64,46,15.0,1
35,29,68.0,1
20,38,54.0,1
75,35,46.0,0
23,37,44.0,1
11,25,80.0,1
29,45,20.0,1
84,30,65.0,0
15,35,46.0,1
36,30,65.0,1
16,42,29.0,1
71,43,26.0,1
26,46,17.0,1
67,18,86.0,0
100,44,23.0,0
28,42,29.0,1
75,31,62.0,0
19,24,80.0,0
12,15,89.0,0
7,24,80.0,0
31,25,80.0,1
18,34,53.0,1
46,46,23.3,1
91,45,40.0,0
45,37,44.0,1
19,18,86.0,0
87,31,62.0,0
18,46,19.0,1
53,33,56.0,0
63,21,83.0,0
9,21,83.0,0
42,24,80.0,0
46,40,42.5,1
27,22,82.0,0
54,13,91.0,0
94,34,53.0,0
32,26,77.0,1
2,26,77.0,1
100,36,58.0,0
31,45,20.0,1
69,41,32.0,1
75,22,82.0,0
75,29,68.0,1
36,13,91.0,0
50,16,88.0,0
47,27,74.6,1
62,34,53.0,1
81,43,24.0,0
90,32,57.0,1
29,22,82.0,0
30,34,57.5,1
3,41,32.0,1
92,42,29.0,0
53,14,90.0,0
37,24,80.0,0
91,41,32.0,0
7,18,86.0,0
67,22,82.0,0
32,17,87.0,0
65,37,44.0,1
51,16,88.0,0
22,26,77.5,1
59,14,90.0,0
49,41,32.0,1
52,21,83.0,0
39,41,40.0,1
68,32,59.0,1
11,14,90.0,0
17,14,90.0,0
22,15,89.0,0
53,13,91.0,0
74,36,45.0,1
92,42,29.0,0
62,16,88.0,0
51,33,54.0,1
19,39,38.0,1
60,30,65.0,0
14,40,35.0,1
79,43,26.0,1
5,43,26.0,1
2,30,67.0,1
5,29,68.0,1
72,30,65.0,0
33,16,88.0,0
35,16,88.0,0
27,29,70.0,1
98,38,37.0,0
39,22,82.0,0
52,34,55.7,1
29,33,60.0,1
56,44,23.0,1
56,30,65.0,0
32,32,59.0,1
8,17,87.0,0
32,36,47.0,1
60,13,91.0,0
40,15,89.0,0
24,32,59.0,1
24,40,35.0,1
26,17,87.0,0
44,46,27.5,0
55,35,53.0,1
45,33,56.0,1
5,20,84.0,0
12,32,55.0,1
25,41,32.0,1
16,19,85.0,0
85,43,26.0,0
43,23,81.0,0
22,46,17.0,1
12,46,17.0,1
4,23,81.0,0
25,15,89.0,0
60,42,27.0,1
15,16,88.0,0
7,39,38.0,1
75,37,42.0,0
33,33,52.0,1
99,27,75.0,0
38,42,29.0,1
95,45,20.0,0
66,30,65.0,1
84,36,47.0,0
20,42,27.0,1
8,22,82.0,0
34,28,71.0,1
2,46,17.0,1
46,20,84.0,0
68,28,67.0,1
48,19,85.0,0
36,40,35.0,1
20,23,81.0,0
2,17,87.0,0
73,35,53.0,0
37,41,40.0,1
16,21,83.0,0
51,14,90.0,0
95,37,42.0,0
84,26,75.0,0
69,33,56.0,1
51,25,80.0,1
9,39,42.2,1
84,38,54.0,0
35,37,50.0,1
6,13,91.0,0
17,13,91.0,0
56,36,50.3,1
56,21,83.0,0
32,26,77.0,1
54,24,80.0,0
2,26,77.0,1
91,39,38.0,0
38,17,87.0,0
21,23,81.0,0
35,27,74.0,1
33,16,88.0,0
3,25,80.0,1
20,24,80.0,0
23,37,44.0,1
86,40,35.0,0
16,21,83.0,0
36,38,41.0,1
2,46,17.0,1
38,17,87.0,0
38,42,29.0,1
45,29,68.0,1
79,45,26.0,1
20,30,65.0,1
69,29,68.0,1
26,42,29.0,1
3,16,88.0,0
23,25,80.0,1
25,27,74.0,1
100,44,23.0,0
70,38,41.0,0
60,13,91.0,0
14,23,81.0,0
42,40,39.5,1
53,13,91.0,0
93,41,36.8,0
65,13,91.0,0
23,21,83.0,0
67,31,62.0,1
9,29,70.0,1
62,34,53.0,0
47,27,70.0,1
35,25,80.0,1
76,38,41.0,0
54,36,50.3,1
92,30,66.5,0
12,18,86.0,0
18,38,37.0,1
86,38,41.0,0
30,30,61.0,1
50,16,88.0,0
47,35,50.0,1
38,17,87.0,0
30,36,47.0,1
78,38,54.0,0
47,31,62.0,1
70,32,57.0,1
10,34,53.0,1
3,43,26.0,1
97,41,32.0,0
35,20,84.0,0
7,27,70.0,1
39,41,30.0,1
79,41,30.0,0
48,26,77.0,1
46,44,28.7,1
27,22,82.0,0
63,16,88.0,0
59,15,89.0,0
48,18,86.0,0
30,46,17.0,1
17,15,89.0,0
23,45,20.0,1
52,32,55.0,1
61,25,80.0,1
42,24,80.0,0
25,29,68.0,1
26,23,81.0,0
13,37,44.0,1
16,28,74.0,1
51,22,82.0,0
84,34,53.0,1
4,15,89.0,0
60,19,85.0,0
92,32,55.0,0
91,33,54.0,0
59,14,90.0,0
13,14,90.0,0
7,45,20.0,1
62,34,53.0,1
22,36,47.0,1
68,28,71.0,1
73,33,52.0,0
50,17,87.0,0
52,32,55.0,1
49,17,87.0,0
5,15,89.0,0
54,19,85.0,0
5,25,76.0,1
17,14,90.0,0
36,15,89.0,0
5,37,44.0,1
41,31,62.0,1
71,43,26.0,1
20,22,82.0,0
45,27,74.6,1
1,45,20.0,1
42,44,21.0,1
63,22,82.0,0
37,18,86.0,0
29,15,89.0,0
19,45,40.0,1
40,44,23.0,1
95,35,50.0,0
3,16,88.0,0
60,44,23.0,1
38,16,88.0,0
51,15,89.0,0
61,18,86.0,0
36,13,91.0,0
51,22,82.0,0
49,18,86.0,0
20,34,53.0,1
38,17,87.0,0
20,23,81.0,0
36,44,28.7,1
62,16,88.0,0
37,19,85.0,0
33,37,44.0,1
47,29,69.2,1
38,17,87.0,0
63,15,89.0,0
80,30,65.0,1
36,13,91.0,0
14,23,81.0,0
8,30,67.5,1
83,27,74.0,0
32,26,77.0,1
45,37,44.0,1
17,43,26.0,1
47,33,56.0,1
3,37,47.6,1
84,46,15.0,0
2,23,81.0,0
7,35,52.0,1
8,32,59.0,1
93,33,64.0,0
52,32,55.0,1
16,14,90.0,0
2,17,87.0,0
73,45,20.0,0
25,27,72.0,1
92,42,29.0,0
14,23,81.0,0
75,25,80.0,1
81,37,44.0,0
29,29,64.0,1
64,26,77.0,1
2,44,23.0,1
54,24,80.0,0
39,31,62.0,1
88,32,59.0,0
75,33,60.0,0
64,42,29.0,1
14,36,45.0,1
28,44,23.0,1
51,33,54.0,1
10,15,89.0,0
44,26,75.0,1
25,29,70.0,1
90,40,39.5,0
18,38,37.0,1
17,15,89.0,0
5,45,20.0,1
20,22,82.0,0
57,37,44.0,1
60,42,29.0,1
16,21,83.0,0
4,14,90.0,0
37,18,86.0,0
18,36,47.0,1
25,19,85.0,0
43,43,26.0,1
13,33,60.0,1
65,35,50.0,1
59,31,62.0,1
38,30,65.0,1
71,43,26.0,1
89,33,56.0,0
25,29,68.0,1
50,16,88.0,0
52,46,17.0,1
41,14,90.0,0
96,42,29.0,0
39,22,82.0,0
45,33,56.0,0
64,13,91.0,0
96,40,35.0,0
71,29,72.0,1
42,13,91.0,0
50,17,87.0,0
63,15,89.0,0
16,14,90.0,0
14,36,45.0,1
6,44,23.0,1
43,25,80.0,1
23,25,78.0,1
56,28,71.9,1
5,14,90.0,0
60,26,77.0,1
94,30,65.0,0
22,46,17.0,1
29,14,90.0,0
100,28,73.0,0
57,37,47.6,1
23,17,87.0,0
57,16,88.0,0
20,17,87.0,0
16,40,35.0,1
25,41,32.0,1
1,24,80.0,0
75,35,46.0,1
66,32,59.0,0
16,15,89.0,0
80,42,27.0,1
1,45,20.0,1
68,38,41.0,1
51,45,20.0,1
29,20,84.0,0
46,40,35.0,1
27,29,70.0,1
61,18,86.0,0
50,32,59.0,1
47,27,74.6,0
8,30,63.0,1
36,19,85.0,0
18,13,91.0,0
43,45,20.0,1
68,28,71.0,1
78,42,29.0,1
8,40,35.0,1
81,43,24.0,1
25,24,80.0,0
70,26,77.5,1
81,43,24.0,0
60,17,87.0,0
79,29,68.0,0
36,30,65.0,1
10,15,89.0,0
22,22,82.0,0
40,15,89.0,0
27,43,26.0,1
86,38,41.0,0
79,29,68.0,1
8,46,17.0,1
4,16,88.0,0
50,17,87.0,0
92,34,51.0,0
31,31,58.0,1
31,18,86.0,0
93,33,56.0,0
95,33,56.0,0
27,22,82.0,0
89,35,50.0,0
92,42,29.0,0
31,39,42.2,1
7,24,80.0,0
95,33,56.0,0
37,37,47.6,1
89,35,50.0,0
62,16,88.0,0
16,40,35.0,1
68,40,35.0,1
32,30,65.0,1
66,24,80.0,0
4,28,71.0,1
64,34,53.0,1
19,18,86.0,0
3,15,89.0,0
35,14,90.0,0
18,13,91.0,0
50,32,61.1,1
92,32,55.0,0
25,24,80.0,0
48,18,86.0,0
59,20,84.0,0
10,30,61.0,1
36,36,50.3,1
94,40,35.0,0
72,32,59.0,1
23,14,90.0,0
27,27,74.6,1
47,14,90.0,0
23,39,38.0,1
26,44,42.0,1
20,23,81.0,0
45,22,82.0,0
19,41,30.0,1
71,35,50.0,0
43,23,81.0,0
98,46,23.3,0
82,32,59.0,0
57,16,88.0,0
51,16,88.0,0
18,32,59.0,1
53,37,56.0,1
100,36,47.0,0
38,17,87.0,0
75,33,56.0,0
48,30,63.0,1
70,30,65.0,1
71,43,26.0,0
22,15,89.0,0
45,21,83.0,0
34,32,59.0,1
68,32,59.0,1
100,46,17.0,0
7,18,86.0,0
62,46,17.0,1
74,34,49.0,0
12,19,85.0,0
34,34,49.0,1
82,28,71.0,0
100,28,71.0,0
96,40,35.0,0
39,16,88.0,0
62,26,77.3,1
9,25,80.0,1
42,26,77.0,1
15,37,42.0,1
21,35,50.0,1
49,43,26.0,1
17,39,38.0,1
13,35,48.0,1
45,21,83.0,0
39,25,80.0,1
56,40,42.5,1
33,41,32.0,1
19,24,80.0,0
69,29,68.0,1
81,41,32.0,1
19,41,30.0,1
81,33,56.0,0
16,40,35.0,1
34,21,83.0,0
49,25,80.0,1
43,18,86.0,0
64,38,41.0,0
21,39,38.0,1
6,36,52.5,1
12,36,47.0,1
50,30,66.5,1
46,28,69.0,1
34,42,29.0,1
47,29,68.0,1
98,36,47.0,0
87,35,53.0,0
17,20,84.0,0
70,34,53.0,1
32,34,57.5,1
59,14,90.0,0
87,29,68.0,0
4,26,77.0,1
49,37,44.0,0
93,35,48.0,0
2,46,17.0,1
59,14,90.0,0
88,42,29.0,0
83,33,56.0,1
20,15,89.0,0
25,43,26.0,1
37,18,86.0,0
80,38,41.0,0
18,42,29.0,1
50,16,88.0,0
3,27,74.0,1
63,35,50.0,1
78,42,29.0,0
58,21,83.0,0
39,16,88.0,0
79,37,56.0,1
75,33,64.0,1
28,30,63.0,1
88,26,77.0,0
25,29,70.0,1
24,19,85.0,0
27,31,62.0,1
46,26,77.0,1
42,44,21.0,1
21,24,80.0,0
2,17,87.0,0
88,28,67.0,0
73,45,20.0,1
30,15,89.0,0
7,18,86.0,0
26,17,87.0,0
48,28,71.0,1
92,30,65.0,0
53,13,91.0,0
74,38,41.0,0
33,16,88.0,0
77,39,36.0,1
28,28,71.0,1
81,39,38.0,0
44,46,27.5,1
33,41,32.0,1
46,40,35.0,1
66,40,35.0,1
15,37,42.0,1
98,30,65.0,0
22,23,81.0,0
22,38,41.0,1
97,37,44.0,0
36,38,39.0,1
56,23,81.0,0
9,33,56.0,1
74,38,41.0,1
79,33,56.0,1
6,26,73.0,1
70,42,29.0,1
35,39,38.0,1
33,33,56.0,1
7,24,80.0,0
78,42,29.0,0
47,29,69.2,1
100,44,23.0,0
5,22,82.0,0
47,41,32.0,1
38,40,33.0,1
16,14,90.0,0
7,24,80.0,0
99,39,34.0,0
10,42,29.0,1
14,38,41.0,1
47,33,56.0,1
45,21,83.0,0
78,19,85.0,0
47,27,70.0,1
6,13,91.0,0
12,36,47.0,1
36,36,47.0,1
75,25,80.0,0
62,34,53.0,1
40,23,81.0,0
18,19,85.0,0
68,44,23.0,1
19,21,83.0,0
2,30,67.0,1
78,30,65.0,0
8,14,90.0,0
18,40,33.0,1
44,28,71.0,1
94,38,41.0,0
68,36,47.0,1
53,33,52.0,1
26,18,86.0,0
40,30,65.0,1
83,25,78.0,0
78,42,29.0,0
31,15,89.0,0
38,28,71.0,1
59,43,26.0,1
38,28,71.0,1
27,22,82.0,0
55,23,81.0,0
18,28,71.0,1
5,39,38.0,1
4,15,89.0,0
85,27,72.0,0
33,33,52.0,1
51,33,54.0,1
2,30,65.0,1
87,37,44.0,0
32,17,87.0,0
42,13,91.0,0
89,31,62.0,0
61,25,80.0,1
17,25,80.0,1
62,46,17.0,1
43,43,26.0,1
35,20,84.0,0
21,22,82.0,0
70,32,59.0,1
55,23,81.0,0
41,22,82.0,0
67,39,38.0,0
75,45,20.0,0
45,39,38.0,1
23,20,84.0,0
21,29,69.2,1
78,28,71.0,1
12,19,85.0,0
84,28,71.0,1
67,39,38.0,1
29,45,20.0,1
66,26,73.0,0
10,20,84.0,0
8,17,87.0,0
16,16,88.0,0
31,24,80.0,0
53,13,91.0,0
75,43,26.0,1
2,23,81.0,0
1,29,70.0,1
21,22,82.0,0
28,42,29.0,1
17,33,56.0,1
59,15,89.0,0
49,31,63.8,1
73,27,74.0,0
10,26,77.0,1
24,13,91.0,0
56,23,81.0,0
22,44,21.0,1
38,42,29.0,1
39,16,88.0,0
62,28,71.0,1
78,13,91.0,0
32,17,87.0,0
60,30,65.0,1
4,15,89.0,0
80,40,31.0,0
73,35,48.0,1
26,30,67.5,1
9,22,82.0,0
88,42,29.0,0
38,40,33.0,1
20,36,47.0,1
32,17,87.0,0
63,31,62.0,0
42,32,59.0,1
64,14,90.0,0
13,27,74.0,1
31,18,86.0,0
6,30,65.0,1
12,34,51.0,1
63,27,74.0,1
53,24,80.0,0
25,18,86.0,0
62,32,59.0,1
71,45,26.0,1
42,13,91.0,0
69,41,32.0,1
20,19,85.0,0
57,31,62.0,1
28,21,83.0,0
78,16,88.0,0
17,39,36.0,1
97,41,32.0,0
50,34,53.0,1
29,31,65.0,1
22,28,71.0,1
32,23,81.0,0
8,46,17.0,1
49,29,64.0,1
75,16,88.0,0
50,13,91.0,0
41,20,84.0,0
12,20,84.0,0
16,18,86.0,0
43,18,86.0,0
10,15,89.0,0
14,17,87.0,0
63,16,88.0,0
3,45,18.0,1
3,16,88.0,0
56,18,86.0,0
97,25,81.0,0
61,23,81.0,0
63,29,68.0,0
6,13,91.0,0
32,17,87.0,0
21,35,50.0,1
70,28,74.0,1
7,18,86.0,0
50,15,89.0,0
76,46,17.0,0
2,23,81.0,0
24,26,77.5,1
47,31,62.0,1
43,20,84.0,0
15,22,82.0,0
83,45,20.0,0
59,39,42.2,1
71,37,44.0,0
63,25,78.0,1
81,43,24.0,0
8,19,85.0,0
70,30,61.0,1
7,31,62.0,1
12,19,85.0,0
6,36,47.0,1
27,15,89.0,0
65,45,26.0,1
12,19,85.0,0
72,32,55.0,0
69,41,32.0,1
63,25,80.0,0
60,46,17.0,1
46,38,41.0,1
47,39,38.0,1
62,44,23.0,1
34,15,89.0,0
23,16,88.0,0
51,39,38.0,1
32,36,47.0,1
39,25,80.0,1
63,33,56.0,1
37,41,32.0,1
37,18,86.0,0
10,30,61.0,1
80,42,27.0,1
35,29,68.0,1
50,32,59.0,1
53,35,53.0,1
37,18,86.0,0
15,19,85.0,0
12,34,51.0,1
17,37,40.0,1
52,36,47.0,1
17,22,82.0,0
45,39,38.0,1
83,45,18.0,0
53,20,84.0,0
60,18,86.0,0
25,19,85.0,0
51,16,88.0,0
23,20,84.0,0
23,45,18.0,1
21,22,82.0,0
45,27,74.0,1
22,15,89.0,0
65,45,20.0,1
71,20,84.0,0
5,41,48.0,1
40,46,17.0,1
100,30,65.0,0
49,24,80.0,0
48,42,29.0,1
5,14,90.0,0
34,13,91.0,0
1,18,86.0,0
91,29,68.0,0
58,44,32.5,1
23,22,82.0,0
30,19,85.0,0
20,17,87.0,0
5,43,31.4,1
93,33,52.0,0
94,36,47.0,0
40,34,53.0,1
18,40,35.0,1
40,15,89.0,0
67,23,81.0,0
9,21,83.0,0
45,41,32.0,1
46,28,69.0,1
56,28,71.0,1
28,40,50.0,1
22,21,83.0,0
58,40,33.0,1
32,23,81.0,0
62,46,17.0,1
2,18,86.0,0
47,20,84.0,0
12,28,71.0,1
29,33,60.0,1
5,41,32.0,1
39,29,68.0,1
57,29,68.0,1
84,36,47.0,1
96,44,23.0,0
19,15,89.0,0
94,34,49.0,0
33,25,80.0,1
9,31,60.0,1
81,29,69.2,0
83,27,74.0,1
8,34,53.0,1
14,17,87.0,0
64,46,15.0,1
19,18,86.0,0
19,43,26.0,1
20,17,87.0,0
32,32,55.0,1
60,18,86.0,0
3,27,74.0,1
92,36,47.0,0
7,13,91.0,0
26,18,86.0,0
84,46,17.0,0
13,29,68.0,1
82,44,21.0,0
67,25,80.0,1
54,26,77.0,1
9,22,82.0,0
85,27,72.0,0
48,18,86.0,0
14,23,81.0,0
98,28,72.5,0
6,46,17.0,1
14,22,82.0,0
25,25,76.0,1
99,33,56.0,0
24,13,91.0,0
28,36,47.0,1
6,19,85.0,0
53,13,91.0,0
44,26,75.0,1
38,23,81.0,0
19,13,91.0,0
71,45,20.0,0
64,15,89.0,0
19,24,80.0,0
35,20,84.0,0
50,16,88.0,0
88,30,63.0,0
38,40,33.0,1
46,40,35.0,1
5,29,68.0,1
70,38,41.0,1
40,15,89.0,0
89,33,56.0,0
20,34,53.0,1
55,35,53.0,0
43,25,78.0,1
32,17,87.0,0
72,34,51.0,1
58,21,83.0,0
23,20,84.0,0
9,45,20.0,1
37,39,45.0,1
27,18,86.0,0
13,31,62.0,1
10,26,77.0,1
90,34,53.0,0
57,22,82.0,0
65,41,32.0,1
36,19,85.0,0
39,27,74.0,1
57,45,20.0,1
71,25,80.0,0
54,13,91.0,0
45,41,32.0,0
57,41,32.0,0
20,42,27.0,1
13,24,80.0,0
6,19,85.0,0
29,13,91.0,0
15,22,82.0,0
3,16,88.0,0
73,33,64.0,0
42,36,47.0,1
34,21,83.0,0
24,26,77.5,1
32,38,41.0,1
37,18,86.0,0
56,17,87.0,0
67,27,74.0,1
61,43,24.0,1
16,16,88.0,0
87,31,62.0,0
14,17,87.0,0
8,23,81.0,0
10,40,39.5,1
64,20,84.0,0
60,30,66.5,1
13,19,85.0,0
32,17,87.0,0
98,40,35.0,0
7,43,44.0,1
92,30,65.0,0
46,28,71.0,1
66,28,69.0,1
49,45,20.0,0
3,22,82.0,0
57,33,56.0,1
49,18,86.0,0
40,34,53.0,1
9,18,86.0,0
68,42,29.0,1
20,14,90.0,0
87,27,70.0,0
11,23,81.0,0
70,34,53.0,1
22,26,77.0,1
32,20,84.0,0
2,23,81.0,0
39,16,88.0,0
24,28,71.0,1
16,26,77.0,1
16,15,89.0,0
97,25,81.0,0
21,16,88.0,0
38,30,67.5,1
52,14,90.0,0
99,31,62.0,0
14,42,29.0,1
37,31,62.0,1
27,22,82.0,0
39,22,82.0,0
35,14,90.0,0
30,13,91.0,0
63,37,47.6,1
93,35,50.0,0
54,24,80.0,0
55,23,81.0,0
71,33,54.0,0
65,37,44.0,1
47,19,85.0,0
41,45,30.0,1
92,28,71.0,0
30,13,91.0,0
45,27,74.6,1
19,43,26.0,1
60,32,59.0,0
8,32,59.0,1
27,16,88.0,0
8,23,81.0,0
3,39,38.0,1
82,44,21.0,0
55,24,80.0,0
59,31,62.0,1
17,20,84.0,0
6,19,85.0,0
55,39,38.0,1
95,27,74.0,0
25,24,80.0,0
24,28,71.0,1
17,14,90.0,0
46,20,84.0,0
37,20,84.0,0
48,19,85.0,0
6,30,65.0,1
22,17,87.0,0
12,36,47.0,1
60,42,34.1,1
98,34,62.0,0
74,32,66.0,0
21,16,88.0,0
15,25,80.0,1
69,45,40.0,1
22,22,82.0,0
63,16,88.0,0
74,36,45.0,0
41,14,90.0,0
2,26,77.0,1
76,40,35.0,1
23,14,90.0,0
21,41,40.0,1
43,33,56.0,1
48,30,63.0,1
61,43,24.0,1
11,31,58.0,1
92,34,51.0,0
73,33,56.0,0
57,37,40.0,1
52,21,83.0,0
7,31,62.0,1
23,14,90.0,0
4,21,83.0,0
97,39,36.0,0
11,25,80.0,1
53,33,52.0,1
4,44,42.0,1
36,40,35.0,1
16,21,83.0,0
14,18,86.0,0
74,17,87.0,0
76,44,23.0,1
93,41,32.0,0
10,24,80.0,0
32,17,87.0,0
47,19,85.0,0
55,37,44.0,1
80,40,35.0,1
47,29,66.0,1
92,30,65.0,0
1,37,44.0,1
36,13,91.0,0
12,34,51.0,1
2,23,81.0,0
99,41,30.0,0
39,16,88.0,0
16,21,83.0,0
68,30,65.0,1
7,18,86.0,0
25,27,74.0,1
95,25,80.0,0
20,22,82.0,0
40,38,44.9,1
58,13,91.0,0
63,15,89.0,0
60,44,42.0,1
30,34,57.5,1
23,19,85.0,0
17,37,44.0,1
61,35,53.0,1
20,44,23.0,1
47,29,68.0,1
69,21,83.0,0
91,35,50.0,0
49,17,87.0,0
34,26,77.0,1
54,13,91.0,0
33,22,82.0,0
67,31,62.0,1
27,41,32.0,1
36,13,91.0,0
7,18,86.0,0
53,13,91.0,0
6,19,85.0,0
44,17,87.0,0
82,46,17.0,0
32,23,81.0,0
42,19,85.0,0
42,13,91.0,0
32,32,55.0,1
21,41,32.0,1
89,33,56.0,0
42,19,85.0,0
28,46,38.0,1
68,26,78.0,1
61,33,56.0,1
56,17,87.0,0
78,46,17.0,0
54,24,80.0,0
76,38,39.0,1
31,31,58.0,1
30,46,17.0,1
25,25,80.0,1
20,16,88.0,0
35,27,74.0,1
9,16,88.0,0
38,32,59.0,1
27,43,26.0,1
26,30,67.5,1
98,46,17.0,0
20,23,81.0,0
100,42,27.0,0
58,20,84.0,0
33,22,82.0,0
32,23,81.0,0
29,14,90.0,0
11,35,50.0,1
48,36,47.0,1
31,24,80.0,0
85,27,72.0,0
80,34,62.0,1
31,24,80.0,0
22,15,89.0,0
72,34,53.0,0
34,44,23.0,1
22,21,83.0,0
5,27,72.0,1
74,34,53.0,0
32,36,47.0,1
58,28,71.0,1
4,21,83.0,0
49,18,86.0,0
38,23,81.0,0
28,15,89.0,0
25,18,86.0,0
24,26,75.0,1
50,30,65.0,1
14,28,71.0,1
1,33,56.0,1
96,46,23.3,0
47,14,90.0,0
36,34,53.0,1
5,14,90.0,0
54,38,41.0,1
35,27,74.0,1
4,16,88.0,0
33,16,88.0,0
52,14,90.0,0
54,26,77.0,1
37,18,86.0,0
62,44,21.0,0
43,35,50.0,1
67,41,36.8,1
94,30,65.0,0
97,33,64.0,0
54,38,47.5,1
44,17,87.0,0
34,21,83.0,0
88,28,71.0,0
34,36,45.0,1
45,25,76.0,1
21,25,80.0,1
93,31,62.0,0
3,39,38.0,1
26,26,73.0,1
61,41,32.0,1
4,16,88.0,0
66,23,81.0,0
62,32,59.0,1
26,46,17.0,1
67,24,80.0,0
25,39,38.0,1
40,15,89.0,0
48,18,86.0,0
68,16,88.0,0
65,13,91.0,0
22,15,89.0,0
32,34,57.5,1
53,45,30.0,1
21,25,80.0,1
89,39,38.0,1
76,36,43.0,0
30,13,91.0,0
2,23,81.0,0
48,18,86.0,0
41,45,30.0,1
52,42,46.0,0
2,17,87.0,0
32,23,81.0,0
31,24,80.0,0
44,26,77.3,1
10,26,77.0,1
98,26,77.0,0
19,23,81.0,0
40,44,23.0,1
84,42,46.0,1
52,34,51.0,1
35,20,84.0,0
8,17,87.0,0
59,39,34.0,1
64,30,65.0,0
16,15,89.0,0
11,35,50.0,1
43,22,82.0,0
95,39,38.0,0
28,30,63.0,1
31,13,91.0,0
55,35,46.0,1
5,14,90.0,0
25,17,87.0,0
28,44,23.0,1
66,13,91.0,0
3,16,88.0,0
62,16,88.0,0
54,26,77.0,1
100,44,23.0,0
33,22,82.0,0
45,39,38.0,1
51,22,82.0,0
18,19,85.0,0
73,21,83.0,0
53,20,84.0,0
11,27,74.0,1
52,40,35.0,1
27,22,82.0,0
37,14,90.0,0
44,19,85.0,0
7,31,62.0,1
56,22,82.0,0
1,24,80.0,0
16,36,47.0,1
17,17,87.0,0
19,35,50.0,1
8,24,80.0,0
57,29,68.0,1
10,21,83.0,0
28,28,67.0,1
72,42,29.0,1
18,21,83.0,0
69,27,75.0,0
52,46,17.0,1
55,39,38.0,1
63,33,56.0,1
80,28,71.0,1
40,15,89.0,0
33,22,82.0,0
37,31,62.0,1
35,29,68.0,1
15,22,82.0,0
19,20,84.0,0
34,21,83.0,0
46,15,89.0,0
7,23,81.0,0
11,20,84.0,0
36,19,85.0,0
10,15,89.0,0
61,24,80.0,0
18,44,23.0,1
15,24,80.0,0
49,31,60.0,1
74,32,66.0,0
69,29,64.0,0
45,25,80.0,1
72,28,71.0,1
37,43,26.0,1
26,30,65.0,1
93,41,32.0,0
10,15,89.0,0
24,13,91.0,0
17,39,36.0,1
30,14,90.0,0
53,37,44.0,1
14,38,41.0,1
38,23,81.0,0
13,19,85.0,0
3,16,88.0,0
48,44,23.0,1
6,26,77.0,1
37,41,40.0,1
46,15,89.0,0
59,39,34.0,1
82,44,21.0,0
43,45,18.0,1
24,13,91.0,0
15,22,82.0,0
3,25,78.0,1
4,46,15.0,1
2,17,87.0,0
59,29,68.0,1
74,44,23.0,1
56,38,39.0,1
29,20,84.0,0
23,25,78.0,1
52,32,59.0,0
92,40,39.5,0
75,35,50.0,1
91,25,80.0,0
54,20,84.0,0
85,43,26.0,0
38,40,35.0,1
4,21,83.0,0
35,14,90.0,0
56,30,65.0,1
47,19,85.0,0
29,31,60.0,1
36,26,77.0,1
39,45,20.0,1
3,33,60.0,1
95,37,42.0,0
89,39,38.0,0
49,24,80.0,0
88,32,59.0,1
11,35,50.0,1
40,15,89.0,0
10,20,84.0,0
64,15,89.0,0
44,22,82.0,0
50,28,71.0,1
39,41,36.8,1
86,42,29.0,0
52,15,89.0,0
56,26,77.0,1
68,46,17.0,0
80,40,31.0,0
11,20,84.0,0
91,37,44.0,0
10,21,83.0,0
50,38,41.0,0
61,17,87.0,0
85,45,20.0,0
60,42,27.0,1
23,14,90.0,0
72,36,47.0,1
10,40,35.0,1
66,42,46.0,1
45,29,68.0,1
13,35,55.0,1
35,14,90.0,0
71,33,54.0,1
8,42,34.1,1
5,35,50.0,1
25,18,86.0,0
69,31,62.0,0
79,39,38.0,1
58,21,83.0,0
34,21,83.0,0
44,22,82.0,0
18,14,90.0,0
27,43,26.0,1
21,37,44.0,1
95,43,31.4,0
17,14,90.0,0
24,19,85.0,0
52,28,71.0,1
28,23,81.0,0
20,32,66.0,1
46,30,65.0,1
69,31,60.0,1
99,35,60.0,0
46,20,84.0,0
4,34,53.0,1
34,46,17.0,1
90,40,35.0,1
58,15,89.0,0
71,43,26.0,0
45,21,83.0,0
15,37,42.0,1
55,23,81.0,0
77,39,36.0,0
9,16,88.0,0
75,39,38.0,1
16,40,35.0,1
26,23,81.0,0
94,44,23.0,0
29,27,74.6,1
18,40,33.0,1
30,19,85.0,0
58,17,87.0,0
39,16,88.0,0
19,24,80.0,0
55,16,88.0,0
17,31,62.0,1
16,15,89.0,0
31,35,55.0,1
50,30,61.0,1
23,14,90.0,0
39,22,82.0,0
33,18,86.0,0
90,44,23.0,0
93,35,48.0,0
25,25,76.0,1
66,28,69.0,1
13,24,80.0,0
100,40,35.0,0
56,17,87.0,0
8,23,81.0,0
13,39,38.0,1
71,35,50.0,0
52,14,90.0,0
9,27,74.0,1
32,38,41.0,1
59,29,68.0,1
34,34,55.7,1
86,26,73.0,0
26,21,83.0,0
1,25,80.0,1
27,29,70.0,1
15,13,91.0,0
58,42,29.0,1
57,21,83.0,0
63,14,90.0,0
97,25,81.0,0
14,17,87.0,0
57,29,68.0,0
27,43,26.0,1
31,24,80.0,0
39,16,88.0,0
1,37,44.0,1
78,38,37.0,0
30,30,61.0,1
58,38,44.9,1
33,22,82.0,0
93,29,68.0,0
40,42,27.0,1
65,37,44.0,1
69,37,44.0,1
54,30,65.0,1
30,24,80.0,0
44,46,17.0,1
29,14,90.0,0
26,18,86.0,0
29,20,84.0,0
100,42,27.0,0
24,22,82.0,0
91,35,50.0,0
54,24,80.0,0
56,44,23.0,1
80,44,32.5,0
20,28,71.0,1
32,38,41.0,1
67,24,80.0,0
48,28,67.0,1
40,15,89.0,0
4,40,50.0,1
84,28,71.0,0
8,23,81.0,0
55,27,74.6,1
82,46,17.0,0
38,42,37.5,1
2,46,17.0,1
99,37,56.0,0
82,44,23.0,0
20,24,80.0,0
4,28,71.0,1
13,24,80.0,0
73,35,48.0,0
48,18,86.0,0
57,20,84.0,0
22,44,21.0,1
84,32,66.0,0
55,18,86.0,0
12,19,85.0,0
29,14,90.0,0
76,40,35.0,0
74,17,87.0,0
34,36,52.5,1
68,38,41.0,1
25,24,80.0,0
16,42,46.0,1
51,25,80.0,1
55,23,81.0,0
49,39,52.0,0
10,30,61.0,1
12,28,71.0,1
24,28,71.0,1
55,37,44.0,1
3,16,88.0,0
63,43,31.4,1
85,27,72.0,0
8,17,87.0,0
43,24,80.0,0
13,24,80.0,0
54,17,87.0,0
82,44,21.0,0
33,22,82.0,0
1,24,80.0,0
44,19,85.0,0
47,35,50.0,1
53,14,90.0,0
24,13,91.0,0
64,36,47.0,0
75,45,20.0,1
44,36,52.5,1
22,23,81.0,0
52,26,77.0,1
96,40,35.0,0
34,21,83.0,0
25,25,76.0,1
26,16,88.0,0
72,42,29.0,1
83,33,56.0,0
7,20,84.0,0
24,28,72.5,1
32,19,85.0,0
14,38,41.0,1
29,39,38.0,1
5,41,36.8,1
70,28,74.0,1
2,18,86.0,0
93,33,56.0,0
38,17,87.0,0
20,23,81.0,0
95,29,68.0,0
98,42,29.0,0
55,24,80.0,0
52,38,41.0,1
3,22,82.0,0
87,27,70.0,0
1,24,80.0,0
71,29,72.0,1
53,33,52.0,1
42,46,17.0,1
26,32,59.0,1
48,18,86.0,0
37,14,90.0,0
54,24,80.0,0
2,42,29.0,1
16,38,39.0,1
32,17,87.0,0
73,37,44.0,0
54,19,85.0,0
79,35,50.0,0
34,36,52.5,1
3,22,82.0,0
73,43,26.0,0
18,24,80.0,0
23,21,83.0,0
56,23,81.0,0
36,28,71.0,1
80,32,59.0,0
3,25,78.0,1
39,16,88.0,0
89,25,80.0,0
20,38,41.0,1
97,41,32.0,0
49,14,90.0,0
94,30,70.0,0
79,41,30.0,0
2,13,91.0,0
62,15,89.0,0
4,32,59.0,1
47,27,70.0,1
2,42,29.0,1
37,41,32.0,1
26,23,81.0,0
66,28,71.9,0
42,36,47.0,1
67,29,68.0,1
96,42,29.0,0
12,15,89.0,0
44,13,91.0,0
96,28,71.0,0
36,19,85.0,0
39,22,82.0,0
44,40,35.0,1
81,27,74.0,0
29,31,62.0,1
19,23,81.0,0
71,43,26.0,1
29,41,48.0,1
14,38,41.0,1
65,14,90.0,0
54,42,29.0,1
61,45,20.0,1
6,34,53.0,1
45,21,83.0,0
62,44,21.0,1
30,44,23.0,1
68,32,59.0,1
14,13,91.0,0
11,31,62.0,1
2,46,17.0,1
45,35,50.0,1
42,34,57.5,1
34,38,41.0,1
5,29,68.0,1
22,28,71.0,1
27,22,82.0,0
11,25,80.0,1
55,23,81.0,0
17,14,90.0,0
54,19,85.0,0
26,26,77.3,1
69,33,56.0,1
18,42,29.0,1
72,32,59.0,0
88,40,35.0,0
76,40,35.0,0
40,34,53.0,1
7,35,50.0,1
35,20,84.0,0
22,21,83.0,0
21,16,88.0,0
20,24,80.0,0
4,42,29.0,1
56,23,81.0,0
46,15,89.0,0
41,31,62.0,1
67,31,62.0,1
22,46,17.0,1
32,14,90.0,0
49,43,26.0,1
52,15,89.0,0
1,33,56.0,1
79,33,56.0,0
18,44,23.0,1
16,40,35.0,1
24,13,91.0,0
2,17,87.0,0
40,21,83.0,0
37,39,45.0,1
3,29,68.0,1
54,42,29.0,1
18,19,85.0,0
96,32,66.0,0
59,41,30.0,1
79,39,34.0,0
21,22,82.0,0
32,44,42.0,1
69,29,68.0,1
35,20,84.0,0
20,42,29.0,1
14,34,49.0,1
13,18,86.0,0
77,41,32.0,0
29,41,32.0,1
58,15,89.0,0
36,19,85.0,0
30,14,90.0,0
99,29,70.0,0
67,39,38.0,1
43,45,18.0,1
27,15,89.0,0
38,18,86.0,0
39,43,26.0,1
34,26,77.0,1
8,17,87.0,0
14,46,17.0,1
81,29,68.0,0
9,16,88.0,0
77,37,40.0,1
32,26,77.0,1
52,15,89.0,0
88,28,67.0,0
58,20,84.0,0
21,22,82.0,0
97,41,32.0,0
31,27,74.0,1
66,38,41.0,1
34,21,83.0,0
73,24,80.0,0
43,29,68.0,1
39,39,34.0,1
37,29,68.0,1
43,25,78.0,1
32,40,35.0,1
26,17,87.0,0
15,37,42.0,1
81,31,62.0,0
35,37,42.0,1
93,35,48.0,0
59,18,86.0,0
70,21,83.0,0
19,18,86.0,0
5,19,85.0,0
20,42,27.0,1
50,16,88.0,0
9,22,82.0,0
8,23,81.0,0
3,17,87.0,0
33,16,88.0,0
28,21,83.0,0
48,44,23.0,1
93,37,44.0,0
68,40,35.0,1
11,37,44.0,1
47,29,66.0,1
94,32,59.0,0
14,17,87.0,0
47,27,70.0,1
7,18,86.0,0
11,25,80.0,1
90,40,35.0,0
4,32,59.0,1
26,23,81.0,0
31,24,80.0,0
87,27,70.0,0
30,26,77.0,1
41,43,24.0,1
89,27,74.0,0
97,45,26.0,0
51,27,76.0,1
36,28,71.0,1
86,46,17.0,1
36,34,55.7,1
2,38,54.0,1
30,44,23.0,1
70,46,17.0,1
56,28,71.0,1
94,30,65.0,0
9,41,32.0,1
5,27,74.0,1
36,13,91.0,0
71,33,56.0,1
18,19,85.0,0
51,29,68.0,1
2,40,35.0,1
33,22,82.0,0
58,38,44.9,1
29,14,90.0,0
68,28,67.0,1
39,43,26.0,1
72,30,67.5,0
57,29,68.0,1
24,21,83.0,0
53,45,20.0,1
6,34,55.0,1
44,40,35.0,1
9,37,50.0,1
93,31,62.0,0
48,28,67.0,1
29,22,82.0,0
84,32,61.1,0
18,44,23.0,1
29,13,91.0,0
10,21,83.0,0
66,28,69.0,1
10,15,89.0,0
21,37,44.0,1
85,25,76.0,0
14,17,87.0,0
22,13,91.0,0
22,30,65.0,1
14,23,81.0,0
82,44,21.0,1
38,32,59.0,1
77,39,38.0,0
58,42,29.0,1
24,24,80.0,0
1,45,20.0,1
33,25,80.0,1
35,39,38.0,1
79,33,56.0,0
64,21,83.0,0
96,32,61.1,0
73,37,44.0,1
55,35,46.0,1
87,39,38.0,0
80,46,17.0,0
97,29,68.0,0
93,41,36.8,0
14,17,87.0,0
67,23,81.0,0
43,29,70.0,1
39,22,82.0,0
15,22,82.0,0
93,39,38.0,0
1,18,86.0,0
53,13,91.0,0
77,31,68.0,1
25,27,74.6,1
88,32,59.0,0
38,36,50.3,1
31,24,80.0,0
74,36,45.0,1
22,15,89.0,0
78,32,59.0,1
95,37,42.0,0
95,45,20.0,0
11,35,50.0,1
39,22,82.0,0
97,39,36.0,0
36,20,84.0,0
22,44,21.0,1
77,41,32.0,0
27,29,66.0,1
18,40,33.0,1
22,38,41.0,1
76,26,77.0,1
66,38,44.9,1
18,13,91.0,0
82,26,77.0,0
54,13,91.0,0
20,17,87.0,0
40,23,81.0,0
15,37,42.0,1
43,18,86.0,0
36,30,65.0,1
45,27,72.0,1
22,26,77.0,1
47,19,85.0,0
30,13,91.0,0
48,28,71.9,1
17,33,56.0,1
71,33,54.0,1
7,15,89.0,0
55,39,38.0,1
50,17,87.0,0
11,33,54.0,1
53,20,84.0,0
33,16,88.0,0
22,46,17.0,1
72,34,51.0,0
28,44,23.0,1
19,18,86.0,0
68,42,29.0,0
29,14,90.0,0
8,28,67.0,1
57,39,36.0,1
12,36,47.0,1
45,22,82.0,0
78,36,58.0,1
96,44,23.0,0
87,25,80.0,1
9,35,50.0,1
69,16,88.0,0
43,23,81.0,0
90,34,53.0,1
19,18,86.0,0
98,34,62.0,0
36,26,78.0,1
12,22,82.0,0
96,36,47.0,0
84,46,15.0,0
64,28,71.0,1
2,26,77.0,1
22,22,82.0,0
31,45,20.0,1
33,22,82.0,0
48,32,59.0,1
71,39,38.0,1
33,22,82.0,0
65,25,80.0,1
81,31,62.0,0
45,22,82.0,0
39,31,62.0,1
61,16,88.0,0
19,18,86.0,0
10,21,83.0,0
40,42,29.0,1
43,24,80.0,0
8,28,67.0,1
15,16,88.0,0
43,45,18.0,1
77,25,80.0,0
92,32,55.0,0
92,34,53.0,0
55,33,56.0,1
41,35,50.0,1
16,38,39.0,1
97,27,74.0,0
79,39,38.0,1
89,35,50.0,0
46,28,71.9,0
58,30,65.0,1
34,17,87.0,0
56,23,81.0,0
63,33,56.0,1
69,22,82.0,0
57,18,86.0,0
97,41,32.0,0
79,39,38.0,1
24,19,85.0,0
42,46,27.5,0
20,17,87.0,0
61,23,81.0,0
27,16,88.0,0
14,40,35.0,1
9,29,64.0,1
95,25,80.0,0
50,32,57.0,1
21,23,81.0,0
20,17,87.0,0
59,45,20.0,1
17,14,90.0,0
76,30,65.0,1
74,36,45.0,0
89,39,38.0,0
35,14,90.0,0
28,32,59.0,1
34,21,83.0,0
4,14,90.0,0
48,30,66.5,1
74,38,41.0,1
50,30,65.0,1
31,24,80.0,0
92,36,47.0,0
38,30,65.0,1
7,43,44.0,1
17,20,84.0,0
69,22,82.0,0
47,43,26.0,1
36,38,39.0,1
7,24,80.0,0
53,14,90.0,0
81,25,80.0,0
79,27,74.0,1
62,34,53.0,1
88,36,50.3,0
34,21,83.0,0
2,17,87.0,0
11,16,88.0,0
3,16,88.0,0
9,45,40.0,1
94,40,35.0,0
63,35,50.0,1
4,16,88.0,0
47,39,38.0,1
6,30,65.0,1
86,44,42.0,0
53,13,91.0,0
87,29,66.0,0
33,16,88.0,0
14,23,81.0,0
73,18,86.0,0
12,19,85.0,0
33,23,81.0,0
89,33,56.0,0
41,31,62.0,1
9,31,62.0,1
36,19,85.0,0
37,18,86.0,0
45,21,83.0,0
60,24,80.0,0
8,19,85.0,0
40,26,77.0,1
1,31,62.0,1
21,29,68.0,1
9,33,56.0,1
25,31,62.0,1
17,33,56.0,1
34,21,83.0,0
39,45,26.0,1
18,13,91.0,0
89,37,47.6,0
73,37,44.0,0
79,33,64.0,1
66,38,41.0,1
29,37,44.0,1
36,19,85.0,0
10,26,77.0,1
4,28,71.0,1
37,18,86.0,0
43,14,90.0,0
78,36,58.0,0
21,16,88.0,0
26,23,81.0,0
15,15,89.0,0
2,46,17.0,1
18,38,37.0,1
93,43,26.0,0
14,23,81.0,0
46,17,87.0,0
68,38,44.9,0
94,34,49.0,0
11,19,85.0,0
13,24,80.0,0
18,34,53.0,1
70,30,70.0,0
51,31,58.0,1
51,45,20.0,1
14,32,59.0,1
58,38,37.0,1
55,37,42.0,1
40,42,37.5,1
30,19,85.0,0
66,32,61.1,1
25,43,26.0,1
13,45,20.0,1
71,27,74.0,0
51,45,20.0,1
28,32,59.0,1
34,15,89.0,0
94,38,41.0,0
27,35,50.0,1
7,31,62.0,1
76,38,54.0,1
64,40,35.0,1
82,44,21.0,0
39,33,56.0,1
14,17,87.0,0
14,18,86.0,0
59,39,42.2,0
34,15,89.0,0
49,18,86.0,0
25,39,38.0,1
23,31,62.0,1
9,27,74.0,1
75,39,38.0,0
38,17,87.0,0
30,13,91.0,0
43,16,88.0,0
33,22,82.0,0
93,33,52.0,0
6,19,85.0,0
76,32,62.5,0
34,32,59.0,1
6,24,80.0,0
2,20,84.0,0
44,22,82.0,0
66,28,71.0,1
70,32,57.0,0
28,23,81.0,0
62,26,77.0,0
30,15,89.0,0
51,16,88.0,0
73,21,83.0,0
62,17,87.0,0
4,14,90.0,0
30,19,85.0,0
18,26,77.0,1
82,38,41.0,0
2,23,81.0,0
25,25,76.0,1
67,27,70.0,1
29,31,62.0,1
31,18,86.0,0
76,34,62.0,1
76,34,53.0,1
72,32,59.0,1
8,42,29.0,1
3,16,88.0,0
39,33,56.0,1
14,40,35.0,1
23,19,85.0,0
67,27,70.0,0
33,22,82.0,0
12,26,77.0,1
44,22,82.0,0
39,16,88.0,0
30,42,46.0,1
81,31,62.0,0
37,33,56.0,1
98,36,47.0,0
19,35,50.0,1
2,44,23.0,1
38,23,81.0,0
82,38,47.5,0
56,38,39.0,1
43,35,50.0,1
81,31,62.0,0
75,39,38.0,0
16,36,43.0,1
35,20,84.0,0
71,31,58.0,0
5,20,84.0,0
64,46,17.0,1
47,29,68.0,1
50,34,53.0,1
36,13,91.0,0
66,44,23.0,1
38,17,87.0,0
47,18,86.0,0
42,24,80.0,0
32,34,53.0,1
37,17,87.0,0
43,45,20.0,1
14,23,81.0,0
33,37,50.0,1
34,21,83.0,0
49,31,60.0,1
6,30,65.0,1
69,33,58.4,1
13,25,80.0,1
18,24,80.0,0
38,40,33.0,1
32,19,85.0,0
3,25,78.0,1
51,15,89.0,0
94,36,45.0,0
86,46,17.0,0
38,38,37.0,1
7,13,91.0,0
24,26,77.0,1
32,23,81.0,0
55,22,82.0,0
4,46,15.0,1
57,22,82.0,0
74,44,23.0,1
26,30,65.0,1
100,28,73.0,0
32,40,39.5,1
17,13,91.0,0
94,38,41.0,0
39,33,56.0,1
76,26,77.0,1
17,45,30.0,1
67,39,38.0,1
56,36,47.0,0
100,38,41.0,0
73,25,80.0,0
50,23,81.0,0
2,38,41.0,1
28,15,89.0,0
50,17,87.0,0
70,36,50.3,1
63,25,78.0,1
26,44,23.0,1
64,36,47.0,1
36,36,43.0,1
95,41,32.0,0
93,29,72.0,0
94,44,23.0,0
46,15,89.0,0
39,16,88.0,0
79,25,80.0,0
35,41,32.0,1
66,13,91.0,0
87,31,62.0,0
45,14,90.0,0
58,19,85.0,0
20,42,29.0,1
90,42,29.0,0
31,31,58.0,1
19,20,84.0,0
50,34,53.0,1
16,40,35.0,1
76,36,43.0,0
17,20,84.0,0
91,31,58.0,0
62,23,81.0,0
16,21,83.0,0
85,25,76.0,1
33,37,50.0,1
9,22,82.0,0
67,24,80.0,0
32,23,81.0,0
42,38,41.0,1
37,24,80.0,0
66,32,59.0,1
4,26,75.0,1
2,20,84.0,0
1,18,86.0,0
10,32,59.0,1
91,37,44.0,0
24,30,65.0,1
100,36,58.0,0
28,17,87.0,0
64,26,77.3,0
51,43,26.0,1
61,41,32.0,1
48,40,35.0,1
31,25,80.0,1
39,22,82.0,0
38,17,87.0,0
13,17,87.0,0
31,20,84.0,0
23,14,90.0,0
33,37,44.0,1
34,34,49.0,1
58,28,71.0,1
32,28,71.0,1
8,22,82.0,0
59,19,85.0,0
16,42,29.0,1
42,24,80.0,0
8,42,29.0,1
50,38,41.0,1
34,42,34.1,1
22,36,47.0,1
36,30,67.5,1
8,32,59.0,1
26,17,87.0,0
34,15,89.0,0
98,40,33.0,0
83,41,48.0,0
6,13,91.0,0
78,28,71.0,0
37,37,44.0,1
54,30,70.0,1
4,40,50.0,1
9,25,80.0,1
3,39,52.0,1
70,42,29.0,1
73,27,74.0,0
29,15,89.0,0
69,21,83.0,0
87,31,62.0,0
55,37,47.6,1
67,24,80.0,0
100,42,29.0,0
15,43,35.0,1
35,43,26.0,1
4,28,71.0,1
62,16,88.0,0
22,20,84.0,0
57,16,88.0,0
100,34,53.0,0
60,40,35.0,1
69,43,26.0,1
38,40,42.5,1
98,40,33.0,0
31,24,80.0,0
41,25,80.0,1
70,38,41.0,1
63,27,74.6,1
27,29,66.0,1
12,20,84.0,0
5,41,48.0,1
30,15,89.0,0
68,38,41.0,1
55,37,47.6,1
71,33,54.0,0
17,13,91.0,0
23,14,90.0,0
84,42,29.0,0
84,26,75.0,1
31,33,60.0,1
3,25,80.0,1
28,21,83.0,0
57,43,26.0,1
58,20,84.0,0
44,23,81.0,0
30,46,17.0,1
99,25,80.0,0
68,32,59.0,1
76,46,17.0,0
14,34,53.0,1
61,25,80.0,1
51,22,82.0,0
14,28,71.0,1
30,21,83.0,0
85,35,50.0,1
30,44,23.0,1
52,13,91.0,0
32,23,81.0,0
9,21,83.0,0
8,23,81.0,0
21,16,88.0,0
56,26,77.0,1
61,24,80.0,0
65,27,72.0,1
59,19,85.0,0
31,24,80.0,0
83,29,68.0,0
35,14,90.0,0
41,14,90.0,0
20,34,53.0,1
56,22,82.0,0
94,26,77.0,0
12,18,86.0,0
34,21,83.0,0
97,31,62.0,0
1,18,86.0,0
6,44,23.0,1
12,28,71.0,1
11,20,84.0,0
60,18,86.0,0
61,17,87.0,0
69,22,82.0,0
22,15,89.0,0
41,20,84.0,0
71,43,26.0,1
19,41,30.0,1
51,20,84.0,0
72,32,59.0,0
1,24,80.0,0
31,39,38.0,1
37,31,62.0,1
50,44,23.0,1
32,34,51.0,1
49,43,26.0,1
79,39,38.0,0
52,36,52.5,1
50,30,61.0,1
52,14,90.0,0
20,44,23.0,1
24,13,91.0,0
81,39,45.0,0
48,18,86.0,0
87,31,62.0,0
18,40,42.5,1
71,35,53.0,1
4,20,84.0,0
70,30,61.0,1
23,14,90.0,0
39,22,82.0,0
40,21,83.0,0
51,31,58.0,1
40,42,37.5,1
8,34,53.0,1
1,18,86.0,0
17,17,87.0,0
11,39,45.0,1
44,28,71.0,1
47,19,85.0,0
52,46,17.0,1
55,39,38.0,1
49,24,80.0,0
33,22,82.0,0
20,22,82.0,0
40,44,32.5,1
20,17,87.0,0
61,45,20.0,0
24,20,84.0,0
21,37,44.0,1
24,13,91.0,0
69,21,83.0,0
58,30,65.0,1
56,22,82.0,0
62,42,29.0,1
67,25,80.0,1
93,43,31.4,0
22,44,23.0,1
24,13,91.0,0
28,16,88.0,0
48,13,91.0,0
78,42,29.0,1
33,22,82.0,0
68,22,82.0,0
87,31,62.0,0
69,35,50.0,1
98,30,65.0,0
63,45,26.0,1
10,36,47.0,1
81,45,20.0,0
40,15,89.0,0
31,18,86.0,0
10,32,57.0,1
45,22,82.0,0
51,43,26.0,1
77,41,40.0,0
24,21,83.0,0
14,32,59.0,1
20,26,77.0,1
69,39,38.0,1
70,36,47.0,1
21,39,52.0,1
65,25,76.0,1
30,24,80.0,0
20,17,87.0,0
60,34,53.0,1
31,31,58.0,1
19,25,80.0,1
26,23,81.0,0
19,24,80.0,0
34,34,49.0,1
55,43,26.0,1
60,42,34.1,1
49,45,20.0,1
99,39,52.0,0
11,41,36.8,1
79,25,80.0,1
26,40,35.0,1
64,30,65.0,1
71,18,86.0,0
77,37,40.0,0
1,39,38.0,1
90,32,57.0,0
57,39,42.2,1
55,29,68.0,1
18,24,80.0,0
15,22,82.0,0
77,24,80.0,0
60,19,85.0,0
21,22,82.0,0
50,23,81.0,0
68,32,59.0,1
24,28,71.0,1
37,24,80.0,0
1,37,56.0,1
9,23,81.0,0
42,24,80.0,0
10,38,41.0,1
65,13,91.0,0
63,45,26.0,1
93,43,26.0,0
82,40,42.5,0
26,19,85.0,0
7,29,70.0,1
67,37,44.0,0
55,45,20.0,1
27,41,32.0,1
16,16,88.0,0
78,30,65.0,0
43,23,81.0,0
16,18,86.0,0
87,29,66.0,1
80,26,77.0,1
91,25,80.0,0
91,43,26.0,0
88,30,63.0,0
23,20,84.0,0
69,39,38.0,1
94,46,17.0,0
37,18,86.0,0
17,37,40.0,1
53,31,62.0,0
10,46,17.0,1
97,41,32.0,0
34,46,17.0,1
46,15,89.0,0
28,30,67.5,1
41,43,35.0,0
5,25,76.0,1
8,44,23.0,1
26,23,81.0,0
37,29,68.0,1
92,32,59.0,0
55,25,80.0,1
84,46,15.0,1
56,36,43.0,1
78,34,53.0,0
15,16,88.0,0
71,31,58.0,0
59,20,84.0,0
75,37,42.0,0
70,44,28.7,1
82,42,29.0,0
65,25,80.0,1
20,26,77.3,1
59,25,80.0,1
31,35,55.0,1
65,37,47.6,1
54,38,41.0,1
83,43,26.0,1
20,44,23.0,1
32,30,66.5,1
85,41,32.0,0
43,45,18.0,1
52,21,83.0,0
24,40,35.0,1
34,28,71.0,1
27,16,88.0,0
28,44,23.0,1
37,29,70.0,1
67,31,62.0,1
53,29,68.0,1
68,22,82.0,0
26,18,86.0,0
48,40,35.0,1
43,22,82.0,0
24,26,75.0,1
21,35,50.0,1
62,23,81.0,0
44,28,71.0,1
57,21,83.0,0
15,15,89.0,0
26,46,17.0,1
84,26,75.0,0
46,42,29.0,1
44,32,59.0,1
35,20,84.0,0
27,22,82.0,0
25,31,62.0,1
83,25,78.0,0
6,32,59.0,1
49,18,86.0,0
28,15,89.0,0
39,43,26.0,1
53,37,44.0,1
43,20,84.0,0
11,35,50.0,1
22,15,89.0,0
60,36,47.0,1
91,41,32.0,0
56,23,81.0,0
23,45,18.0,1
87,29,66.0,0
8,30,63.0,1
40,40,31.0,1
98,38,37.0,0
56,22,82.0,0
58,21,83.0,0
5,22,82.0,0
39,41,30.0,1
29,45,20.0,1
60,42,27.0,1
17,17,87.0,0
21,16,88.0,0
18,46,17.0,1
11,45,20.0,1
17,14,90.0,0
95,43,31.4,0
15,33,56.0,1
16,42,29.0,1
69,16,88.0,0
13,24,80.0,0
44,36,47.0,1
47,41,32.0,1
56,36,43.0,1
36,46,17.0,1
4,34,53.0,1
21,25,80.0,1
29,20,84.0,0
69,21,83.0,0
36,13,91.0,0
41,14,90.0,0
15,22,82.0,0
40,28,71.0,1
21,27,74.0,1
31,24,80.0,0
63,41,32.0,1
9,39,38.0,1
60,44,23.0,1
23,25,78.0,1
18,42,29.0,1
26,40,35.0,1
3,17,87.0,0
22,17,87.0,0
64,28,71.0,1
68,30,65.0,0
58,38,37.0,1
71,31,62.0,0
13,19,85.0,0
35,19,85.0,0
65,37,44.0,1
94,44,23.0,0
42,19,85.0,0
19,18,86.0,0
21,21,83.0,0
88,28,67.0,0
64,21,83.0,0
47,31,62.0,1
18,14,90.0,0
5,14,90.0,0
26,26,73.0,1
70,32,59.0,1
41,29,68.0,1
26,32,59.0,1
12,18,86.0,0
43,18,86.0,0
72,36,47.0,0
51,33,54.0,1
79,41,32.0,0
89,33,56.0,0
38,17,87.0,0
27,35,53.0,1
17,13,91.0,0
89,29,64.0,1
30,32,57.0,1
15,29,68.0,1
100,30,65.0,0
60,15,89.0,0
8,24,80.0,0
57,22,82.0,0
75,35,60.0,0
21,18,86.0,0
42,42,29.0,1
7,18,86.0,0
35,20,84.0,0
15,39,38.0,1
44,17,87.0,0
19,23,81.0,0
92,36,47.0,0
89,29,64.0,0
10,34,53.0,1
68,30,65.0,1
53,41,32.0,1
14,23,81.0,0
12,32,55.0,1
59,19,85.0,0
15,22,82.0,0
15,16,88.0,0
18,34,53.0,1
60,40,31.0,1
8,17,87.0,0
4,18,86.0,0
78,28,71.0,0
78,40,33.0,1
1,25,80.0,1
53,13,91.0,0
11,31,58.0,1
41,24,80.0,0
96,28,71.0,0
69,31,60.0,1
14,23,81.0,0
10,15,89.0,0
85,27,72.0,0
92,42,34.1,0
40,44,23.0,1
68,28,67.0,1
54,34,55.7,1
87,35,50.0,0
50,23,81.0,0
70,30,65.0,0
53,35,48.0,1
41,22,82.0,0
41,14,90.0,0
47,20,84.0,0
75,37,44.0,1
19,13,91.0,0
71,41,32.0,0
15,39,38.0,1
98,44,23.0,0
75,16,88.0,0
59,19,85.0,0
31,18,86.0,0
53,35,48.0,1
100,38,41.0,0
66,26,77.0,1
32,23,81.0,0
38,23,81.0,0
78,34,57.5,0
43,45,18.0,1
22,15,89.0,0
8,32,59.0,1
15,35,46.0,1
36,19,85.0,0
23,33,56.0,1
100,28,73.0,0
46,20,84.0,0
64,14,90.0,0
27,31,65.0,1
24,28,72.5,1
78,28,71.9,0
43,23,81.0,0
13,19,85.0,0
47,20,84.0,0
97,41,32.0,0
72,32,55.0,0
32,17,87.0,0
77,37,44.0,0
84,46,38.0,0
5,20,84.0,0
45,22,82.0,0
64,14,90.0,0
46,21,83.0,0
97,31,63.8,0
68,22,82.0,0
5,20,84.0,0
67,24,80.0,0
78,23,81.0,0
49,27,74.0,1
64,46,17.0,1
62,34,53.0,1
30,42,29.0,1
25,18,86.0,0
8,16,88.0,0
42,28,72.5,1
13,18,86.0,0
65,19,85.0,0
14,23,81.0,0
62,17,87.0,0
56,34,53.0,1
45,21,83.0,0
11,14,90.0,0
26,17,87.0,0
13,33,52.0,1
14,23,81.0,0
25,18,86.0,0
70,32,57.0,1
31,18,86.0,0
5,29,68.0,1
69,22,82.0,0
65,19,85.0,0
42,24,80.0,0
65,13,91.0,0
24,26,75.0,1
5,20,84.0,0
39,24,80.0,0
26,28,71.0,1
8,36,52.5,1
41,25,80.0,1
48,19,85.0,0
40,44,32.5,1
53,25,80.0,1
48,21,83.0,0
83,45,18.0,1
35,14,90.0,0
75,35,46.0,0
30,24,80.0,0
14,26,77.0,1
12,32,55.0,1
34,34,49.0,1
95,35,46.0,0
36,15,89.0,0
20,17,87.0,0
20,14,90.0,0
98,38,37.0,0
74,42,29.0,0
37,22,82.0,0
4,24,80.0,0
56,38,44.9,1
43,23,81.0,0
28,46,17.0,1
35,14,90.0,0
65,14,90.0,0
1,15,89.0,0
52,22,82.0,0
100,26,77.0,0
17,31,62.0,1
30,14,90.0,0
55,41,32.0,0
15,16,88.0,0
59,31,62.0,1
45,25,76.0,1
78,19,85.0,0
6,19,85.0,0
66,24,80.0,0
26,42,29.0,1
8,17,87.0,0
24,26,77.5,1
89,39,38.0,0
85,25,76.0,0
54,38,41.0,1
8,36,47.0,1
41,43,35.0,1
25,18,86.0,0
45,22,82.0,0
13,24,80.0,0
79,27,74.6,1
4,21,83.0,0
94,36,45.0,0
18,13,91.0,0
24,13,91.0,0
5,15,89.0,0
3,17,87.0,0
23,43,35.0,1
100,30,65.0,0
6,26,77.5,1
68,17,87.0,0
34,21,83.0,0
19,24,80.0,0
57,22,82.0,0
54,23,81.0,0
48,18,86.0,0
73,31,68.0,1
91,33,54.0,0
37,41,32.0,1
42,36,47.0,1
19,24,80.0,0
27,29,68.0,1
41,25,80.0,1
11,43,26.0,1
48,13,91.0,0
43,24,80.0,0
3,15,89.0,0
74,34,62.0,0
47,14,90.0,0
35,29,68.0,1
69,21,83.0,0
13,24,80.0,0
58,44,23.0,1
51,25,80.0,0
81,31,62.0,1
34,36,45.0,1
83,29,68.0,0
43,39,38.0,1
24,46,17.0,1
20,17,87.0,0
53,22,82.0,0
26,34,53.0,1
33,22,82.0,0
68,30,63.0,1
43,27,74.0,1
13,41,32.0,1
28,32,59.0,1
4,28,71.0,1
5,31,62.0,1
68,26,77.0,1
53,14,90.0,0
14,46,17.0,1
3,24,80.0,0
82,46,17.0,0
13,18,86.0,0
53,14,90.0,0
83,43,26.0,0
31,24,80.0,0
37,18,86.0,0
9,16,88.0,0
15,39,38.0,1
25,37,44.0,1
2,40,35.0,1
19,43,26.0,1
8,34,53.0,1
64,34,53.0,1
89,43,44.0,0
15,37,44.0,1
16,23,81.0,0
2,20,84.0,0
22,30,65.0,1
54,19,85.0,0
23,27,74.0,1
9,29,64.0,1
76,40,35.0,1
59,14,90.0,0
49,33,56.0,1
88,28,67.0,1
49,18,86.0,0
52,34,53.0,1
93,33,52.0,0
25,20,84.0,0
13,27,74.0,1
38,34,53.0,1
40,15,89.0,0
82,46,17.0,0
82,40,35.0,0
48,28,71.0,1
10,22,82.0,0
57,22,82.0,0
36,19,85.0,0
87,25,80.0,0
12,20,84.0,0
56,36,50.3,0
27,22,82.0,0
74,36,47.0,0
44,22,82.0,0
76,18,86.0,0
61,25,80.0,1
33,16,88.0,0
74,34,53.0,1
50,44,23.0,1
6,22,82.0,0
46,26,73.0,1
40,34,53.0,1
17,19,85.0,0
21,18,86.0,0
10,15,89.0,0
73,18,86.0,0
71,31,62.0,1
45,35,60.0,0
13,35,48.0,1
68,36,47.0,0
4,21,83.0,0
1,24,80.0,0
14,36,45.0,1
59,39,38.0,1
27,16,88.0,0
30,13,91.0,0
44,46,27.5,1
53,13,91.0,0
59,25,80.0,0
57,22,82.0,0
97,31,62.0,0
90,38,41.0,0
47,14,90.0,0
49,29,64.0,1
40,40,35.0,1
26,17,87.0,0
8,32,59.0,1
11,14,90.0,0
18,13,91.0,0
5,15,89.0,0
14,38,41.0,1
12,32,55.0,1
78,40,33.0,1
58,42,29.0,1
6,16,88.0,0
9,23,81.0,0
97,37,40.0,0
49,24,80.0,0
28,28,67.0,1
57,21,83.0,0
1,24,80.0,0
97,39,36.0,0
41,20,84.0,0
68,32,59.0,0
22,34,62.0,1
5,35,50.0,1
11,20,84.0,0
28,15,89.0,0
49,14,90.0,0
16,21,83.0,0
15,45,20.0,1
31,18,86.0,0
91,35,50.0,0
52,14,90.0,0
73,45,20.0,0
40,18,86.0,0
17,14,90.0,0
7,15,89.0,0
14,17,87.0,0
87,31,62.0,0
12,19,85.0,0
47,20,84.0,0
4,44,23.0,1
3,15,89.0,0
39,27,74.0,1
1,24,80.0,0
30,19,85.0,0
89,25,80.0,0
21,23,81.0,0
96,40,35.0,0
11,14,90.0,0
37,33,56.0,1
61,18,86.0,0
40,15,89.0,0
42,26,78.0,1
26,28,72.5,1
12,19,85.0,0
77,35,50.0,0
38,40,42.5,1
89,25,80.0,0
1,39,38.0,1
42,19,85.0,0
48,18,86.0,0
21,31,62.0,1
89,33,56.0,0
57,22,82.0,0
10,21,83.0,0
96,46,17.0,0
51,35,50.0,1
100,40,31.0,0
87,33,56.0,0
16,32,59.0,1
2,17,87.0,0
27,22,82.0,0
45,37,44.0,1
73,35,48.0,0
93,33,52.0,0
77,25,80.0,1
16,21,83.0,0
53,14,90.0,0
64,26,75.0,1
70,28,74.0,1
56,18,86.0,0
24,26,77.0,1
6,13,91.0,0
76,15,89.0,0
66,26,73.0,1
13,25,80.0,1
12,13,91.0,0
87,45,30.0,0
40,17,87.0,0
91,31,58.0,0
64,44,28.7,0
40,36,47.0,1
93,35,48.0,0
18,13,91.0,0
74,38,41.0,0
53,37,44.0,1
10,22,82.0,0
61,33,58.4,1
44,22,82.0,0
11,33,60.0,1
24,30,65.0,1
26,40,35.0,1
49,24,80.0,0
69,43,26.0,1
33,22,82.0,0
29,14,90.0,0
63,16,88.0,0
18,13,91.0,0
63,24,80.0,0
26,32,59.0,1
10,46,38.0,1
40,34,53.0,1
43,35,50.0,1
67,22,82.0,0
99,25,80.0,0
55,22,82.0,0
95,37,44.0,0
28,32,59.0,1
12,32,55.0,1
3,24,80.0,0
32,46,17.0,1
9,33,56.0,1
41,43,24.0,1
85,35,50.0,0
76,32,59.0,1
58,26,77.0,0
51,23,81.0,0
42,19,85.0,0
59,19,85.0,0
65,31,62.0,1
28,38,41.0,1
55,18,86.0,0
15,22,82.0,0
97,37,40.0,0
11,29,68.0,1
37,31,62.0,1
79,22,82.0,0
77,39,36.0,1
49,29,64.0,1
52,14,90.0,0
15,35,46.0,1
97,37,40.0,0
21,45,20.0,1
60,34,55.7,1
36,44,23.0,1
70,21,83.0,0
85,41,40.0,0
59,24,80.0,0
23,14,90.0,0
22,38,41.0,1
90,26,77.0,0
5,35,55.0,1
29,45,20.0,1
65,25,76.0,1
80,32,59.0,1
14,17,87.0,0
33,22,82.0,0
66,30,65.0,0
19,39,34.0,1
12,13,91.0,0
61,25,80.0,0
80,40,35.0,1
4,15,89.0,0
90,40,35.0,1
70,42,29.0,0
2,16,88.0,0
4,15,89.0,0
65,13,91.0,0
90,44,42.0,0
29,15,89.0,0
5,20,84.0,0
10,36,47.0,1
18,14,90.0,0
70,28,72.5,0
41,20,84.0,0
65,35,50.0,1
78,26,78.0,0
8,30,63.0,1
79,18,86.0,0
42,19,85.0,0
81,25,80.0,0
85,35,50.0,0
9,16,88.0,0
36,36,43.0,1
56,23,81.0,0
53,24,80.0,0
39,43,26.0,1
74,34,49.0,0
96,46,17.0,0
56,34,53.0,1
98,26,79.0,0
45,16,88.0,0
49,17,87.0,0
41,14,90.0,0
45,22,82.0,0
74,32,59.0,0
48,19,85.0,0
73,29,70.0,0
41,14,90.0,0
20,24,80.0,0
36,13,91.0,0
4,42,29.0,1
35,20,84.0,0
48,30,66.5,1
33,16,88.0,0
58,20,84.0,0
69,20,84.0,0
96,42,29.0,0
95,45,20.0,0
19,31,62.0,1
74,17,87.0,0
90,34,53.0,0
25,24,80.0,0
3,45,20.0,1
88,36,47.0,0
27,33,58.4,1
49,29,69.2,1
2,28,71.0,1
96,38,44.9,0
82,30,66.5,0
57,43,26.0,1
50,16,88.0,0
5,43,26.0,1
13,39,38.0,1
25,39,38.0,1
54,36,45.0,1
25,19,85.0,0
52,14,90.0,0
2,36,47.0,1
17,37,40.0,1
61,16,88.0,0
67,27,70.0,1
5,43,44.0,1
45,25,80.0,1
75,19,85.0,0
78,36,58.0,0
28,15,89.0,0
40,15,89.0,0
13,18,86.0,0
51,16,88.0,0
67,29,66.0,1
2,42,29.0,1
9,22,82.0,0
25,45,20.0,1
5,15,89.0,0
12,13,91.0,0
28,44,23.0,1
93,33,52.0,0
29,37,44.0,1
24,28,71.0,1
19,35,50.0,1
4,16,88.0,0
94,34,49.0,0
49,17,87.0,0
10,21,83.0,0
56,30,66.5,1
37,41,32.0,1
9,21,83.0,0
56,17,87.0,0
15,35,46.0,1
29,33,60.0,1
85,31,62.0,0
82,46,17.0,0
61,27,74.6,1
12,19,85.0,0
97,33,56.0,0
55,27,74.0,0
65,25,76.0,1
23,20,84.0,0
36,19,85.0,0
89,25,80.0,0
67,31,62.0,1
28,34,53.0,1
69,16,88.0,0
80,40,31.0,0
69,21,83.0,0
55,45,40.0,0
96,36,47.0,0
8,44,42.0,1
3,41,36.8,1
21,45,20.0,1
49,43,26.0,1
7,15,89.0,0
51,41,48.0,0
9,22,82.0,0
67,24,80.0,0
65,39,38.0,0
36,13,91.0,0
41,14,90.0,0
14,30,65.0,1
33,16,88.0,0
29,20,84.0,0
85,25,76.0,0
48,26,77.0,1
31,33,54.0,1
54,38,41.0,1
9,22,82.0,0
70,32,61.1,0
31,33,60.0,1
20,40,31.0,1
65,14,90.0,0
3,16,88.0,0
55,45,20.0,1
63,15,89.0,0
24,44,32.5,1
45,21,83.0,0
59,14,90.0,0
10,18,86.0,0
85,27,74.6,0
95,35,50.0,0
13,24,80.0,0
76,42,29.0,0
12,19,85.0,0
33,43,26.0,1
19,16,88.0,0
3,39,42.2,1
23,14,90.0,0
36,13,91.0,0
53,20,84.0,0
25,18,86.0,0
59,19,85.0,0
10,22,82.0,0
5,29,68.0,1
24,19,85.0,0
11,16,88.0,0
5,20,84.0,0
43,37,44.0,1
80,44,28.7,1
46,40,35.0,1
13,18,86.0,0
72,19,85.0,0
66,40,35.0,1
43,43,26.0,1
1,25,80.0,1
50,23,81.0,0
41,14,90.0,0
63,16,88.0,0
91,29,68.0,0
83,45,40.0,0
14,17,87.0,0
39,33,56.0,1
14,30,65.0,1
49,17,87.0,0
35,37,50.0,1
5,14,90.0,0
88,38,41.0,0
31,35,50.0,1
75,39,38.0,0
41,25,80.0,1
71,35,50.0,0
60,28,71.0,1
24,40,35.0,1
8,28,67.0,1
49,33,56.0,1
42,24,80.0,0
15,19,85.0,0
64,44,23.0,0
50,17,87.0,0
35,20,84.0,0
8,23,81.0,0
4,15,89.0,0
19,29,68.0,1
31,21,83.0,0
45,21,83.0,0
27,29,68.0,1
22,21,83.0,0
5,14,90.0,0
20,23,81.0,0
31,24,80.0,0
45,25,80.0,1
69,33,56.0,1
27,45,40.0,1
70,24,80.0,0
13,43,26.0,1
45,39,38.0,1
52,46,17.0,1
84,28,71.0,0
83,27,74.0,0
54,34,55.7,1
43,20,84.0,0
18,40,33.0,1
16,36,43.0,1
12,38,41.0,1
87,25,80.0,0
64,15,89.0,0
23,20,84.0,0
22,20,84.0,0
81,39,52.0,0
31,35,50.0,1
9,21,83.0,0
62,17,87.0,0
89,39,38.0,0
10,22,82.0,0
31,35,50.0,1
46,21,83.0,0
23,39,38.0,1
8,23,81.0,0
38,17,87.0,0
27,22,82.0,0
44,38,41.0,1
88,28,74.0,0
85,43,44.0,0
17,14,90.0,0
31,33,54.0,1
13,18,86.0,0
58,20,84.0,0
38,32,59.0,1
63,37,44.0,1
28,36,47.0,1
7,24,80.0,0
83,27,74.0,0
27,45,20.0,1
12,13,91.0,0
48,18,86.0,0
97,33,64.0,0
56,22,82.0,0
37,24,80.0,0
45,37,50.0,1
62,17,87.0,0
35,39,38.0,1
41,29,68.0,1
2,38,54.0,1
34,38,41.0,1
17,29,68.0,1
37,39,38.0,1
33,37,44.0,1
41,41,32.0,1
80,38,54.0,1
10,30,61.0,1
47,27,74.6,1
52,42,29.0,1
81,25,80.0,0
67,29,66.0,1
44,19,85.0,0
68,23,81.0,0
34,21,83.0,0
50,46,17.0,1
16,15,89.0,0
50,42,29.0,1
36,28,71.0,1
61,17,87.0,0
21,35,50.0,1
69,41,32.0,1
27,43,26.0,1
12,26,77.0,1
16,40,35.0,1
42,46,27.5,1
6,14,90.0,0
85,43,26.0,0
24,20,84.0,0
12,38,41.0,1
55,37,47.6,1
9,45,26.0,1
10,36,47.0,1
57,21,83.0,0
42,28,71.0,1
65,14,90.0,0
57,27,74.6,1
90,38,54.0,0
59,16,88.0,0
39,16,88.0,0
82,46,17.0,0
21,24,80.0,0
83,25,78.0,0
2,23,81.0,0
33,41,32.0,1
44,28,71.0,1
38,17,87.0,0
49,33,56.0,1
90,28,71.0,0
15,22,82.0,0
60,40,31.0,1
4,46,17.0,1
58,38,37.0,1
76,18,86.0,0
50,32,57.0,1
78,38,37.0,1
20,46,17.0,1
2,38,54.0,1
55,25,80.0,1
62,36,47.0,1
17,19,85.0,0
13,35,48.0,1
81,25,80.0,1
37,45,20.0,1
14,38,41.0,1
53,31,62.0,1
3,41,32.0,1
65,41,48.0,1
21,21,83.0,0
49,31,60.0,1
53,14,90.0,0
30,46,17.0,1
93,35,50.0,0
53,20,84.0,0
45,29,68.0,1
63,15,89.0,0
62,16,88.0,0
57,27,74.0,1
55,25,80.0,1
63,31,62.0,1
69,15,89.0,0
33,35,48.0,1
62,32,59.0,1
23,27,74.0,1
33,22,82.0,0
46,36,58.0,0
67,45,20.0,0
28,26,77.3,1
40,34,53.0,1
47,19,85.0,0
70,44,23.0,1
9,45,40.0,1
13,24,80.0,0
50,44,23.0,1
22,22,82.0,0
80,40,31.0,1
64,26,75.0,1
93,27,74.0,0
7,23,81.0,0
82,32,59.0,1
56,34,53.0,0
16,36,43.0,1
30,46,17.0,1
84,28,71.0,0
10,21,83.0,0
46,28,71.0,1
1,24,80.0,0
99,41,36.8,0
5,27,74.0,1
6,34,55.0,1
21,22,82.0,0
5,14,90.0,0
85,29,68.0,0
45,21,83.0,0
9,31,62.0,1
77,41,32.0,1
46,20,84.0,0
47,27,74.6,1
69,29,64.0,1
98,40,33.0,0
7,13,91.0,0
26,23,81.0,0
54,26,77.0,1
15,22,82.0,0
1,43,24.0,1
94,32,59.0,0
44,17,87.0,0
5,25,80.0,1
94,34,49.0,0
89,31,62.0,0
48,18,86.0,0
5,13,91.0,0
74,32,66.0,1
24,19,85.0,0
72,34,53.0,1
20,17,87.0,0
8,17,87.0,0
25,24,80.0,0
41,45,20.0,1
3,41,32.0,1
66,36,47.0,1
57,37,40.0,1
51,31,58.0,1
7,18,86.0,0
26,18,86.0,0
52,38,41.0,0
64,38,41.0,1
51,24,80.0,0
35,24,80.0,0
32,34,57.5,1
16,16,88.0,0
89,39,38.0,0
36,19,85.0,0
7,24,80.0,0
29,25,80.0,1
23,14,90.0,0
38,32,59.0,1
95,33,58.4,0
87,27,70.0,0
10,36,47.0,1
51,41,32.0,1
99,27,76.0,0
54,38,41.0,1
52,14,90.0,0
14,46,17.0,1
65,25,80.0,0
73,27,76.0,1
31,24,80.0,0
44,46,15.0,1
31,31,58.0,1
92,38,41.0,0
100,38,41.0,0
18,19,85.0,0
96,38,39.0,0
14,23,81.0,0
32,36,47.0,1
74,20,84.0,0
11,14,90.0,0
5,37,44.0,1
66,46,17.0,1
78,32,59.0,0
27,27,70.0,1
49,25,80.0,1
57,25,80.0,1
97,41,32.0,0
17,27,74.0,1
94,38,41.0,0
99,43,26.0,0
17,41,32.0,1
20,24,80.0,0
53,33,52.0,1
30,38,41.0,1
18,38,41.0,1
67,27,70.0,1
3,27,74.0,1
6,24,80.0,0
31,27,74.0,1
49,43,26.0,1
85,43,44.0,1
8,32,59.0,1
42,24,80.0,0
58,28,71.0,1
1,25,80.0,1
49,45,20.0,1
23,45,18.0,1
10,32,57.0,1
93,37,44.0,0
43,35,50.0,1
17,13,91.0,0
16,36,43.0,1
8,17,87.0,0
19,18,86.0,0
39,33,56.0,1
42,19,85.0,0
69,27,74.0,1
54,32,59.0,0
9,43,26.0,1
96,34,55.7,0
26,26,77.0,1
61,33,56.0,1
12,38,41.0,1
43,27,74.0,1
56,30,65.0,1
78,40,33.0,0
42,13,91.0,0
93,35,48.0,0
14,23,81.0,0
20,17,87.0,0
8,23,81.0,0
70,30,65.0,0
96,38,39.0,0
26,44,23.0,1
78,42,29.0,1
37,24,80.0,0
35,25,80.0,1
31,24,80.0,0
2,17,87.0,0
49,18,86.0,0
26,18,86.0,0
19,43,26.0,1
29,31,60.0,1
53,14,90.0,0
19,18,86.0,0
3,41,32.0,1
86,36,50.3,0
5,14,90.0,0
41,20,84.0,0
51,27,74.0,1
50,17,87.0,0
19,18,86.0,0
52,42,29.0,1
25,24,80.0,0
68,19,85.0,0
56,38,39.0,1
32,28,71.0,1
68,28,71.0,1
27,24,80.0,0
40,40,35.0,1
32,23,81.0,0
47,29,66.0,1
12,32,55.0,1
94,44,23.0,0
78,42,29.0,0
40,32,59.0,1
13,24,80.0,0
91,33,54.0,0
73,45,20.0,1
1,24,80.0,0
10,24,80.0,0
54,36,45.0,1
77,37,40.0,0
57,16,88.0,0
43,24,80.0,0
11,29,68.0,1
11,20,84.0,0
86,26,73.0,0
41,14,90.0,0
57,39,36.0,1
29,20,84.0,0
49,33,56.0,1
29,31,60.0,1
42,21,83.0,0
10,21,83.0,0
17,20,84.0,0
25,24,80.0,0
71,33,54.0,0
76,13,91.0,0
29,45,20.0,1
63,22,82.0,0
4,21,83.0,0
22,15,89.0,0
43,18,86.0,0
38,38,37.0,1
10,15,89.0,0
8,17,87.0,0
41,35,50.0,1
58,38,37.0,1
83,33,56.0,0
23,24,80.0,0
20,42,37.5,1
1,33,56.0,1
12,34,57.5,1
64,21,83.0,0
21,16,88.0,0
76,36,47.0,1
28,21,83.0,0
66,46,23.3,1
38,17,87.0,0
56,26,77.0,1
20,17,87.0,0
34,30,65.0,1
36,42,29.0,1
62,26,77.0,1
93,45,20.0,0
55,27,74.0,1
18,42,29.0,1
89,43,26.0,0
41,14,90.0,0
7,18,86.0,0
3,22,82.0,0
16,32,59.0,1
77,17,87.0,0
60,38,41.0,1
18,19,85.0,0
44,26,77.3,1
46,19,85.0,0
11,21,83.0,0
23,14,90.0,0
42,36,47.0,1
44,38,41.0,1
40,44,32.5,1
63,22,82.0,0
12,28,71.0,1
72,42,29.0,0
4,30,65.0,1
16,21,83.0,0
60,32,59.0,1
67,31,62.0,1
85,25,80.0,0
9,22,82.0,0
58,17,87.0,0
7,18,86.0,0
75,45,20.0,0
30,34,53.0,1
68,17,87.0,0
45,22,82.0,0
54,24,80.0,0
92,34,53.0,0
12,30,65.0,1
55,37,42.0,1
71,29,70.0,0
99,31,62.0,0
92,32,55.0,0
75,27,74.0,0
47,27,70.0,1
23,19,85.0,0
66,34,53.0,0
3,29,68.0,1
14,16,88.0,0
20,40,31.0,1
57,21,83.0,0
19,33,56.0,1
74,30,67.5,0
40,21,83.0,0
41,33,56.0,1
11,37,44.0,1
5,41,32.0,1
66,24,80.0,0
18,19,85.0,0
98,36,50.3,0
30,13,91.0,0
15,17,87.0,0
14,26,77.0,1
26,17,87.0,0
58,30,65.0,1
85,29,68.0,0
1,18,86.0,0
16,15,89.0,0
87,35,53.0,0
1,45,20.0,1
25,41,32.0,1
91,33,56.0,0
85,27,72.0,0
40,21,83.0,0
78,38,37.0,1
45,39,38.0,1
26,23,81.0,0
49,33,56.0,1
92,28,74.0,0
38,26,77.0,1
97,35,50.0,0
6,19,85.0,0
5,33,60.0,1
81,35,60.0,0
82,40,50.0,0
13,33,52.0,1
22,38,41.0,1
36,21,83.0,0
20,34,53.0,1
87,45,40.0,0
17,41,32.0,1
27,17,87.0,0
36,32,59.0,1
3,22,82.0,0
63,27,74.0,1
13,19,85.0,0
26,13,91.0,0
97,25,81.0,0
49,22,82.0,0
18,19,85.0,0
50,30,66.5,1
29,15,89.0,0
30,26,77.0,1
66,24,80.0,0
13,41,32.0,1
72,44,23.0,0
5,20,84.0,0
65,43,26.0,0
35,39,38.0,1
35,14,90.0,0
46,26,73.0,1
70,34,53.0,1
10,40,35.0,1
13,31,62.0,1
53,25,80.0,1
79,41,30.0,0
6,19,85.0,0
3,16,88.0,0
45,27,74.6,1
45,27,74.6,1
31,25,80.0,1
35,20,84.0,0
96,34,53.0,0
21,21,83.0,0
34,28,71.0,1
32,23,81.0,0
22,21,83.0,0
63,39,38.0,0
41,45,20.0,1
60,18,86.0,0
44,22,82.0,0
1,33,56.0,1
10,28,71.0,1
77,27,74.0,1
92,26,77.0,0
60,26,77.0,1
70,32,59.0,0
17,14,90.0,0
73,33,56.0,1
19,18,86.0,0
65,25,80.0,0
12,42,29.0,1
67,17,87.0,0
13,39,38.0,1
28,36,47.0,1
61,41,32.0,1
37,18,86.0,0
84,26,75.0,0
13,45,20.0,1
87,37,44.0,0
55,41,32.0,1
46,15,89.0,0
48,18,86.0,0
24,18,86.0,0
20,44,23.0,1
37,18,86.0,0
56,46,17.0,1
78,38,37.0,0
59,43,26.0,1
18,32,59.0,1
1,18,86.0,0
27,43,26.0,1
25,31,63.8,1
45,27,72.0,1
49,31,60.0,1
11,35,50.0,1
35,29,68.0,1
34,21,83.0,0
34,21,83.0,0
8,23,81.0,0
45,25,76.0,1
13,24,80.0,0
74,46,17.0,0
24,19,85.0,0
37,24,80.0,0
11,25,80.0,1
37,18,86.0,0
52,14,90.0,0
41,14,90.0,0
28,30,65.0,1
83,31,63.8,0
45,37,44.0,1
17,25,80.0,1
62,34,53.0,1
35,14,90.0,0
86,46,17.0,1
63,45,20.0,0
3,45,18.0,1
79,43,26.0,0
54,13,91.0,0
59,18,86.0,0
65,27,74.0,0
17,15,89.0,0
15,24,80.0,0
91,27,76.0,0
9,16,88.0,0
25,18,86.0,0
24,13,91.0,0
48,32,59.0,1
69,21,83.0,0
65,13,91.0,0
34,30,65.0,1
61,35,50.0,1
22,15,89.0,0
37,24,80.0,0
32,40,35.0,1
20,17,87.0,0
39,35,50.0,1
6,40,35.0,1
16,16,88.0,0
99,43,26.0,0
82,30,65.0,0
31,33,58.4,1
70,40,35.0,1
55,41,40.0,1
68,46,17.0,0
20,17,87.0,0
53,41,32.0,1
9,23,81.0,0
5,17,87.0,0
59,20,84.0,0
78,16,88.0,0
35,14,90.0,0
29,14,90.0,0
40,21,83.0,0
31,35,50.0,1
9,22,82.0,0
24,13,91.0,0
96,34,53.0,0
39,22,82.0,0
24,46,15.0,1
99,33,56.0,0
34,32,61.1,1
39,43,35.0,1
51,41,32.0,1
57,21,83.0,0
36,40,35.0,1
69,39,38.0,1
11,20,84.0,0
5,20,84.0,0
1,19,85.0,0
28,15,89.0,0
99,27,76.0,0
66,38,41.0,0
75,37,56.0,1
59,43,26.0,1
58,36,47.0,1
55,37,42.0,1
15,15,89.0,0
6,13,91.0,0
17,20,84.0,0
93,43,26.0,0
88,26,77.0,1
27,22,82.0,0
54,36,50.3,1
29,20,84.0,0
9,19,85.0,0
39,43,35.0,1
68,16,88.0,0
7,43,26.0,1
31,24,80.0,0
72,34,51.0,1
87,43,26.0,0
61,45,20.0,1
1,19,85.0,0
36,19,85.0,0
67,23,81.0,0
78,28,71.0,1
70,30,61.0,1
34,15,89.0,0
12,34,51.0,1
42,23,81.0,0
55,41,32.0,1
68,28,74.0,0
27,17,87.0,0
60,42,27.0,1
88,40,35.0,1
13,24,80.0,0
93,39,38.0,0
41,14,90.0,0
68,17,87.0,0
25,27,72.0,1
38,38,37.0,1
60,32,59.0,0
18,19,85.0,0
56,40,35.0,1
26,30,67.5,1
53,20,84.0,0
2,17,87.0,0
30,13,91.0,0
30,19,85.0,0
63,16,88.0,0
17,17,87.0,0
44,38,41.0,1
76,30,65.0,0
86,30,65.0,0
50,34,53.0,1
46,40,35.0,1
15,16,88.0,0
10,38,47.5,1
50,32,57.0,1
55,18,86.0,0
22,36,47.0,1
53,13,91.0,0
56,21,83.0,0
20,28,71.9,1
51,45,20.0,1
58,40,39.5,1
14,17,87.0,0
49,18,86.0,0
7,24,80.0,0
49,24,80.0,0
7,27,74.0,1
39,31,62.0,1
77,39,36.0,1
44,46,15.0,1
96,34,53.0,0
48,38,41.0,1
29,14,90.0,0
59,27,74.0,1
88,44,23.0,0
39,27,74.0,1
67,31,62.0,1
66,30,65.0,1
95,45,20.0,0
11,13,91.0,0
48,30,66.5,1
13,39,38.0,1
3,39,38.0,1
69,21,83.0,0
37,41,40.0,1
14,13,91.0,0
34,46,38.0,1
81,39,38.0,0
65,13,91.0,0
65,27,72.0,1
56,36,50.3,1
27,45,20.0,1
39,16,88.0,0
48,44,23.0,0
58,21,83.0,0
64,14,90.0,0
6,26,73.0,1
20,40,31.0,1
21,16,88.0,0
16,16,88.0,0
34,36,52.5,1
95,35,46.0,0
52,15,89.0,0
85,39,38.0,0
73,18,86.0,0
23,19,85.0,0
64,44,28.7,1
3,22,82.0,0
7,29,68.0,1
29,29,64.0,1
34,38,47.5,1
66,23,81.0,0
87,45,40.0,1
45,16,88.0,0
25,45,20.0,1
68,42,29.0,1
100,46,17.0,0
50,32,57.0,1
94,34,53.0,0
23,27,75.0,1
22,21,83.0,0
97,43,26.0,0
45,16,88.0,0
15,29,68.0,1
13,33,52.0,1
18,28,71.0,1
97,25,80.0,0
78,26,77.3,1
62,46,27.5,0
22,46,17.0,1
3,16,88.0,0
1,37,56.0,1
67,23,81.0,0
31,33,60.0,1
6,19,85.0,0
61,43,24.0,1
8,17,87.0,0
67,27,74.0,1
19,24,80.0,0
50,17,87.0,0
24,38,41.0,1
67,27,70.0,1
65,20,84.0,0
59,18,86.0,0
31,37,44.0,1
51,33,54.0,1
61,18,86.0,0
39,16,88.0,0
19,43,26.0,1
99,45,20.0,0
19,39,34.0,1
55,24,80.0,0
31,35,50.0,1
24,21,83.0,0
22,15,89.0,0
67,23,81.0,0
83,33,56.0,0
65,13,91.0,0
51,15,89.0,0
19,35,50.0,1
47,29,69.2,0
13,24,80.0,0
70,44,23.0,1
55,33,56.0,1
38,38,41.0,1
60,19,85.0,0
71,27,74.0,1
37,18,86.0,0
44,44,23.0,1
1,24,80.0,0
99,25,80.0,0
21,22,82.0,0
58,40,33.0,1
27,17,87.0,0
37,18,86.0,0
100,26,77.0,0
10,30,61.0,1
25,27,72.0,1
28,28,67.0,1
39,16,88.0,0
25,39,38.0,1
69,31,60.0,1
25,24,80.0,0
13,24,80.0,0
88,46,38.0,0
34,28,71.0,1
81,29,69.2,0
15,39,38.0,1
100,36,50.3,0
77,45,20.0,0
17,35,50.0,1
61,17,87.0,0
11,20,84.0,0
60,19,85.0,0
98,36,47.0,0
76,46,17.0,1
57,41,32.0,1
94,38,41.0,0
68,22,82.0,0
10,15,89.0,0
12,36,47.0,1
98,28,71.0,0
43,33,56.0,1
27,16,88.0,0
9,16,88.0,0
46,15,89.0,0
59,29,68.0,0
31,18,86.0,0
26,18,86.0,0
4,28,71.0,1
45,22,82.0,0
88,44,23.0,0
38,17,87.0,0
61,37,44.0,1
45,25,76.0,1
23,27,75.0,1
26,23,81.0,0
28,15,89.0,0
21,43,26.0,1
97,39,36.0,0
61,35,50.0,1
51,35,50.0,1
3,45,18.0,1
71,35,50.0,0
49,41,32.0,1
48,28,67.0,1
78,38,37.0,0
42,19,85.0,0
12,19,85.0,0
97,39,36.0,0
70,32,57.0,1
17,14,90.0,0
9,33,56.0,1
40,15,89.0,0
35,27,74.0,1
77,25,80.0,1
66,38,41.0,1
84,44,23.0,1
41,41,32.0,1
76,36,47.0,0
28,28,67.0,1
1,24,80.0,0
7,45,20.0,1
16,18,86.0,0
27,17,87.0,0
64,15,89.0,0
52,15,89.0,0
22,21,83.0,0
50,17,87.0,0
34,24,80.0,0
71,33,56.0,0
18,24,80.0,0
51,39,38.0,1
25,19,85.0,0
4,15,89.0,0
24,19,85.0,0
28,32,59.0,1
25,25,76.0,1
52,13,91.0,0
42,19,85.0,0
18,18,86.0,0
47,45,20.0,1
5,27,72.0,1
30,13,91.0,0
56,23,81.0,0
9,22,82.0,0
46,15,89.0,0
11,14,90.0,0
27,18,86.0,0
97,35,50.0,0
17,20,84.0,0
41,39,38.0,1
61,17,87.0,0
1,27,76.0,1
42,23,81.0,0
97,45,26.0,0
43,18,86.0,0
34,21,83.0,0
51,31,62.0,0
55,39,38.0,1
47,19,85.0,0
38,17,87.0,0
72,44,23.0,0
14,32,66.0,1
27,22,82.0,0
76,44,23.0,1
88,28,67.0,0
49,24,80.0,0
91,41,32.0,0
8,23,81.0,0
54,34,55.7,1
36,30,65.0,1
16,21,83.0,0
29,20,84.0,0
38,23,81.0,0
81,25,80.0,0
99,33,58.4,0
55,27,74.0,1
35,20,84.0,0
4,42,29.0,1
1,37,44.0,1
59,19,85.0,0
33,22,82.0,0
20,24,80.0,0
6,21,83.0,0
40,15,89.0,0
39,45,20.0,1
46,19,85.0,0
46,26,73.0,1
20,44,23.0,1
20,23,81.0,0
30,19,85.0,0
10,15,89.0,0
96,26,77.0,0
64,14,90.0,0
34,34,49.0,1
51,33,54.0,1
77,27,74.0,1
72,38,41.0,0
90,44,23.0,0
71,20,84.0,0
90,32,59.0,0
51,33,56.0,1
29,39,38.0,1
30,21,83.0,0
87,37,44.0,1
28,15,89.0,0
38,17,87.0,0
35,20,84.0,0
2,23,81.0,0
69,31,60.0,1
43,18,86.0,0
26,17,87.0,0
16,32,59.0,1
55,25,80.0,1
57,39,36.0,1
5,13,91.0,0
6,18,86.0,0
53,13,91.0,0
55,27,74.0,1
9,22,82.0,0
54,44,23.0,1
9,13,91.0,0
87,27,70.0,0
39,24,80.0,0
57,16,88.0,0
84,26,77.0,0
88,30,63.0,0
73,35,48.0,1
20,42,27.0,1
44,17,87.0,0
50,30,65.0,1
78,40,39.5,0
55,18,86.0,0
10,36,47.0,1
39,16,88.0,0
100,44,23.0,0
38,23,81.0,0
3,16,88.0,0
9,43,31.4,1
99,39,34.0,0
19,43,26.0,1
5,20,84.0,0
1,35,53.0,1
71,35,50.0,0
44,23,81.0,0
11,14,90.0,0
83,41,32.0,0
65,22,82.0,0
16,21,83.0,0
33,16,88.0,0
28,32,62.5,1
51,16,88.0,0
44,40,35.0,0
70,30,65.0,1
61,18,86.0,0
16,40,35.0,1
91,41,32.0,0
42,13,91.0,0
97,37,40.0,0
61,18,86.0,0
52,28,71.0,1
68,38,41.0,1
41,20,84.0,0
20,44,23.0,1
84,46,15.0,0
41,45,20.0,1
82,26,77.0,0
13,21,83.0,0
67,39,38.0,1
60,46,27.5,1
39,25,80.0,1
34,38,41.0,1
2,23,81.0,0
99,25,80.0,0
53,33,56.0,1
68,17,87.0,0
42,13,91.0,0
23,19,85.0,0
29,33,56.0,1
54,44,42.0,0
28,28,71.9,1
42,13,91.0,0
22,22,82.0,0
8,26,78.0,1
5,17,87.0,0
28,34,53.0,1
46,19,85.0,0
88,38,41.0,0
41,45,30.0,1
41,24,80.0,0
58,38,41.0,1
67,23,81.0,0
17,20,84.0,0
85,29,68.0,0
71,27,74.0,0
97,25,81.0,0
24,44,23.0,1
65,25,76.0,1
73,18,86.0,0
24,28,72.5,1
38,28,71.0,1
92,42,29.0,0
50,40,35.0,1
83,45,26.0,0
47,27,70.0,1
79,24,80.0,0
94,32,59.0,0
34,21,83.0,0
99,41,30.0,0
88,32,59.0,0
47,20,84.0,0
7,13,91.0,0
15,37,42.0,1
97,35,50.0,0
72,32,59.0,1
28,26,77.0,1
31,24,80.0,0
77,14,90.0,0
15,31,62.0,1
47,19,85.0,0
57,37,40.0,1
27,29,66.0,1
32,26,77.0,1
15,29,68.0,1
11,20,84.0,0
49,41,32.0,1
25,24,80.0,0
56,17,87.0,0
58,46,17.0,1
49,43,26.0,1
13,33,52.0,1
38,13,91.0,0
6,28,69.0,1
42,24,80.0,0
94,36,45.0,0
36,38,39.0,1
58,20,84.0,0
5,14,90.0,0
80,30,65.0,1
36,38,44.9,1
51,43,26.0,1
5,14,90.0,0
1,27,74.0,1
91,35,50.0,0
52,30,65.0,1
54,13,91.0,0
44,17,87.0,0
66,24,80.0,0
34,15,89.0,0
13,18,86.0,0
68,22,82.0,0
60,40,31.0,1
92,44,23.0,0
13,21,83.0,0
45,22,82.0,0
27,33,56.0,1
37,18,86.0,0
13,37,44.0,1
74,32,59.0,0
77,27,74.0,1
24,46,15.0,1
58,34,53.0,1
83,27,74.0,0
35,43,31.4,1
36,19,85.0,0
54,13,91.0,0
54,34,53.0,1
39,27,74.0,1
41,14,90.0,0
31,41,32.0,1
91,27,76.0,0
68,22,82.0,0
100,28,71.0,0
57,39,36.0,1
47,43,26.0,1
67,31,63.8,1
30,19,85.0,0
34,26,77.0,1
90,34,53.0,0
91,43,26.0,0
27,22,82.0,0
31,35,55.0,1
72,34,51.0,1
3,22,82.0,0
36,42,34.1,1
78,40,33.0,0
76,26,77.0,0
59,19,85.0,0
26,23,81.0,0
85,29,68.0,0
35,35,46.0,1
30,36,50.3,1
52,21,83.0,0
2,28,71.0,1
11,39,38.0,1
17,41,32.0,1
43,35,50.0,1
88,28,67.0,0
31,16,88.0,0
38,17,87.0,0
5,17,87.0,0
47,19,85.0,0
33,22,82.0,0
20,40,31.0,1
89,45,20.0,0
23,14,90.0,0
36,15,89.0,0
11,19,85.0,0
29,35,50.0,1
63,15,89.0,0
37,37,44.0,1
66,26,78.0,0
2,46,17.0,1
6,32,59.0,1
50,16,88.0,0
13,24,80.0,0
33,18,86.0,0
81,43,24.0,0
71,31,62.0,0
8,32,59.0,1
68,23,81.0,0
9,33,56.0,1
5,19,85.0,0
2,23,81.0,0
33,16,88.0,0
21,27,74.0,1
9,35,50.0,1
63,27,74.0,0
26,28,69.0,1
14,18,86.0,0
41,14,90.0,0
91,27,76.0,0
66,30,65.0,1
29,25,80.0,1
90,32,59.0,0
83,25,78.0,0
24,19,85.0,0
96,44,28.7,0
73,31,68.0,0
30,14,90.0,0
24,13,91.0,0
15,22,82.0,0
35,31,62.0,1
90,34,53.0,0
39,43,26.0,1
67,33,56.0,0
23,27,75.0,1
63,41,32.0,1
57,37,47.6,1
24,36,47.0,1
49,24,80.0,0
65,25,76.0,1
32,23,81.0,0
85,35,50.0,1
93,37,44.0,0
15,16,88.0,0
92,30,65.0,0
46,23,81.0,0
5,14,90.0,0
3,22,82.0,0
24,34,53.0,1
57,41,32.0,1
17,14,90.0,0
8,28,71.0,1
7,31,62.0,1
34,21,83.0,0
1,19,85.0,0
7,13,91.0,0
34,15,89.0,0
7,24,80.0,0
7,17,87.0,0
52,34,51.0,1
34,36,45.0,1
43,45,30.0,1
19,27,74.0,1
32,23,81.0,0
28,21,83.0,0
7,18,86.0,0
39,33,56.0,1
53,45,20.0,1
6,38,41.0,1
53,13,91.0,0
52,13,91.0,0
66,30,65.0,1
36,13,91.0,0
76,44,23.0,0
53,35,53.0,1
30,32,57.0,1
30,19,85.0,0
4,26,75.0,1
46,20,84.0,0
24,19,85.0,0
20,36,47.0,1
19,18,86.0,0
41,25,80.0,1
20,23,81.0,0
30,16,88.0,0
10,21,83.0,0
75,33,64.0,0
47,20,84.0,0
59,18,86.0,0
35,37,42.0,1
10,30,61.0,1
41,35,55.0,1
51,31,58.0,1
65,27,72.0,1
84,26,75.0,0
1,18,86.0,0
34,15,89.0,0
75,35,50.0,1
1,18,86.0,0
7,24,80.0,0
53,39,38.0,0
52,34,51.0,1
4,28,71.0,1
42,36,47.0,1
19,23,81.0,0
16,44,32.5,1
54,34,53.0,1
91,29,68.0,0
1,43,24.0,1
64,46,23.3,0
4,21,83.0,0
19,13,91.0,0
51,33,58.4,0
64,36,47.0,1
29,13,91.0,0
18,14,90.0,0
79,43,26.0,1
37,18,86.0,0
22,20,84.0,0
21,25,80.0,1
64,14,90.0,0
65,45,20.0,1
8,23,81.0,0
7,23,81.0,0
12,20,84.0,0
63,39,52.0,1
6,19,85.0,0
18,38,41.0,1
35,27,74.0,1
63,16,88.0,0
88,46,38.0,1
66,42,29.0,0
69,16,88.0,0
32,17,87.0,0
44,23,81.0,0
1,29,70.0,1
1,17,87.0,0
74,46,17.0,1
21,37,44.0,1
31,24,80.0,0
2,46,17.0,1
9,31,60.0,1
30,14,90.0,0
63,43,26.0,1
30,32,57.0,1
8,30,63.0,1
9,29,64.0,1
25,39,38.0,1
57,37,40.0,1
9,16,88.0,0
2,34,53.0,1
25,19,85.0,0
23,14,90.0,0
59,14,90.0,0
52,21,83.0,0
67,29,66.0,1
72,36,47.0,0
45,20,84.0,0
71,31,68.0,0
41,14,90.0,0
9,33,56.0,1
21,22,82.0,0
98,34,53.0,0
32,42,29.0,1
80,26,77.0,0
88,28,67.0,0
49,24,80.0,0
34,21,83.0,0
6,40,39.5,1
16,15,89.0,0
82,32,59.0,0
96,34,53.0,0
95,27,74.0,0
66,42,29.0,1
1,43,26.0,1
42,19,85.0,0
10,32,57.0,1
87,31,62.0,1
52,14,90.0,0
43,24,80.0,0
10,26,77.0,1
38,42,37.5,1
95,39,38.0,0
65,37,44.0,1
58,46,17.0,0
32,23,81.0,0
97,45,40.0,0
92,34,51.0,0
77,25,80.0,1
49,29,64.0,1
40,34,53.0,1
55,33,56.0,0
86,30,65.0,0
62,26,77.0,1
76,26,77.0,0
29,20,84.0,0
74,17,87.0,0
25,20,84.0,0
39,16,88.0,0
20,36,47.0,1
67,23,81.0,0
3,33,58.4,1
46,26,73.0,1
22,36,47.0,1
31,25,80.0,1
81,45,20.0,0
2,40,35.0,1
77,35,60.0,0
47,14,90.0,0
50,16,88.0,0
38,40,33.0,1
74,26,77.0,1
47,20,84.0,0
45,21,83.0,0
35,20,84.0,0
47,20,84.0,0
76,36,43.0,0
95,37,42.0,0
20,44,23.0,1
7,29,66.0,1
94,42,34.1,0
13,37,44.0,1
98,42,29.0,0
19,39,34.0,1
14,17,87.0,0
32,26,77.0,1
58,21,83.0,0
13,29,68.0,1
40,15,89.0,0
16,15,89.0,0
55,24,80.0,0
27,15,89.0,0
30,19,85.0,0
43,29,68.0,1
11,21,83.0,0
60,19,85.0,0
52,21,83.0,0
98,40,35.0,0
19,23,81.0,0
27,22,82.0,0
57,20,84.0,0
93,37,44.0,0
13,37,44.0,1
25,18,86.0,0
83,43,26.0,0
8,24,80.0,0
26,17,87.0,0
9,25,80.0,1
99,41,30.0,0
3,16,88.0,0
10,26,77.0,1
40,46,23.3,1
86,28,71.0,0
15,24,80.0,0
31,18,86.0,0
39,22,82.0,0
66,18,86.0,0
29,14,90.0,0
1,27,74.0,1
82,40,50.0,0
13,33,56.0,1
83,43,26.0,0
13,31,62.0,1
32,28,71.0,1
93,45,20.0,0
54,38,41.0,0
52,34,53.0,1
23,25,78.0,1
26,28,69.0,1
42,46,17.0,1
26,23,81.0,0
53,35,48.0,1
7,33,56.0,1
94,32,59.0,0
29,33,56.0,1
16,38,39.0,1
77,39,38.0,0
94,30,66.5,0
9,25,80.0,1
35,41,32.0,1
22,40,35.0,1
34,21,83.0,0
63,25,80.0,1
39,24,80.0,0
50,15,89.0,0
37,41,40.0,1
3,22,82.0,0
77,29,68.0,1
5,27,75.0,1
64,44,28.7,1
66,24,80.0,0
44,32,59.0,1
8,17,87.0,0
6,19,85.0,0
41,27,75.0,1
97,31,62.0,0
40,15,89.0,0
73,37,47.6,1
24,40,35.0,1
24,38,41.0,1
60,13,91.0,0
44,22,82.0,0
5,13,91.0,0
36,40,35.0,1
37,37,40.0,1
79,43,31.4,1
7,18,86.0,0
65,13,91.0,0
9,15,89.0,0
11,19,85.0,0
56,38,39.0,1
87,37,44.0,1
81,37,44.0,0
82,42,29.0,0
41,35,50.0,1
28,26,77.0,1
48,44,23.0,1
62,44,28.7,0
5,43,26.0,1
11,33,56.0,1
78,16,88.0,0
8,23,81.0,0
62,16,88.0,0
59,43,44.0,1
91,31,58.0,0
71,31,58.0,0
62,15,89.0,0
85,45,20.0,0
19,43,26.0,1
12,26,77.0,1
99,27,76.0,0
41,14,90.0,0
23,27,74.0,1
17,13,91.0,0
42,23,81.0,0
11,20,84.0,0
14,38,41.0,1
8,36,49.0,1
9,39,38.0,1
100,44,23.0,0
34,28,71.0,1
62,46,17.0,1
29,29,64.0,1
20,36,47.0,1
13,19,85.0,0
26,23,81.0,0
72,36,47.0,0
40,34,53.0,1
46,40,35.0,1
10,22,82.0,0
79,24,80.0,0
100,38,41.0,0
47,31,68.0,1
8,28,72.5,1
10,44,23.0,1
74,44,23.0,0
2,17,87.0,0
89,31,60.0,0
15,39,38.0,1
4,26,75.0,1
54,24,80.0,0
32,17,87.0,0
36,19,85.0,0
5,25,76.0,1
20,44,23.0,1
35,23,81.0,0
22,20,84.0,0
59,31,62.0,0
15,17,87.0,0
3,25,78.0,1
63,27,74.0,1
19,41,30.0,1
29,31,65.0,1
39,41,30.0,1
29,14,90.0,0
60,18,86.0,0
64,40,50.0,1
35,14,90.0,0
46,15,89.0,0
42,34,53.0,1
74,38,41.0,0
32,32,55.0,1
24,26,77.0,1
54,13,91.0,0
37,31,62.0,1
73,45,20.0,1
61,25,80.0,1
48,19,85.0,0
72,36,47.0,0
16,32,59.0,1
37,45,20.0,1
53,37,44.0,1
21,33,64.0,1
66,40,39.5,1
63,16,88.0,0
15,22,82.0,0
2,23,81.0,0
2,26,77.0,1
89,31,60.0,0
4,46,15.0,1
62,16,88.0,0
63,45,18.0,1
16,40,35.0,1
13,18,86.0,0
90,36,47.0,0
18,16,88.0,0
44,34,62.0,0
84,46,17.0,0
32,17,87.0,0
90,42,29.0,0
90,34,53.0,0
92,34,51.0,0
65,29,68.0,1
86,44,23.0,0
68,23,81.0,0
37,39,36.0,1
38,17,87.0,0
80,38,41.0,1
37,39,36.0,1
54,38,41.0,1
66,40,35.0,0
29,20,84.0,0
49,41,32.0,1
88,38,44.9,0
32,23,81.0,0
29,33,56.0,1
45,41,32.0,1
14,28,71.0,1
40,42,27.0,1
1,18,86.0,0
70,30,61.0,0
46,21,83.0,0
40,21,83.0,0
10,34,53.0,1
99,45,20.0,0
13,17,87.0,0
14,30,65.0,1
41,33,56.0,1
66,26,73.0,1
6,26,73.0,1
72,34,51.0,1
5,14,90.0,0
57,21,83.0,0
5,20,84.0,0
17,41,32.0,1
61,33,56.0,0
74,38,47.5,0
53,35,48.0,1
72,36,47.0,0
11,20,84.0,0
52,34,51.0,1
50,17,87.0,0
5,14,90.0,0
23,21,83.0,0
85,35,50.0,1
21,16,88.0,0
41,25,80.0,1
51,29,68.0,0
29,33,56.0,1
35,37,50.0,1
2,14,90.0,0
22,32,59.0,1
16,40,35.0,1
39,16,88.0,0
39,41,30.0,1
84,46,15.0,0
64,46,15.0,1
33,35,48.0,1
37,24,80.0,0
39,22,82.0,0
92,36,47.0,0
17,29,72.0,1
49,29,68.0,1
28,15,89.0,0
32,36,47.0,1
15,16,88.0,0
35,37,42.0,1
1,21,83.0,0
95,25,80.0,0
31,24,80.0,0
84,42,46.0,0
92,36,47.0,0
44,23,81.0,0
58,32,59.0,0
54,46,17.0,1
12,13,91.0,0
89,33,56.0,0
37,31,62.0,1
30,14,90.0,0
17,20,84.0,0
9,41,32.0,1
9,13,91.0,0
5,20,84.0,0
13,33,52.0,1
64,28,71.0,1
42,24,80.0,0
57,37,44.0,1
27,16,88.0,0
63,22,82.0,0
96,34,62.0,0
74,44,23.0,0
48,15,89.0,0
5,20,84.0,0
26,26,77.0,1
22,22,82.0,0
69,27,76.0,1
51,45,20.0,1
34,15,89.0,0
41,45,20.0,1
66,30,65.0,1
61,31,62.0,1
59,29,68.0,1
17,39,36.0,1
40,15,89.0,0
93,37,44.0,0
90,44,23.0,0
16,42,29.0,1
28,14,90.0,0
33,27,74.0,1
48,13,91.0,0
19,24,80.0,0
43,23,81.0,0
64,20,84.0,0
74,46,17.0,1
65,25,76.0,0
7,18,86.0,0
28,21,83.0,0
17,25,80.0,1
60,18,86.0,0
80,30,65.0,0
65,13,91.0,0
27,22,82.0,0
61,31,62.0,1
42,36,47.0,1
57,39,36.0,1
7,27,70.0,1
43,37,44.0,1
71,33,54.0,0
7,31,62.0,1
14,36,45.0,1
31,33,54.0,1
83,27,74.0,0
14,28,71.0,1
23,27,74.0,1
27,37,44.0,1
11,21,83.0,0
16,21,83.0,0
26,42,29.0,1
2,44,21.0,1
19,45,20.0,1
27,25,80.0,1
7,41,32.0,1
3,31,64.0,1
8,17,87.0,0
33,37,44.0,1
21,25,80.0,1
8,26,77.0,1
17,20,84.0,0
43,24,80.0,0
35,16,88.0,0
43,25,80.0,0
19,43,26.0,1
89,41,32.0,0
22,44,32.5,1
63,16,88.0,0
9,33,56.0,1
72,28,71.0,0
18,38,37.0,1
93,31,62.0,0
22,21,83.0,0
14,38,41.0,1
72,36,52.5,0
61,24,80.0,0
92,40,39.5,0
64,34,53.0,0
72,32,55.0,0
60,18,86.0,0
20,23,81.0,0
33,31,62.0,1
29,14,90.0,0
12,19,85.0,0
49,31,62.0,1
46,21,83.0,0
9,16,88.0,0
6,24,80.0,0
22,15,89.0,0
35,41,32.0,1
11,31,62.0,1
99,39,34.0,0
1,17,87.0,0
93,27,74.0,0
29,29,64.0,1
31,24,80.0,0
51,15,89.0,0
96,38,41.0,0
53,33,58.4,1
75,39,38.0,1
89,29,64.0,0
78,36,58.0,1
69,37,44.0,1
68,17,87.0,0
26,42,29.0,1
42,30,65.0,1
48,28,71.0,1
69,37,44.0,0
11,25,80.0,1
82,30,66.5,0
9,25,80.0,1
10,28,71.0,1
26,28,72.5,1
69,35,53.0,1
13,39,38.0,1
43,25,78.0,1
73,33,56.0,1
9,23,81.0,0
6,28,71.0,1
67,23,81.0,0
46,30,65.0,1
73,43,26.0,1
55,35,46.0,1
9,22,82.0,0
79,24,80.0,0
8,17,87.0,0
79,24,80.0,0
13,17,87.0,0
43,23,81.0,0
38,40,35.0,1
24,20,84.0,0
86,26,77.0,0
16,15,89.0,0
76,26,77.0,1
23,29,68.0,1
13,24,80.0,0
29,29,69.2,1
12,36,47.0,1
22,38,41.0,1
93,35,48.0,0
4,32,61.0,1
59,19,85.0,0
34,21,83.0,0
22,21,83.0,0
38,36,47.0,1
13,27,74.0,1
5,25,80.0,1
31,37,47.6,1
28,21,83.0,0
52,32,61.1,1
51,14,90.0,0
54,23,81.0,0
57,37,40.0,1
19,27,74.6,1
60,18,86.0,0
45,25,80.0,1
33,25,80.0,1
49,24,80.0,0
67,37,44.0,1
16,30,65.0,1
18,19,85.0,0
62,36,50.3,1
37,45,26.0,1
41,43,31.4,1
89,31,60.0,0
75,43,26.0,0
46,20,84.0,0
31,24,80.0,0
50,32,61.1,1
71,39,38.0,0
4,40,50.0,1
1,27,74.0,1
6,13,91.0,0
54,44,23.0,1
60,40,31.0,1
49,31,60.0,1
41,31,68.0,0
100,42,27.0,0
48,19,85.0,0
62,44,28.7,0
38,40,33.0,1
16,38,47.5,1
84,34,53.0,0
45,16,88.0,0
63,45,26.0,1
1,43,24.0,1
15,16,88.0,0
27,22,82.0,0
5,14,90.0,0
22,21,83.0,0
17,35,50.0,1
85,25,76.0,1
7,18,86.0,0
95,35,46.0,0
41,25,80.0,1
23,33,56.0,1
15,16,88.0,0
31,18,86.0,0
21,43,24.0,1
64,28,71.0,1
82,46,23.3,0
41,37,44.0,0
32,32,55.0,1
1,37,56.0,1
26,13,91.0,0
97,39,38.0,0
52,15,89.0,0
22,15,89.0,0
62,13,91.0,0
43,24,80.0,0
41,20,84.0,0
41,14,90.0,0
96,46,17.0,0
7,24,80.0,0
26,30,65.0,1
21,27,74.0,1
82,30,66.5,0
12,46,17.0,1
69,41,32.0,1
45,22,82.0,0
61,37,44.0,1
97,39,36.0,0
1,41,32.0,1
1,19,85.0,0
82,42,29.0,0
95,35,46.0,0
11,35,50.0,1
47,29,66.0,1
56,23,81.0,0
54,34,53.0,0
9,29,64.0,1
20,23,81.0,0
69,27,76.0,1
41,35,50.0,1
1,25,80.0,1
95,35,46.0,0
10,36,47.0,1
85,25,80.0,0
38,32,59.0,1
66,30,65.0,1
46,15,89.0,0
18,21,83.0,0
55,19,85.0,0
11,16,88.0,0
75,45,20.0,1
60,42,34.1,0
29,14,90.0,0
5,31,62.0,1
21,25,80.0,1
83,25,78.0,0
53,45,20.0,1
25,35,50.0,1
74,30,65.0,0
32,17,87.0,0
6,46,17.0,1
48,15,89.0,0
40,32,59.0,1
86,34,53.0,0
73,35,48.0,1
12,34,51.0,1
70,42,29.0,1
98,40,33.0,0
81,45,26.0,0
76,15,89.0,0
52,34,55.7,1
81,35,50.0,0
40,15,89.0,0
17,33,56.0,1
10,34,53.0,1
81,25,80.0,0
62,44,23.0,0
23,14,90.0,0
65,25,80.0,1
90,32,57.0,0
17,45,20.0,1
56,46,38.0,0
82,28,71.0,0
26,18,86.0,0
14,16,88.0,0
47,20,84.0,0
33,35,48.0,1
52,32,55.0,1
20,22,82.0,0
19,18,86.0,0
76,40,35.0,0
7,18,86.0,0
96,40,35.0,0
66,19,85.0,0
44,30,65.0,1
11,37,56.0,1
53,29,68.0,1
37,31,65.0,1
78,30,65.0,1
58,15,89.0,0
11,33,54.0,1
14,28,71.0,1
77,41,32.0,1
44,26,75.0,1
19,23,81.0,0
18,19,85.0,0
99,29,68.0,0
14,16,88.0,0
5,14,90.0,0
6,32,66.0,1
28,23,81.0,0
55,23,81.0,0
62,23,81.0,0
9,22,82.0,0
52,23,81.0,0
6,42,46.0,1
16,28,71.0,1
21,16,88.0,0
30,26,77.0,1
82,44,28.7,0
88,30,65.0,0
72,19,85.0,0
44,28,72.5,1
61,17,87.0,0
35,14,90.0,0
31,25,80.0,1
88,36,50.3,0
21,22,82.0,0
63,35,50.0,1
17,31,62.0,1
60,42,29.0,1
43,23,81.0,0
30,13,91.0,0
39,33,60.0,1
2,44,21.0,1
39,16,88.0,0
55,37,42.0,1
45,45,20.0,1
7,24,80.0,0
51,45,20.0,1
99,41,32.0,0
1,25,80.0,1
50,44,23.0,1
5,14,90.0,0
72,44,23.0,1
42,30,65.0,1
13,29,68.0,1
49,29,69.2,1
86,30,65.0,0
9,33,56.0,1
57,21,83.0,0
90,42,29.0,0
73,37,50.0,0
69,41,32.0,1
28,15,89.0,0
31,35,50.0,1
35,20,84.0,0
11,14,90.0,0
15,39,38.0,1
67,27,76.0,0
63,37,44.0,1
23,22,82.0,0
25,33,56.0,1
67,25,80.0,1
25,24,80.0,0
59,41,32.0,1
60,32,59.0,1
69,15,89.0,0
86,36,47.0,1
64,34,53.0,1
100,40,31.0,0
6,13,91.0,0
14,16,88.0,0
7,29,66.0,1
4,28,71.0,1
78,30,65.0,1
49,29,68.0,1
7,24,80.0,0
28,21,83.0,0
42,46,17.0,1
78,42,34.1,1
37,18,86.0,0
53,41,32.0,0
67,23,81.0,0
6,14,90.0,0
22,21,83.0,0
25,19,85.0,0
7,31,62.0,1
53,35,48.0,1
17,41,32.0,1
84,42,46.0,0
26,17,87.0,0
36,46,17.0,1
46,26,73.0,1
2,38,54.0,1
46,20,84.0,0
9,22,82.0,0
76,26,77.0,1
9,45,40.0,1
42,26,77.0,1
35,39,45.0,1
99,27,74.0,0
10,21,83.0,0
35,45,20.0,1
28,18,86.0,0
39,41,40.0,1
76,30,70.0,1
92,36,47.0,0
14,22,82.0,0
41,14,90.0,0
83,39,38.0,0
23,37,44.0,1
42,46,27.5,1
54,36,45.0,1
61,17,87.0,0
49,18,86.0,0
58,20,84.0,0
79,43,26.0,1
88,26,77.0,0
53,35,48.0,1
61,43,24.0,0
40,44,23.0,1
22,18,86.0,0
63,15,89.0,0
63,15,89.0,0
21,22,82.0,0
31,43,26.0,1
67,35,50.0,0
35,35,46.0,1
20,42,27.0,1
24,22,82.0,0
47,19,85.0,0
65,24,80.0,0
44,21,83.0,0
79,39,34.0,1
31,24,80.0,0
3,22,82.0,0
4,36,47.0,1
29,35,53.0,1
4,26,75.0,1
58,46,17.0,1
89,33,56.0,0
60,34,53.0,1
96,40,35.0,0
24,46,15.0,1
62,46,17.0,1
6,28,72.5,1
31,24,80.0,0
61,17,87.0,0
7,37,47.6,1
2,17,87.0,0
94,32,61.1,0
58,30,65.0,1
55,24,80.0,0
65,31,63.8,1
36,19,85.0,0
10,17,87.0,0
83,35,50.0,0
41,20,84.0,0
24,40,35.0,1
10,46,23.3,1
40,42,27.0,1
8,32,59.0,1
27,16,88.0,0
21,29,68.0,1
14,30,65.0,1
66,26,77.0,1
54,19,85.0,0
61,18,86.0,0
31,39,38.0,1
10,30,61.0,1
15,45,20.0,1
99,25,80.0,0
99,39,34.0,0
56,36,50.3,1
4,15,89.0,0
7,39,38.0,1
56,22,82.0,0
77,41,32.0,0
83,33,56.0,1
99,41,30.0,0
41,24,80.0,0
13,14,90.0,0
25,41,32.0,1
97,45,26.0,0
42,13,91.0,0
27,22,82.0,0
58,40,33.0,1
63,45,18.0,1
23,25,80.0,1
79,35,50.0,0
76,40,35.0,1
69,41,32.0,1
56,36,43.0,1
28,14,90.0,0
33,25,80.0,1
50,28,71.0,1
48,13,91.0,0
49,31,60.0,1
42,46,27.5,1
98,42,29.0,0
79,43,26.0,0
8,44,42.0,1
90,28,74.0,0
3,22,82.0,0
30,28,71.9,1
92,26,77.0,0
26,17,87.0,0
63,15,89.0,0
71,33,56.0,0
24,13,91.0,0
4,28,71.0,1
71,35,50.0,1
65,29,68.0,1
18,19,85.0,0
72,30,70.0,0
93,41,32.0,0
64,32,59.0,0
76,36,43.0,0
68,23,81.0,0
22,46,17.0,1
41,25,80.0,1
17,37,40.0,1
67,24,80.0,0
19,13,91.0,0
28,28,67.0,1
78,13,91.0,0
65,29,68.0,1
55,39,38.0,1
44,36,47.0,1
61,25,80.0,1
38,40,35.0,1
64,14,90.0,0
23,19,85.0,0
18,46,17.0,1
28,15,89.0,0
50,42,37.5,1
25,24,80.0,0
67,31,62.0,1
63,16,88.0,0
85,33,58.4,0
64,14,90.0,0
22,21,83.0,0
43,31,62.0,1
70,34,53.0,1
69,33,56.0,1
17,14,90.0,0
75,16,88.0,0
73,41,32.0,1
29,37,44.0,1
26,26,73.0,1
94,42,34.1,0
78,26,77.3,0
23,41,32.0,1
51,35,50.0,1
83,43,44.0,0
94,38,41.0,0
32,19,85.0,0
33,45,20.0,1
77,31,62.0,1
38,23,81.0,0
76,18,86.0,0
98,46,17.0,0
70,21,83.0,0
50,26,77.0,1
26,17,87.0,0
18,13,91.0,0
43,24,80.0,0
87,31,62.0,0
88,28,71.0,0
68,34,53.0,1
50,17,87.0,0
38,23,81.0,0
15,16,88.0,0
24,15,89.0,0
11,14,90.0,0
1,17,87.0,0
12,13,91.0,0
64,36,47.0,1
52,38,41.0,1
44,23,81.0,0
88,34,53.0,0
46,26,77.3,1
19,24,80.0,0
29,33,56.0,1
6,42,46.0,1
50,23,81.0,0
54,46,17.0,1
38,17,87.0,0
36,40,42.5,1
27,27,70.0,1
74,42,29.0,1
100,26,77.0,0
1,24,80.0,0
7,18,86.0,0
8,23,81.0,0
74,17,87.0,0
9,16,88.0,0
58,28,71.0,0
74,32,59.0,1
58,20,84.0,0
47,39,38.0,1
54,19,85.0,0
49,17,87.0,0
3,22,82.0,0
86,28,71.9,0
92,42,29.0,0
63,25,78.0,1
74,38,41.0,1
40,42,27.0,1
18,19,85.0,0
100,34,53.0,0
14,23,81.0,0
2,17,87.0,0
88,38,41.0,1
3,16,88.0,0
20,23,81.0,0
16,30,65.0,1
41,14,90.0,0
56,38,44.9,1
44,38,41.0,1
4,21,83.0,0
52,14,90.0,0
52,28,74.0,1
72,32,55.0,1
43,27,75.0,1
23,37,44.0,1
46,30,65.0,1
73,29,68.0,1
9,22,82.0,0
51,16,88.0,0
20,22,82.0,0
24,26,75.0,1
27,15,89.0,0
24,19,85.0,0
85,29,68.0,0
77,43,26.0,0
63,29,69.2,1
8,22,82.0,0
24,28,71.0,1
32,23,81.0,0
25,27,72.0,1
34,38,41.0,1
24,46,15.0,1
83,31,62.0,0
48,42,29.0,1
56,17,87.0,0
87,33,56.0,0
67,29,66.0,1
91,33,54.0,0
40,44,23.0,1
67,23,81.0,0
90,34,53.0,0
47,31,62.0,1
5,41,48.0,1
43,22,82.0,0
11,24,80.0,0
27,27,74.0,1
27,35,50.0,1
77,33,56.0,1
50,16,88.0,0
55,29,68.0,1
73,31,62.0,0
66,28,69.0,0
23,33,56.0,1
15,35,50.0,1
9,35,50.0,1
46,15,89.0,0
67,35,50.0,0
21,23,81.0,0
89,31,60.0,0
3,15,89.0,0
56,23,81.0,0
31,24,80.0,0
45,21,83.0,0
31,43,26.0,1
66,28,74.0,1
17,41,32.0,1
49,24,80.0,0
24,42,29.0,1
46,20,84.0,0
38,34,53.0,1
92,36,47.0,0
10,30,61.0,1
12,20,84.0,0
57,17,87.0,0
30,32,57.0,1
60,28,71.0,1
28,30,63.0,1
46,40,35.0,1
38,30,65.0,1
43,23,81.0,0
1,24,80.0,0
36,13,91.0,0
49,17,87.0,0
33,14,90.0,0
95,37,47.6,0
58,20,84.0,0
79,31,62.0,0
79,31,62.0,1
48,18,86.0,0
25,45,30.0,1
54,34,49.0,1
58,26,77.0,1
36,13,91.0,0
8,17,87.0,0
5,14,90.0,0
99,39,38.0,0
19,18,86.0,0
30,13,91.0,0
42,24,80.0,0
42,34,53.0,1
47,14,90.0,0
23,21,83.0,0
19,39,34.0,1
42,44,23.0,1
26,23,81.0,0
38,38,37.0,1
46,17,87.0,0
15,31,62.0,1
30,14,90.0,0
89,41,32.0,0
12,46,17.0,1
92,28,74.0,0
17,31,62.0,1
66,36,47.0,1
64,28,72.5,1
70,42,29.0,0
88,30,65.0,0
75,35,46.0,1
84,42,29.0,0
55,23,81.0,0
27,17,87.0,0
60,26,77.0,0
41,43,24.0,1
37,29,68.0,1
44,26,77.0,1
9,22,82.0,0
38,46,23.3,1
32,36,52.5,1
88,30,65.0,0
99,43,26.0,0
20,40,31.0,1
94,44,23.0,0
47,19,85.0,0
12,19,85.0,0
51,43,26.0,1
2,32,59.0,1
52,21,83.0,0
18,34,53.0,1
70,46,17.0,1
47,19,85.0,0
46,19,85.0,0
35,20,84.0,0
28,34,53.0,1
65,27,72.0,1
9,21,83.0,0
32,17,87.0,0
6,42,46.0,1
32,23,81.0,0
97,45,26.0,0
46,40,35.0,1
46,28,69.0,1
44,44,28.7,1
47,29,69.2,1
61,43,31.4,0
57,37,44.0,0
27,15,89.0,0
54,23,81.0,0
99,37,44.0,0
38,17,87.0,0
40,42,27.0,1
95,31,68.0,0
98,40,33.0,0
59,14,90.0,0
69,41,32.0,1
12,19,85.0,0
83,45,20.0,0
64,14,90.0,0
90,38,44.9,0
70,28,71.0,1
27,25,80.0,1
51,14,90.0,0
28,15,89.0,0
13,24,80.0,0
17,37,40.0,1
19,13,91.0,0
77,31,62.0,0
20,30,65.0,1
67,25,80.0,1
33,31,62.0,1
34,36,45.0,1
66,30,65.0,1
60,30,65.0,1
37,41,32.0,1
30,19,85.0,0
14,32,59.0,1
10,21,83.0,0
83,33,56.0,1
58,30,65.0,0
58,38,37.0,1
83,35,50.0,0
12,32,59.0,1
37,24,80.0,0
29,33,56.0,1
46,26,73.0,1
35,45,20.0,1
66,13,91.0,0
99,27,76.0,0
40,44,32.5,1
3,22,82.0,0
13,17,87.0,0
21,23,81.0,0
60,30,65.0,1
57,29,68.0,1
70,40,39.5,0
14,40,50.0,1
25,41,32.0,1
94,38,41.0,0
23,20,84.0,0
31,18,86.0,0
85,33,58.4,0
16,21,83.0,0
10,44,28.7,1
13,24,80.0,0
10,32,57.0,1
11,35,50.0,1
34,28,71.0,1
11,19,85.0,0
57,29,68.0,1
43,18,86.0,0
46,21,83.0,0
34,15,89.0,0
6,19,85.0,0
76,36,43.0,1
85,43,35.0,0
37,18,86.0,0
93,37,44.0,0
22,15,89.0,0
56,46,17.0,1
18,30,65.0,1
2,44,21.0,1
87,39,38.0,1
31,18,86.0,0
43,45,18.0,1
85,31,62.0,0
81,27,74.0,0
41,37,44.0,1
60,38,41.0,0
83,43,26.0,0
8,46,23.3,1
43,23,81.0,0
21,21,83.0,0
67,24,80.0,0
38,23,81.0,0
56,38,39.0,1
35,20,84.0,0
95,33,56.0,0
22,42,29.0,1
24,32,59.0,1
31,27,74.0,1
23,14,90.0,0
55,20,84.0,0
75,39,38.0,1
15,22,82.0,0
26,32,61.1,1
13,18,86.0,0
85,35,50.0,1
35,35,53.0,1
61,41,36.8,1
39,45,20.0,1
56,22,82.0,0
28,40,35.0,1
63,25,78.0,1
26,16,88.0,0
25,35,50.0,1
87,35,50.0,0
62,23,81.0,0
60,42,27.0,1
7,33,56.0,1
35,35,46.0,1
92,34,51.0,0
74,40,35.0,0
16,38,39.0,1
13,37,44.0,1
49,41,32.0,1
57,27,74.0,1
14,38,41.0,1
26,42,29.0,1
46,15,89.0,0
21,16,88.0,0
34,26,77.0,1
44,17,87.0,0
62,26,77.0,1
72,30,70.0,1
15,22,82.0,0
18,40,35.0,1
41,20,84.0,0
82,46,17.0,1
76,36,47.0,1
24,26,75.0,1
42,26,77.0,1
63,37,44.0,1
84,42,29.0,0
46,28,69.0,1
67,17,87.0,0
63,25,78.0,1
21,21,83.0,0
34,21,83.0,0
35,20,84.0,0
93,41,36.8,0
72,46,17.0,1
11,19,85.0,0
68,40,35.0,1
6,26,73.0,1
12,36,47.0,1
66,13,91.0,0
42,24,80.0,0
87,45,20.0,0
11,29,68.0,1
78,40,35.0,1
49,24,80.0,0
77,35,50.0,1
4,15,89.0,0
45,21,83.0,0
50,17,87.0,0
15,22,82.0,0
95,43,26.0,0
46,28,71.0,1
23,35,50.0,1
39,31,62.0,1
6,21,83.0,0
29,14,90.0,0
36,19,85.0,0
55,37,47.6,1
98,40,33.0,0
37,41,40.0,1
95,35,50.0,0
47,29,66.0,1
13,17,87.0,0
72,30,65.0,1
26,17,87.0,0
74,32,62.5,0
48,32,59.0,1
74,20,84.0,0
18,34,53.0,1
39,16,88.0,0
89,39,38.0,0
7,41,36.8,1
34,21,83.0,0
39,33,56.0,1
49,29,64.0,1
59,20,84.0,0
65,14,90.0,0
46,38,41.0,1
84,30,65.0,0
33,37,44.0,1
54,28,71.0,1
87,29,66.0,0
31,31,58.0,1
96,34,53.0,0
10,34,53.0,1
53,35,48.0,1
14,23,81.0,0
96,28,71.0,0
46,46,17.0,1
50,16,88.0,0
52,15,89.0,0
28,15,89.0,0
87,25,80.0,0
59,20,84.0,0
41,43,24.0,1
45,39,38.0,1
78,42,29.0,1
94,36,47.0,0
1,18,86.0,0
75,45,26.0,0
30,34,57.5,1
47,33,60.0,1
84,28,71.0,0
48,32,59.0,1
4,46,15.0,1
37,18,86.0,0
28,36,50.3,1
24,19,85.0,0
28,14,90.0,0
25,25,76.0,1
12,13,91.0,0
11,20,84.0,0
22,22,82.0,0
48,13,91.0,0
35,29,68.0,1
48,42,29.0,1
39,22,82.0,0
83,25,80.0,0
64,26,75.0,1
33,39,42.2,1
37,41,32.0,1
18,26,77.0,1
93,37,44.0,0
95,39,38.0,0
25,18,86.0,0
10,21,83.0,0
56,32,59.0,1
1,19,85.0,0
40,44,23.0,1
24,13,91.0,0
41,33,56.0,1
22,34,53.0,1
12,34,51.0,1
78,40,33.0,1
51,22,82.0,0
59,20,84.0,0
14,16,88.0,0
77,27,74.0,1
69,21,83.0,0
48,19,85.0,0
16,23,81.0,0
83,37,44.0,0
7,24,80.0,0
70,21,83.0,0
60,24,80.0,0
30,44,23.0,1
40,15,89.0,0
25,31,62.0,1
29,29,64.0,1
79,27,74.6,1
30,13,91.0,0
33,35,48.0,1
16,15,89.0,0
27,16,88.0,0
47,29,66.0,1
35,22,82.0,0
28,30,63.0,1
96,46,17.0,0
79,39,34.0,0
14,28,71.0,1
8,23,81.0,0
63,16,88.0,0
5,25,76.0,1
50,23,81.0,0
75,31,65.0,0
17,31,62.0,1
88,32,59.0,0
30,13,91.0,0
38,17,87.0,0
22,36,47.0,1
45,21,83.0,0
5,20,84.0,0
86,32,59.0,0
50,34,53.0,1
15,15,89.0,0
79,41,30.0,1
7,29,66.0,1
77,27,74.6,0
84,34,55.7,0
35,17,87.0,0
24,19,85.0,0
97,37,40.0,0
81,25,80.0,0
67,33,56.0,1
2,28,71.0,1
40,15,89.0,0
20,17,87.0,0
78,34,53.0,1
13,35,48.0,1
20,44,23.0,1
63,15,89.0,0
90,28,71.0,0
63,25,78.0,0
40,15,89.0,0
100,38,41.0,0
26,23,81.0,0
46,28,69.0,1
55,24,80.0,0
14,23,81.0,0
41,43,26.0,1
25,37,56.0,1
29,14,90.0,0
35,39,38.0,1
32,23,81.0,0
36,36,43.0,1
9,16,88.0,0
4,15,89.0,0
21,16,88.0,0
61,29,68.0,0
9,31,60.0,1
54,13,91.0,0
52,44,23.0,1
36,32,59.0,1
16,46,17.0,1
42,13,91.0,0
57,17,87.0,0
47,39,38.0,1
4,15,89.0,0
39,33,56.0,1
56,26,77.3,1
40,30,65.0,1
56,26,77.0,0
12,36,47.0,1
5,13,91.0,0
26,17,87.0,0
68,17,87.0,0
6,46,17.0,1
2,17,87.0,0
39,16,88.0,0
49,17,87.0,0
21,22,82.0,0
58,36,47.0,1
35,14,90.0,0
80,40,31.0,1
61,43,24.0,1
62,16,88.0,0
57,29,68.0,1
26,40,35.0,1
53,35,50.0,1
82,44,21.0,0
30,34,53.0,1
14,30,65.0,1
47,27,74.6,1
32,19,85.0,0
21,45,20.0,1
73,16,88.0,0
34,34,49.0,1
55,23,81.0,0
81,25,80.0,0
47,41,32.0,1
89,29,68.0,0
32,17,87.0,0
15,27,74.0,1
48,32,59.0,1
70,30,65.0,1
55,37,42.0,1
38,17,87.0,0
38,17,87.0,0
38,13,91.0,0
47,14,90.0,0
10,26,77.0,1
25,24,80.0,0
32,34,51.0,1
24,34,53.0,1
18,42,29.0,1
34,38,41.0,1
14,17,87.0,0
21,31,62.0,1
39,41,40.0,1
54,28,71.0,1
38,46,17.0,1
1,35,50.0,1
41,14,90.0,0
64,46,15.0,0
49,29,68.0,1
12,18,86.0,0
97,27,74.0,0
26,26,77.0,1
66,44,23.0,0
38,38,37.0,1
76,46,17.0,1
19,29,68.0,1
77,37,44.0,1
49,33,56.0,1
14,21,83.0,0
61,16,88.0,0
92,28,74.0,0
81,29,69.2,0
97,33,58.4,0
44,26,75.0,1
6,30,65.0,1
14,17,87.0,0
14,23,81.0,0
3,15,89.0,0
39,16,88.0,0
5,25,76.0,1
87,27,70.0,0
52,14,90.0,0
40,15,89.0,0
9,16,88.0,0
22,21,83.0,0
47,19,85.0,0
38,23,81.0,0
51,22,82.0,0
81,45,20.0,0
12,13,91.0,0
9,45,40.0,1
43,37,44.0,1
44,23,81.0,0
55,22,82.0,0
100,28,73.0,0
14,18,86.0,0
68,26,77.0,1
2,17,87.0,0
65,37,44.0,0
21,45,20.0,1
84,26,75.0,0
1,25,80.0,1
97,41,32.0,0
73,18,86.0,0
68,44,23.0,0
15,16,88.0,0
24,19,85.0,0
11,37,44.0,1
27,16,88.0,0
19,17,87.0,0
13,24,80.0,0
68,26,78.0,1
34,21,83.0,0
54,21,83.0,0
64,26,75.0,1
34,21,83.0,0
79,39,38.0,1
96,36,47.0,0
96,36,43.0,0
48,30,63.0,1
19,15,89.0,0
73,41,32.0,0
99,37,44.0,0
9,31,60.0,1
68,46,17.0,1
37,43,31.4,1
91,35,50.0,0
26,17,87.0,0
2,23,81.0,0
50,32,61.1,1
43,25,80.0,1
41,43,24.0,1
44,30,67.5,1
72,32,66.0,0
51,22,82.0,0
80,38,54.0,1
29,43,26.0,1
90,34,53.0,0
45,37,44.0,1
16,21,83.0,0
67,33,58.4,1
67,31,62.0,1
53,22,82.0,0
4,36,47.0,1
29,13,91.0,0
33,16,88.0,0
21,23,81.0,0
61,33,56.0,1
1,18,86.0,0
7,35,52.0,1
8,22,82.0,0
10,30,67.5,1
24,40,35.0,1
18,42,29.0,1
9,22,82.0,0
75,19,85.0,0
51,23,81.0,0
1,27,74.0,1
59,39,34.0,1
94,36,47.0,0
12,32,55.0,1
36,36,43.0,1
56,23,81.0,0
49,18,86.0,0
15,29,68.0,1
41,29,68.0,0
20,38,41.0,1
24,30,65.0,1
77,37,44.0,1
41,14,90.0,0
83,31,63.8,0
49,24,80.0,0
39,16,88.0,0
78,34,53.0,0
38,26,77.0,1
37,24,80.0,0
62,28,71.9,1
66,26,77.0,1
82,46,17.0,0
14,40,35.0,1
46,15,89.0,0
21,22,82.0,0
27,29,66.0,1
81,45,20.0,1
21,37,44.0,1
12,36,47.0,1
26,26,73.0,1
10,15,89.0,0
98,38,37.0,0
2,28,74.0,1
16,32,59.0,1
48,17,87.0,0
6,30,65.0,1
74,34,49.0,0
68,28,67.0,0
13,33,52.0,1
17,20,84.0,0
80,46,23.3,1
81,25,80.0,1
43,45,30.0,1
53,37,50.0,1
62,28,71.0,1
88,36,47.0,0
25,29,68.0,1
28,17,87.0,0
11,20,84.0,0
38,23,81.0,0
36,40,35.0,1
19,29,68.0,1
12,40,35.0,1
20,14,90.0,0
46,20,84.0,0
5,20,84.0,0
75,25,80.0,0
25,25,76.0,1
31,24,80.0,0
52,14,90.0,0
40,15,89.0,0
53,13,91.0,0
79,27,74.0,0
17,45,20.0,1
51,27,74.0,1
26,30,65.0,1
76,46,17.0,0
48,32,59.0,1
58,28,71.9,1
32,34,51.0,1
75,37,42.0,1
70,24,80.0,0
30,36,47.0,1
41,20,84.0,0
44,23,81.0,0
84,26,75.0,0
54,19,85.0,0
81,45,20.0,0
21,37,44.0,1
19,45,20.0,1
41,14,90.0,0
61,25,80.0,1
37,15,89.0,0
48,13,91.0,0
87,39,38.0,0
63,27,74.0,1
45,21,83.0,0
49,31,62.0,1
22,15,89.0,0
59,19,85.0,0
55,31,62.0,1
50,23,81.0,0
25,24,80.0,0
7,35,50.0,1
22,24,80.0,0
82,36,47.0,0
75,25,80.0,1
10,46,38.0,1
36,32,59.0,1
15,35,50.0,1
57,21,83.0,0
88,46,17.0,0
51,15,89.0,0
35,37,42.0,1
83,33,56.0,0
76,36,47.0,1
37,41,32.0,1
35,37,42.0,1
11,23,81.0,0
55,18,86.0,0
57,39,36.0,1
79,39,34.0,1
46,21,83.0,0
43,31,62.0,1
43,18,86.0,0
61,31,62.0,0
61,27,74.0,1
15,37,42.0,1
59,33,56.0,1
64,14,90.0,0
72,42,34.1,0
9,18,86.0,0
33,16,88.0,0
13,29,68.0,1
43,27,74.0,1
32,23,81.0,0
21,45,20.0,1
29,14,90.0,0
59,19,85.0,0
49,14,90.0,0
55,23,81.0,0
25,24,80.0,0
49,17,87.0,0
6,40,35.0,1
72,17,87.0,0
55,23,81.0,0
94,42,34.1,0
51,22,82.0,0
10,32,57.0,1
45,31,62.0,1
35,20,84.0,0
63,27,74.0,1
88,36,58.0,0
99,37,44.0,0
59,29,68.0,1
33,37,44.0,1
75,25,80.0,1
57,16,88.0,0
79,43,35.0,0
10,22,82.0,0
1,41,32.0,1
25,24,80.0,0
32,23,81.0,0
42,24,80.0,0
50,42,29.0,1
52,14,90.0,0
12,34,53.0,1
7,13,91.0,0
30,13,91.0,0
26,19,85.0,0
91,39,42.2,0
20,24,80.0,0
17,14,90.0,0
31,35,50.0,1
25,37,44.0,1
5,31,62.0,1
22,46,17.0,1
46,20,84.0,0
5,31,62.0,1
26,38,41.0,1
51,15,89.0,0
40,15,89.0,0
17,33,56.0,1
89,29,68.0,0
97,41,32.0,0
78,13,91.0,0
6,30,65.0,1
19,24,80.0,0
100,30,67.5,0
32,17,87.0,0
96,32,66.0,0
44,28,71.0,1
46,15,89.0,0
78,38,41.0,1
38,23,81.0,0
4,21,83.0,0
66,19,85.0,0
89,43,26.0,0
45,29,68.0,1
94,40,35.0,0
64,26,77.0,1
6,14,90.0,0
36,40,35.0,1
89,25,80.0,1
40,32,59.0,1
30,46,17.0,1
55,35,50.0,0
84,42,37.5,0
80,38,41.0,0
31,45,20.0,1
98,46,23.3,0
32,23,81.0,0
18,38,37.0,1
84,40,35.0,0
3,22,82.0,0
29,43,26.0,1
74,38,41.0,0
25,22,82.0,0
13,35,48.0,1
12,13,91.0,0
56,26,77.0,1
90,30,61.0,0
77,33,60.0,0
36,19,85.0,0
17,20,84.0,0
38,13,91.0,0
92,40,35.0,0
71,43,26.0,1
27,15,89.0,0
28,32,59.0,1
59,35,60.0,1
1,17,87.0,0
36,38,47.5,1
11,20,84.0,0
10,30,61.0,1
30,34,53.0,1
8,23,81.0,0
20,44,23.0,1
6,34,57.5,1
66,26,77.0,0
11,45,20.0,1
39,19,85.0,0
35,31,62.0,1
39,39,34.0,1
29,20,84.0,0
71,20,84.0,0
13,45,20.0,1
1,14,90.0,0
75,33,64.0,0
51,45,20.0,1
3,39,52.0,1
38,44,23.0,1
91,25,80.0,0
9,27,74.0,1
55,31,68.0,1
34,34,49.0,1
46,46,17.0,1
38,30,65.0,1
28,21,83.0,0
2,32,59.0,1
93,29,72.0,0
44,34,53.0,1
54,44,23.0,1
91,41,32.0,0
62,40,35.0,0
10,15,89.0,0
36,19,85.0,0
60,44,32.5,1
43,27,74.0,1
87,45,40.0,0
63,16,88.0,0
43,33,56.0,1
41,20,84.0,0
80,38,47.5,0
48,30,63.0,1
31,20,84.0,0
56,38,44.9,1
60,18,86.0,0
78,38,37.0,1
34,21,83.0,0
50,30,61.0,1
3,16,88.0,0
43,23,81.0,0
46,38,41.0,1
35,16,88.0,0
97,35,50.0,0
64,32,59.0,0
19,45,20.0,1
4,34,55.7,1
11,14,90.0,0
83,35,50.0,0
33,22,82.0,0
10,34,53.0,1
23,14,90.0,0
25,27,72.0,1
59,43,35.0,1
40,28,71.0,1
18,24,80.0,0
85,27,72.0,0
59,31,62.0,1
72,28,72.5,0
11,27,74.0,1
54,36,47.0,1
8,14,90.0,0
87,35,60.0,0
7,33,56.0,1
68,22,82.0,0
11,20,84.0,0
75,29,68.0,0
30,13,91.0,0
15,35,50.0,1
67,31,62.0,1
16,15,89.0,0
14,38,41.0,1
34,38,41.0,1
88,36,50.3,0
30,19,85.0,0
70,42,29.0,1
96,44,28.7,0
13,29,68.0,1
53,13,91.0,0
12,38,41.0,1
86,44,42.0,0
13,35,48.0,1
6,21,83.0,0
39,41,40.0,1
100,38,44.9,0
42,24,80.0,0
15,31,62.0,1
56,17,87.0,0
78,13,91.0,0
52,21,83.0,0
52,21,83.0,0
26,42,29.0,1
25,29,68.0,1
38,17,87.0,0
90,46,17.0,0
56,22,82.0,0
33,35,55.0,1
37,37,40.0,1
99,43,26.0,0
30,34,53.0,1
65,43,26.0,0
47,31,62.0,1
43,25,78.0,1
47,19,85.0,0
78,40,33.0,1
32,23,81.0,0
43,39,38.0,1
95,41,32.0,0
41,14,90.0,0
55,37,42.0,1
21,25,80.0,1
45,22,82.0,0
26,30,65.0,1
53,21,83.0,0
28,44,23.0,1
33,16,88.0,0
2,44,21.0,1
29,31,65.0,1
33,27,74.0,1
41,14,90.0,0
69,29,68.0,0
83,45,18.0,0
44,44,23.0,1
1,24,80.0,0
40,15,89.0,0
79,43,26.0,1
67,29,69.2,0
74,34,53.0,0
18,13,91.0,0
15,45,26.0,1
25,18,86.0,0
61,43,24.0,0
23,43,26.0,1
37,37,40.0,1
96,36,47.0,0
14,17,87.0,0
60,44,23.0,1
94,44,23.0,0
28,21,83.0,0
93,43,26.0,0
37,41,32.0,1
35,14,90.0,0
4,21,83.0,0
55,27,74.0,1
69,41,32.0,0
42,19,85.0,0
11,31,58.0,1
77,35,60.0,1
48,32,59.0,1
46,15,89.0,0
82,38,41.0,0
26,36,47.0,1
17,14,90.0,0
15,41,32.0,1
63,21,83.0,0
55,43,26.0,1
4,16,88.0,0
36,36,43.0,1
55,23,81.0,0
22,26,77.0,1
12,34,51.0,1
68,42,29.0,1
25,29,68.0,1
91,41,32.0,0
10,15,89.0,0
41,20,84.0,0
35,37,44.0,1
16,14,90.0,0
19,41,30.0,1
7,31,62.0,1
30,38,44.9,1
64,26,78.0,1
64,46,17.0,0
64,46,15.0,1
28,15,89.0,0
14,16,88.0,0
58,15,89.0,0
56,23,81.0,0
60,30,65.0,1
86,28,69.0,0
89,33,56.0,0
30,40,35.0,1
2,44,21.0,1
19,24,80.0,0
90,40,35.0,0
31,24,80.0,0
21,16,88.0,0
32,23,81.0,0
31,24,80.0,0
8,34,62.0,1
82,44,21.0,0
17,13,91.0,0
34,42,29.0,1
65,35,50.0,1
14,23,81.0,0
10,21,83.0,0
18,44,23.0,1
81,45,20.0,0
64,46,23.3,1
9,33,56.0,1
8,24,80.0,0
3,27,74.0,1
56,36,47.0,1
31,18,86.0,0
67,35,50.0,1
8,17,87.0,0
91,45,20.0,0
15,16,88.0,0
33,37,50.0,1
94,34,53.0,0
31,41,32.0,1
44,22,82.0,0
37,37,40.0,1
54,19,85.0,0
68,32,59.0,1
97,43,26.0,0
40,42,37.5,1
32,32,55.0,1
60,44,23.0,1
52,36,47.0,1
84,30,65.0,0
88,32,59.0,0
100,38,54.0,0
85,29,68.0,1
28,28,67.0,1
63,33,56.0,1
53,14,90.0,0
22,15,89.0,0
98,28,71.0,0
36,19,85.0,0
81,37,44.0,0
41,35,50.0,1
54,24,80.0,0
16,21,83.0,0
25,24,80.0,0
2,20,84.0,0
77,14,90.0,0
31,24,80.0,0
33,27,74.0,1
20,40,35.0,1
53,13,91.0,0
59,19,85.0,0
38,17,87.0,0
52,14,90.0,0
97,41,32.0,0
1,39,38.0,1
58,26,77.0,1
65,27,74.0,1
50,30,61.0,1
4,40,50.0,1
58,38,41.0,1
76,34,53.0,0
23,14,90.0,0
2,28,71.0,1
92,32,55.0,0
28,30,66.5,1
62,17,87.0,0
63,22,82.0,0
11,14,90.0,0
35,43,26.0,1
23,25,78.0,1
33,22,82.0,0
52,26,77.0,1
39,22,82.0,0
3,27,74.0,1
6,44,28.7,1
70,42,29.0,1
75,39,38.0,0
18,16,88.0,0
74,46,17.0,1
53,45,20.0,1
42,28,71.0,1
84,32,59.0,0
50,16,88.0,0
52,40,35.0,1
99,27,76.0,0
65,37,44.0,1
26,16,88.0,0
49,18,86.0,0
11,14,90.0,0
87,25,80.0,0
61,24,80.0,0
9,21,83.0,0
8,32,59.0,1
49,41,32.0,1
53,33,52.0,1
9,16,88.0,0
74,17,87.0,0
98,46,38.0,0
60,24,80.0,0
92,32,59.0,0
2,46,17.0,1
22,22,82.0,0
59,19,85.0,0
18,30,65.0,1
69,43,26.0,1
32,46,17.0,1
3,29,68.0,1
71,31,58.0,0
71,20,84.0,0
44,23,81.0,0
72,34,51.0,1
56,28,71.0,1
73,37,44.0,0
40,15,89.0,0
33,37,44.0,1
89,27,74.0,1
27,41,32.0,1
17,41,32.0,1
37,31,62.0,1
34,15,89.0,0
13,18,86.0,0
16,46,27.5,1
47,14,90.0,0
79,27,74.6,0
84,40,35.0,0
61,45,40.0,1
40,21,83.0,0
74,46,17.0,0
8,17,87.0,0
8,30,65.0,1
28,40,35.0,1
25,35,50.0,1
68,40,35.0,1
95,33,56.0,0
100,32,59.0,0
48,15,89.0,0
48,28,71.9,1
99,39,38.0,0
21,37,44.0,1
31,18,86.0,0
37,24,80.0,0
84,28,71.0,0
14,44,32.5,1
4,26,75.0,1
16,46,17.0,1
47,31,62.0,1
47,27,74.0,1
75,33,64.0,1
33,29,68.0,1
9,21,83.0,0
41,39,42.2,1
6,14,90.0,0
3,22,82.0,0
73,43,26.0,1
60,40,35.0,1
97,35,50.0,0
57,45,20.0,0
82,42,29.0,1
27,33,56.0,1
29,14,90.0,0
39,22,82.0,0
38,32,59.0,1
79,41,30.0,1
87,43,26.0,0
70,44,23.0,1
6,26,73.0,1
1,45,20.0,1
32,17,87.0,0
45,21,83.0,0
46,42,29.0,1
43,23,81.0,0
29,20,84.0,0
11,14,90.0,0
59,41,30.0,1
32,38,41.0,1
92,32,55.0,0
44,46,15.0,1
7,17,87.0,0
85,43,44.0,0
80,28,71.9,1
16,15,89.0,0
59,35,50.0,1
76,28,71.0,1
62,46,38.0,1
65,25,80.0,0
51,15,89.0,0
53,13,91.0,0
10,15,89.0,0
64,20,84.0,0
68,28,67.0,1
39,39,38.0,1
37,18,86.0,0
39,41,30.0,1
12,20,84.0,0
29,13,91.0,0
18,24,80.0,0
98,34,62.0,0
69,22,82.0,0
82,46,17.0,0
30,38,41.0,1
35,14,90.0,0
16,40,35.0,1
87,41,32.0,0
95,41,32.0,0
22,20,84.0,0
99,35,50.0,0
48,18,86.0,0
16,15,89.0,0
56,22,82.0,0
20,23,81.0,0
36,19,85.0,0
8,17,87.0,0
35,20,84.0,0
78,40,35.0,0
12,28,71.0,1
4,15,89.0,0
63,43,31.4,0
60,40,39.5,1
68,22,82.0,0
49,18,86.0,0
19,13,91.0,0
48,36,47.0,1
7,43,26.0,1
59,20,84.0,0
69,37,44.0,0
51,33,58.4,1
2,16,88.0,0
34,21,83.0,0
2,23,81.0,0
52,14,90.0,0
89,31,60.0,0
43,37,44.0,1
17,22,82.0,0
22,44,21.0,1
3,16,88.0,0
56,22,82.0,0
62,44,28.7,1
40,15,89.0,0
66,40,35.0,1
68,23,81.0,0
22,26,77.0,1
3,22,82.0,0
62,46,17.0,1
17,37,40.0,1
52,21,83.0,0
28,46,17.0,1
58,40,39.5,1
66,46,23.3,0
69,31,62.0,1
16,24,80.0,0
7,43,26.0,1
33,37,44.0,1
63,22,82.0,0
51,35,50.0,1
27,31,62.0,1
14,23,81.0,0
20,17,87.0,0
71,43,26.0,1
71,33,58.4,0
57,21,83.0,0
11,20,84.0,0
9,35,50.0,1
8,22,82.0,0
38,34,53.0,1
21,45,20.0,1
25,27,72.0,1
77,33,56.0,0
33,16,88.0,0
90,30,61.0,0
64,15,89.0,0
52,22,82.0,0
57,37,40.0,1
21,33,56.0,1
28,16,88.0,0
22,42,37.5,1
21,16,88.0,0
86,26,77.0,0
69,25,80.0,1
46,26,77.3,1
11,39,40.0,1
33,37,44.0,1
21,16,88.0,0
6,42,29.0,1
88,38,41.0,0
61,17,87.0,0
77,39,36.0,1
59,41,30.0,1
27,22,82.0,0
27,22,82.0,0
35,20,84.0,0
79,45,20.0,0
1,17,87.0,0
94,30,70.0,0
42,40,35.0,1
40,42,37.5,1
29,33,60.0,1
76,36,43.0,1
81,45,30.0,0
57,16,88.0,0
37,25,80.0,1
29,14,90.0,0
47,43,26.0,1
82,32,59.0,0
37,18,86.0,0
18,44,23.0,1
42,13,91.0,0
18,19,85.0,0
64,14,90.0,0
43,31,62.0,0
11,14,90.0,0
53,14,90.0,0
37,45,20.0,1
43,29,68.0,1
56,38,39.0,1
36,36,47.0,1
50,16,88.0,0
2,46,17.0,1
99,29,68.0,0
44,17,87.0,0
20,34,53.0,1
7,25,80.0,1
16,15,89.0,0
84,26,75.0,0
62,23,81.0,0
42,24,80.0,0
18,14,90.0,0
22,20,84.0,0
37,24,80.0,0
76,40,35.0,0
33,31,63.8,1
27,17,87.0,0
1,21,83.0,0
3,45,18.0,1
6,32,59.0,1
84,44,23.0,1
38,17,87.0,0
83,25,78.0,0
5,41,32.0,1
44,46,15.0,1
94,42,29.0,0
88,38,41.0,1
32,44,23.0,1
91,33,58.4,0
85,45,20.0,0
17,41,32.0,1
2,17,87.0,0
71,14,90.0,0
82,44,23.0,0
53,14,90.0,0
68,23,81.0,0
83,45,18.0,1
98,44,23.0,0
47,37,44.0,1
15,20,84.0,0
12,18,86.0,0
54,19,85.0,0
66,24,80.0,0
47,19,85.0,0
41,14,90.0,0
48,32,59.0,1
38,21,83.0,0
24,13,91.0,0
5,20,84.0,0
33,31,62.0,1
77,41,32.0,0
15,22,82.0,0
100,34,55.7,0
61,33,56.0,1
10,32,57.0,1
56,22,82.0,0
11,19,85.0,0
19,24,80.0,0
41,45,30.0,0
93,31,62.0,0
11,21,83.0,0
46,20,84.0,0
19,43,26.0,1
13,33,52.0,1
28,30,67.5,1
84,28,71.0,0
44,28,71.0,1
41,43,26.0,1
20,42,27.0,1
80,30,65.0,1
28,32,59.0,1
25,24,80.0,0
13,37,44.0,1
79,39,34.0,1
18,36,47.0,1
37,33,56.0,1
7,35,55.0,1
42,44,32.5,1
49,25,80.0,1
21,22,82.0,0
85,37,44.0,1
14,34,49.0,1
91,27,74.6,0
75,41,32.0,0
74,40,35.0,0
40,15,89.0,0
2,32,62.5,1
27,18,86.0,0
99,45,20.0,0
55,35,46.0,1
94,38,41.0,0
70,30,65.0,1
85,25,76.0,0
31,29,68.0,1
29,35,50.0,1
24,20,84.0,0
14,20,84.0,0
88,42,46.0,0
71,35,50.0,0
25,17,87.0,0
71,29,68.0,1
53,14,90.0,0
63,33,56.0,1
58,28,71.0,1
8,28,67.0,1
31,18,86.0,0
53,20,84.0,0
14,38,41.0,1
78,44,23.0,0
22,28,71.9,1
3,41,32.0,1
41,35,50.0,1
3,22,82.0,0
29,14,90.0,0
53,43,26.0,1
9,16,88.0,0
26,16,88.0,0
18,13,91.0,0
41,14,90.0,0
25,23,81.0,0
64,15,89.0,0
71,41,32.0,1
2,18,86.0,0
24,46,27.5,1
50,36,47.0,1
5,14,90.0,0
77,27,74.0,0
61,17,87.0,0
4,23,81.0,0
7,21,83.0,0
15,37,42.0,1
32,23,81.0,0
6,30,65.0,1
49,18,86.0,0
27,22,82.0,0
45,25,80.0,1
51,15,89.0,0
10,22,82.0,0
39,43,26.0,1
6,30,65.0,1
59,20,84.0,0
61,45,20.0,1
85,35,53.0,0
25,18,86.0,0
21,25,80.0,1
46,32,59.0,1
3,27,74.0,1
15,22,82.0,0
67,43,26.0,0
56,28,71.0,1
31,18,86.0,0
58,30,65.0,1
99,41,30.0,0
72,40,35.0,1
20,34,53.0,1
92,40,39.5,0
53,37,44.0,1
11,19,85.0,0
20,14,90.0,0
14,34,49.0,1
69,33,56.0,1
34,38,47.5,1
45,20,84.0,0
44,19,85.0,0
47,41,32.0,1
46,15,89.0,0
26,17,87.0,0
9,13,91.0,0
38,23,81.0,0
91,39,38.0,0
4,21,83.0,0
87,27,74.0,0
1,39,38.0,1
68,30,63.0,1
2,14,90.0,0
39,22,82.0,0
66,24,80.0,0
52,21,83.0,0
25,24,80.0,0
46,20,84.0,0
27,16,88.0,0
18,32,59.0,1
48,13,91.0,0
18,22,82.0,0
6,24,80.0,0
43,18,86.0,0
44,46,27.5,1
28,15,89.0,0
59,43,26.0,1
30,24,80.0,0
14,17,87.0,0
97,37,40.0,0
67,17,87.0,0
40,15,89.0,0
7,23,81.0,0
78,42,29.0,1
21,39,38.0,1
1,18,86.0,0
12,13,91.0,0
53,29,72.0,1
58,16,88.0,0
57,39,36.0,1
97,39,42.2,0
50,16,88.0,0
32,23,81.0,0
81,29,68.0,0
19,23,81.0,0
1,41,32.0,1
22,46,17.0,1
57,27,74.0,1
8,23,81.0,0
32,17,87.0,0
63,27,74.0,1
25,24,80.0,0
70,30,61.0,0
4,15,89.0,0
31,35,50.0,1
6,19,85.0,0
71,35,50.0,1
4,15,89.0,0
74,46,17.0,1
18,42,29.0,1
45,39,38.0,1
80,42,27.0,0
57,37,40.0,1
62,22,82.0,0
7,27,70.0,1
79,18,86.0,0
11,29,72.0,1
84,32,61.1,0
5,14,90.0,0
18,32,59.0,1
1,45,20.0,1
58,20,84.0,0
23,14,90.0,0
10,17,87.0,0
23,25,78.0,1
96,46,17.0,0
41,14,90.0,0
43,25,78.0,1
77,43,31.4,1
40,15,89.0,0
99,27,74.0,0
44,42,29.0,1
1,18,86.0,0
43,24,80.0,0
12,28,71.0,1
26,34,53.0,1
67,27,74.0,0
82,26,77.0,0
52,14,90.0,0
10,34,53.0,1
24,19,85.0,0
50,36,47.0,1
77,27,74.0,1
91,41,32.0,0
68,23,81.0,0
28,32,59.0,1
34,34,49.0,1
23,25,80.0,1
76,32,59.0,0
3,19,85.0,0
54,24,80.0,0
27,31,65.0,1
21,23,81.0,0
78,28,71.0,1
17,20,84.0,0
64,30,65.0,1
12,19,85.0,0
60,32,59.0,1
24,18,86.0,0
24,40,35.0,1
14,42,31.0,1
73,33,52.0,1
79,39,34.0,1
49,33,56.0,1
52,21,83.0,0
39,16,88.0,0
23,20,84.0,0
33,22,82.0,0
13,14,90.0,0
58,36,47.0,0
60,19,85.0,0
3,16,88.0,0
33,35,48.0,1
43,23,81.0,0
56,34,53.0,1
2,23,81.0,0
92,28,71.0,0
45,21,83.0,0
8,40,35.0,1
66,46,23.3,1
44,46,15.0,1
23,39,38.0,1
18,40,33.0,1
82,44,42.0,0
29,25,80.0,1
83,41,48.0,0
42,44,21.0,1
93,41,48.0,0
53,13,91.0,0
45,31,62.0,1
51,15,89.0,0
58,42,29.0,1
65,29,68.0,1
59,43,26.0,1
4,21,83.0,0
39,43,26.0,1
24,20,84.0,0
72,44,23.0,0
29,14,90.0,0
20,24,80.0,0
52,34,51.0,1
72,34,51.0,1
84,26,77.0,0
47,45,20.0,1
22,15,89.0,0
56,17,87.0,0
55,23,81.0,0
4,15,89.0,0
95,39,38.0,0
60,44,23.0,1
98,44,23.0,0
52,34,55.7,1
47,14,90.0,0
22,30,66.5,1
36,19,85.0,0
63,15,89.0,0
51,15,89.0,0
59,27,74.0,1
3,45,18.0,1
17,45,22.0,1
76,15,89.0,0
38,42,29.0,1
19,24,80.0,0
58,46,17.0,1
12,26,77.0,1
56,36,50.3,1
17,43,26.0,1
36,19,85.0,0
25,24,80.0,0
7,29,66.0,1
52,15,89.0,0
92,28,71.9,0
29,16,88.0,0
18,26,77.0,1
14,36,45.0,1
96,40,35.0,0
6,13,91.0,0
8,23,81.0,0
29,27,74.0,1
79,29,68.0,1
28,20,84.0,0
83,29,68.0,0
66,24,80.0,0
44,38,41.0,1
34,21,83.0,0
61,24,80.0,0
22,20,84.0,0
28,14,90.0,0
57,22,82.0,0
6,13,91.0,0
51,33,58.4,1
91,31,58.0,0
55,23,81.0,0
11,20,84.0,0
82,34,53.0,0
11,20,84.0,0
34,40,39.5,1
72,36,47.0,1
57,21,83.0,0
9,33,56.0,1
49,14,90.0,0
50,16,88.0,0
41,20,84.0,0
7,13,91.0,0
8,19,85.0,0
13,24,80.0,0
94,34,49.0,0
56,40,35.0,1
29,35,50.0,1
15,41,32.0,1
23,20,84.0,0
92,40,50.0,0
20,23,81.0,0
4,40,35.0,1
12,24,80.0,0
31,24,80.0,0
68,30,63.0,1
68,32,59.0,1
53,20,84.0,0
100,42,34.1,0
45,31,62.0,1
14,17,87.0,0
30,34,53.0,1
24,19,85.0,0
27,31,62.0,1
58,40,33.0,1
38,46,17.0,1
26,19,85.0,0
16,40,35.0,1
18,28,71.0,1
59,20,84.0,0
52,15,89.0,0
63,15,89.0,0
3,15,89.0,0
75,41,32.0,0
62,30,65.0,1
9,22,82.0,0
4,23,81.0,0
43,23,81.0,0
23,31,62.0,1
10,42,29.0,1
23,19,85.0,0
98,42,29.0,0
19,45,20.0,1
22,15,89.0,0
40,24,80.0,0
80,28,74.0,0
2,17,87.0,0
24,28,72.5,1
25,25,76.0,1
45,27,74.0,1
72,22,82.0,0
16,15,89.0,0
35,39,38.0,1
64,26,75.0,0
47,19,85.0,0
21,45,20.0,1
72,13,91.0,0
10,21,83.0,0
9,16,88.0,0
54,24,80.0,0
9,37,44.0,1
58,42,46.0,1
58,28,71.0,1
62,17,87.0,0
35,45,20.0,1
36,19,85.0,0
26,38,54.0,1
11,35,50.0,1
12,40,37.0,1
91,33,56.0,0
53,25,80.0,1
12,36,47.0,1
56,22,82.0,0
33,27,74.0,1
38,38,37.0,1
79,37,56.0,0
82,30,70.0,0
11,33,56.0,1
8,46,17.0,1
41,29,68.0,1
8,17,87.0,0
59,19,85.0,0
84,36,47.0,0
73,31,62.0,1
69,21,83.0,0
90,38,44.9,0
44,38,41.0,1
6,19,85.0,0
22,38,41.0,1
96,44,28.7,0
94,42,34.1,0
43,25,80.0,1
25,19,85.0,0
70,34,53.0,1
46,17,87.0,0
56,22,82.0,0
92,34,53.0,0
96,32,66.0,0
95,45,20.0,0
27,43,26.0,1
37,31,62.0,1
86,46,17.0,0
57,22,82.0,0
54,28,71.0,1
59,41,36.8,0
67,41,32.0,1
56,32,59.0,1
56,38,39.0,1
35,14,90.0,0
57,16,88.0,0
26,23,81.0,0
37,41,32.0,1
3,16,88.0,0
42,23,81.0,0
50,34,53.0,1
30,19,85.0,0
40,34,53.0,1
89,29,64.0,0
37,24,80.0,0
94,42,29.0,0
15,15,89.0,0
4,42,34.1,1
2,23,81.0,0
69,29,64.0,1
69,21,83.0,0
78,28,71.0,1
11,35,50.0,1
74,26,77.0,0
10,21,83.0,0
30,30,61.0,1
62,30,65.0,0
39,39,42.2,1
35,20,84.0,0
45,21,83.0,0
35,20,84.0,0
30,32,57.0,1
34,15,89.0,0
14,14,90.0,0
98,36,58.0,0
44,36,47.0,1
38,40,33.0,1
2,13,91.0,0
63,29,68.0,1
2,23,81.0,0
26,17,87.0,0
26,26,73.0,1
49,33,56.0,1
78,36,47.0,0
21,22,82.0,0
36,28,71.0,1
28,16,88.0,0
22,46,17.0,1
1,43,24.0,1
42,26,77.0,1
58,32,61.1,1
50,17,87.0,0
20,23,81.0,0
31,35,50.0,1
80,44,23.0,1
16,30,65.0,1
43,27,74.0,1
86,26,73.0,0
27,17,87.0,0
65,33,56.0,0
76,40,35.0,0
19,41,30.0,1
51,15,89.0,0
37,18,86.0,0
30,19,85.0,0
90,30,61.0,0
31,27,74.0,1
45,21,83.0,0
77,14,90.0,0
8,22,82.0,0
36,19,85.0,0
65,29,68.0,1
29,33,56.0,1
63,22,82.0,0
9,23,81.0,0
8,19,85.0,0
40,44,23.0,1
44,22,82.0,0
53,33,58.4,1
27,16,88.0,0
16,38,41.0,1
62,42,34.1,1
64,46,15.0,0
13,18,86.0,0
13,24,80.0,0
74,32,66.0,1
44,28,71.0,1
68,40,35.0,1
34,44,23.0,1
44,46,17.0,1
19,24,80.0,0
8,23,81.0,0
44,30,65.0,1
46,20,84.0,0
21,16,88.0,0
46,20,84.0,0
26,28,69.0,1
79,25,80.0,1
2,18,86.0,0
48,32,59.0,1
65,27,72.0,1
64,42,29.0,0
99,43,26.0,0
17,37,40.0,1
48,13,91.0,0
32,17,87.0,0
70,30,61.0,1
69,22,82.0,0
23,19,85.0,0
58,15,89.0,0
13,17,87.0,0
73,25,80.0,1
19,24,80.0,0
28,30,67.5,1
49,29,64.0,1
10,15,89.0,0
26,23,81.0,0
33,22,82.0,0
61,25,80.0,1
3,17,87.0,0
27,31,62.0,1
42,38,41.0,1
87,29,68.0,0
12,19,85.0,0
25,18,86.0,0
2,26,77.0,1
8,17,87.0,0
13,18,86.0,0
62,46,17.0,1
35,20,84.0,0
93,33,52.0,0
36,13,91.0,0
67,25,80.0,1
61,17,87.0,0
43,25,80.0,1
2,26,77.0,1
38,42,29.0,1
2,26,77.0,1
20,36,47.0,1
40,40,31.0,1
86,36,47.0,1
30,30,61.0,1
22,44,23.0,1
30,17,87.0,0
33,35,50.0,1
59,31,62.0,1
32,28,71.0,1
30,32,59.0,1
21,33,56.0,1
2,23,81.0,0
69,31,60.0,1
11,20,84.0,0
21,45,20.0,1
55,24,80.0,0
2,30,67.0,1
39,22,82.0,0
36,13,91.0,0
57,16,88.0,0
51,33,56.0,1
20,17,87.0,0
26,16,88.0,0
30,34,53.0,1
2,26,77.0,1
64,15,89.0,0
47,29,69.2,1
15,39,38.0,1
51,27,74.0,1
7,24,80.0,0
93,41,36.8,0
39,16,88.0,0
22,26,77.5,1
64,40,35.0,0
37,18,86.0,0
5,37,44.0,1
70,34,53.0,1
38,38,44.9,1
60,44,23.0,1
96,38,41.0,0
100,26,77.0,0
26,28,69.0,1
2,34,53.0,1
62,36,47.0,0
4,15,89.0,0
36,40,35.0,1
86,28,69.0,0
50,17,87.0,0
28,23,81.0,0
15,22,82.0,0
76,36,47.0,0
54,24,80.0,0
80,32,59.0,0
88,38,41.0,0
92,38,41.0,0
11,20,84.0,0
55,22,82.0,0
41,35,50.0,1
67,43,26.0,1
12,13,91.0,0
5,14,90.0,0
58,21,83.0,0
38,17,87.0,0
44,44,23.0,1
7,27,70.0,1
6,42,34.1,1
68,16,88.0,0
29,31,60.0,1
4,21,83.0,0
76,40,35.0,0
17,39,36.0,1
42,13,91.0,0
67,18,86.0,0
5,15,89.0,0
9,19,85.0,0
44,38,41.0,1
87,29,68.0,0
66,38,41.0,1
96,34,53.0,0
48,19,85.0,0
48,13,91.0,0
46,36,47.0,1
28,32,62.5,1
80,42,27.0,1
4,40,39.5,1
48,18,86.0,0
22,15,89.0,0
11,14,90.0,0
28,21,83.0,0
25,27,72.0,1
49,29,69.2,1
29,27,74.0,1
76,38,39.0,0
68,21,83.0,0
85,45,20.0,1
24,46,15.0,1
44,28,71.0,1
19,24,80.0,0
22,44,21.0,1
51,33,54.0,1
2,16,88.0,0
27,43,26.0,1
85,41,32.0,0
87,37,44.0,1
44,17,87.0,0
56,32,59.0,1
19,18,86.0,0
81,33,56.0,1
16,21,83.0,0
22,23,81.0,0
46,15,89.0,0
32,23,81.0,0
67,23,81.0,0
1,19,85.0,0
41,14,90.0,0
89,29,64.0,0
20,17,87.0,0
30,19,85.0,0
48,30,63.0,1
35,20,84.0,0
37,37,40.0,1
52,34,55.7,1
66,28,71.0,0
23,20,84.0,0
21,22,82.0,0
63,39,38.0,1
47,41,32.0,1
32,46,17.0,1
73,43,26.0,0
17,41,32.0,1
23,39,38.0,1
37,21,83.0,0
60,40,39.5,0
7,29,68.0,1
85,45,20.0,1
61,41,36.8,1
96,38,39.0,0
31,45,20.0,1
32,26,77.0,1
40,21,83.0,0
85,25,80.0,0
89,45,20.0,0
78,28,71.0,1
64,44,23.0,1
68,40,35.0,1
46,28,71.9,1
37,41,32.0,1
45,21,83.0,0
36,13,91.0,0
61,45,20.0,1
23,20,84.0,0
66,19,85.0,0
65,14,90.0,0
43,23,81.0,0
21,43,26.0,1
54,13,91.0,0
90,28,71.0,0
46,20,84.0,0
18,40,33.0,1
10,26,77.0,1
26,17,87.0,0
69,33,56.0,1
46,28,69.0,1
60,18,86.0,0
89,27,76.0,0
37,18,86.0,0
6,19,85.0,0
42,26,77.0,1
37,45,20.0,1
59,41,30.0,1
4,32,61.0,1
63,35,50.0,1
54,26,77.0,1
71,31,58.0,1
41,14,90.0,0
75,35,50.0,0
50,16,88.0,0
14,40,35.0,1
57,37,40.0,1
18,44,42.0,1
78,26,77.0,0
85,35,50.0,0
17,20,84.0,0
43,23,81.0,0
69,27,76.0,1
22,15,89.0,0
15,31,62.0,1
32,36,47.0,1
13,37,44.0,1
43,27,74.0,1
2,17,87.0,0
62,17,87.0,0
96,38,39.0,0
48,18,86.0,0
70,26,77.0,0
33,22,82.0,0
32,36,47.0,1
7,43,31.4,1
19,33,56.0,1
6,13,91.0,0
78,28,71.0,1
66,24,80.0,0
30,30,65.0,1
80,30,65.0,1
5,39,42.2,1
56,23,81.0,0
60,40,31.0,1
29,29,64.0,1
99,25,80.0,0
48,13,91.0,0
29,15,89.0,0
61,27,74.0,0
3,27,74.0,1
48,30,63.0,1
61,14,90.0,0
80,42,27.0,1
23,29,69.2,1
87,25,80.0,0
36,19,85.0,0
50,46,17.0,1
21,25,80.0,1
40,21,83.0,0
11,14,90.0,0
26,20,84.0,0
38,23,81.0,0
89,31,60.0,0
19,18,86.0,0
26,30,65.0,1
17,25,80.0,1
3,27,74.0,1
68,42,34.1,1
28,14,90.0,0
62,32,59.0,1
37,14,90.0,0
20,32,59.0,1
32,36,52.5,1
20,28,71.0,1
29,41,32.0,1
74,34,49.0,1
8,28,71.0,1
16,16,88.0,0
33,25,80.0,1
56,38,41.0,1
85,25,76.0,0
70,34,53.0,1
57,37,47.6,1
30,32,62.5,1
52,28,71.0,1
15,22,82.0,0
20,23,81.0,0
54,46,17.0,0
48,13,91.0,0
27,41,32.0,1
29,22,82.0,0
98,28,71.0,0
46,30,65.0,1
81,45,20.0,0
36,40,42.5,1
31,20,84.0,0
2,17,87.0,0
5,31,62.0,1
36,30,65.0,1
41,20,84.0,0
61,17,87.0,0
52,14,90.0,0
76,36,43.0,1
65,25,76.0,1
53,20,84.0,0
86,44,42.0,1
24,28,71.0,1
15,22,82.0,0
14,30,65.0,1
89,29,64.0,0
58,40,39.5,1
71,31,62.0,0
13,37,44.0,1
34,15,89.0,0
30,32,62.5,1
61,43,24.0,1
74,26,77.0,1
28,38,41.0,1
26,42,29.0,1
90,42,29.0,0
62,23,81.0,0
54,19,85.0,0
3,27,74.0,1
12,44,23.0,1
31,18,86.0,0
39,33,56.0,1
59,19,85.0,0
5,14,90.0,0
52,14,90.0,0
34,42,29.0,1
29,39,38.0,1
48,42,29.0,1
35,39,45.0,1
51,35,60.0,1
64,21,83.0,0
54,24,80.0,0
26,17,87.0,0
98,42,29.0,0
10,15,89.0,0
86,28,69.0,0
15,41,32.0,1
96,38,39.0,0
68,26,77.0,1
30,30,61.0,1
3,21,83.0,0
100,44,23.0,0
80,30,65.0,0
50,34,53.0,1
59,19,85.0,0
62,32,59.0,0
13,18,86.0,0
56,17,87.0,0
12,20,84.0,0
44,32,59.0,1
58,20,84.0,0
56,22,82.0,0
98,40,33.0,0
66,46,17.0,0
77,27,74.0,0
29,31,65.0,1
32,46,17.0,1
34,15,89.0,0
45,21,83.0,0
75,41,36.8,1
4,16,88.0,0
45,16,88.0,0
48,17,87.0,0
12,38,41.0,1
21,37,44.0,1
46,26,73.0,1
2,40,39.5,1
56,40,50.0,1
25,18,86.0,0
65,33,56.0,1
16,15,89.0,0
28,16,88.0,0
6,30,65.0,1
51,15,89.0,0
43,45,30.0,1
75,16,88.0,0
9,23,81.0,0
10,46,17.0,1
33,24,80.0,0
38,17,87.0,0
8,19,85.0,0
83,27,74.0,1
62,44,28.7,1
23,45,18.0,1
88,34,53.0,0
61,33,56.0,1
59,14,90.0,0
46,15,89.0,0
84,34,53.0,0
92,36,47.0,0
51,45,30.0,1
16,21,83.0,0
85,37,44.0,0
37,39,45.0,1
64,34,53.0,1
20,36,47.0,1
77,39,36.0,0
27,16,88.0,0
30,13,91.0,0
52,44,23.0,1
22,44,21.0,1
86,28,69.0,0
86,26,73.0,1
7,23,81.0,0
10,21,83.0,0
29,20,84.0,0
10,44,23.0,1
16,38,39.0,1
16,15,89.0,0
20,23,81.0,0
79,37,44.0,1
20,17,87.0,0
15,22,82.0,0
43,31,62.0,1
98,26,79.0,0
45,27,72.0,1
5,22,82.0,0
68,26,77.5,0
29,29,64.0,1
12,19,85.0,0
52,14,90.0,0
79,29,68.0,0
71,31,62.0,1
35,20,84.0,0
56,36,43.0,1
71,35,50.0,1
94,36,45.0,0
33,13,91.0,0
66,36,50.3,0
5,29,68.0,1
83,25,78.0,0
74,23,81.0,0
65,41,32.0,0
3,27,74.0,1
26,30,65.0,1
79,29,68.0,1
28,30,65.0,1
14,38,41.0,1
45,21,83.0,0
34,30,65.0,1
46,15,89.0,0
33,25,80.0,1
47,27,74.0,1
1,18,86.0,0
72,19,85.0,0
58,30,65.0,1
60,18,86.0,0
45,31,62.0,1
68,30,70.0,1
59,19,85.0,0
54,34,49.0,1
85,25,76.0,0
95,39,38.0,0
30,24,80.0,0
12,34,53.0,1
89,43,26.0,0
25,14,90.0,0
37,29,68.0,1
13,37,44.0,1
7,27,70.0,1
15,39,38.0,1
80,42,29.0,1
8,22,82.0,0
41,16,88.0,0
72,19,85.0,0
46,20,84.0,0
46,38,41.0,1
81,39,52.0,0
24,13,91.0,0
27,43,26.0,1
25,24,80.0,0
31,33,54.0,1
32,46,17.0,1
27,39,38.0,1
56,21,83.0,0
65,13,91.0,0
74,34,49.0,1
38,30,65.0,1
80,42,29.0,0
8,17,87.0,0
32,23,81.0,0
35,41,36.8,1
5,20,84.0,0
19,13,91.0,0
36,19,85.0,0
15,16,88.0,0
4,28,71.0,1
4,21,83.0,0
91,35,50.0,0
57,20,84.0,0
27,41,32.0,1
32,24,80.0,0
90,30,61.0,1
8,32,59.0,1
19,33,56.0,1
83,43,26.0,1
34,21,83.0,0
76,26,77.0,1
26,23,81.0,0
82,30,65.0,0
3,22,82.0,0
69,33,56.0,1
40,15,89.0,0
75,31,62.0,0
44,26,75.0,1
7,27,70.0,1
52,15,89.0,0
26,17,87.0,0
93,37,44.0,0
52,46,17.0,0
15,25,80.0,1
4,18,86.0,0
58,15,89.0,0
35,14,90.0,0
39,31,62.0,1
7,31,62.0,1
46,21,83.0,0
19,24,80.0,0
25,18,86.0,0
55,19,85.0,0
39,41,30.0,1
72,36,47.0,0
76,40,35.0,1
28,15,89.0,0
31,24,80.0,0
76,15,89.0,0
16,40,35.0,1
90,30,61.0,0
54,46,27.5,1
21,39,38.0,1
27,41,32.0,1
85,33,56.0,0
81,41,32.0,0
80,44,23.0,1
96,36,43.0,0
90,30,65.0,0
62,38,41.0,1
67,37,44.0,1
70,30,61.0,1
46,28,69.0,1
68,22,82.0,0
26,34,53.0,1
39,16,88.0,0
49,43,26.0,1
29,14,90.0,0
54,38,54.0,1
41,45,30.0,1
57,21,83.0,0
64,36,47.0,1
57,41,32.0,1
15,43,26.0,1
69,29,68.0,0
20,30,65.0,1
94,34,49.0,0
32,36,47.0,1
16,21,83.0,0
5,45,40.0,1
50,32,57.0,1
45,25,76.0,1
74,36,58.0,1
39,24,80.0,0
70,32,57.0,1
33,37,44.0,1
61,43,26.0,1
11,14,90.0,0
35,20,84.0,0
69,22,82.0,0
80,38,54.0,0
23,20,84.0,0
91,27,76.0,0
31,25,80.0,1
44,30,65.0,1
3,22,82.0,0
19,24,80.0,0
91,33,56.0,0
8,24,80.0,0
99,25,80.0,0
97,25,80.0,0
68,23,81.0,0
79,37,44.0,0
52,36,47.0,1
43,24,80.0,0
81,45,20.0,0
52,15,89.0,0
9,16,88.0,0
20,17,87.0,0
25,41,32.0,1
39,20,84.0,0
20,46,17.0,1
27,16,88.0,0
29,13,91.0,0
56,23,81.0,0
44,38,41.0,1
95,35,46.0,0
10,15,89.0,0
13,24,80.0,0
77,43,26.0,0
9,23,81.0,0
24,36,58.0,1
2,13,91.0,0
41,20,84.0,0
16,23,81.0,0
71,43,26.0,0
90,28,71.0,1
50,30,66.5,1
10,21,83.0,0
16,34,53.0,1
59,14,90.0,0
19,18,86.0,0
18,13,91.0,0
96,36,43.0,0
51,22,82.0,0
81,43,31.4,0
46,15,89.0,0
78,40,35.0,0
84,34,53.0,1
12,13,91.0,0
28,15,89.0,0
19,24,80.0,0
96,44,42.0,0
27,15,89.0,0
93,41,36.8,0
53,33,52.0,1
99,27,76.0,0
54,32,59.0,1
79,35,50.0,1
95,35,50.0,0
33,22,82.0,0
23,37,44.0,1
75,39,38.0,0
38,30,65.0,1
75,29,72.0,1
59,31,62.0,1
55,27,74.0,1
49,39,38.0,1
21,45,20.0,1
82,30,66.5,0
19,24,80.0,0
51,31,63.8,1
10,38,43.0,1
36,13,91.0,0
9,45,20.0,1
64,26,75.0,1
14,17,87.0,0
50,30,66.5,1
30,32,57.0,1
51,39,38.0,0
41,33,60.0,1
33,22,82.0,0
11,31,58.0,1
42,38,41.0,0
47,20,84.0,0
8,23,81.0,0
68,30,63.0,1
51,33,58.4,1
52,21,83.0,0
19,45,20.0,1
74,40,39.5,1
46,44,23.0,1
93,37,44.0,0
9,25,80.0,1
60,32,59.0,1
1,43,24.0,1
20,44,23.0,1
14,26,77.0,1
85,29,68.0,0
52,36,47.0,1
75,19,85.0,0
47,19,85.0,0
2,26,77.0,1
8,28,67.0,1
13,18,86.0,0
22,42,29.0,1
27,31,62.0,1
47,39,38.0,1
6,42,46.0,1
5,33,58.0,1
5,25,76.0,1
39,41,30.0,1
59,43,26.0,1
47,14,90.0,0
32,34,51.0,1
12,19,85.0,0
77,25,80.0,0
20,40,42.5,1
68,23,81.0,0
20,19,85.0,0
79,39,52.0,0
73,35,50.0,0
83,45,18.0,0
6,34,55.0,1
1,18,86.0,0
83,31,68.0,0
9,16,88.0,0
55,24,80.0,0
46,30,65.0,1
30,13,91.0,0
46,17,87.0,0
4,28,71.0,1
62,16,88.0,0
32,40,35.0,1
5,14,90.0,0
83,27,74.0,0
3,22,82.0,0
80,46,17.0,0
92,26,77.3,0
74,34,49.0,0
90,34,53.0,0
15,16,88.0,0
64,38,41.0,1
31,18,86.0,0
21,35,50.0,1
68,22,82.0,0
47,14,90.0,0
26,42,29.0,1
62,38,41.0,1
10,32,57.0,1
81,43,26.0,0
77,39,36.0,0
18,19,85.0,0
44,28,71.0,1
58,42,37.5,1
91,31,58.0,0
65,37,44.0,1
22,17,87.0,0
11,20,84.0,0
36,28,71.0,1
45,29,68.0,1
22,36,47.0,1
69,39,38.0,1
60,30,65.0,1
11,21,83.0,0
63,15,89.0,0
12,18,86.0,0
37,24,80.0,0
78,26,77.3,1
20,46,17.0,1
41,37,44.0,1
18,44,23.0,1
22,32,59.0,1
70,40,35.0,1
33,22,82.0,0
29,15,89.0,0
39,41,32.0,1
14,42,29.0,1
31,24,80.0,0
49,29,69.2,0
33,16,88.0,0
67,23,81.0,0
4,21,83.0,0
49,18,86.0,0
36,30,65.0,1
22,15,89.0,0
81,29,72.0,0
5,31,62.0,1
43,23,81.0,0
35,27,74.0,1
16,36,43.0,1
17,14,90.0,0
48,18,86.0,0
74,34,49.0,0
51,16,88.0,0
72,28,71.0,0
19,20,84.0,0
11,31,58.0,1
99,37,47.6,0
77,25,80.0,0
65,14,90.0,0
10,15,89.0,0
86,36,47.0,0
63,45,26.0,0
69,22,82.0,0
11,14,90.0,0
47,37,44.0,1
82,32,59.0,0
42,13,91.0,0
49,17,87.0,0
5,29,68.0,1
69,22,82.0,0
28,42,29.0,1
62,28,71.0,0
16,15,89.0,0
96,32,59.0,0
69,41,32.0,1
88,32,59.0,0
11,33,54.0,1
50,30,61.0,1
17,15,89.0,0
1,27,74.0,1
25,24,80.0,0
11,31,65.0,1
33,35,53.0,1
57,21,83.0,0
43,37,44.0,1
33,19,85.0,0
59,39,38.0,1
3,16,88.0,0
3,15,89.0,0
38,38,37.0,1
62,17,87.0,0
13,31,62.0,1
70,30,61.0,1
100,32,59.0,0
1,24,80.0,0
25,17,87.0,0
9,16,88.0,0
34,38,41.0,1
18,42,29.0,1
93,43,26.0,0
31,24,80.0,0
84,38,41.0,0
16,15,89.0,0
60,32,59.0,1
50,34,53.0,1
82,28,71.0,0
38,38,41.0,1
61,43,26.0,1
61,31,62.0,1
33,35,48.0,1
61,18,86.0,0
56,32,66.0,1
47,19,85.0,0
8,17,87.0,0
46,20,84.0,0
4,21,83.0,0
26,23,81.0,0
46,42,29.0,1
48,42,37.5,1
77,39,36.0,0
50,26,77.0,1
88,30,63.0,0
44,36,47.0,1
57,22,82.0,0
97,43,26.0,0
100,40,31.0,0
42,36,47.0,1
98,34,62.0,0
19,24,80.0,0
25,18,86.0,0
94,28,71.9,0
25,43,44.0,1
71,29,72.0,0
59,45,20.0,1
6,16,88.0,0
66,13,91.0,0
55,23,81.0,0
8,44,28.7,1
48,18,86.0,0
54,24,80.0,0
72,40,35.0,0
85,29,68.0,0
39,39,34.0,1
54,34,49.0,1
94,44,23.0,0
57,21,83.0,0
38,14,90.0,0
25,19,85.0,0
67,18,86.0,0
16,14,90.0,0
35,37,42.0,1
4,14,90.0,0
50,32,57.0,1
80,44,23.0,1
46,26,73.0,1
47,43,26.0,0
67,37,44.0,1
82,34,53.0,0
54,19,85.0,0
45,29,68.0,1
90,40,35.0,0
78,38,41.0,0
35,20,84.0,0
93,29,72.0,0
36,40,42.5,1
62,42,34.1,1
56,23,81.0,0
6,19,85.0,0
17,25,80.0,1
21,21,83.0,0
8,46,17.0,1
49,33,56.0,1
48,30,66.5,0
49,35,50.0,1
59,15,89.0,0
74,38,41.0,0
58,20,84.0,0
10,32,57.0,1
89,33,56.0,0
81,43,24.0,0
21,45,20.0,1
30,21,83.0,0
39,18,86.0,0
62,32,59.0,1
91,41,32.0,0
76,36,43.0,1
82,32,59.0,0
38,30,65.0,1
35,29,68.0,1
11,27,74.0,1
56,21,83.0,0
66,28,71.0,1
14,16,88.0,0
3,27,74.0,1
54,36,47.0,1
25,29,68.0,1
25,17,87.0,0
63,33,58.4,0
25,17,87.0,0
83,41,40.0,0
41,20,84.0,0
17,43,26.0,1
42,19,85.0,0
10,34,53.0,1
70,21,83.0,0
11,14,90.0,0
8,23,81.0,0
31,33,54.0,1
43,23,81.0,0
46,13,91.0,0
49,16,88.0,0
5,33,56.0,1
42,36,47.0,1
46,26,77.3,1
49,17,87.0,0
26,14,90.0,0
11,43,26.0,1
52,46,17.0,1
49,17,87.0,0
90,26,78.0,0
38,42,29.0,1
24,15,89.0,0
56,23,81.0,0
69,33,56.0,1
84,42,46.0,0
86,44,32.5,0
86,38,41.0,0
41,33,56.0,1
29,29,64.0,1
8,38,44.9,1
54,38,41.0,1
52,32,61.1,1
86,30,65.0,1
24,15,89.0,0
10,15,89.0,0
24,32,61.1,1
21,45,20.0,1
19,37,44.0,1
24,13,91.0,0
55,24,80.0,0
39,37,47.6,1
2,23,81.0,0
36,19,85.0,0
68,46,17.0,1
39,33,56.0,1
24,19,85.0,0
21,25,80.0,1
56,22,82.0,0
95,37,42.0,0
19,33,56.0,1
9,22,82.0,0
8,38,41.0,1
5,20,84.0,0
49,16,88.0,0
60,34,53.0,1
67,29,68.0,1
1,29,70.0,1
66,24,80.0,0
36,38,41.0,1
58,32,59.0,1
38,23,81.0,0
71,20,84.0,0
2,17,87.0,0
44,22,82.0,0
1,29,70.0,1
44,22,82.0,0
24,19,85.0,0
15,16,88.0,0
27,25,80.0,1
70,34,53.0,1
46,30,65.0,1
31,24,80.0,0
15,35,46.0,1
30,34,57.5,1
67,24,80.0,0
89,31,60.0,0
75,39,38.0,1
92,34,51.0,0
91,29,68.0,0
22,38,41.0,1
48,13,91.0,0
5,20,84.0,0
66,38,41.0,1
19,33,56.0,1
83,27,74.0,0
71,41,32.0,0
76,28,71.0,0
46,38,41.0,1
11,35,50.0,1
85,45,20.0,0
78,38,41.0,1
37,24,80.0,0
43,45,30.0,1
33,16,88.0,0
82,36,58.0,0
95,33,56.0,0
76,28,71.0,1
1,29,68.0,1
91,25,80.0,0
25,29,68.0,1
11,37,44.0,1
33,22,82.0,0
5,31,62.0,1
41,14,90.0,0
60,40,35.0,0
100,42,29.0,0
31,31,58.0,1
23,25,80.0,1
56,36,43.0,1
2,26,77.0,1
36,13,91.0,0
39,16,88.0,0
43,25,80.0,1
9,18,86.0,0
74,28,74.0,1
93,25,80.0,0
40,16,88.0,0
58,40,35.0,1
65,33,56.0,1
69,29,68.0,1
69,29,64.0,0
15,35,55.0,1
58,42,29.0,1
42,26,77.0,1
15,17,87.0,0
33,43,26.0,1
53,35,53.0,1
68,32,59.0,1
11,39,40.0,1
29,31,60.0,1
18,14,90.0,0
44,23,81.0,0
1,18,86.0,0
29,20,84.0,0
43,18,86.0,0
68,22,82.0,0
31,33,60.0,1
90,34,53.0,0
19,35,50.0,1
42,44,21.0,1
45,27,72.0,1
31,18,86.0,0
24,46,15.0,1
2,23,81.0,0
34,17,87.0,0
72,19,85.0,0
58,15,89.0,0
15,31,62.0,1
40,26,77.0,1
87,29,66.0,0
53,39,45.0,1
22,34,53.0,1
17,37,40.0,1
38,32,59.0,1
67,18,86.0,0
96,40,35.0,0
22,21,83.0,0
54,13,91.0,0
12,19,85.0,0
58,21,83.0,0
88,30,63.0,1
73,31,62.0,0
44,28,71.0,1
81,41,32.0,0
44,36,47.0,1
79,43,26.0,0
7,45,20.0,1
8,46,38.0,1
66,13,91.0,0
44,46,23.3,1
30,40,35.0,1
93,37,44.0,0
39,16,88.0,0
15,16,88.0,0
22,23,81.0,0
46,26,73.0,1
58,38,37.0,1
37,18,86.0,0
82,44,21.0,0
87,45,20.0,0
22,21,83.0,0
69,29,64.0,1
67,31,62.0,0
28,36,47.0,1
18,38,37.0,1
49,31,63.8,0
42,23,81.0,0
56,28,71.0,1
56,15,89.0,0
16,21,83.0,0
21,18,86.0,0
55,18,86.0,0
34,21,83.0,0
81,33,56.0,0
77,39,36.0,1
39,22,82.0,0
93,37,44.0,0
69,45,20.0,0
42,13,91.0,0
51,22,82.0,0
34,36,45.0,1
49,39,38.0,1
53,33,56.0,1
45,43,31.4,1
51,22,82.0,0
11,37,44.0,1
63,16,88.0,0
35,37,42.0,1
38,42,37.5,1
30,13,91.0,0
28,15,89.0,0
31,43,44.0,1
91,41,36.8,0
27,22,82.0,0
44,23,81.0,0
30,13,91.0,0
34,36,52.5,1
82,32,59.0,1
86,44,23.0,0
26,17,87.0,0
49,24,80.0,0
8,17,87.0,0
6,30,65.0,1
2,23,81.0,0
32,34,51.0,1
3,39,52.0,1
1,25,80.0,1
75,25,80.0,1
19,41,40.0,1
23,27,74.0,1
21,45,20.0,1
88,32,59.0,0
8,32,59.0,1
14,30,65.0,1
1,24,80.0,0
75,37,44.0,0
39,43,35.0,1
86,30,65.0,0
67,43,44.0,1
13,24,80.0,0
37,37,40.0,1
55,23,81.0,0
51,45,20.0,0
50,16,88.0,0
6,13,91.0,0
1,18,86.0,0
3,31,64.0,1
22,21,83.0,0
66,36,47.0,1
46,28,71.9,1
100,36,47.0,0
57,17,87.0,0
51,35,50.0,1
45,16,88.0,0
6,28,71.0,1
1,15,89.0,0
30,16,88.0,0
27,22,82.0,0
31,29,69.2,1
82,30,66.5,0
9,21,83.0,0
74,44,23.0,1
77,37,40.0,0
52,44,23.0,1
86,28,69.0,0
57,21,83.0,0
15,24,80.0,0
43,25,78.0,1
26,13,91.0,0
43,22,82.0,0
39,16,88.0,0
35,33,56.0,1
4,21,83.0,0
34,26,77.0,1
10,20,84.0,0
72,34,51.0,0
31,18,86.0,0
5,27,72.0,1
22,21,83.0,0
2,23,81.0,0
47,16,88.0,0
60,42,34.1,1
85,35,50.0,1
82,34,53.0,1
40,23,81.0,0
22,46,17.0,1
42,44,28.7,1
38,30,65.0,1
75,35,50.0,0
96,40,35.0,0
62,44,28.7,1
10,15,89.0,0
94,44,23.0,0
17,43,26.0,1
67,27,74.0,1
16,21,83.0,0
43,24,80.0,0
20,40,31.0,1
89,29,68.0,0
1,17,87.0,0
96,38,39.0,0
43,18,86.0,0
31,31,62.0,1
99,39,34.0,0
7,31,62.0,1
63,27,74.0,1
54,26,77.0,1
13,18,86.0,0
57,41,32.0,1
39,29,68.0,1
90,32,57.0,0
7,27,74.0,1
56,22,82.0,0
41,45,20.0,1
21,23,81.0,0
4,18,86.0,0
72,30,65.0,0
9,29,68.0,1
13,37,44.0,1
29,33,60.0,1
24,18,86.0,0
68,30,66.5,0
24,32,59.0,1
6,21,83.0,0
66,18,86.0,0
41,27,74.0,1
4,36,47.0,1
100,28,73.0,0
36,36,47.0,1
57,43,26.0,1
48,13,91.0,0
9,16,88.0,0
40,15,89.0,0
48,38,54.0,0
64,46,23.3,1
54,24,80.0,0
59,33,58.4,1
56,36,47.0,1
64,46,23.3,0
13,18,86.0,0
33,41,32.0,1
52,36,47.0,1
77,39,36.0,1
22,26,77.5,1
58,15,89.0,0
51,43,26.0,1
62,38,54.0,1
97,37,40.0,0
36,38,39.0,1
68,30,63.0,1
67,23,81.0,0
30,13,91.0,0
68,22,82.0,0
52,15,89.0,0
35,20,84.0,0
85,39,38.0,0
48,17,87.0,0
52,14,90.0,0
15,15,89.0,0
47,31,62.0,1
5,13,91.0,0
95,37,44.0,0
5,20,84.0,0
21,22,82.0,0
13,37,44.0,1
16,21,83.0,0
36,19,85.0,0
83,27,74.0,0
87,29,68.0,0
95,45,20.0,0
90,46,17.0,0
69,21,83.0,0
60,26,77.3,1
13,27,74.0,1
12,36,47.0,1
14,23,81.0,0
8,42,29.0,1
43,41,32.0,1
100,40,35.0,0
91,35,50.0,0
26,22,82.0,0
36,13,91.0,0
7,18,86.0,0
7,41,32.0,1
72,42,29.0,1
23,43,26.0,1
31,45,20.0,1
15,16,88.0,0
98,42,29.0,0
37,14,90.0,0
41,14,90.0,0
43,39,38.0,1
81,43,24.0,0
3,45,20.0,1
56,28,71.0,1
54,34,49.0,1
28,21,83.0,0
15,15,89.0,0
38,42,29.0,1
98,42,29.0,0
89,45,30.0,0
47,14,90.0,0
74,38,41.0,1
10,21,83.0,0
67,24,80.0,0
31,41,32.0,1
84,26,77.0,0
74,46,17.0,1
18,19,85.0,0
72,22,82.0,0
59,45,20.0,1
75,45,20.0,1
24,28,72.5,1
17,37,44.0,1
8,16,88.0,0
17,13,91.0,0
72,42,29.0,1
78,28,71.0,0
33,37,50.0,1
6,26,73.0,1
81,25,80.0,0
16,15,89.0,0
48,44,23.0,1
25,17,87.0,0
95,37,42.0,0
10,26,77.0,1
95,33,64.0,0
36,38,39.0,1
87,35,53.0,0
12,22,82.0,0
16,26,77.0,1
78,38,37.0,0
7,35,52.0,1
18,19,85.0,0
24,40,35.0,1
100,36,47.0,0
59,39,38.0,1
38,38,37.0,1
40,21,83.0,0
13,29,68.0,1
34,26,77.0,1
56,40,35.0,1
34,28,71.0,1
10,15,89.0,0
55,25,80.0,1
56,42,29.0,0
32,23,81.0,0
25,18,86.0,0
14,34,53.0,1
45,39,38.0,1
45,25,80.0,1
22,26,77.5,1
69,41,32.0,0
54,19,85.0,0
11,43,26.0,1
36,13,91.0,0
17,33,56.0,1
71,29,68.0,0
18,13,91.0,0
5,14,90.0,0
66,13,91.0,0
51,16,88.0,0
44,46,15.0,1
57,21,83.0,0
19,18,86.0,0
47,37,56.0,0
69,41,36.8,1
74,46,17.0,0
63,35,50.0,1
52,15,89.0,0
49,24,80.0,0
74,20,84.0,0
37,37,44.0,1
14,18,86.0,0
92,26,77.0,0
82,44,23.0,0
56,22,82.0,0
24,46,17.0,1
28,21,83.0,0
6,34,55.0,1
32,13,91.0,0
49,16,88.0,0
34,36,45.0,1
86,36,47.0,0
30,30,61.0,1
100,40,35.0,0
23,41,32.0,1
52,14,90.0,0
29,14,90.0,0
77,37,40.0,1
22,40,50.0,1
21,45,20.0,1
44,17,87.0,0
54,40,35.0,1
16,40,35.0,1
29,16,88.0,0
39,16,88.0,0
10,30,61.0,1
69,20,84.0,0
45,29,68.0,1
44,22,82.0,0
6,44,42.0,1
19,13,91.0,0
25,29,68.0,1
45,16,88.0,0
31,33,56.0,1
62,16,88.0,0
33,22,82.0,0
53,13,91.0,0
6,26,73.0,1
53,13,91.0,0
20,44,23.0,1
16,40,35.0,1
62,40,35.0,1
76,46,17.0,1
19,24,80.0,0
65,45,26.0,1
89,37,44.0,0
41,27,74.0,1
10,18,86.0,0
28,42,29.0,1
26,30,65.0,1
11,20,84.0,0
41,22,82.0,0
52,21,83.0,0
23,20,84.0,0
16,21,83.0,0
17,20,84.0,0
45,41,32.0,1
57,45,20.0,1
55,24,80.0,0
79,15,89.0,0
89,31,60.0,1
41,22,82.0,0
69,35,50.0,0
88,30,66.5,0
61,33,56.0,1
69,31,60.0,0
96,26,77.0,0
19,39,38.0,1
4,28,71.0,1
34,21,83.0,0
88,28,71.0,0
77,41,32.0,0
91,35,50.0,0
51,35,55.0,1
79,24,80.0,0
97,45,20.0,0
52,32,55.0,1
76,30,65.0,0
12,36,47.0,1
29,14,90.0,0
34,38,47.5,1
98,30,65.0,0
37,39,36.0,1
7,31,62.0,1
19,39,34.0,1
53,14,90.0,0
27,16,88.0,0
4,28,71.0,1
96,28,71.0,0
92,34,53.0,0
59,20,84.0,0
89,33,56.0,1
5,45,20.0,1
9,27,74.0,1
75,45,20.0,1
80,32,59.0,1
40,15,89.0,0
73,33,56.0,1
49,31,63.8,1
10,15,89.0,0
37,29,68.0,1
61,33,56.0,1
74,17,87.0,0
16,30,65.0,1
56,28,71.0,1
15,17,87.0,0
27,35,50.0,1
80,34,53.0,0
9,16,88.0,0
52,46,17.0,1
13,18,86.0,0
65,14,90.0,0
3,16,88.0,0
18,40,33.0,1
13,33,52.0,1
79,41,30.0,1
13,19,85.0,0
61,43,24.0,1
5,14,90.0,0
48,19,85.0,0
68,23,81.0,0
32,17,87.0,0
32,34,51.0,1
63,25,80.0,1
7,33,56.0,1
3,22,82.0,0
72,34,51.0,0
28,44,23.0,1
80,30,65.0,0
28,16,88.0,0
21,37,44.0,1
31,24,80.0,0
43,24,80.0,0
100,40,31.0,0
5,41,48.0,1
50,16,88.0,0
51,15,89.0,0
43,18,86.0,0
17,14,90.0,0
53,33,52.0,1
98,34,55.7,0
27,27,74.0,1
50,16,88.0,0
82,32,59.0,1
51,16,88.0,0
21,22,82.0,0
6,26,73.0,1
13,41,40.0,1
31,25,80.0,1
75,35,46.0,0
9,25,80.0,1
27,45,20.0,1
30,30,66.5,1
23,25,80.0,1
37,29,68.0,1
13,35,48.0,1
27,29,66.0,1
34,44,23.0,1
82,26,77.0,0
22,26,77.0,1
59,35,50.0,1
11,21,83.0,0
14,40,35.0,1
35,41,32.0,1
20,19,85.0,0
26,17,87.0,0
68,23,81.0,0
42,44,21.0,1
77,27,74.0,1
38,26,77.0,1
49,17,87.0,0
51,16,88.0,0
78,38,41.0,1
36,38,41.0,1
29,27,74.0,1
71,41,32.0,1
38,44,23.0,1
4,28,71.0,1
99,35,53.0,0
43,23,81.0,0
40,44,23.0,1
51,15,89.0,0
53,25,80.0,1
51,33,54.0,1
9,22,82.0,0
52,38,41.0,1
35,14,90.0,0
83,25,80.0,0
100,44,23.0,0
19,23,81.0,0
61,45,20.0,1
33,25,80.0,1
64,28,71.0,0
8,17,87.0,0
94,34,49.0,0
23,37,44.0,1
12,42,29.0,1
45,21,83.0,0
78,28,71.0,1
16,36,47.0,1
92,36,47.0,0
21,22,82.0,0
30,32,62.5,1
4,42,46.0,1
8,20,84.0,0
33,37,44.0,1
57,27,74.0,1
93,33,56.0,0
72,32,59.0,1
12,24,80.0,0
17,43,44.0,1
38,40,33.0,1
35,20,84.0,0
61,37,44.0,0
24,19,85.0,0
65,14,90.0,0
34,34,53.0,1
91,31,58.0,0
32,17,87.0,0
99,39,34.0,0
57,21,83.0,0
25,18,86.0,0
16,28,71.0,1
10,44,23.0,1
2,17,87.0,0
27,31,62.0,1
84,34,53.0,0
9,22,82.0,0
35,31,62.0,1
71,33,64.0,1
73,37,44.0,1
5,15,89.0,0
88,44,32.5,0
62,42,29.0,1
31,24,80.0,0
11,31,58.0,1
