district_id,district,state,month,rain_mean,rain_std,rain_p90,rain_p95,rain_p99,baseline_30d_normal,baseline_90d_normal,tmax_mean,tmax_std,tmax_p90,tmin_mean,tmin_std,tmean_mean
1,Morbi,Gujarat,1,0.0,0.02,0.0,0.0,0.02,0.05,9.71,27.17,1.97,29.77,13.28,1.92,20.22
1,Morbi,Gujarat,2,0.01,0.21,0.0,0.0,0.01,0.15,2.61,29.65,2.48,32.92,15.12,2.33,22.38
1,Morbi,Gujarat,3,0.0,0.07,0.0,0.0,0.03,0.21,0.41,34.14,2.52,37.38,18.93,2.05,26.53
1,Morbi,Gujarat,4,0.0,0.05,0.0,0.0,0.02,0.06,0.43,37.5,1.99,39.93,22.03,1.52,29.76
1,Morbi,Gujarat,5,0.12,1.29,0.0,0.01,1.91,2.31,2.58,38.72,1.51,40.58,24.66,1.17,31.69
1,Morbi,Gujarat,6,2.08,8.07,4.49,10.53,41.73,24.13,26.58,36.58,2.2,39.09,26.6,0.87,31.59
1,Morbi,Gujarat,7,7.39,17.89,20.98,45.44,92.27,141.88,169.8,32.41,1.94,34.97,26.13,0.77,29.27
1,Morbi,Gujarat,8,4.63,12.19,15.31,28.68,60.31,199.32,374.07,31.09,1.43,32.84,25.26,0.68,28.18
1,Morbi,Gujarat,9,3.06,9.76,9.08,17.03,50.51,110.36,458.36,32.66,1.69,34.8,24.52,0.86,28.59
1,Morbi,Gujarat,10,0.18,1.16,0.04,0.32,5.78,43.78,349.74,34.85,1.69,36.84,22.54,1.77,28.69
1,Morbi,Gujarat,11,0.26,2.64,0.0,0.01,4.65,6.99,158.08,32.14,1.9,34.38,18.84,2.12,25.49
1,Morbi,Gujarat,12,0.01,0.18,0.0,0.0,0.03,2.6,50.71,28.69,1.99,31.04,14.84,2.09,21.77
2,Ahmadabad,Gujarat,1,0.01,0.07,0.0,0.0,0.45,0.37,13.66,27.26,1.95,29.79,13.72,1.74,20.49
2,Ahmadabad,Gujarat,2,0.0,0.05,0.0,0.0,0.07,0.22,4.2,29.86,2.42,33.11,15.53,2.17,22.7
2,Ahmadabad,Gujarat,3,0.01,0.08,0.0,0.0,0.08,0.25,0.85,34.54,2.45,37.57,19.72,2.09,27.13
2,Ahmadabad,Gujarat,4,0.04,0.57,0.0,0.01,0.61,0.72,1.19,38.06,1.9,40.33,23.3,1.51,30.68
2,Ahmadabad,Gujarat,5,0.22,2.76,0.0,0.11,2.18,4.41,5.39,39.54,1.53,41.36,25.85,1.0,32.7
2,Ahmadabad,Gujarat,6,2.85,8.89,6.72,15.91,44.74,31.07,36.34,36.69,2.42,39.68,27.12,0.9,31.91
2,Ahmadabad,Gujarat,7,11.3,21.74,34.09,55.44,100.08,220.1,257.89,32.14,1.99,34.82,26.03,0.81,29.08
2,Ahmadabad,Gujarat,8,7.47,14.91,22.82,37.51,73.53,310.66,574.94,30.93,1.43,32.6,25.16,0.64,28.05
2,Ahmadabad,Gujarat,9,3.34,8.84,9.74,17.63,41.35,150.35,692.02,32.52,1.75,34.83,24.78,0.8,28.65
2,Ahmadabad,Gujarat,10,0.33,2.5,0.3,1.04,6.52,46.31,501.63,34.48,1.63,36.35,22.59,1.86,28.54
2,Ahmadabad,Gujarat,11,0.33,3.6,0.02,0.13,7.64,9.36,200.4,31.8,1.74,33.84,18.75,2.04,25.27
2,Ahmadabad,Gujarat,12,0.03,0.36,0.0,0.0,0.15,3.85,56.71,28.58,1.81,30.72,15.15,1.91,21.87
3,Anand,Gujarat,1,0.01,0.1,0.0,0.0,0.16,0.24,16.8,27.83,1.61,29.91,14.61,1.42,21.22
3,Anand,Gujarat,2,0.0,0.04,0.0,0.0,0.0,0.16,4.03,30.36,1.99,32.97,16.29,1.72,23.33
3,Anand,Gujarat,3,0.01,0.25,0.0,0.0,0.16,0.33,0.73,35.03,2.06,37.61,20.29,1.68,27.66
3,Anand,Gujarat,4,0.03,0.45,0.0,0.0,0.8,0.75,1.26,38.39,1.58,40.29,23.89,1.29,31.14
3,Anand,Gujarat,5,0.28,3.36,0.0,0.02,4.24,5.04,6.13,39.31,1.33,40.9,26.63,0.89,32.97
3,Anand,Gujarat,6,3.44,10.09,8.56,19.05,51.19,36.38,42.34,36.19,2.16,38.93,27.63,0.69,31.91
3,Anand,Gujarat,7,13.35,21.34,38.47,55.18,94.88,263.9,308.2,31.75,1.63,34.02,26.4,0.59,29.08
3,Anand,Gujarat,8,8.04,14.32,22.48,36.18,69.59,348.41,664.07,30.61,1.2,32.02,25.58,0.51,28.1
3,Anand,Gujarat,9,5.33,13.39,15.3,28.77,66.92,194.46,819.05,32.17,1.55,34.2,25.29,0.67,28.73
3,Anand,Gujarat,10,0.4,2.9,0.43,1.44,8.24,72.78,609.12,34.34,1.5,36.02,23.03,1.72,28.68
3,Anand,Gujarat,11,0.42,5.21,0.03,0.16,3.76,12.43,274.32,32.07,1.47,33.75,19.32,1.78,25.7
3,Anand,Gujarat,12,0.01,0.12,0.0,0.0,0.23,4.05,84.64,29.05,1.46,30.8,15.95,1.55,22.5
4,Devbhumi Dwarka,Gujarat,1,0.0,0.01,0.0,0.0,0.03,0.07,15.63,25.93,1.38,27.77,15.93,1.41,20.93
4,Devbhumi Dwarka,Gujarat,2,0.01,0.16,0.0,0.0,0.05,0.14,3.49,27.89,1.84,30.39,17.41,1.77,22.65
4,Devbhumi Dwarka,Gujarat,3,0.0,0.1,0.0,0.0,0.02,0.29,0.51,31.4,1.92,33.84,20.54,1.61,25.97
4,Devbhumi Dwarka,Gujarat,4,0.0,0.01,0.0,0.0,0.0,0.04,0.47,33.82,1.45,35.64,23.47,1.33,28.64
4,Devbhumi Dwarka,Gujarat,5,0.1,1.57,0.0,0.0,0.36,1.52,1.85,34.49,0.96,35.66,26.29,1.02,30.39
4,Devbhumi Dwarka,Gujarat,6,2.86,11.04,4.88,17.89,61.09,37.38,38.99,33.49,1.3,34.99,27.89,0.65,30.69
4,Devbhumi Dwarka,Gujarat,7,7.42,17.04,24.27,42.54,87.92,161.26,201.91,30.87,1.23,32.46,27.25,0.67,29.06
4,Devbhumi Dwarka,Gujarat,8,3.95,11.44,10.34,25.06,53.93,184.63,392.3,29.85,0.93,31.0,26.31,0.53,28.08
4,Devbhumi Dwarka,Gujarat,9,1.78,6.05,4.1,8.82,30.64,77.05,428.36,30.87,1.09,32.2,25.65,0.65,28.26
4,Devbhumi Dwarka,Gujarat,10,0.23,1.32,0.13,0.86,5.63,25.24,282.48,32.98,1.27,34.54,24.02,1.38,28.5
4,Devbhumi Dwarka,Gujarat,11,0.43,4.21,0.0,0.04,12.2,11.94,111.22,31.03,1.6,32.97,20.99,1.71,26.01
4,Devbhumi Dwarka,Gujarat,12,0.01,0.2,0.0,0.0,0.07,3.58,39.4,27.6,1.63,29.66,17.49,1.66,22.54
5,Jamnagar,Gujarat,1,0.0,0.01,0.0,0.0,0.01,0.1,10.54,27.07,1.81,29.5,14.05,1.85,20.56
5,Jamnagar,Gujarat,2,0.01,0.22,0.0,0.0,0.01,0.16,2.51,29.34,2.33,32.46,15.65,2.23,22.49
5,Jamnagar,Gujarat,3,0.0,0.06,0.0,0.0,0.02,0.25,0.52,33.38,2.4,36.42,18.98,1.91,26.18
5,Jamnagar,Gujarat,4,0.0,0.01,0.0,0.0,0.01,0.03,0.44,36.25,1.88,38.62,21.83,1.53,29.04
5,Jamnagar,Gujarat,5,0.15,1.84,0.0,0.0,2.94,2.79,3.06,37.1,1.33,38.74,24.66,1.25,30.88
5,Jamnagar,Gujarat,6,2.53,8.96,5.95,13.3,45.36,30.24,33.15,35.33,1.88,37.52,26.81,0.88,31.07
5,Jamnagar,Gujarat,7,7.37,16.42,22.75,35.22,88.37,155.52,190.31,31.74,1.65,33.9,26.49,0.77,29.11
5,Jamnagar,Gujarat,8,4.35,11.66,12.16,28.21,61.68,193.31,387.88,30.57,1.25,32.07,25.61,0.66,28.09
5,Jamnagar,Gujarat,9,2.35,7.71,6.65,13.25,38.36,88.85,443.79,31.97,1.46,33.82,24.73,0.85,28.35
5,Jamnagar,Gujarat,10,0.3,1.95,0.11,1.02,5.66,36.93,315.38,34.37,1.61,36.31,22.86,1.65,28.61
5,Jamnagar,Gujarat,11,0.24,2.55,0.0,0.04,2.29,8.1,130.78,32.11,1.86,34.34,19.53,2.09,25.82
5,Jamnagar,Gujarat,12,0.01,0.15,0.0,0.0,0.1,2.41,45.52,28.68,1.96,31.04,15.69,2.06,22.18
6,Kachchh,Gujarat,1,0.01,0.07,0.0,0.0,0.12,0.16,4.26,26.2,1.87,28.7,13.23,1.81,19.71
6,Kachchh,Gujarat,2,0.03,0.34,0.0,0.02,0.44,0.46,1.71,28.74,2.37,31.84,15.17,2.26,21.95
6,Kachchh,Gujarat,3,0.01,0.06,0.0,0.01,0.14,0.56,1.17,33.22,2.45,36.34,19.1,2.02,26.16
6,Kachchh,Gujarat,4,0.01,0.11,0.0,0.0,0.13,0.2,1.22,36.62,1.92,38.98,22.31,1.52,29.47
6,Kachchh,Gujarat,5,0.06,0.59,0.0,0.04,1.63,1.06,1.8,37.8,1.45,39.64,25.06,1.15,31.43
6,Kachchh,Gujarat,6,0.69,2.43,1.57,3.87,11.02,9.37,10.65,36.23,1.86,38.45,26.93,0.77,31.58
6,Kachchh,Gujarat,7,4.54,9.7,14.59,23.34,45.05,73.71,84.65,32.68,1.84,35.05,26.36,0.74,29.52
6,Kachchh,Gujarat,8,2.62,6.11,8.63,15.78,30.38,122.16,210.18,31.33,1.4,33.08,25.29,0.64,28.31
6,Kachchh,Gujarat,9,1.85,5.4,4.67,11.31,28.23,66.34,267.11,32.87,1.67,35.05,24.48,0.9,28.68
6,Kachchh,Gujarat,10,0.12,0.86,0.05,0.32,3.08,23.14,209.21,34.75,1.63,36.7,22.57,1.63,28.66
6,Kachchh,Gujarat,11,0.09,0.84,0.03,0.07,3.09,2.99,90.62,31.58,1.89,33.8,18.81,1.96,25.2
6,Kachchh,Gujarat,12,0.01,0.21,0.0,0.0,0.11,1.14,25.7,27.78,1.97,30.16,14.68,1.96,21.23
7,Bhavnagar,Gujarat,1,0.0,0.04,0.0,0.0,0.1,0.09,18.34,27.54,1.62,29.68,15.52,1.54,21.53
7,Bhavnagar,Gujarat,2,0.0,0.03,0.0,0.0,0.0,0.06,3.92,29.77,2.06,32.53,16.95,1.85,23.36
7,Bhavnagar,Gujarat,3,0.01,0.11,0.0,0.0,0.07,0.21,0.36,33.82,2.12,36.42,20.6,1.71,27.21
7,Bhavnagar,Gujarat,4,0.01,0.21,0.0,0.0,0.07,0.23,0.51,36.73,1.66,38.79,23.59,1.27,30.16
7,Bhavnagar,Gujarat,5,0.07,0.77,0.0,0.04,0.94,1.65,2.1,37.89,1.28,39.42,25.6,0.88,31.74
7,Bhavnagar,Gujarat,6,3.61,11.02,10.07,18.55,51.56,38.71,40.65,35.19,2.03,37.67,26.95,0.74,31.07
7,Bhavnagar,Gujarat,7,9.28,19.79,25.58,49.81,87.4,215.59,258.53,31.51,1.5,33.53,26.14,0.65,28.82
7,Bhavnagar,Gujarat,8,5.27,11.86,14.76,24.77,67.91,224.91,490.72,30.54,1.17,31.95,25.37,0.55,27.95
7,Bhavnagar,Gujarat,9,3.1,8.85,7.5,15.93,43.39,114.67,561.64,31.86,1.41,33.63,24.92,0.65,28.39
7,Bhavnagar,Gujarat,10,0.76,3.98,0.82,2.17,20.23,59.12,394.29,33.78,1.45,35.46,23.65,1.5,28.71
7,Bhavnagar,Gujarat,11,0.38,4.02,0.08,0.19,9.55,14.48,185.09,31.63,1.5,33.43,20.59,1.88,26.11
7,Bhavnagar,Gujarat,12,0.0,0.03,0.0,0.0,0.04,4.08,75.29,28.76,1.56,30.61,17.17,1.73,22.96
8,Bharuch,Gujarat,1,0.01,0.09,0.0,0.0,0.1,0.27,16.81,28.22,1.67,30.45,15.08,1.57,21.65
8,Bharuch,Gujarat,2,0.0,0.04,0.0,0.0,0.01,0.12,3.98,30.59,2.11,33.36,16.84,1.89,23.71
8,Bharuch,Gujarat,3,0.01,0.13,0.0,0.0,0.09,0.21,0.6,34.98,2.16,37.63,20.71,1.83,27.85
8,Bharuch,Gujarat,4,0.01,0.09,0.0,0.0,0.09,0.18,0.52,37.97,1.59,39.87,24.27,1.41,31.12
8,Bharuch,Gujarat,5,0.12,1.27,0.0,0.01,2.47,1.22,1.61,38.33,1.3,39.94,27.1,0.98,32.72
8,Bharuch,Gujarat,6,5.03,15.01,11.0,31.12,74.42,53.4,54.84,35.18,2.23,38.03,27.8,0.82,31.49
8,Bharuch,Gujarat,7,11.17,21.12,34.75,53.25,103.82,262.86,321.16,31.13,1.54,33.22,26.52,0.69,28.82
8,Bharuch,Gujarat,8,8.62,18.08,24.2,41.81,93.41,325.14,655.85,30.18,1.15,31.56,25.74,0.54,27.96
8,Bharuch,Gujarat,9,5.68,16.24,14.52,30.06,84.66,198.73,795.31,31.66,1.49,33.62,25.47,0.65,28.56
8,Bharuch,Gujarat,10,0.77,4.51,0.99,2.69,16.51,91.94,611.87,34.07,1.46,35.76,23.29,1.82,28.68
8,Bharuch,Gujarat,11,0.34,3.94,0.08,0.29,7.59,12.99,298.45,32.17,1.47,33.92,19.61,1.97,25.89
8,Bharuch,Gujarat,12,0.01,0.19,0.0,0.0,0.13,3.88,104.02,29.37,1.53,31.21,16.32,1.68,22.84
9,Surat,Gujarat,1,0.0,0.05,0.0,0.0,0.08,0.19,24.37,28.12,1.72,30.3,15.65,1.68,21.88
9,Surat,Gujarat,2,0.0,0.05,0.0,0.0,0.01,0.09,6.19,30.35,2.19,33.2,17.22,1.98,23.78
9,Surat,Gujarat,3,0.01,0.1,0.0,0.0,0.15,0.2,0.49,34.5,2.21,37.28,20.8,1.91,27.65
9,Surat,Gujarat,4,0.01,0.18,0.0,0.0,0.06,0.21,0.51,37.19,1.58,39.15,24.28,1.52,30.74
9,Surat,Gujarat,5,0.18,2.04,0.0,0.04,3.52,1.46,1.87,37.27,1.25,38.83,27.33,1.07,32.3
9,Surat,Gujarat,6,7.34,20.26,18.87,45.25,114.37,81.04,82.76,34.22,2.25,37.08,27.87,0.99,31.05
9,Surat,Gujarat,7,14.13,23.68,39.92,67.28,114.63,349.66,437.35,30.51,1.49,32.46,26.57,0.79,28.54
9,Surat,Gujarat,8,8.79,16.11,23.58,38.26,74.39,370.46,819.82,29.68,1.13,31.03,25.82,0.6,27.75
9,Surat,Gujarat,9,5.97,14.01,15.27,31.93,72.31,208.64,936.71,31.03,1.45,32.91,25.5,0.71,28.26
9,Surat,Gujarat,10,0.97,4.27,1.39,3.93,24.54,99.78,672.57,33.55,1.44,35.21,23.4,1.84,28.48
9,Surat,Gujarat,11,0.57,5.59,0.1,0.45,15.12,18.07,321.29,31.81,1.47,33.63,20.11,2.07,25.96
9,Surat,Gujarat,12,0.01,0.18,0.0,0.0,0.1,6.33,119.2,29.17,1.55,31.04,17.01,1.8,23.09
10,Navsari,Gujarat,1,0.0,0.03,0.0,0.0,0.11,0.15,23.77,29.28,1.73,31.47,16.13,1.75,22.7
10,Navsari,Gujarat,2,0.0,0.09,0.0,0.0,0.02,0.09,4.67,31.26,2.19,34.08,17.56,2.02,24.41
10,Navsari,Gujarat,3,0.01,0.05,0.0,0.0,0.13,0.2,0.45,34.98,2.16,37.74,20.9,1.95,27.94
10,Navsari,Gujarat,4,0.01,0.1,0.0,0.0,0.11,0.14,0.44,37.03,1.53,38.97,24.42,1.61,30.73
10,Navsari,Gujarat,5,0.29,3.22,0.0,0.11,5.46,1.62,1.96,36.81,1.16,38.22,27.74,1.15,32.27
10,Navsari,Gujarat,6,10.72,28.87,26.73,52.16,141.54,118.55,120.36,34.02,2.15,36.81,28.29,1.04,31.15
10,Navsari,Gujarat,7,21.75,32.34,65.42,89.41,147.03,533.61,661.28,30.71,1.4,32.51,27.08,0.8,28.89
10,Navsari,Gujarat,8,11.79,20.01,31.77,49.92,97.72,536.51,1217.04,30.0,1.11,31.35,26.38,0.63,28.19
10,Navsari,Gujarat,9,8.38,17.0,23.09,37.31,83.38,282.89,1365.28,31.23,1.41,33.04,25.99,0.73,28.61
10,Navsari,Gujarat,10,1.44,5.59,3.39,7.45,29.86,141.46,949.91,34.12,1.49,35.77,23.79,1.89,28.95
10,Navsari,Gujarat,11,0.45,3.72,0.18,0.79,10.24,19.64,437.34,32.8,1.46,34.62,20.64,2.18,26.72
10,Navsari,Gujarat,12,0.01,0.12,0.0,0.0,0.23,4.82,158.77,30.4,1.58,32.27,17.59,1.9,24.0
11,Valsad,Gujarat,1,0.0,0.03,0.0,0.0,0.09,0.24,24.42,29.39,1.53,31.33,16.87,1.58,23.13
11,Valsad,Gujarat,2,0.01,0.11,0.0,0.01,0.11,0.11,4.66,31.19,1.96,33.77,17.91,1.77,24.55
11,Valsad,Gujarat,3,0.0,0.02,0.0,0.0,0.07,0.18,0.55,34.6,1.95,37.1,20.82,1.71,27.71
11,Valsad,Gujarat,4,0.01,0.15,0.0,0.01,0.14,0.18,0.48,36.52,1.38,38.27,23.84,1.44,30.18
11,Valsad,Gujarat,5,0.21,1.95,0.02,0.31,5.12,1.41,1.77,36.24,1.09,37.6,26.83,1.06,31.53
11,Valsad,Gujarat,6,11.87,28.77,28.88,55.76,136.45,137.14,138.77,33.12,2.08,35.92,27.45,0.85,30.28
11,Valsad,Gujarat,7,22.0,29.21,63.09,83.76,137.15,545.93,692.43,29.96,1.23,31.52,26.41,0.64,28.19
11,Valsad,Gujarat,8,13.43,19.37,34.06,49.46,96.11,574.13,1286.37,29.39,1.0,30.65,25.79,0.52,27.59
11,Valsad,Gujarat,9,8.48,15.84,24.09,33.05,82.33,304.06,1435.87,30.61,1.29,32.32,25.4,0.63,28.01
11,Valsad,Gujarat,10,1.83,6.06,4.36,9.69,27.39,153.4,1021.22,33.43,1.41,35.03,23.8,1.54,28.61
11,Valsad,Gujarat,11,0.39,2.58,0.37,0.88,10.87,20.88,470.4,32.46,1.26,34.05,21.38,1.94,26.92
11,Valsad,Gujarat,12,0.02,0.17,0.0,0.0,0.42,4.66,172.07,30.39,1.39,32.01,18.54,1.76,24.46
12,Agar Malwa,Madhya Pradesh,1,0.26,1.66,0.0,0.4,9.19,5.24,15.45,24.27,2.61,27.66,10.73,2.3,17.5
12,Agar Malwa,Madhya Pradesh,2,0.06,0.37,0.0,0.02,2.16,4.4,12.53,27.43,2.97,31.28,13.12,2.57,20.28
12,Agar Malwa,Madhya Pradesh,3,0.11,0.91,0.0,0.1,3.81,2.98,12.63,32.87,3.04,36.68,18.03,2.62,25.45
12,Agar Malwa,Madhya Pradesh,4,0.02,0.18,0.0,0.02,0.38,1.48,8.91,37.75,2.4,40.62,23.29,2.36,30.52
12,Agar Malwa,Madhya Pradesh,5,0.23,1.09,0.24,1.08,5.95,3.31,7.77,40.2,1.94,42.59,27.25,1.7,33.72
12,Agar Malwa,Madhya Pradesh,6,3.29,8.61,9.73,18.09,45.7,38.16,42.96,36.86,3.43,41.39,26.99,1.79,31.93
12,Agar Malwa,Madhya Pradesh,7,11.18,20.12,36.09,52.02,101.81,217.54,261.32,30.7,2.63,34.29,24.94,1.2,27.82
12,Agar Malwa,Madhya Pradesh,8,10.81,19.59,31.22,51.33,94.98,359.06,627.91,28.97,1.65,31.0,24.02,0.82,26.49
12,Agar Malwa,Madhya Pradesh,9,4.35,11.51,14.15,22.08,54.11,235.66,824.45,30.85,2.06,33.53,23.3,1.01,27.07
12,Agar Malwa,Madhya Pradesh,10,0.52,3.29,0.23,2.17,13.65,54.86,645.23,32.15,1.92,34.5,20.0,2.22,26.07
12,Agar Malwa,Madhya Pradesh,11,0.17,1.25,0.0,0.1,6.02,7.65,289.12,28.79,1.99,31.17,15.66,2.3,22.22
12,Agar Malwa,Madhya Pradesh,12,0.06,0.55,0.0,0.0,1.52,2.96,62.06,25.45,2.19,28.12,11.78,2.22,18.62
14,Agra,Uttar Pradesh,1,0.38,2.25,0.14,1.02,11.68,7.39,16.5,20.91,2.72,24.19,8.16,2.31,14.53
14,Agra,Uttar Pradesh,2,0.32,1.68,0.08,1.24,7.56,10.9,20.43,24.87,3.01,28.67,11.21,2.68,18.04
14,Agra,Uttar Pradesh,3,0.31,1.85,0.1,1.0,7.15,9.98,27.94,31.38,3.33,35.47,16.36,2.75,23.87
14,Agra,Uttar Pradesh,4,0.2,1.31,0.02,0.46,5.37,6.97,27.85,37.8,2.96,41.43,22.02,2.68,29.91
14,Agra,Uttar Pradesh,5,0.42,1.86,0.62,1.92,9.85,8.86,25.72,40.99,2.52,43.92,26.73,2.32,33.86
14,Agra,Uttar Pradesh,6,1.56,5.97,3.73,8.69,23.54,20.93,36.77,39.49,3.22,43.43,28.93,1.9,34.21
14,Agra,Uttar Pradesh,7,6.22,11.2,17.92,27.81,51.83,125.81,156.74,34.33,2.66,38.16,27.57,1.46,30.95
14,Agra,Uttar Pradesh,8,7.52,12.64,23.69,33.42,60.84,217.09,370.6,32.71,1.69,34.89,26.65,0.94,29.68
14,Agra,Uttar Pradesh,9,4.26,9.78,15.9,24.99,47.19,185.26,536.15,33.24,1.97,35.67,25.29,1.35,29.27
14,Agra,Uttar Pradesh,10,0.84,4.83,0.05,2.96,21.38,63.93,465.43,32.81,2.15,35.43,20.18,2.48,26.49
14,Agra,Uttar Pradesh,11,0.09,0.9,0.0,0.0,2.02,7.69,251.47,28.04,2.28,30.87,14.6,2.39,21.32
14,Agra,Uttar Pradesh,12,0.09,0.73,0.0,0.06,1.52,2.32,70.58,22.88,2.55,25.88,9.7,2.34,16.29
15,Ajmer,Rajasthan,1,0.13,0.92,0.11,0.29,4.29,2.59,8.26,22.75,2.58,25.93,8.53,2.3,15.64
15,Ajmer,Rajasthan,2,0.1,0.75,0.01,0.13,2.76,3.18,8.02,26.1,3.18,30.36,11.27,2.83,18.69
15,Ajmer,Rajasthan,3,0.07,0.84,0.01,0.12,1.09,2.98,8.7,32.07,3.37,36.22,16.77,2.92,24.42
15,Ajmer,Rajasthan,4,0.18,1.14,0.12,0.56,4.36,3.63,9.82,37.45,2.87,40.92,22.29,2.79,29.87
15,Ajmer,Rajasthan,5,0.42,1.84,0.89,2.45,9.4,8.0,14.63,40.31,2.32,43.02,26.86,2.24,33.58
15,Ajmer,Rajasthan,6,1.34,3.77,3.69,7.33,21.2,21.7,33.55,38.69,2.71,42.29,28.0,1.75,33.34
15,Ajmer,Rajasthan,7,7.25,12.55,22.52,33.25,56.35,127.73,158.37,33.59,2.69,37.13,26.15,1.4,29.87
15,Ajmer,Rajasthan,8,5.88,10.39,17.96,27.93,49.95,216.37,373.32,31.59,1.74,33.89,25.04,0.93,28.32
15,Ajmer,Rajasthan,9,2.83,7.53,8.67,16.89,39.87,132.01,484.61,33.09,2.02,35.71,24.09,1.19,28.59
15,Ajmer,Rajasthan,10,0.19,0.91,0.2,0.93,5.23,33.58,378.89,33.33,2.1,35.83,20.11,2.43,26.72
15,Ajmer,Rajasthan,11,0.13,1.24,0.0,0.02,4.1,3.35,164.17,28.7,2.34,31.5,14.78,2.38,21.74
15,Ajmer,Rajasthan,12,0.02,0.3,0.0,0.0,0.31,2.36,36.85,24.26,2.43,27.18,10.12,2.35,17.19
16,Alappuzha,Kerala,1,0.47,1.31,1.61,2.85,6.97,20.55,414.87,31.05,0.63,31.8,22.54,0.79,26.8
16,Alappuzha,Kerala,2,0.93,2.49,2.88,5.02,12.46,19.61,147.82,32.27,0.69,33.1,23.31,0.84,27.79
16,Alappuzha,Kerala,3,1.75,3.85,5.89,9.3,16.59,35.56,76.08,33.28,0.73,34.03,24.74,0.79,29.01
16,Alappuzha,Kerala,4,4.98,6.5,13.26,17.04,27.71,102.22,157.76,32.75,0.83,33.74,25.86,0.57,29.3
16,Alappuzha,Kerala,5,9.2,12.52,23.58,34.78,59.53,203.81,344.26,31.5,1.02,32.57,26.13,0.59,28.82
16,Alappuzha,Kerala,6,20.66,23.79,50.86,74.73,105.99,485.56,796.51,29.3,0.97,30.53,25.27,0.56,27.28
16,Alappuzha,Kerala,7,17.17,17.88,38.0,55.34,87.13,556.36,1254.34,28.81,0.77,29.8,24.69,0.42,26.75
16,Alappuzha,Kerala,8,12.15,15.28,30.93,45.5,73.34,438.6,1492.1,28.91,0.71,29.73,24.59,0.36,26.75
16,Alappuzha,Kerala,9,9.03,11.06,22.92,30.0,50.12,308.15,1295.09,29.47,0.71,30.33,24.69,0.34,27.08
16,Alappuzha,Kerala,10,10.65,11.39,24.1,34.28,49.97,292.84,1033.15,29.68,0.73,30.54,24.4,0.42,27.04
16,Alappuzha,Kerala,11,7.47,10.76,19.53,28.59,51.31,293.51,892.39,29.62,0.76,30.45,23.89,0.51,26.76
16,Alappuzha,Kerala,12,1.33,3.42,4.53,7.28,17.16,114.07,699.62,30.11,0.72,30.89,23.03,0.87,26.57
17,Aligarh,Uttar Pradesh,1,0.64,3.64,0.09,2.1,18.94,14.67,24.58,20.32,2.7,23.65,7.75,2.25,14.04
17,Aligarh,Uttar Pradesh,2,0.74,3.7,0.24,3.09,24.11,20.41,37.45,23.87,2.88,27.47,10.82,2.59,17.34
17,Aligarh,Uttar Pradesh,3,0.43,2.55,0.09,1.39,11.49,19.49,54.19,30.2,3.32,34.42,15.78,2.68,22.99
17,Aligarh,Uttar Pradesh,4,0.46,3.13,0.05,0.89,17.01,10.26,50.13,36.87,3.05,40.67,21.35,2.7,29.11
17,Aligarh,Uttar Pradesh,5,0.5,2.09,0.69,2.61,11.86,15.31,44.81,40.0,2.7,43.09,25.84,2.34,32.92
17,Aligarh,Uttar Pradesh,6,1.54,5.46,4.4,10.5,22.2,23.08,48.8,38.9,3.17,42.84,28.12,1.86,33.51
17,Aligarh,Uttar Pradesh,7,7.84,16.56,23.36,40.58,80.93,150.58,189.97,34.26,2.52,37.81,27.34,1.4,30.8
17,Aligarh,Uttar Pradesh,8,8.2,17.82,26.22,40.9,85.7,242.71,424.67,32.85,1.69,34.98,26.63,0.97,29.74
17,Aligarh,Uttar Pradesh,9,5.1,13.95,14.24,31.9,70.5,219.02,621.77,33.07,1.93,35.31,25.08,1.42,29.07
17,Aligarh,Uttar Pradesh,10,0.83,5.49,0.0,1.42,25.91,71.99,531.65,32.29,2.08,34.83,19.76,2.56,26.02
17,Aligarh,Uttar Pradesh,11,0.06,0.81,0.0,0.0,0.62,8.22,293.48,27.62,2.24,30.4,14.17,2.34,20.9
17,Aligarh,Uttar Pradesh,12,0.21,1.91,0.0,0.12,4.73,2.44,78.44,22.48,2.6,25.4,9.28,2.31,15.88
18,Alirajpur,Madhya Pradesh,1,0.04,0.44,0.01,0.05,0.8,0.8,14.65,26.37,2.21,29.22,13.41,2.04,19.89
18,Alirajpur,Madhya Pradesh,2,0.03,0.28,0.0,0.03,0.56,1.23,4.74,29.12,2.65,32.52,15.43,2.38,22.28
18,Alirajpur,Madhya Pradesh,3,0.05,0.84,0.0,0.0,0.13,1.48,3.48,34.03,2.72,37.42,19.68,2.34,26.86
18,Alirajpur,Madhya Pradesh,4,0.01,0.11,0.0,0.0,0.15,0.51,3.24,38.06,2.06,40.62,23.59,1.81,30.82
18,Alirajpur,Madhya Pradesh,5,0.19,1.79,0.0,0.13,3.9,2.97,4.95,39.21,1.7,41.31,26.17,1.13,32.69
18,Alirajpur,Madhya Pradesh,6,3.45,9.36,10.27,22.95,47.97,42.62,46.17,35.41,3.13,39.47,26.39,1.26,30.9
18,Alirajpur,Madhya Pradesh,7,9.32,17.97,25.45,45.28,89.03,194.95,242.94,30.17,2.14,33.09,24.94,0.99,27.55
18,Alirajpur,Madhya Pradesh,8,8.27,17.4,24.52,42.41,90.37,293.66,542.55,28.84,1.51,30.68,24.1,0.75,26.47
18,Alirajpur,Madhya Pradesh,9,5.51,13.19,16.72,29.34,70.66,201.98,699.3,30.73,1.92,33.28,23.77,0.88,27.25
18,Alirajpur,Madhya Pradesh,10,1.0,4.61,0.89,5.9,20.25,87.58,580.56,32.71,1.7,34.73,21.72,1.99,27.21
18,Alirajpur,Madhya Pradesh,11,0.2,2.21,0.0,0.04,3.18,11.88,296.28,30.17,1.72,32.35,18.05,2.28,24.11
18,Alirajpur,Madhya Pradesh,12,0.03,0.37,0.0,0.0,0.4,2.89,97.86,27.33,1.89,29.6,14.58,2.09,20.96
20,Almora,Uttarakhand,1,1.42,6.34,0.65,6.99,39.79,33.36,61.09,17.71,2.55,20.85,6.04,1.98,11.87
20,Almora,Uttarakhand,2,1.93,7.84,4.49,10.52,33.34,46.01,90.55,19.98,2.72,23.27,8.49,2.3,14.23
20,Almora,Uttarakhand,3,1.6,6.52,2.91,10.13,30.06,58.84,137.41,25.09,3.1,28.97,12.72,2.59,18.9
20,Almora,Uttarakhand,4,0.9,3.75,1.62,4.84,21.67,32.6,137.72,30.44,2.94,34.09,17.45,2.51,23.94
20,Almora,Uttarakhand,5,2.59,8.19,8.17,15.41,43.07,56.93,147.72,32.95,2.7,36.23,21.01,2.17,26.98
20,Almora,Uttarakhand,6,5.21,15.09,15.59,24.29,53.6,101.01,191.05,32.29,3.0,36.23,23.2,1.65,27.74
20,Almora,Uttarakhand,7,10.85,17.55,28.99,41.42,84.0,252.09,413.58,29.33,1.99,31.83,23.59,1.16,26.46
20,Almora,Uttarakhand,8,9.35,17.81,24.55,39.03,73.42,316.66,680.21,28.76,1.5,30.58,23.17,0.89,25.97
20,Almora,Uttarakhand,9,7.55,19.76,21.26,39.16,106.66,262.4,838.98,28.61,1.73,30.5,21.28,1.36,24.94
20,Almora,Uttarakhand,10,1.01,5.01,0.82,4.48,22.58,112.72,688.73,27.08,1.91,29.33,16.79,2.24,21.93
20,Almora,Uttarakhand,11,0.4,4.06,0.04,0.32,10.24,15.89,385.5,23.41,1.75,25.51,12.15,1.99,17.78
20,Almora,Uttarakhand,12,0.56,3.14,0.17,1.64,16.05,11.75,134.04,19.79,2.39,22.33,7.97,2.03,13.88
21,Alwar,Rajasthan,1,0.33,2.03,0.09,0.81,9.08,7.06,20.16,20.29,2.64,23.5,7.36,2.35,13.83
21,Alwar,Rajasthan,2,0.48,2.35,0.32,2.03,12.19,11.55,23.51,24.05,3.1,28.14,10.31,2.74,17.18
21,Alwar,Rajasthan,3,0.27,1.84,0.18,0.66,6.61,12.85,31.31,30.29,3.45,34.6,15.44,2.8,22.87
21,Alwar,Rajasthan,4,0.17,1.17,0.08,0.35,4.66,5.71,30.14,36.57,3.16,40.53,21.11,2.84,28.84
21,Alwar,Rajasthan,5,0.8,3.45,1.46,3.98,15.93,12.95,31.22,39.97,2.79,43.18,25.76,2.56,32.86
21,Alwar,Rajasthan,6,1.79,6.41,5.01,8.4,20.74,32.4,51.29,39.03,2.99,42.72,28.31,1.99,33.67
21,Alwar,Rajasthan,7,5.96,11.94,17.12,31.39,59.62,126.97,173.76,34.51,2.65,38.3,27.41,1.53,30.96
21,Alwar,Rajasthan,8,7.19,13.27,24.54,38.4,60.99,206.67,372.0,32.97,1.87,35.47,26.47,1.03,29.72
21,Alwar,Rajasthan,9,3.78,10.62,10.95,24.31,59.06,173.44,514.28,33.54,2.0,36.02,24.8,1.5,29.17
21,Alwar,Rajasthan,10,0.65,4.17,0.14,1.26,18.77,50.3,429.33,32.68,2.29,35.57,19.54,2.52,26.11
21,Alwar,Rajasthan,11,0.19,1.68,0.02,0.09,4.7,8.62,227.01,27.52,2.42,30.51,14.0,2.39,20.76
21,Alwar,Rajasthan,12,0.12,1.14,0.0,0.05,3.3,4.91,60.77,22.31,2.62,25.42,9.07,2.44,15.68
22,Ambedkarnagar,Uttar Pradesh,1,0.8,4.99,0.47,1.97,28.01,18.93,36.96,21.53,2.81,24.72,9.31,2.32,15.42
22,Ambedkarnagar,Uttar Pradesh,2,0.95,4.94,0.66,3.19,26.76,26.93,50.58,25.13,2.64,28.53,12.32,2.39,18.72
22,Ambedkarnagar,Uttar Pradesh,3,0.89,6.24,0.34,1.5,22.83,27.02,72.24,31.34,3.03,35.05,16.98,2.56,24.16
22,Ambedkarnagar,Uttar Pradesh,4,0.8,5.83,0.39,1.2,19.49,22.41,76.23,36.99,2.49,39.99,22.27,2.21,29.63
22,Ambedkarnagar,Uttar Pradesh,5,1.01,4.14,1.76,5.18,18.81,27.58,76.95,38.32,2.39,41.29,25.67,1.82,32.0
22,Ambedkarnagar,Uttar Pradesh,6,5.28,13.29,15.64,28.16,75.87,76.99,127.06,36.78,3.35,41.14,27.32,1.56,32.05
22,Ambedkarnagar,Uttar Pradesh,7,11.02,19.1,36.0,56.34,83.44,272.58,380.23,32.69,1.98,35.1,26.76,1.12,29.73
22,Ambedkarnagar,Uttar Pradesh,8,10.07,18.28,34.82,54.02,83.07,310.09,672.54,32.28,1.34,33.9,26.59,0.83,29.43
22,Ambedkarnagar,Uttar Pradesh,9,7.28,16.61,20.9,43.73,77.81,277.15,867.98,31.97,1.63,33.96,25.64,1.14,28.8
22,Ambedkarnagar,Uttar Pradesh,10,1.43,6.96,1.47,4.67,41.03,119.41,703.52,31.44,1.61,33.44,21.25,2.58,26.34
22,Ambedkarnagar,Uttar Pradesh,11,0.08,1.06,0.0,0.01,1.1,14.23,404.61,28.17,1.84,30.37,15.52,2.42,21.85
22,Ambedkarnagar,Uttar Pradesh,12,0.33,3.26,0.06,0.25,3.57,4.64,132.37,23.63,2.41,26.1,10.82,2.14,17.23
23,Amethi,Uttar Pradesh,1,0.53,3.59,0.03,1.17,14.84,15.94,29.42,21.55,2.94,24.92,9.02,2.38,15.29
23,Amethi,Uttar Pradesh,2,0.58,3.25,0.23,2.07,14.73,16.55,36.62,25.24,2.76,28.8,12.08,2.47,18.66
23,Amethi,Uttar Pradesh,3,0.6,5.01,0.01,0.57,16.56,16.45,48.6,31.46,3.11,35.22,16.8,2.59,24.13
23,Amethi,Uttar Pradesh,4,0.36,2.98,0.07,0.67,6.05,14.31,47.2,37.31,2.59,40.41,22.21,2.28,29.76
23,Amethi,Uttar Pradesh,5,0.71,3.46,0.58,3.32,18.0,15.89,46.47,39.12,2.34,41.96,25.92,1.91,32.52
23,Amethi,Uttar Pradesh,6,3.95,12.06,11.4,26.94,63.29,55.23,85.43,37.39,3.51,41.87,27.64,1.62,32.51
23,Amethi,Uttar Pradesh,7,9.29,18.12,31.21,54.92,83.43,224.0,297.62,32.91,2.18,35.64,26.81,1.17,29.86
23,Amethi,Uttar Pradesh,8,8.26,17.01,26.85,47.74,86.41,269.35,559.43,32.24,1.41,33.97,26.51,0.81,29.37
23,Amethi,Uttar Pradesh,9,6.68,16.16,21.84,44.61,80.03,234.47,735.7,32.08,1.72,34.27,25.48,1.14,28.78
23,Amethi,Uttar Pradesh,10,1.22,6.64,0.53,3.55,31.93,100.3,601.78,31.69,1.74,33.72,20.88,2.6,26.29
23,Amethi,Uttar Pradesh,11,0.04,0.75,0.0,0.0,0.25,10.23,339.94,28.15,1.93,30.5,15.17,2.44,21.66
23,Amethi,Uttar Pradesh,12,0.35,3.4,0.0,0.05,7.83,4.0,109.27,23.62,2.46,26.18,10.54,2.17,17.08
24,Amroha,Uttar Pradesh,1,1.13,7.46,0.5,2.25,32.24,35.79,57.41,19.65,2.62,22.87,7.47,2.08,13.56
24,Amroha,Uttar Pradesh,2,1.19,6.54,0.95,2.71,32.29,33.82,78.05,22.81,2.76,26.18,10.1,2.4,16.45
24,Amroha,Uttar Pradesh,3,0.99,6.09,0.63,2.29,30.86,37.57,106.61,28.75,3.26,32.9,14.56,2.59,21.66
24,Amroha,Uttar Pradesh,4,1.38,11.09,0.26,0.98,70.61,29.55,101.08,35.11,3.09,38.99,19.71,2.63,27.41
24,Amroha,Uttar Pradesh,5,0.7,3.43,0.81,2.85,14.95,31.46,98.6,37.9,2.78,41.14,23.9,2.26,30.9
24,Amroha,Uttar Pradesh,6,3.72,11.82,9.62,23.22,67.75,55.23,116.46,36.97,3.18,41.06,26.19,1.75,31.58
24,Amroha,Uttar Pradesh,7,11.31,25.42,36.75,69.15,119.82,238.19,326.29,32.94,2.29,35.96,26.15,1.28,29.54
24,Amroha,Uttar Pradesh,8,11.78,27.07,36.55,64.85,131.24,352.05,658.28,31.94,1.64,33.94,25.73,0.93,28.83
24,Amroha,Uttar Pradesh,9,6.02,16.37,16.7,37.36,81.37,288.84,890.68,31.82,1.85,33.93,24.11,1.4,27.97
24,Amroha,Uttar Pradesh,10,1.1,7.49,0.55,2.59,31.5,84.41,721.69,30.87,1.94,33.11,18.84,2.54,24.85
24,Amroha,Uttar Pradesh,11,0.07,0.91,0.0,0.07,1.07,13.57,377.88,26.66,2.08,29.25,13.5,2.17,20.08
24,Amroha,Uttar Pradesh,12,0.84,6.88,0.13,0.48,26.44,8.21,101.24,21.87,2.55,24.62,9.01,2.17,15.44
25,Anantapur,Andhra Pradesh,1,0.04,0.42,0.0,0.03,0.93,2.69,85.15,29.8,1.37,31.55,17.03,1.6,23.42
25,Anantapur,Andhra Pradesh,2,0.04,0.25,0.0,0.03,1.22,1.0,17.27,32.68,1.55,34.73,18.83,1.59,25.76
25,Anantapur,Andhra Pradesh,3,0.07,0.38,0.05,0.35,2.14,1.65,5.44,35.69,1.56,37.58,21.7,1.63,28.7
25,Anantapur,Andhra Pradesh,4,0.65,2.31,1.57,4.21,11.41,9.85,12.53,37.22,1.4,38.76,24.31,1.14,30.77
25,Anantapur,Andhra Pradesh,5,1.87,5.17,5.92,11.29,25.98,35.19,47.07,36.74,1.85,38.75,25.07,1.01,30.91
25,Anantapur,Andhra Pradesh,6,1.24,3.16,3.53,6.98,15.45,54.75,100.88,32.79,1.94,35.07,24.03,0.84,28.41
25,Anantapur,Andhra Pradesh,7,1.19,2.77,3.86,6.35,13.18,32.13,122.7,30.93,1.63,33.04,23.26,0.66,27.1
25,Anantapur,Andhra Pradesh,8,2.24,5.05,6.93,13.72,26.0,50.25,135.85,30.27,1.4,31.94,22.81,0.56,26.54
25,Anantapur,Andhra Pradesh,9,3.89,7.67,13.12,20.91,35.0,96.86,179.61,30.79,1.42,32.62,22.51,0.59,26.65
25,Anantapur,Andhra Pradesh,10,3.72,7.67,11.97,19.41,37.9,119.95,268.75,30.34,1.5,32.1,21.69,1.0,26.02
25,Anantapur,Andhra Pradesh,11,1.25,3.87,3.52,7.75,18.74,72.68,291.24,29.09,1.33,30.61,19.45,1.84,24.27
25,Anantapur,Andhra Pradesh,12,0.2,1.08,0.15,0.91,4.01,15.97,207.0,28.52,1.25,29.96,17.4,1.73,22.96
26,Anugul,Odisha,1,0.37,2.15,0.16,1.05,10.72,7.68,50.04,27.03,1.87,29.43,15.38,2.18,21.2
26,Anugul,Odisha,2,0.91,4.6,0.64,4.31,24.55,16.83,29.7,30.42,2.33,33.35,17.95,2.07,24.18
26,Anugul,Odisha,3,0.79,3.36,1.41,4.26,20.31,27.86,52.06,34.91,2.19,37.48,21.42,1.8,28.16
26,Anugul,Odisha,4,1.14,3.69,3.06,7.65,18.05,24.26,69.09,38.03,1.83,40.19,24.7,1.57,31.37
26,Anugul,Odisha,5,1.64,4.42,4.78,9.11,20.97,43.19,95.58,38.62,2.05,41.05,26.81,1.56,32.72
26,Anugul,Odisha,6,6.57,11.49,20.01,29.15,58.07,110.04,178.12,34.67,3.27,39.09,27.12,1.47,30.89
26,Anugul,Odisha,7,9.86,14.18,28.1,44.69,61.51,256.0,412.67,31.15,1.59,33.19,26.09,0.93,28.62
26,Anugul,Odisha,8,11.02,14.5,31.64,43.49,61.43,331.14,708.36,30.85,1.31,32.49,25.89,0.86,28.37
26,Anugul,Odisha,9,7.56,11.71,21.98,30.92,57.31,283.51,876.56,31.47,1.35,33.06,25.57,0.78,28.52
26,Anugul,Odisha,10,2.2,6.56,6.01,12.03,34.8,135.68,749.31,31.07,1.48,32.87,23.4,1.72,27.23
26,Anugul,Odisha,11,0.57,3.55,0.12,1.75,18.96,38.11,450.97,29.03,1.45,30.83,19.25,2.32,24.14
26,Anugul,Odisha,12,0.12,0.99,0.0,0.05,3.08,6.09,173.96,26.8,1.45,28.6,15.63,2.03,21.21
27,Anuppur,Madhya Pradesh,1,1.01,4.99,0.63,4.33,23.47,18.52,45.1,23.04,2.33,26.15,10.11,2.41,16.57
27,Anuppur,Madhya Pradesh,2,1.07,5.12,0.75,4.14,28.94,31.38,55.86,26.34,2.72,29.82,12.63,2.37,19.49
27,Anuppur,Madhya Pradesh,3,0.79,4.08,0.48,3.17,21.7,31.04,80.09,31.53,3.0,35.21,16.88,2.4,24.21
27,Anuppur,Madhya Pradesh,4,0.65,3.39,0.45,1.82,17.17,18.11,80.38,36.56,2.5,39.51,21.57,2.12,29.06
27,Anuppur,Madhya Pradesh,5,0.5,2.23,0.55,2.06,13.07,16.39,65.1,39.09,2.12,41.75,25.25,1.82,32.17
27,Anuppur,Madhya Pradesh,6,6.23,14.2,18.69,38.48,70.45,65.75,100.12,35.01,4.16,40.25,26.01,1.84,30.51
27,Anuppur,Madhya Pradesh,7,11.83,17.1,34.41,46.24,85.68,308.02,394.24,29.54,2.09,32.17,24.21,1.01,26.88
27,Anuppur,Madhya Pradesh,8,12.43,18.69,38.14,54.1,81.38,391.0,780.42,28.77,1.5,30.64,23.66,0.73,26.22
27,Anuppur,Madhya Pradesh,9,7.19,14.74,22.08,36.6,80.71,298.95,1007.78,29.51,1.6,31.43,22.81,0.95,26.16
27,Anuppur,Madhya Pradesh,10,1.81,8.03,2.58,9.73,35.0,111.93,799.34,29.11,1.65,31.15,19.43,2.26,24.27
27,Anuppur,Madhya Pradesh,11,0.35,2.38,0.11,0.42,13.62,22.74,424.97,26.22,1.64,28.26,14.88,2.35,20.55
27,Anuppur,Madhya Pradesh,12,0.17,1.23,0.03,0.17,5.49,6.19,135.4,23.5,1.78,25.65,10.93,2.08,17.21
28,Aravalli,Gujarat,1,0.04,0.75,0.0,0.0,0.09,0.73,9.41,25.34,2.25,28.31,12.46,1.98,18.9
28,Aravalli,Gujarat,2,0.02,0.38,0.0,0.0,0.17,0.97,3.6,28.2,2.74,31.83,14.37,2.47,21.29
28,Aravalli,Gujarat,3,0.03,0.55,0.0,0.0,0.07,1.11,2.79,33.45,2.87,37.11,18.78,2.44,26.11
28,Aravalli,Gujarat,4,0.04,0.64,0.0,0.0,0.55,0.51,2.62,37.53,2.2,40.22,22.7,1.9,30.12
28,Aravalli,Gujarat,5,0.15,1.38,0.0,0.05,3.67,2.94,4.57,39.08,1.76,41.22,25.84,1.3,32.46
28,Aravalli,Gujarat,6,2.52,9.14,7.02,14.01,39.24,29.18,32.72,36.17,2.84,39.89,26.58,1.24,31.37
28,Aravalli,Gujarat,7,11.71,24.54,38.59,60.3,131.16,212.16,246.01,30.79,2.28,33.92,25.19,1.06,27.99
28,Aravalli,Gujarat,8,9.35,21.02,25.87,45.06,112.5,353.67,608.5,29.37,1.52,31.2,24.35,0.81,26.86
28,Aravalli,Gujarat,9,4.85,15.57,12.92,27.53,80.03,207.81,787.17,31.22,2.03,33.93,23.86,1.0,27.54
28,Aravalli,Gujarat,10,0.34,2.22,0.13,0.69,7.39,60.27,616.1,33.07,1.8,35.31,21.08,2.09,27.07
28,Aravalli,Gujarat,11,0.19,2.02,0.0,0.0,4.75,6.72,268.01,29.94,1.95,32.41,17.32,2.17,23.63
28,Aravalli,Gujarat,12,0.01,0.24,0.0,0.0,0.05,2.06,64.8,26.55,2.01,28.92,13.84,2.09,20.2
29,Ashoknagar,Madhya Pradesh,1,0.35,2.25,0.01,0.5,12.33,8.19,25.55,22.47,2.67,25.95,9.7,2.38,16.08
29,Ashoknagar,Madhya Pradesh,2,0.38,2.24,0.03,0.97,11.52,9.97,25.92,26.11,3.08,30.07,12.36,2.64,19.23
29,Ashoknagar,Madhya Pradesh,3,0.29,2.52,0.0,0.12,8.94,11.94,30.01,31.97,3.2,35.92,17.31,2.67,24.64
29,Ashoknagar,Madhya Pradesh,4,0.04,0.48,0.0,0.01,0.51,3.12,25.11,37.41,2.63,40.53,22.75,2.47,30.08
29,Ashoknagar,Madhya Pradesh,5,0.19,1.43,0.07,0.4,4.14,2.72,17.58,40.3,2.05,42.85,27.32,2.0,33.81
29,Ashoknagar,Madhya Pradesh,6,3.37,9.93,10.78,18.77,42.38,34.38,40.07,37.41,3.53,41.79,27.87,1.99,32.64
29,Ashoknagar,Madhya Pradesh,7,10.14,17.62,29.95,45.72,88.18,221.82,261.64,31.32,2.73,34.99,25.46,1.4,28.39
29,Ashoknagar,Madhya Pradesh,8,9.15,15.52,27.74,41.16,72.79,312.12,580.73,29.71,1.71,31.92,24.41,0.88,27.06
29,Ashoknagar,Madhya Pradesh,9,5.31,12.42,17.27,30.91,61.3,220.8,764.63,31.05,2.03,33.59,23.62,1.11,27.33
29,Ashoknagar,Madhya Pradesh,10,0.72,4.26,0.18,1.92,22.31,69.29,599.03,31.49,2.01,33.95,19.89,2.23,25.69
29,Ashoknagar,Madhya Pradesh,11,0.26,2.14,0.0,0.01,10.18,10.14,293.47,27.66,2.12,30.28,15.14,2.31,21.4
29,Ashoknagar,Madhya Pradesh,12,0.21,2.24,0.0,0.01,3.55,7.64,82.83,23.78,2.28,26.7,10.97,2.25,17.38
30,Auraiya,Uttar Pradesh,1,0.96,6.41,0.51,1.64,30.22,19.03,30.27,21.07,2.92,24.53,8.53,2.38,14.8
30,Auraiya,Uttar Pradesh,2,0.48,2.82,0.3,1.32,14.47,22.63,43.84,24.94,2.95,28.72,11.63,2.62,18.28
30,Auraiya,Uttar Pradesh,3,0.53,4.1,0.15,0.79,14.18,15.77,56.82,31.42,3.27,35.36,16.69,2.75,24.05
30,Auraiya,Uttar Pradesh,4,0.04,0.42,0.01,0.07,0.59,7.42,45.61,37.63,2.79,41.0,22.16,2.52,29.9
30,Auraiya,Uttar Pradesh,5,0.43,2.56,0.43,1.34,9.8,6.68,29.48,40.34,2.35,43.07,26.5,2.14,33.42
30,Auraiya,Uttar Pradesh,6,2.59,9.2,5.51,14.55,48.21,26.45,40.38,38.62,3.44,42.82,28.43,1.81,33.52
30,Auraiya,Uttar Pradesh,7,8.67,16.89,27.4,45.97,85.98,182.29,217.56,33.55,2.53,37.12,27.07,1.36,30.31
30,Auraiya,Uttar Pradesh,8,7.85,14.96,25.96,39.65,72.05,264.65,483.43,32.23,1.56,34.23,26.37,0.88,29.3
30,Auraiya,Uttar Pradesh,9,5.95,14.06,19.99,36.28,73.51,221.16,677.36,32.44,1.91,34.82,25.19,1.26,28.81
30,Auraiya,Uttar Pradesh,10,1.18,7.19,0.79,2.89,30.94,90.35,573.82,32.07,2.0,34.42,20.36,2.47,26.21
30,Auraiya,Uttar Pradesh,11,0.06,0.58,0.0,0.01,1.31,10.13,316.65,27.89,2.13,30.52,14.91,2.37,21.4
30,Auraiya,Uttar Pradesh,12,0.17,1.74,0.02,0.16,4.26,2.14,97.9,23.03,2.5,25.88,10.13,2.27,16.58
31,Azamgarh,Uttar Pradesh,1,0.55,3.89,0.35,1.25,14.39,11.86,28.57,21.65,2.65,24.72,9.31,2.3,15.48
31,Azamgarh,Uttar Pradesh,2,0.69,3.57,0.45,2.04,22.14,18.64,33.72,25.25,2.61,28.68,12.25,2.37,18.75
31,Azamgarh,Uttar Pradesh,3,0.72,4.93,0.29,1.17,25.14,21.6,51.71,31.43,2.99,35.04,16.92,2.54,24.18
31,Azamgarh,Uttar Pradesh,4,0.49,3.5,0.26,0.73,13.84,15.29,55.5,37.0,2.44,39.89,22.24,2.13,29.62
31,Azamgarh,Uttar Pradesh,5,0.71,2.71,1.42,4.0,15.44,17.46,54.13,38.29,2.36,41.27,25.63,1.72,31.96
31,Azamgarh,Uttar Pradesh,6,4.73,11.94,13.67,26.12,60.36,64.14,96.92,36.62,3.36,40.99,27.22,1.51,31.92
31,Azamgarh,Uttar Pradesh,7,10.47,17.43,33.96,48.82,82.28,258.39,342.92,32.52,1.9,34.8,26.62,1.07,29.57
31,Azamgarh,Uttar Pradesh,8,9.84,19.49,30.52,53.25,89.04,293.98,628.93,32.1,1.3,33.69,26.41,0.8,29.26
31,Azamgarh,Uttar Pradesh,9,7.54,17.3,22.78,42.02,78.21,283.12,843.9,31.84,1.58,33.74,25.5,1.1,28.67
31,Azamgarh,Uttar Pradesh,10,1.38,6.54,1.91,4.48,41.56,120.96,695.36,31.33,1.57,33.28,21.2,2.57,26.27
31,Azamgarh,Uttar Pradesh,11,0.18,1.82,0.0,0.14,4.72,14.5,412.57,28.21,1.76,30.36,15.49,2.45,21.85
31,Azamgarh,Uttar Pradesh,12,0.13,1.38,0.0,0.11,1.95,3.32,132.73,23.74,2.3,26.15,10.76,2.13,17.25
32,Budaun,Uttar Pradesh,1,0.92,5.13,0.48,1.89,30.05,22.73,37.05,20.11,2.73,23.44,7.83,2.15,13.97
32,Budaun,Uttar Pradesh,2,0.83,4.2,0.74,3.05,19.26,25.77,52.7,23.47,2.74,26.76,10.75,2.43,17.11
32,Budaun,Uttar Pradesh,3,0.58,3.55,0.35,1.3,16.36,24.06,72.05,29.61,3.2,33.61,15.47,2.6,22.54
32,Budaun,Uttar Pradesh,4,0.46,4.01,0.21,0.9,11.54,11.05,60.81,36.05,2.93,39.74,20.85,2.56,28.45
32,Budaun,Uttar Pradesh,5,0.53,2.4,0.67,2.53,13.31,15.04,49.82,38.7,2.62,41.77,25.0,2.18,31.85
32,Budaun,Uttar Pradesh,6,3.13,8.82,9.42,20.5,46.24,42.23,68.38,37.59,3.21,41.74,27.08,1.7,32.34
32,Budaun,Uttar Pradesh,7,9.98,20.46,30.92,50.72,101.05,206.37,265.54,33.31,2.33,36.47,26.6,1.25,29.95
32,Budaun,Uttar Pradesh,8,9.63,20.72,28.91,46.33,97.58,300.77,560.73,32.24,1.57,34.21,26.15,0.89,29.2
32,Budaun,Uttar Pradesh,9,6.53,17.13,19.41,36.17,79.7,261.69,779.04,32.16,1.84,34.29,24.68,1.34,28.42
32,Budaun,Uttar Pradesh,10,1.09,6.54,0.65,2.87,31.14,99.97,659.48,31.4,1.94,33.65,19.48,2.54,25.44
32,Budaun,Uttar Pradesh,11,0.07,0.89,0.0,0.01,0.52,10.83,366.23,27.2,2.11,29.83,14.02,2.24,20.61
32,Budaun,Uttar Pradesh,12,0.36,3.38,0.08,0.29,8.18,4.0,109.35,22.32,2.55,25.06,9.37,2.17,15.85
33,Bagalkot,Karnataka,1,0.01,0.11,0.0,0.0,0.29,1.52,55.2,29.84,1.32,31.45,17.19,1.53,23.51
33,Bagalkot,Karnataka,2,0.01,0.17,0.0,0.0,0.15,0.31,10.04,32.29,1.35,34.13,18.68,1.49,25.48
33,Bagalkot,Karnataka,3,0.09,0.66,0.04,0.4,2.01,1.55,3.44,35.35,1.54,37.11,21.53,1.52,28.44
33,Bagalkot,Karnataka,4,0.76,2.83,1.77,4.11,12.63,11.86,13.77,37.19,1.31,38.59,23.64,1.22,30.42
33,Bagalkot,Karnataka,5,1.96,5.88,5.72,10.94,29.31,35.53,49.4,37.02,1.74,38.92,24.05,0.97,30.54
33,Bagalkot,Karnataka,6,0.96,2.24,2.87,5.12,9.94,52.86,101.34,31.48,2.47,35.14,23.35,0.8,27.42
33,Bagalkot,Karnataka,7,1.54,3.54,4.77,7.72,18.46,35.5,124.26,28.97,1.55,30.87,22.69,0.6,25.83
33,Bagalkot,Karnataka,8,1.17,2.72,3.55,6.5,14.06,40.0,127.16,28.64,1.39,30.4,22.3,0.52,25.47
33,Bagalkot,Karnataka,9,4.59,8.82,14.03,24.46,38.43,84.65,160.82,29.79,1.45,31.68,22.07,0.6,25.93
33,Bagalkot,Karnataka,10,3.5,8.98,10.11,21.12,43.79,140.17,266.3,30.6,1.46,32.34,21.5,1.16,26.05
33,Bagalkot,Karnataka,11,0.66,3.15,0.79,4.0,11.72,47.54,275.78,29.96,1.13,31.27,19.34,1.99,24.65
33,Bagalkot,Karnataka,12,0.1,0.78,0.0,0.0,4.15,8.84,194.1,29.2,1.16,30.58,17.34,1.81,23.27
34,Bageshwar,Uttarakhand,1,1.14,5.95,0.36,4.28,35.27,28.48,69.1,19.84,2.51,22.96,8.64,1.95,14.24
34,Bageshwar,Uttarakhand,2,1.65,6.71,3.24,8.98,30.28,36.48,84.18,22.02,2.71,25.3,11.17,2.29,16.59
34,Bageshwar,Uttarakhand,3,1.63,7.14,2.65,10.56,29.71,55.78,120.26,27.09,3.05,30.92,15.39,2.68,21.24
34,Bageshwar,Uttarakhand,4,0.85,3.45,1.85,4.79,17.68,32.86,125.67,32.17,2.85,35.65,20.13,2.45,26.15
34,Bageshwar,Uttarakhand,5,2.18,7.43,5.37,13.06,40.15,46.04,134.3,34.85,2.57,38.03,23.44,2.03,29.15
34,Bageshwar,Uttarakhand,6,5.64,15.24,16.93,29.89,65.81,103.84,182.86,34.38,2.84,38.21,25.92,1.6,30.15
34,Bageshwar,Uttarakhand,7,11.96,19.11,33.28,51.03,92.71,277.92,431.32,31.56,1.89,33.91,26.46,1.14,29.01
34,Bageshwar,Uttarakhand,8,11.23,19.72,32.94,44.63,87.45,361.61,755.65,30.98,1.41,32.68,25.97,0.89,28.47
34,Bageshwar,Uttarakhand,9,7.95,19.12,26.11,42.18,95.17,305.13,953.93,30.91,1.6,32.64,23.89,1.38,27.4
34,Bageshwar,Uttarakhand,10,1.17,5.88,0.79,7.22,24.4,111.87,775.25,29.33,1.83,31.52,18.98,2.18,24.15
34,Bageshwar,Uttarakhand,11,0.73,5.54,0.04,0.26,34.54,20.83,430.44,25.58,1.72,27.65,14.55,1.88,20.07
34,Bageshwar,Uttarakhand,12,0.57,3.34,0.12,2.74,15.04,19.25,145.6,21.93,2.33,24.41,10.62,1.98,16.28
35,Baghpat,Uttar Pradesh,1,0.97,5.62,1.02,3.12,28.72,23.19,36.91,19.34,2.59,22.46,7.08,2.2,13.21
35,Baghpat,Uttar Pradesh,2,1.15,6.0,1.09,3.95,36.51,33.67,61.61,22.52,2.84,26.09,9.93,2.52,16.22
35,Baghpat,Uttar Pradesh,3,0.85,5.34,0.78,2.32,23.46,32.65,88.7,28.4,3.39,32.73,14.5,2.63,21.45
35,Baghpat,Uttar Pradesh,4,0.43,3.98,0.25,0.67,8.8,15.61,81.84,35.16,3.28,39.24,19.81,2.76,27.49
35,Baghpat,Uttar Pradesh,5,0.53,2.68,0.53,2.0,15.0,12.51,60.17,38.52,2.94,41.94,24.1,2.44,31.31
35,Baghpat,Uttar Pradesh,6,3.18,11.41,7.44,17.61,53.21,45.22,73.15,37.7,3.15,41.72,26.52,1.9,32.11
35,Baghpat,Uttar Pradesh,7,6.95,17.26,18.46,39.47,86.09,156.08,215.62,33.57,2.41,36.82,26.38,1.38,29.98
35,Baghpat,Uttar Pradesh,8,8.79,22.54,24.06,47.74,121.01,250.36,459.96,32.36,1.75,34.47,25.83,1.0,29.09
35,Baghpat,Uttar Pradesh,9,5.05,15.49,13.63,28.05,79.58,224.32,637.6,32.38,1.87,34.59,24.03,1.51,28.2
35,Baghpat,Uttar Pradesh,10,0.64,5.07,0.45,1.46,10.39,65.3,538.91,31.26,2.07,33.74,18.59,2.54,24.93
35,Baghpat,Uttar Pradesh,11,0.15,2.38,0.0,0.06,1.57,8.94,292.06,26.61,2.17,29.31,13.2,2.22,19.9
35,Baghpat,Uttar Pradesh,12,0.38,2.86,0.1,0.43,12.14,5.05,75.02,21.57,2.61,24.44,8.56,2.28,15.07
36,Bahraich,Uttar Pradesh,1,0.89,5.0,0.43,2.27,25.52,24.28,45.08,21.51,2.86,24.89,9.37,2.14,15.44
36,Bahraich,Uttar Pradesh,2,1.06,5.16,0.78,4.67,25.1,28.78,59.42,25.22,2.7,28.63,12.15,2.3,18.68
36,Bahraich,Uttar Pradesh,3,1.31,9.37,0.54,1.6,39.6,36.01,88.5,31.32,3.08,35.0,16.56,2.57,23.94
36,Bahraich,Uttar Pradesh,4,0.92,5.51,0.45,1.34,32.33,29.83,94.73,37.15,2.64,40.37,21.82,2.3,29.49
36,Bahraich,Uttar Pradesh,5,1.03,3.81,2.13,5.45,19.24,29.89,95.7,38.6,2.48,41.68,25.67,1.97,32.13
36,Bahraich,Uttar Pradesh,6,6.67,17.27,20.65,37.4,86.79,91.61,151.11,37.19,3.36,41.54,27.57,1.51,32.38
36,Bahraich,Uttar Pradesh,7,11.91,22.66,34.14,60.22,107.76,315.24,440.58,33.09,2.06,35.61,27.22,1.11,30.16
36,Bahraich,Uttar Pradesh,8,10.26,21.19,32.95,57.79,98.94,325.94,747.58,32.65,1.43,34.36,26.98,0.81,29.82
36,Bahraich,Uttar Pradesh,9,7.82,21.82,20.78,39.12,109.89,282.73,931.4,32.38,1.67,34.42,25.79,1.15,29.08
36,Bahraich,Uttar Pradesh,10,1.51,8.21,0.87,5.51,39.2,130.73,735.52,31.61,1.69,33.63,21.19,2.52,26.4
36,Bahraich,Uttar Pradesh,11,0.07,0.86,0.0,0.02,1.56,15.64,423.25,28.09,1.85,30.42,15.57,2.27,21.83
36,Bahraich,Uttar Pradesh,12,0.48,3.61,0.15,0.43,16.17,6.16,146.25,23.6,2.46,26.07,11.0,2.04,17.3
37,Balaghat,Madhya Pradesh,1,0.8,2.64,2.44,4.44,12.46,17.21,49.54,25.13,2.25,27.95,12.21,2.37,18.67
37,Balaghat,Madhya Pradesh,2,0.76,2.53,2.17,4.45,10.09,24.2,50.22,28.3,2.56,31.46,14.68,2.26,21.49
37,Balaghat,Madhya Pradesh,3,0.81,2.72,1.98,4.88,13.49,24.21,65.09,33.15,2.8,36.51,18.75,2.27,25.95
37,Balaghat,Madhya Pradesh,4,0.41,1.31,1.08,2.49,6.88,17.0,65.37,37.59,2.26,40.35,23.36,2.04,30.47
37,Balaghat,Madhya Pradesh,5,0.39,1.19,1.03,2.33,5.71,9.37,50.34,39.87,2.09,42.4,26.94,1.84,33.41
37,Balaghat,Madhya Pradesh,6,6.01,9.6,16.88,24.3,44.76,69.0,94.94,35.2,4.27,40.69,26.43,2.12,30.81
37,Balaghat,Madhya Pradesh,7,14.26,15.01,32.67,40.93,63.1,327.86,410.22,29.44,2.11,32.05,24.14,1.02,26.79
37,Balaghat,Madhya Pradesh,8,15.18,17.78,37.11,48.8,80.48,469.6,884.46,28.65,1.63,30.68,23.6,0.8,26.12
37,Balaghat,Madhya Pradesh,9,7.78,11.54,22.94,30.88,53.57,348.47,1159.28,29.98,1.7,31.95,23.15,0.86,26.57
37,Balaghat,Madhya Pradesh,10,1.96,5.46,5.62,10.83,27.89,131.58,945.98,30.33,1.57,32.32,20.06,2.22,25.2
37,Balaghat,Madhya Pradesh,11,0.42,1.74,0.8,2.44,8.18,25.08,494.76,28.02,1.58,30.05,15.73,2.49,21.88
37,Balaghat,Madhya Pradesh,12,0.27,1.02,0.55,1.8,5.29,8.99,159.71,25.63,1.73,27.81,12.32,2.18,18.98
38,Bolangir (Balangir),Odisha,1,0.47,2.71,0.01,1.09,15.16,7.89,35.28,26.78,1.85,29.13,14.41,2.18,20.59
38,Bolangir (Balangir),Odisha,2,0.55,3.16,0.13,2.46,15.45,15.96,27.13,30.15,2.29,33.0,16.81,2.04,23.48
38,Bolangir (Balangir),Odisha,3,0.51,2.52,0.35,2.26,12.03,16.09,39.53,34.73,2.24,37.44,20.57,1.93,27.65
38,Bolangir (Balangir),Odisha,4,0.76,3.44,0.94,4.03,16.37,17.1,49.11,38.29,1.9,40.56,24.72,1.7,31.5
38,Bolangir (Balangir),Odisha,5,1.08,4.35,1.99,6.05,18.17,26.58,59.93,39.79,2.11,42.22,27.39,1.62,33.59
38,Bolangir (Balangir),Odisha,6,6.91,13.47,22.15,36.6,63.52,100.04,144.11,35.2,3.68,40.35,27.01,1.7,31.11
38,Bolangir (Balangir),Odisha,7,11.94,17.66,37.08,53.19,73.86,297.47,427.99,30.64,1.7,32.75,25.26,0.94,27.95
38,Bolangir (Balangir),Odisha,8,11.94,17.53,35.46,54.58,74.76,381.5,793.55,30.19,1.36,31.88,24.95,0.85,27.57
38,Bolangir (Balangir),Odisha,9,7.75,14.08,25.77,38.0,65.13,305.48,992.74,31.13,1.34,32.75,24.6,0.76,27.87
38,Bolangir (Balangir),Odisha,10,1.98,7.05,4.96,11.14,38.27,131.23,815.37,30.9,1.44,32.66,22.21,1.81,26.55
38,Bolangir (Balangir),Odisha,11,0.37,2.38,0.02,0.7,13.03,24.84,454.23,28.77,1.43,30.48,17.96,2.38,23.36
38,Bolangir (Balangir),Odisha,12,0.05,0.39,0.0,0.01,1.94,4.51,154.37,26.55,1.45,28.33,14.5,2.08,20.52
39,Balasore (Baleshwar),Odisha,1,0.27,1.57,0.03,0.48,8.1,7.05,81.4,26.43,1.71,28.49,15.43,1.98,20.93
39,Balasore (Baleshwar),Odisha,2,1.26,5.88,0.7,7.07,33.37,21.46,40.3,29.51,2.19,32.29,18.52,2.11,24.01
39,Balasore (Baleshwar),Odisha,3,1.15,4.78,1.09,7.65,25.94,35.01,63.18,33.58,1.93,35.87,22.76,1.89,28.17
39,Balasore (Baleshwar),Odisha,4,2.34,7.44,6.46,13.98,39.09,51.47,108.0,35.94,1.65,37.96,25.92,1.43,30.93
39,Balasore (Baleshwar),Odisha,5,4.1,9.93,13.41,21.87,48.49,94.52,181.6,35.91,1.67,37.9,27.55,1.42,31.73
39,Balasore (Baleshwar),Odisha,6,8.33,16.24,24.78,41.47,84.72,180.09,328.08,33.91,2.24,36.83,27.85,1.14,30.88
39,Balasore (Baleshwar),Odisha,7,9.78,16.23,28.85,45.79,72.73,278.13,556.79,31.86,1.23,33.44,27.18,0.71,29.52
39,Balasore (Baleshwar),Odisha,8,11.17,17.59,31.89,46.77,84.3,336.86,803.13,31.68,1.1,33.06,27.02,0.61,29.35
39,Balasore (Baleshwar),Odisha,9,9.68,16.77,29.21,48.53,80.59,309.61,928.21,31.78,1.27,33.26,26.72,0.69,29.25
39,Balasore (Baleshwar),Odisha,10,4.33,12.41,12.98,25.96,69.07,211.58,858.48,31.37,1.34,32.98,24.55,1.67,27.96
39,Balasore (Baleshwar),Odisha,11,0.86,5.16,0.17,2.61,26.18,64.87,581.96,29.45,1.35,31.13,20.11,2.27,24.78
39,Balasore (Baleshwar),Odisha,12,0.28,2.92,0.0,0.04,4.87,13.01,282.7,26.91,1.42,28.64,16.03,1.83,21.47
40,Ballari,Karnataka,1,0.03,0.23,0.02,0.06,0.85,2.1,69.33,29.74,1.29,31.38,17.14,1.57,23.44
40,Ballari,Karnataka,2,0.03,0.24,0.05,0.08,0.69,0.92,13.45,32.37,1.41,34.34,18.89,1.46,25.63
40,Ballari,Karnataka,3,0.08,0.46,0.04,0.27,2.02,1.57,4.67,35.38,1.52,37.17,21.67,1.46,28.53
40,Ballari,Karnataka,4,0.95,3.75,1.79,4.9,18.48,13.3,15.81,36.83,1.32,38.24,23.82,1.11,30.33
40,Ballari,Karnataka,5,2.18,5.56,6.5,14.15,26.96,44.67,60.1,36.32,1.79,38.29,24.24,0.97,30.28
40,Ballari,Karnataka,6,1.39,3.43,3.89,7.5,17.8,62.32,121.69,31.53,2.16,34.5,23.35,0.82,27.44
40,Ballari,Karnataka,7,1.16,2.53,3.58,5.86,13.0,33.89,141.41,29.38,1.56,31.38,22.63,0.62,26.01
40,Ballari,Karnataka,8,1.31,2.7,3.74,6.4,13.47,37.27,131.66,28.89,1.37,30.62,22.26,0.54,25.57
40,Ballari,Karnataka,9,4.34,8.42,13.55,21.27,42.69,84.18,155.11,29.79,1.39,31.56,22.03,0.58,25.91
40,Ballari,Karnataka,10,3.64,8.1,11.28,18.66,40.99,134.77,258.02,30.03,1.41,31.72,21.43,1.05,25.73
40,Ballari,Karnataka,11,0.92,3.96,1.5,4.79,16.91,59.0,281.06,29.31,1.18,30.68,19.16,1.93,24.24
40,Ballari,Karnataka,12,0.15,1.09,0.07,0.18,4.24,11.27,202.8,28.79,1.18,30.13,17.17,1.75,22.98
41,Ballia,Uttar Pradesh,1,0.42,2.48,0.24,1.35,13.34,8.27,27.05,21.55,2.49,24.41,9.71,2.24,15.63
41,Ballia,Uttar Pradesh,2,0.46,2.58,0.31,1.36,9.95,13.22,24.71,25.17,2.53,28.44,12.47,2.3,18.82
41,Ballia,Uttar Pradesh,3,0.6,4.39,0.17,0.88,15.8,15.98,37.15,31.25,2.92,34.8,16.99,2.52,24.12
41,Ballia,Uttar Pradesh,4,0.4,2.17,0.28,1.37,9.73,13.59,42.82,36.55,2.39,39.49,22.09,2.01,29.32
41,Ballia,Uttar Pradesh,5,0.95,3.37,2.07,6.28,17.19,17.86,47.38,37.48,2.4,40.52,25.34,1.68,31.41
41,Ballia,Uttar Pradesh,6,4.87,12.72,15.92,28.04,66.2,69.62,101.17,35.95,3.21,40.26,26.88,1.45,31.42
41,Ballia,Uttar Pradesh,7,10.67,18.78,31.92,48.21,82.08,270.88,361.63,32.27,1.72,34.3,26.57,1.01,29.42
41,Ballia,Uttar Pradesh,8,9.98,19.74,30.4,49.21,93.34,296.3,649.12,31.97,1.26,33.53,26.45,0.82,29.21
41,Ballia,Uttar Pradesh,9,6.37,15.06,18.05,38.38,66.25,258.62,834.24,31.63,1.52,33.47,25.64,1.1,28.63
41,Ballia,Uttar Pradesh,10,1.7,8.3,1.58,7.2,44.55,115.49,667.46,30.95,1.53,32.88,21.7,2.5,26.33
41,Ballia,Uttar Pradesh,11,0.15,1.42,0.0,0.05,3.37,16.96,384.96,28.0,1.7,30.07,16.0,2.46,22.0
41,Ballia,Uttar Pradesh,12,0.09,0.59,0.0,0.09,2.99,3.28,130.79,23.6,2.18,25.94,11.24,2.1,17.42
42,Balod,Chhattisgarh,1,0.3,1.96,0.0,0.64,9.05,6.61,37.56,26.21,2.02,28.75,13.68,2.22,19.95
42,Balod,Chhattisgarh,2,0.44,2.48,0.11,1.86,12.29,12.13,24.96,29.43,2.36,32.37,16.1,2.07,22.76
42,Balod,Chhattisgarh,3,0.55,3.36,0.22,1.81,15.48,15.25,33.7,34.1,2.53,37.18,20.09,2.13,27.1
42,Balod,Chhattisgarh,4,0.54,3.0,0.25,1.81,13.51,15.74,43.16,37.94,2.16,40.54,24.68,1.89,31.31
42,Balod,Chhattisgarh,5,0.38,1.85,0.42,1.69,9.6,13.24,44.3,40.0,2.18,42.58,27.88,1.75,33.94
42,Balod,Chhattisgarh,6,5.8,14.09,17.98,32.73,71.86,68.14,97.09,35.28,4.11,40.75,27.07,2.02,31.17
42,Balod,Chhattisgarh,7,11.44,20.13,33.4,55.87,99.73,278.83,363.73,29.96,1.89,32.3,24.91,0.93,27.44
42,Balod,Chhattisgarh,8,11.38,19.6,33.89,53.74,96.41,359.31,721.16,29.32,1.49,31.2,24.52,0.76,26.92
42,Balod,Chhattisgarh,9,7.49,17.33,23.06,42.17,89.51,301.21,948.05,30.54,1.45,32.22,24.18,0.71,27.36
42,Balod,Chhattisgarh,10,2.22,8.2,5.03,15.68,38.36,125.6,783.11,30.52,1.44,32.38,21.57,1.93,26.05
42,Balod,Chhattisgarh,11,0.29,2.04,0.0,0.24,9.3,26.3,446.07,28.36,1.46,30.19,17.29,2.38,22.83
42,Balod,Chhattisgarh,12,0.17,1.75,0.0,0.01,4.93,6.49,152.88,26.2,1.53,28.2,13.84,2.13,20.02
43,Baloda Bazar,Chhattisgarh,1,0.44,2.23,0.44,1.71,12.85,9.89,37.06,25.68,2.07,28.34,13.22,2.32,19.45
43,Baloda Bazar,Chhattisgarh,2,0.58,3.16,0.5,1.67,19.87,15.25,32.47,28.94,2.53,32.15,15.68,2.19,22.31
43,Baloda Bazar,Chhattisgarh,3,0.63,3.95,0.72,2.41,12.53,19.0,43.85,33.89,2.7,37.21,19.62,2.16,26.75
43,Baloda Bazar,Chhattisgarh,4,0.47,2.73,0.45,1.18,10.84,15.96,50.25,38.15,2.3,40.94,24.08,1.9,31.11
43,Baloda Bazar,Chhattisgarh,5,0.76,4.21,1.07,2.26,16.53,15.28,50.06,40.2,2.24,42.83,27.35,1.73,33.77
43,Baloda Bazar,Chhattisgarh,6,6.43,14.17,18.82,31.47,74.5,78.8,110.06,35.77,4.06,41.22,27.13,1.87,31.45
43,Baloda Bazar,Chhattisgarh,7,13.07,18.03,36.93,51.19,80.14,323.04,421.36,30.65,1.87,33.07,25.16,0.92,27.91
43,Baloda Bazar,Chhattisgarh,8,13.15,18.77,37.16,57.15,81.22,418.69,836.86,30.11,1.46,31.93,24.82,0.79,27.47
43,Baloda Bazar,Chhattisgarh,9,7.71,14.48,22.95,38.01,76.51,322.26,1074.91,30.98,1.4,32.66,24.45,0.8,27.71
43,Baloda Bazar,Chhattisgarh,10,1.76,6.75,3.13,8.6,39.4,118.16,855.88,30.79,1.41,32.57,21.66,2.06,26.23
43,Baloda Bazar,Chhattisgarh,11,0.3,2.05,0.05,0.48,9.83,20.84,452.17,28.52,1.48,30.33,17.11,2.45,22.81
43,Baloda Bazar,Chhattisgarh,12,0.21,1.73,0.01,0.29,5.01,7.38,140.15,25.98,1.6,27.96,13.39,2.15,19.69
44,Balrampur,Chhattisgarh,1,0.61,2.96,0.55,2.66,14.16,9.9,30.62,23.04,2.24,26.01,10.76,2.35,16.9
44,Balrampur,Chhattisgarh,2,0.97,4.02,1.46,5.52,20.38,24.32,35.86,26.6,2.66,30.04,13.47,2.29,20.03
44,Balrampur,Chhattisgarh,3,0.58,2.42,0.86,3.54,13.56,24.12,57.63,31.9,2.89,35.41,17.73,2.34,24.82
44,Balrampur,Chhattisgarh,4,0.49,2.35,0.73,2.4,10.88,13.47,61.7,36.88,2.45,39.78,22.37,1.98,29.63
44,Balrampur,Chhattisgarh,5,0.46,1.56,1.01,2.74,8.78,14.78,51.97,38.84,2.26,41.65,25.51,1.69,32.18
44,Balrampur,Chhattisgarh,6,5.58,10.88,17.89,27.3,55.51,66.04,94.27,35.07,3.92,40.35,26.36,1.72,30.72
44,Balrampur,Chhattisgarh,7,10.77,13.43,29.22,40.09,59.26,272.25,356.55,30.26,1.81,32.49,24.81,1.0,27.54
44,Balrampur,Chhattisgarh,8,11.32,14.45,31.93,44.32,60.89,348.32,700.56,29.74,1.28,31.34,24.4,0.69,27.07
44,Balrampur,Chhattisgarh,9,6.53,11.11,18.81,31.11,46.92,271.24,900.53,30.12,1.45,31.81,23.72,0.92,26.92
44,Balrampur,Chhattisgarh,10,1.96,5.81,6.08,11.59,31.04,115.34,732.47,29.56,1.59,31.54,20.29,2.28,24.93
44,Balrampur,Chhattisgarh,11,0.13,0.94,0.01,0.15,3.93,20.96,400.21,26.65,1.58,28.62,15.58,2.36,21.12
44,Balrampur,Chhattisgarh,12,0.06,0.35,0.0,0.2,1.86,2.26,133.67,23.62,1.69,25.54,11.59,2.02,17.6
45,Balrampur,Uttar Pradesh,1,0.66,2.78,1.13,3.02,13.91,17.48,38.03,21.78,2.81,24.91,9.43,2.19,15.6
45,Balrampur,Uttar Pradesh,2,0.76,2.38,2.05,5.16,12.2,21.03,42.53,25.48,2.69,28.95,12.17,2.3,18.83
45,Balrampur,Uttar Pradesh,3,0.68,2.46,1.38,3.48,13.03,21.11,59.24,31.61,3.03,35.23,16.64,2.64,24.12
45,Balrampur,Uttar Pradesh,4,0.53,1.69,1.43,2.91,8.22,16.58,58.61,37.19,2.55,40.27,21.89,2.27,29.54
45,Balrampur,Uttar Pradesh,5,1.37,3.21,4.48,7.84,16.43,25.87,63.49,38.25,2.46,41.29,25.64,1.89,31.95
45,Balrampur,Uttar Pradesh,6,8.12,13.83,26.02,36.32,60.88,115.18,157.81,36.8,3.26,41.22,27.5,1.46,32.15
45,Balrampur,Uttar Pradesh,7,14.9,18.14,38.83,52.18,78.02,390.03,536.41,32.9,1.95,35.15,27.23,1.08,30.07
45,Balrampur,Uttar Pradesh,8,12.55,18.05,30.7,45.6,94.97,405.35,928.81,32.63,1.36,34.29,27.03,0.8,29.83
45,Balrampur,Uttar Pradesh,9,8.32,15.73,24.38,37.53,77.56,327.88,1132.37,32.35,1.6,34.35,25.92,1.15,29.13
45,Balrampur,Uttar Pradesh,10,1.85,6.02,4.91,11.34,28.63,139.52,867.17,31.7,1.61,33.69,21.32,2.54,26.51
45,Balrampur,Uttar Pradesh,11,0.04,0.37,0.0,0.0,1.19,18.27,477.99,28.32,1.85,30.65,15.72,2.29,22.02
45,Balrampur,Uttar Pradesh,12,0.35,2.24,0.46,0.96,7.36,4.1,155.27,23.81,2.45,26.29,11.11,2.1,17.46
46,Banas Kantha,Gujarat,1,0.01,0.07,0.0,0.0,0.36,0.38,10.04,24.86,2.31,27.89,10.72,2.05,17.79
46,Banas Kantha,Gujarat,2,0.03,0.4,0.0,0.0,0.42,0.46,3.28,27.75,2.89,31.59,13.01,2.67,20.38
46,Banas Kantha,Gujarat,3,0.02,0.19,0.0,0.0,0.39,0.88,1.72,33.16,2.99,36.97,17.83,2.65,25.5
46,Banas Kantha,Gujarat,4,0.02,0.23,0.0,0.0,0.57,0.55,1.9,37.51,2.36,40.47,22.04,2.06,29.78
46,Banas Kantha,Gujarat,5,0.19,1.39,0.01,0.17,4.55,3.52,4.94,39.44,1.85,41.67,25.09,1.38,32.27
46,Banas Kantha,Gujarat,6,1.7,6.05,4.01,9.83,33.18,22.72,26.89,37.14,2.54,40.44,26.38,1.2,31.76
46,Banas Kantha,Gujarat,7,8.88,19.14,29.12,49.23,92.71,152.45,179.85,32.22,2.36,35.41,25.25,1.09,28.74
46,Banas Kantha,Gujarat,8,6.9,15.52,22.61,38.15,77.94,273.99,459.13,30.5,1.63,32.49,24.3,0.88,27.4
46,Banas Kantha,Gujarat,9,3.78,11.57,9.89,22.35,64.43,150.36,587.33,32.22,2.04,34.95,23.7,1.13,27.96
46,Banas Kantha,Gujarat,10,0.41,2.77,0.01,1.01,11.41,49.77,470.0,33.73,1.82,35.99,20.75,2.24,27.24
46,Banas Kantha,Gujarat,11,0.2,2.05,0.0,0.0,3.13,7.25,202.6,30.06,2.08,32.54,16.16,2.23,23.11
46,Banas Kantha,Gujarat,12,0.02,0.36,0.0,0.0,0.23,2.55,56.34,26.33,2.17,28.89,12.09,2.18,19.21
47,Banda,Uttar Pradesh,1,0.56,2.76,0.17,2.82,14.61,11.72,24.22,22.08,2.83,25.65,9.42,2.5,15.75
47,Banda,Uttar Pradesh,2,0.64,3.17,0.3,3.05,14.84,17.5,31.72,26.01,3.05,29.9,12.2,2.58,19.1
47,Banda,Uttar Pradesh,3,0.3,2.29,0.02,0.47,7.46,15.66,44.45,32.43,3.25,36.43,17.02,2.69,24.73
47,Banda,Uttar Pradesh,4,0.09,0.72,0.01,0.24,2.22,3.68,36.66,38.34,2.7,41.57,22.4,2.45,30.37
47,Banda,Uttar Pradesh,5,0.12,0.51,0.11,0.79,2.6,2.98,21.79,40.94,2.16,43.54,26.78,2.03,33.86
47,Banda,Uttar Pradesh,6,3.36,9.39,9.52,20.97,48.67,31.31,37.89,38.45,3.78,42.9,28.4,1.92,33.42
47,Banda,Uttar Pradesh,7,7.79,12.04,22.7,33.11,55.39,187.44,224.24,32.99,2.59,36.67,26.64,1.4,29.81
47,Banda,Uttar Pradesh,8,8.76,13.75,25.93,38.55,62.09,265.89,494.84,31.74,1.59,33.71,25.93,0.94,28.83
47,Banda,Uttar Pradesh,9,5.46,11.33,18.92,30.9,55.52,222.35,683.43,32.05,1.88,34.42,25.03,1.17,28.54
47,Banda,Uttar Pradesh,10,1.22,6.22,0.5,4.86,35.52,82.42,569.34,31.91,1.88,34.18,20.68,2.5,26.3
47,Banda,Uttar Pradesh,11,0.07,0.61,0.0,0.0,1.73,11.08,309.78,28.16,2.04,30.66,15.23,2.46,21.7
47,Banda,Uttar Pradesh,12,0.13,1.01,0.0,0.01,4.73,2.52,91.85,23.77,2.34,26.43,10.72,2.24,17.25
48,Banswara,Rajasthan,1,0.13,1.62,0.0,0.0,1.25,2.92,14.01,25.36,2.35,28.38,11.78,2.07,18.57
48,Banswara,Rajasthan,2,0.04,0.68,0.0,0.0,0.26,2.16,7.18,28.25,2.82,31.95,13.91,2.51,21.08
48,Banswara,Rajasthan,3,0.02,0.26,0.0,0.0,0.28,1.12,6.16,33.57,2.95,37.3,18.53,2.52,26.05
48,Banswara,Rajasthan,4,0.02,0.24,0.0,0.0,0.24,0.46,3.78,37.95,2.26,40.74,23.04,2.07,30.5
48,Banswara,Rajasthan,5,0.22,2.25,0.01,0.15,5.01,3.57,5.13,39.58,1.81,41.77,26.41,1.32,33.0
48,Banswara,Rajasthan,6,3.26,9.58,9.49,20.48,48.69,37.7,41.84,36.34,3.08,40.48,26.81,1.34,31.58
48,Banswara,Rajasthan,7,11.65,26.47,33.27,60.33,151.02,213.5,257.03,30.59,2.33,33.76,25.18,1.07,27.88
48,Banswara,Rajasthan,8,9.77,21.67,27.46,47.0,115.32,366.13,631.09,29.04,1.5,30.88,24.28,0.75,26.66
48,Banswara,Rajasthan,9,5.5,16.23,16.65,29.79,89.38,232.4,824.55,31.0,2.02,33.82,23.66,0.96,27.33
48,Banswara,Rajasthan,10,0.55,3.66,0.12,1.53,12.67,70.45,663.83,32.91,1.8,35.04,20.63,2.17,26.77
48,Banswara,Rajasthan,11,0.19,2.16,0.0,0.0,2.49,9.19,304.78,29.86,1.93,32.24,16.6,2.27,23.23
48,Banswara,Rajasthan,12,0.03,0.51,0.0,0.0,0.14,2.23,77.38,26.56,2.06,29.02,12.94,2.12,19.75
49,Barabanki,Uttar Pradesh,1,1.07,6.27,0.43,2.94,31.87,31.5,48.99,21.31,2.98,24.71,8.93,2.31,15.12
49,Barabanki,Uttar Pradesh,2,0.96,4.61,0.58,3.62,25.14,28.34,67.24,24.99,2.74,28.47,11.98,2.42,18.49
49,Barabanki,Uttar Pradesh,3,0.95,7.68,0.35,1.21,24.9,28.06,87.46,31.14,3.09,34.96,16.65,2.6,23.9
49,Barabanki,Uttar Pradesh,4,0.75,4.93,0.32,0.92,22.2,22.72,79.07,37.02,2.61,40.15,22.01,2.29,29.51
49,Barabanki,Uttar Pradesh,5,0.62,2.7,0.89,2.98,13.67,22.34,72.95,38.8,2.41,41.78,25.69,1.95,32.24
49,Barabanki,Uttar Pradesh,6,5.42,16.48,14.72,33.96,80.03,70.5,115.48,37.29,3.44,41.68,27.43,1.58,32.36
49,Barabanki,Uttar Pradesh,7,9.52,19.88,28.07,47.19,98.04,255.48,351.32,32.93,2.16,35.64,26.83,1.16,29.88
49,Barabanki,Uttar Pradesh,8,9.1,19.08,29.16,51.15,92.73,277.35,615.55,32.34,1.43,34.07,26.58,0.82,29.46
49,Barabanki,Uttar Pradesh,9,6.86,18.17,18.69,39.71,100.77,253.13,792.35,32.14,1.73,34.3,25.47,1.17,28.81
49,Barabanki,Uttar Pradesh,10,1.18,6.01,1.09,4.81,26.16,104.81,632.78,31.66,1.75,33.67,20.79,2.58,26.23
49,Barabanki,Uttar Pradesh,11,0.06,0.59,0.0,0.01,1.6,10.81,363.14,28.07,1.93,30.42,15.11,2.36,21.59
49,Barabanki,Uttar Pradesh,12,0.59,4.91,0.1,0.37,23.89,6.8,116.87,23.45,2.5,26.0,10.49,2.14,16.97
50,Baragarh,Odisha,1,0.51,2.93,0.04,1.84,17.12,9.49,37.11,25.84,1.96,28.34,13.53,2.2,19.68
50,Baragarh,Odisha,2,0.76,3.74,0.35,3.1,20.54,19.01,31.77,29.21,2.43,32.33,16.06,2.09,22.64
50,Baragarh,Odisha,3,0.53,2.38,0.47,2.25,14.75,20.36,48.38,33.98,2.47,37.02,19.94,2.02,26.96
50,Baragarh,Odisha,4,0.6,2.66,0.86,3.41,13.66,13.71,53.01,37.92,2.12,40.51,24.19,1.8,31.05
50,Baragarh,Odisha,5,0.79,3.33,1.51,4.01,16.2,20.49,54.45,39.5,2.25,42.16,27.09,1.67,33.29
50,Baragarh,Odisha,6,6.85,13.97,20.19,37.27,68.43,89.35,123.76,34.98,3.85,40.37,26.84,1.76,30.91
50,Baragarh,Odisha,7,13.36,18.69,39.32,54.04,82.92,324.29,438.25,30.27,1.7,32.51,25.06,0.93,27.67
50,Baragarh,Odisha,8,13.21,18.92,38.7,60.32,79.39,427.42,857.58,29.81,1.33,31.45,24.74,0.81,27.27
50,Baragarh,Odisha,9,7.99,14.53,25.11,37.67,71.94,328.33,1090.68,30.58,1.31,32.15,24.33,0.77,27.45
50,Baragarh,Odisha,10,2.01,7.36,4.24,11.52,36.57,126.81,879.09,30.3,1.39,32.01,21.76,1.92,26.03
50,Baragarh,Odisha,11,0.29,2.11,0.02,0.69,8.05,25.71,472.04,28.17,1.45,29.96,17.26,2.42,22.72
50,Baragarh,Odisha,12,0.08,0.63,0.0,0.02,3.71,3.72,149.92,25.8,1.5,27.65,13.66,2.05,19.73
51,Baran,Rajasthan,1,0.26,1.67,0.0,0.52,7.59,5.12,14.31,22.94,2.67,26.43,9.81,2.35,16.37
51,Baran,Rajasthan,2,0.11,0.82,0.01,0.33,2.34,5.45,13.16,26.52,3.14,30.64,12.46,2.72,19.49
51,Baran,Rajasthan,3,0.12,0.94,0.0,0.18,3.04,3.91,14.36,32.48,3.28,36.52,17.51,2.74,25.0
51,Baran,Rajasthan,4,0.03,0.25,0.01,0.07,0.55,1.69,11.05,37.99,2.7,41.19,22.79,2.55,30.39
51,Baran,Rajasthan,5,0.23,0.88,0.49,1.37,4.26,2.98,8.54,40.87,2.13,43.45,27.42,2.09,34.15
51,Baran,Rajasthan,6,2.86,7.53,7.76,14.55,38.63,30.41,35.07,38.24,3.3,42.46,28.24,1.91,33.24
51,Baran,Rajasthan,7,8.86,13.45,26.11,36.14,61.71,185.88,221.43,32.18,2.78,36.15,26.04,1.41,29.11
51,Baran,Rajasthan,8,9.2,13.77,26.45,38.23,64.69,298.44,525.45,30.41,1.71,32.57,24.96,0.89,27.68
51,Baran,Rajasthan,9,3.74,8.37,11.58,19.71,41.22,193.16,687.28,31.98,2.05,34.6,24.05,1.14,28.02
51,Baran,Rajasthan,10,0.62,3.59,0.61,2.41,15.44,50.28,539.15,32.58,2.12,35.08,20.11,2.29,26.34
51,Baran,Rajasthan,11,0.11,0.92,0.0,0.03,2.62,7.14,243.14,28.47,2.22,31.16,15.33,2.36,21.9
51,Baran,Rajasthan,12,0.07,0.67,0.0,0.05,1.9,2.61,57.06,24.39,2.35,27.39,11.07,2.29,17.73
52,Bareilly,Uttar Pradesh,1,0.83,4.44,0.47,2.29,24.99,20.59,34.8,19.86,2.74,23.14,7.6,2.08,13.73
52,Bareilly,Uttar Pradesh,2,1.14,5.35,0.89,4.53,29.94,28.31,53.52,23.04,2.7,26.32,10.27,2.31,16.66
52,Bareilly,Uttar Pradesh,3,0.65,4.48,0.46,1.97,15.77,30.4,78.8,28.98,3.1,32.85,14.66,2.53,21.82
52,Bareilly,Uttar Pradesh,4,0.41,4.08,0.3,1.32,4.92,11.41,70.05,35.22,2.9,38.82,19.88,2.49,27.55
52,Bareilly,Uttar Pradesh,5,0.71,2.73,1.1,4.3,14.85,16.76,57.94,37.51,2.64,40.65,23.85,2.12,30.68
52,Bareilly,Uttar Pradesh,6,3.73,10.29,12.6,20.48,42.55,51.28,79.5,36.42,3.24,40.66,25.92,1.65,31.17
52,Bareilly,Uttar Pradesh,7,10.74,19.55,31.29,49.66,91.65,233.99,304.49,32.36,2.21,35.28,25.9,1.18,29.13
52,Bareilly,Uttar Pradesh,8,10.17,20.48,29.02,49.87,97.12,319.02,616.65,31.54,1.55,33.45,25.58,0.87,28.56
52,Bareilly,Uttar Pradesh,9,6.62,16.74,18.97,36.87,94.89,266.97,830.38,31.36,1.82,33.46,24.05,1.32,27.7
52,Bareilly,Uttar Pradesh,10,1.12,7.03,0.59,2.73,31.08,102.85,685.43,30.59,1.85,32.73,18.97,2.53,24.78
52,Bareilly,Uttar Pradesh,11,0.08,1.16,0.0,0.02,0.59,10.52,373.71,26.77,1.99,29.26,13.64,2.16,20.2
52,Bareilly,Uttar Pradesh,12,0.34,2.73,0.07,0.32,9.98,4.47,112.38,22.12,2.53,24.74,9.21,2.08,15.67
53,Barmer,Rajasthan,1,0.03,0.3,0.0,0.01,0.46,0.67,3.68,23.82,2.41,26.96,9.85,2.12,16.84
53,Barmer,Rajasthan,2,0.12,1.13,0.0,0.04,3.46,2.18,3.77,27.09,3.05,31.18,12.32,2.79,19.71
53,Barmer,Rajasthan,3,0.05,0.57,0.0,0.05,0.58,2.9,5.71,32.87,3.16,36.91,17.52,2.78,25.2
53,Barmer,Rajasthan,4,0.08,0.44,0.03,0.31,1.82,1.79,6.85,37.79,2.63,41.13,22.1,2.28,29.94
53,Barmer,Rajasthan,5,0.18,1.04,0.16,0.73,4.48,3.6,8.23,40.29,2.04,42.83,25.19,1.58,32.74
53,Barmer,Rajasthan,6,0.84,2.99,2.13,5.44,13.94,14.22,19.69,38.54,2.36,41.62,26.48,1.3,32.51
53,Barmer,Rajasthan,7,4.76,11.33,18.0,27.52,54.76,82.71,101.07,34.27,2.46,37.33,25.4,1.11,29.84
53,Barmer,Rajasthan,8,4.76,11.91,15.62,31.61,55.69,162.45,264.51,32.44,1.81,34.69,24.28,0.98,28.36
53,Barmer,Rajasthan,9,1.84,5.88,4.56,13.19,29.23,91.65,343.0,33.93,2.11,36.72,23.57,1.22,28.75
53,Barmer,Rajasthan,10,0.11,0.76,0.0,0.12,3.18,20.78,273.24,34.41,1.95,36.74,20.75,2.21,27.58
53,Barmer,Rajasthan,11,0.06,0.77,0.0,0.0,0.46,2.06,110.68,29.86,2.17,32.41,15.7,2.24,22.78
53,Barmer,Rajasthan,12,0.02,0.26,0.0,0.0,0.25,0.94,22.15,25.5,2.33,28.5,11.27,2.18,18.39
54,Barwani,Madhya Pradesh,1,0.19,1.84,0.1,0.27,3.71,3.74,20.52,26.71,2.17,29.48,13.41,2.08,20.06
54,Barwani,Madhya Pradesh,2,0.11,0.79,0.12,0.19,1.59,4.55,13.23,29.49,2.57,32.69,15.44,2.31,22.46
54,Barwani,Madhya Pradesh,3,0.04,0.42,0.0,0.03,0.9,2.53,10.73,34.39,2.69,37.73,19.48,2.26,26.94
54,Barwani,Madhya Pradesh,4,0.01,0.1,0.0,0.0,0.16,0.73,7.77,38.56,2.01,41.0,23.4,1.84,30.98
54,Barwani,Madhya Pradesh,5,0.19,1.06,0.11,0.72,4.53,1.57,4.7,39.72,1.72,41.84,25.93,1.17,32.82
54,Barwani,Madhya Pradesh,6,4.21,9.04,13.44,21.98,46.88,54.24,56.54,35.36,3.34,39.69,25.85,1.28,30.6
54,Barwani,Madhya Pradesh,7,7.46,12.32,19.96,33.05,59.9,184.74,243.25,29.98,2.15,32.88,24.41,0.9,27.19
54,Barwani,Madhya Pradesh,8,7.18,13.04,19.45,29.83,68.65,236.3,485.02,28.61,1.5,30.41,23.62,0.71,26.11
54,Barwani,Madhya Pradesh,9,5.16,10.58,15.08,25.46,51.52,186.09,612.17,30.33,1.82,32.69,23.3,0.87,26.81
54,Barwani,Madhya Pradesh,10,0.95,3.25,2.43,6.04,15.92,82.65,503.59,31.92,1.62,33.97,21.51,1.95,26.72
54,Barwani,Madhya Pradesh,11,0.26,1.89,0.04,0.4,8.82,12.51,276.72,29.61,1.59,31.7,17.96,2.29,23.79
54,Barwani,Madhya Pradesh,12,0.1,0.77,0.0,0.03,3.39,5.04,96.12,27.3,1.77,29.49,14.38,2.12,20.84
55,Bastar,Chhattisgarh,1,0.46,3.76,0.07,0.46,11.67,10.47,64.86,27.86,1.53,29.67,15.04,1.96,21.45
55,Bastar,Chhattisgarh,2,0.47,2.91,0.12,0.78,14.21,12.62,32.76,30.62,1.82,32.99,17.45,1.72,24.03
55,Bastar,Chhattisgarh,3,0.56,2.89,0.45,2.52,13.76,15.18,38.13,34.23,1.77,36.32,20.9,1.65,27.56
55,Bastar,Chhattisgarh,4,1.2,4.68,2.12,6.79,23.16,23.65,51.61,36.57,1.59,38.36,24.21,1.39,30.39
55,Bastar,Chhattisgarh,5,2.44,7.06,8.2,15.34,28.48,57.37,96.77,37.75,2.07,40.07,26.41,1.45,32.08
55,Bastar,Chhattisgarh,6,6.77,15.06,20.51,34.61,86.21,120.59,202.93,33.27,3.52,38.25,25.83,1.64,29.55
55,Bastar,Chhattisgarh,7,10.93,17.29,33.34,49.77,82.34,277.09,459.11,29.19,1.76,31.35,24.19,0.87,26.69
55,Bastar,Chhattisgarh,8,12.88,18.57,37.83,50.96,88.11,382.48,791.67,28.77,1.45,30.63,23.74,0.7,26.26
55,Bastar,Chhattisgarh,9,6.8,13.33,20.78,31.72,69.22,299.74,967.11,30.08,1.42,31.8,23.41,0.57,26.75
55,Bastar,Chhattisgarh,10,3.17,11.15,6.96,18.44,61.22,144.85,825.52,30.34,1.38,31.97,21.38,1.51,25.86
55,Bastar,Chhattisgarh,11,0.83,4.21,0.39,3.78,22.54,46.33,482.98,29.07,1.23,30.53,17.64,2.3,23.35
55,Bastar,Chhattisgarh,12,0.16,1.87,0.0,0.06,1.47,10.66,197.32,27.73,1.26,29.34,14.71,2.05,21.22
56,Basti,Uttar Pradesh,1,1.18,5.88,1.19,4.3,28.32,26.59,45.79,21.66,2.83,24.83,9.56,2.29,15.61
56,Basti,Uttar Pradesh,2,1.1,4.58,1.84,5.23,26.21,34.59,67.16,25.27,2.64,28.7,12.53,2.37,18.9
56,Basti,Uttar Pradesh,3,0.97,5.12,1.05,3.51,26.86,30.43,90.82,31.45,3.02,35.12,17.16,2.58,24.3
56,Basti,Uttar Pradesh,4,0.73,3.22,1.24,3.19,17.29,22.74,87.52,37.07,2.5,40.09,22.43,2.22,29.75
56,Basti,Uttar Pradesh,5,1.1,3.21,3.33,6.72,17.79,26.51,79.58,38.34,2.42,41.37,25.82,1.84,32.08
56,Basti,Uttar Pradesh,6,5.93,11.77,20.06,32.26,52.64,82.07,131.24,36.89,3.31,41.25,27.47,1.53,32.18
56,Basti,Uttar Pradesh,7,11.87,15.55,32.79,44.8,65.23,299.9,412.2,32.92,1.96,35.2,27.03,1.11,29.97
56,Basti,Uttar Pradesh,8,11.23,16.22,31.75,44.39,77.69,345.73,741.95,32.56,1.34,34.19,26.88,0.83,29.72
56,Basti,Uttar Pradesh,9,8.08,16.07,24.71,37.6,74.37,305.74,960.18,32.23,1.63,34.23,25.9,1.14,29.07
56,Basti,Uttar Pradesh,10,1.51,5.52,3.46,8.98,28.2,131.04,779.36,31.67,1.61,33.67,21.48,2.58,26.57
56,Basti,Uttar Pradesh,11,0.07,0.56,0.0,0.02,2.43,14.21,444.16,28.38,1.85,30.64,15.76,2.38,22.07
56,Basti,Uttar Pradesh,12,0.4,3.23,0.26,0.98,5.74,5.8,144.41,23.79,2.44,26.26,11.11,2.13,17.45
57,Belagavi,Karnataka,1,0.01,0.07,0.01,0.02,0.28,1.53,61.98,29.96,1.16,31.43,16.97,1.46,23.47
57,Belagavi,Karnataka,2,0.01,0.06,0.0,0.0,0.22,0.22,13.1,31.86,1.27,33.58,17.89,1.45,24.87
57,Belagavi,Karnataka,3,0.17,1.08,0.14,0.67,3.83,2.38,4.2,34.48,1.33,36.0,20.29,1.53,27.39
57,Belagavi,Karnataka,4,0.95,3.0,2.76,5.74,12.12,16.35,19.03,36.04,1.05,37.27,22.27,1.26,29.16
57,Belagavi,Karnataka,5,2.08,5.22,6.42,10.88,25.79,39.92,59.24,35.49,1.53,37.09,23.2,0.92,29.35
57,Belagavi,Karnataka,6,4.48,8.4,12.67,19.32,37.85,109.92,167.34,29.78,2.3,33.28,23.21,0.76,26.5
57,Belagavi,Karnataka,7,5.04,8.3,14.46,23.28,42.35,135.27,287.06,27.47,1.26,29.06,22.72,0.61,25.1
57,Belagavi,Karnataka,8,3.25,5.94,9.34,14.56,28.04,135.61,384.32,27.37,1.2,28.89,22.38,0.53,24.87
57,Belagavi,Karnataka,9,4.43,7.97,13.51,20.21,32.53,99.17,370.23,28.76,1.32,30.5,22.04,0.6,25.4
57,Belagavi,Karnataka,10,3.54,7.92,11.05,19.09,42.13,142.91,377.05,30.19,1.4,31.81,21.51,1.07,25.85
57,Belagavi,Karnataka,11,0.85,3.15,1.48,5.76,16.18,50.92,294.55,30.16,1.04,31.34,19.54,1.95,24.85
57,Belagavi,Karnataka,12,0.11,0.87,0.02,0.06,3.31,11.98,203.61,29.59,1.02,30.79,17.59,1.75,23.59
58,Bemetara,Chhattisgarh,1,0.43,2.45,0.2,1.15,14.58,9.18,35.24,25.49,2.17,28.28,12.65,2.34,19.07
58,Bemetara,Chhattisgarh,2,0.52,2.99,0.28,1.27,17.66,14.88,29.87,28.75,2.6,32.05,15.02,2.22,21.89
58,Bemetara,Chhattisgarh,3,0.65,4.02,0.32,1.72,15.16,19.89,43.65,33.71,2.79,37.1,19.07,2.24,26.39
58,Bemetara,Chhattisgarh,4,0.48,3.42,0.21,1.02,13.26,14.96,49.83,38.12,2.34,40.98,23.68,2.02,30.9
58,Bemetara,Chhattisgarh,5,0.56,3.64,0.46,1.54,11.55,14.16,48.97,40.44,2.21,43.07,27.27,1.85,33.86
58,Bemetara,Chhattisgarh,6,6.23,15.26,18.58,34.35,81.42,72.2,101.25,35.98,4.17,41.41,27.11,1.98,31.55
58,Bemetara,Chhattisgarh,7,12.98,21.28,37.76,55.14,90.71,318.11,408.56,30.55,2.03,33.14,24.92,0.94,27.74
58,Bemetara,Chhattisgarh,8,11.48,19.41,35.87,56.92,83.97,383.58,790.36,29.91,1.57,31.9,24.51,0.79,27.21
58,Bemetara,Chhattisgarh,9,7.44,16.1,24.49,42.26,81.05,298.48,1009.99,30.94,1.52,32.76,24.08,0.84,27.51
58,Bemetara,Chhattisgarh,10,1.92,8.05,2.45,10.54,44.13,120.02,797.99,30.77,1.5,32.66,21.03,2.16,25.9
58,Bemetara,Chhattisgarh,11,0.25,1.76,0.0,0.27,10.72,21.52,432.55,28.4,1.53,30.34,16.47,2.45,22.44
58,Bemetara,Chhattisgarh,12,0.2,1.5,0.01,0.17,8.45,6.0,141.8,25.88,1.66,27.99,12.86,2.18,19.37
59,Bengaluru Rural,Karnataka,1,0.03,0.28,0.0,0.0,0.67,4.89,100.57,27.75,1.29,29.4,15.14,1.6,21.45
59,Bengaluru Rural,Karnataka,2,0.07,0.54,0.0,0.07,2.02,1.14,21.7,30.34,1.52,32.28,16.76,1.7,23.55
59,Bengaluru Rural,Karnataka,3,0.35,1.93,0.15,1.66,7.2,6.41,12.63,32.97,1.5,34.73,19.35,1.68,26.16
59,Bengaluru Rural,Karnataka,4,1.48,5.14,3.41,8.81,25.89,24.57,32.29,34.06,1.41,35.63,21.7,1.02,27.88
59,Bengaluru Rural,Karnataka,5,2.56,6.0,7.88,15.02,28.45,60.33,92.29,33.06,1.76,34.97,22.33,0.86,27.7
59,Bengaluru Rural,Karnataka,6,2.19,5.33,6.58,13.13,28.4,85.16,171.68,29.25,1.73,31.33,21.61,0.7,25.43
59,Bengaluru Rural,Karnataka,7,2.63,5.93,8.06,15.32,29.87,61.51,207.36,27.85,1.39,29.7,21.17,0.59,24.51
59,Bengaluru Rural,Karnataka,8,4.33,9.04,14.44,25.4,45.99,103.95,249.93,27.45,1.2,28.93,20.77,0.53,24.11
59,Bengaluru Rural,Karnataka,9,5.43,10.29,19.15,30.9,44.99,150.04,316.95,28.17,1.24,29.82,20.42,0.56,24.29
59,Bengaluru Rural,Karnataka,10,5.11,10.39,17.42,26.58,45.93,169.98,426.01,27.83,1.34,29.36,19.72,0.88,23.77
59,Bengaluru Rural,Karnataka,11,1.22,3.74,3.37,7.23,16.89,87.25,408.64,26.68,1.38,28.21,17.74,1.73,22.21
59,Bengaluru Rural,Karnataka,12,0.35,1.79,0.35,1.96,7.86,18.64,273.44,26.34,1.32,27.86,15.74,1.77,21.04
60,Bengaluru Urban,Karnataka,1,0.03,0.34,0.0,0.0,0.36,6.04,110.33,27.63,1.25,29.21,15.23,1.58,21.43
60,Bengaluru Urban,Karnataka,2,0.06,0.43,0.0,0.02,2.26,0.99,25.47,30.21,1.51,32.15,16.75,1.69,23.48
60,Bengaluru Urban,Karnataka,3,0.44,2.16,0.18,2.59,11.75,7.56,14.78,32.86,1.51,34.65,19.23,1.7,26.04
60,Bengaluru Urban,Karnataka,4,1.59,5.13,4.55,10.35,24.57,26.68,35.43,33.88,1.41,35.46,21.66,1.04,27.77
60,Bengaluru Urban,Karnataka,5,3.45,7.38,11.85,17.61,34.13,76.54,111.92,32.89,1.72,34.76,22.36,0.85,27.62
60,Bengaluru Urban,Karnataka,6,2.99,7.49,8.92,18.86,40.22,115.41,220.71,29.25,1.68,31.19,21.68,0.7,25.47
60,Bengaluru Urban,Karnataka,7,3.51,8.04,11.3,20.38,38.44,79.81,272.64,27.96,1.37,29.77,21.22,0.6,24.59
60,Bengaluru Urban,Karnataka,8,4.75,9.61,15.26,25.74,49.13,125.42,319.61,27.57,1.18,29.01,20.8,0.53,24.19
60,Bengaluru Urban,Karnataka,9,6.27,11.43,21.5,32.78,50.0,170.03,376.59,28.23,1.22,29.83,20.41,0.57,24.32
60,Bengaluru Urban,Karnataka,10,5.3,10.19,17.49,26.01,47.71,184.13,481.42,27.77,1.33,29.26,19.71,0.86,23.74
60,Bengaluru Urban,Karnataka,11,1.36,3.97,4.27,8.12,17.81,92.91,448.39,26.62,1.39,28.14,17.8,1.67,22.21
60,Bengaluru Urban,Karnataka,12,0.43,2.11,0.37,2.06,10.06,21.11,294.93,26.24,1.3,27.74,15.86,1.74,21.05
61,Betul,Madhya Pradesh,1,0.74,3.01,1.8,3.69,12.01,16.44,50.78,24.65,2.26,27.5,11.93,2.26,18.29
61,Betul,Madhya Pradesh,2,0.63,2.06,1.63,3.68,11.2,18.9,47.06,27.7,2.57,31.0,14.13,2.26,20.92
61,Betul,Madhya Pradesh,3,0.61,3.35,0.87,2.82,11.71,20.3,55.32,32.52,2.8,36.0,18.35,2.28,25.44
61,Betul,Madhya Pradesh,4,0.19,0.77,0.36,1.23,3.43,9.96,49.26,36.98,2.14,39.52,22.98,2.07,29.98
61,Betul,Madhya Pradesh,5,0.34,1.39,0.77,1.63,6.89,5.36,35.3,38.79,1.84,41.04,26.73,1.62,32.76
61,Betul,Madhya Pradesh,6,5.67,10.31,16.75,25.51,40.05,70.97,85.94,34.12,3.9,39.27,25.81,2.08,29.96
61,Betul,Madhya Pradesh,7,12.75,17.21,33.02,47.38,77.0,288.68,368.61,28.37,2.26,31.25,23.47,1.12,25.92
61,Betul,Madhya Pradesh,8,12.81,17.74,37.79,50.71,80.87,412.18,787.85,27.15,1.61,29.2,22.65,0.79,24.9
61,Betul,Madhya Pradesh,9,6.86,12.22,19.47,32.68,57.44,304.43,1016.57,28.91,1.79,31.16,22.22,0.82,25.56
61,Betul,Madhya Pradesh,10,1.4,4.03,4.06,7.95,18.14,104.54,817.33,29.7,1.64,31.76,19.42,2.11,24.56
61,Betul,Madhya Pradesh,11,0.66,2.59,1.13,3.41,14.5,23.01,422.79,27.35,1.61,29.41,15.48,2.32,21.42
61,Betul,Madhya Pradesh,12,0.2,1.01,0.16,0.78,4.92,11.9,134.24,25.11,1.82,27.49,12.24,2.09,18.68
62,Bhadohi,Uttar Pradesh,1,0.45,2.28,0.01,1.85,14.02,8.96,21.53,21.89,2.78,25.11,9.38,2.44,15.64
62,Bhadohi,Uttar Pradesh,2,0.65,3.05,0.24,3.32,15.97,17.29,28.57,25.75,2.79,29.39,12.2,2.46,18.97
62,Bhadohi,Uttar Pradesh,3,0.35,2.28,0.0,0.68,11.07,16.0,41.79,31.95,3.07,35.66,16.77,2.59,24.36
62,Bhadohi,Uttar Pradesh,4,0.21,1.36,0.0,0.33,7.0,5.77,38.87,37.69,2.53,40.69,22.09,2.24,29.89
62,Bhadohi,Uttar Pradesh,5,0.18,0.77,0.12,1.05,4.35,6.17,27.49,39.42,2.27,42.26,25.87,1.83,32.64
62,Bhadohi,Uttar Pradesh,6,3.54,9.49,11.36,21.79,48.29,36.91,48.84,37.23,3.59,41.84,27.64,1.67,32.43
62,Bhadohi,Uttar Pradesh,7,9.83,16.28,30.09,47.28,73.7,223.83,269.27,32.62,2.08,35.28,26.72,1.18,29.67
62,Bhadohi,Uttar Pradesh,8,8.09,13.74,25.7,40.02,67.25,273.84,546.74,31.94,1.35,33.56,26.4,0.83,29.17
62,Bhadohi,Uttar Pradesh,9,7.17,15.22,23.24,40.71,73.8,247.87,754.45,31.89,1.65,33.92,25.51,1.09,28.7
62,Bhadohi,Uttar Pradesh,10,1.09,5.36,0.8,6.22,25.25,101.8,620.31,31.49,1.65,33.53,21.28,2.6,26.39
62,Bhadohi,Uttar Pradesh,11,0.11,1.39,0.0,0.0,2.81,11.31,356.16,28.17,1.86,30.45,15.54,2.53,21.86
62,Bhadohi,Uttar Pradesh,12,0.1,0.82,0.0,0.01,3.28,2.52,109.83,23.74,2.31,26.13,10.85,2.22,17.29
63,Bhadrak,Odisha,1,0.27,1.36,0.29,1.12,7.88,6.62,80.26,26.53,1.42,28.29,15.99,1.58,21.26
63,Bhadrak,Odisha,2,1.17,3.99,2.82,6.36,19.54,20.82,38.71,29.72,1.86,32.01,18.79,1.64,24.25
63,Bhadrak,Odisha,3,0.86,2.59,2.47,5.3,14.34,29.4,56.44,33.93,1.66,35.91,22.66,1.39,28.29
63,Bhadrak,Odisha,4,1.6,3.96,4.81,9.15,19.76,35.48,85.63,36.49,1.4,38.18,25.51,1.1,31.0
63,Bhadrak,Odisha,5,3.34,7.17,9.82,16.08,36.63,72.51,137.57,36.56,1.43,38.32,27.16,1.04,31.86
63,Bhadrak,Odisha,6,6.97,10.95,18.62,28.48,52.3,148.17,257.71,33.98,2.07,36.69,27.43,0.81,30.71
63,Bhadrak,Odisha,7,8.37,11.26,22.48,32.4,50.21,235.48,460.01,31.58,1.06,32.86,26.67,0.53,29.12
63,Bhadrak,Odisha,8,11.27,12.87,30.37,39.52,52.31,318.0,708.87,31.34,0.92,32.52,26.44,0.46,28.89
63,Bhadrak,Odisha,9,8.2,11.78,23.31,35.06,53.01,290.45,847.97,31.48,1.04,32.7,26.13,0.5,28.81
63,Bhadrak,Odisha,10,4.03,8.86,12.35,21.67,48.15,181.42,790.83,30.9,1.13,32.25,24.24,1.29,27.57
63,Bhadrak,Odisha,11,0.95,4.36,1.57,5.32,22.25,65.64,532.47,29.05,1.07,30.38,20.17,1.85,24.61
63,Bhadrak,Odisha,12,0.23,1.76,0.18,0.53,4.29,12.34,253.94,26.72,1.13,28.06,16.41,1.48,21.57
64,Bharatpur,Rajasthan,1,0.38,2.25,0.06,1.09,11.69,7.53,15.41,20.92,2.67,24.21,7.74,2.35,14.33
64,Bharatpur,Rajasthan,2,0.34,1.83,0.07,1.07,11.14,10.05,20.13,24.78,3.07,28.67,10.75,2.73,17.76
64,Bharatpur,Rajasthan,3,0.33,2.09,0.07,0.89,9.21,12.08,29.46,31.16,3.39,35.35,15.86,2.78,23.51
64,Bharatpur,Rajasthan,4,0.12,0.78,0.03,0.29,3.62,5.23,27.5,37.55,3.06,41.44,21.6,2.78,29.57
64,Bharatpur,Rajasthan,5,0.63,2.55,1.0,3.72,13.87,9.76,26.91,40.81,2.67,43.86,26.36,2.45,33.59
64,Bharatpur,Rajasthan,6,1.34,5.09,3.37,7.31,22.92,23.9,38.97,39.52,3.1,43.34,28.79,1.97,34.16
64,Bharatpur,Rajasthan,7,6.32,11.75,20.1,31.17,57.63,123.64,158.42,34.65,2.68,38.43,27.66,1.51,31.16
64,Bharatpur,Rajasthan,8,7.62,13.26,24.15,37.34,58.49,220.07,373.94,33.06,1.82,35.47,26.74,0.99,29.9
64,Bharatpur,Rajasthan,9,3.65,9.71,11.08,24.5,49.27,176.74,528.88,33.71,2.02,36.26,25.18,1.46,29.44
64,Bharatpur,Rajasthan,10,0.54,3.62,0.01,0.95,15.34,47.51,443.11,33.13,2.25,35.95,19.82,2.54,26.48
64,Bharatpur,Rajasthan,11,0.1,1.0,0.0,0.01,1.99,5.93,224.21,28.12,2.38,31.04,14.23,2.4,21.17
64,Bharatpur,Rajasthan,12,0.07,0.69,0.0,0.01,1.54,2.57,53.04,22.89,2.61,26.01,9.34,2.42,16.12
65,Bhilwara,Rajasthan,1,0.11,1.03,0.01,0.13,2.21,2.4,8.25,23.41,2.55,26.67,9.18,2.23,16.3
65,Bhilwara,Rajasthan,2,0.1,0.81,0.0,0.08,2.77,2.89,7.19,26.71,3.11,30.9,11.74,2.74,19.23
65,Bhilwara,Rajasthan,3,0.05,0.67,0.0,0.04,0.75,2.57,7.86,32.57,3.24,36.61,17.15,2.87,24.86
65,Bhilwara,Rajasthan,4,0.08,0.48,0.01,0.27,1.95,1.84,7.33,37.67,2.68,40.92,22.5,2.65,30.09
65,Bhilwara,Rajasthan,5,0.23,1.03,0.37,1.2,4.56,4.34,8.73,40.38,2.14,42.95,26.81,2.0,33.6
65,Bhilwara,Rajasthan,6,2.33,6.75,6.29,11.72,37.5,28.62,34.91,38.2,2.83,41.96,27.43,1.68,32.82
65,Bhilwara,Rajasthan,7,8.76,15.45,27.52,41.31,69.29,172.18,206.76,32.65,2.71,36.28,25.54,1.32,29.1
65,Bhilwara,Rajasthan,8,8.49,15.18,26.5,40.45,70.63,278.78,489.52,30.72,1.72,32.86,24.5,0.92,27.61
65,Bhilwara,Rajasthan,9,3.46,9.5,10.61,22.25,54.14,180.4,641.2,32.46,2.08,35.21,23.69,1.16,28.07
65,Bhilwara,Rajasthan,10,0.29,1.63,0.13,1.38,8.04,42.22,498.51,33.19,2.01,35.57,20.05,2.35,26.62
65,Bhilwara,Rajasthan,11,0.1,0.78,0.0,0.02,3.05,4.08,219.63,28.86,2.25,31.54,15.09,2.32,21.98
65,Bhilwara,Rajasthan,12,0.03,0.6,0.0,0.0,0.67,1.95,45.28,24.78,2.31,27.56,10.73,2.29,17.76
66,Bhind,Madhya Pradesh,1,0.51,2.96,0.14,1.63,14.34,9.17,17.72,21.28,2.83,24.68,8.49,2.38,14.88
66,Bhind,Madhya Pradesh,2,0.28,1.55,0.05,1.12,7.61,12.58,23.15,25.32,3.04,29.27,11.52,2.69,18.42
66,Bhind,Madhya Pradesh,3,0.28,1.9,0.05,0.75,9.43,8.98,30.32,31.91,3.31,36.02,16.72,2.76,24.31
66,Bhind,Madhya Pradesh,4,0.1,0.85,0.01,0.2,1.73,5.22,26.68,38.16,2.87,41.61,22.32,2.62,30.24
66,Bhind,Madhya Pradesh,5,0.15,0.76,0.15,0.64,3.47,3.2,17.25,41.25,2.34,43.98,27.04,2.2,34.15
66,Bhind,Madhya Pradesh,6,2.13,6.34,5.09,13.53,30.42,22.31,30.61,39.38,3.4,43.52,29.02,1.89,34.2
66,Bhind,Madhya Pradesh,7,6.82,11.53,20.13,27.81,59.09,144.71,171.78,33.92,2.69,37.84,27.3,1.47,30.61
66,Bhind,Madhya Pradesh,8,8.14,12.92,24.35,35.61,62.87,244.27,419.47,32.28,1.64,34.37,26.36,0.92,29.32
66,Bhind,Madhya Pradesh,9,4.85,10.79,16.95,28.41,55.02,202.86,600.14,32.81,1.97,35.3,25.23,1.24,29.02
66,Bhind,Madhya Pradesh,10,1.03,5.53,0.39,3.49,32.25,70.48,516.65,32.63,2.09,35.15,20.37,2.43,26.5
66,Bhind,Madhya Pradesh,11,0.03,0.33,0.0,0.0,0.83,8.32,275.84,28.16,2.24,30.91,14.89,2.41,21.53
66,Bhind,Madhya Pradesh,12,0.08,0.64,0.0,0.05,1.99,1.6,76.71,23.13,2.52,26.1,10.03,2.32,16.58
67,Bhopal,Madhya Pradesh,1,0.48,2.45,0.0,1.85,12.45,9.8,22.44,23.66,2.62,27.03,10.69,2.35,17.18
67,Bhopal,Madhya Pradesh,2,0.21,1.19,0.01,0.59,6.78,10.15,24.24,26.86,2.95,30.6,13.08,2.51,19.97
67,Bhopal,Madhya Pradesh,3,0.21,1.46,0.0,0.18,6.1,6.64,26.44,32.33,3.04,36.09,17.81,2.54,25.07
67,Bhopal,Madhya Pradesh,4,0.02,0.18,0.0,0.04,0.74,2.8,19.57,37.31,2.36,40.12,23.06,2.31,30.19
67,Bhopal,Madhya Pradesh,5,0.18,1.17,0.07,0.58,4.11,2.37,11.69,39.7,1.92,42.09,27.25,1.75,33.48
67,Bhopal,Madhya Pradesh,6,3.91,9.45,12.36,20.09,44.83,43.81,48.85,35.96,3.72,40.84,26.78,2.0,31.37
67,Bhopal,Madhya Pradesh,7,13.29,21.45,36.39,55.71,103.69,265.12,314.09,29.75,2.63,33.23,24.3,1.2,27.03
67,Bhopal,Madhya Pradesh,8,11.63,20.26,34.56,50.18,97.4,406.42,731.27,28.23,1.71,30.45,23.37,0.79,25.8
67,Bhopal,Madhya Pradesh,9,5.98,15.09,18.15,31.61,77.55,268.82,954.12,29.97,2.01,32.5,22.74,0.99,26.35
67,Bhopal,Madhya Pradesh,10,0.71,3.08,0.69,4.8,16.1,79.3,749.25,30.91,1.87,33.28,19.51,2.17,25.21
67,Bhopal,Madhya Pradesh,11,0.15,1.12,0.0,0.03,5.47,8.83,348.02,27.77,1.89,30.06,15.24,2.31,21.51
67,Bhopal,Madhya Pradesh,12,0.13,1.11,0.0,0.0,3.92,4.26,87.53,24.65,2.17,27.37,11.52,2.19,18.08
68,Bidar,Karnataka,1,0.08,0.65,0.0,0.07,2.67,4.5,53.35,28.23,1.63,30.11,16.37,1.87,22.3
68,Bidar,Karnataka,2,0.1,0.59,0.0,0.24,3.28,2.4,17.01,31.13,1.78,33.47,18.5,1.66,24.81
68,Bidar,Karnataka,3,0.36,1.85,0.12,1.19,10.11,7.41,14.39,34.72,2.01,37.1,21.85,1.71,28.28
68,Bidar,Karnataka,4,0.77,2.99,1.76,4.52,12.48,16.62,26.62,37.34,1.78,39.38,24.98,1.53,31.16
68,Bidar,Karnataka,5,0.89,3.48,1.82,4.52,17.6,24.18,48.66,38.43,2.03,40.68,26.7,1.38,32.57
68,Bidar,Karnataka,6,4.81,9.05,14.62,22.81,46.46,80.35,121.6,33.16,3.17,37.69,24.81,1.48,28.99
68,Bidar,Karnataka,7,6.65,11.76,20.08,31.22,59.61,174.48,281.31,29.55,1.98,32.0,23.42,0.94,26.49
68,Bidar,Karnataka,8,7.51,13.85,22.05,35.66,64.61,223.48,486.31,28.6,1.61,30.43,22.87,0.72,25.73
68,Bidar,Karnataka,9,5.17,9.34,16.49,24.39,41.81,191.88,593.13,29.57,1.52,31.5,22.66,0.7,26.11
68,Bidar,Karnataka,10,2.99,8.44,9.52,17.51,41.97,127.08,541.79,30.02,1.63,31.91,21.07,1.56,25.54
68,Bidar,Karnataka,11,0.63,3.19,0.28,2.91,15.65,40.81,356.73,28.82,1.4,30.58,18.07,2.26,23.45
68,Bidar,Karnataka,12,0.18,1.68,0.0,0.01,3.36,10.39,175.1,27.74,1.5,29.53,15.87,2.06,21.8
69,Bijapur,Chhattisgarh,1,0.4,2.46,0.5,1.34,9.0,7.48,65.28,28.55,1.58,30.41,16.01,1.94,22.28
69,Bijapur,Chhattisgarh,2,0.3,1.83,0.3,0.77,6.28,11.93,28.52,31.47,1.85,33.88,18.33,1.67,24.9
69,Bijapur,Chhattisgarh,3,0.36,2.11,0.46,1.25,6.24,8.01,27.05,35.17,1.94,37.43,21.61,1.62,28.39
69,Bijapur,Chhattisgarh,4,0.78,3.13,1.57,4.17,13.91,16.49,36.27,37.63,1.73,39.66,24.96,1.37,31.3
69,Bijapur,Chhattisgarh,5,1.33,5.34,2.6,6.17,19.29,33.1,57.92,39.14,2.26,41.66,27.13,1.45,33.14
69,Bijapur,Chhattisgarh,6,6.09,12.81,16.1,28.59,59.82,96.27,146.58,34.42,3.81,39.86,26.32,1.74,30.37
69,Bijapur,Chhattisgarh,7,12.06,15.38,31.53,44.87,67.56,278.78,411.61,29.9,1.93,32.29,24.53,0.95,27.22
69,Bijapur,Chhattisgarh,8,15.89,19.26,43.62,60.37,86.51,459.67,848.68,29.28,1.57,31.25,24.07,0.72,26.68
69,Bijapur,Chhattisgarh,9,6.81,10.77,20.53,28.22,52.06,334.86,1085.25,30.55,1.47,32.36,23.94,0.59,27.24
69,Bijapur,Chhattisgarh,10,3.54,10.76,8.77,17.72,45.56,153.26,946.45,30.92,1.45,32.62,21.96,1.56,26.44
69,Bijapur,Chhattisgarh,11,0.9,4.35,1.23,3.94,19.0,50.73,528.3,29.79,1.25,31.34,18.43,2.33,24.11
69,Bijapur,Chhattisgarh,12,0.13,0.77,0.13,0.5,3.89,9.96,209.86,28.44,1.28,30.07,15.65,2.05,22.05
70,Bijnor,Uttar Pradesh,1,1.44,6.46,2.68,7.04,27.05,33.83,55.23,19.31,2.62,22.5,6.44,2.06,12.87
70,Bijnor,Uttar Pradesh,2,1.44,5.39,3.16,8.3,28.01,42.92,83.53,22.13,2.82,25.58,8.65,2.33,15.39
70,Bijnor,Uttar Pradesh,3,1.07,4.58,2.05,5.45,21.76,41.2,117.22,27.75,3.26,31.92,12.64,2.52,20.19
70,Bijnor,Uttar Pradesh,4,0.53,2.79,0.87,2.37,12.61,20.25,104.34,33.69,3.08,37.6,17.36,2.57,25.53
70,Bijnor,Uttar Pradesh,5,1.19,3.7,3.36,7.43,17.22,26.05,86.87,36.22,2.84,39.57,21.4,2.24,28.81
70,Bijnor,Uttar Pradesh,6,4.06,9.34,13.35,22.1,48.67,64.88,111.15,35.12,3.26,39.37,23.99,1.76,29.55
70,Bijnor,Uttar Pradesh,7,12.63,20.74,35.19,51.14,89.49,261.12,354.7,31.2,2.18,33.94,24.66,1.24,27.93
70,Bijnor,Uttar Pradesh,8,12.31,21.41,32.19,48.37,91.76,393.55,733.35,30.41,1.62,32.35,24.34,0.93,27.37
70,Bijnor,Uttar Pradesh,9,7.07,16.02,21.57,37.53,71.18,307.57,975.32,30.35,1.82,32.36,22.54,1.4,26.45
70,Bijnor,Uttar Pradesh,10,1.15,4.86,2.37,5.63,21.72,96.4,793.15,29.6,1.85,31.65,17.19,2.51,23.4
70,Bijnor,Uttar Pradesh,11,0.14,2.1,0.01,0.11,1.84,14.92,409.94,25.82,1.94,28.15,12.06,2.03,18.94
70,Bijnor,Uttar Pradesh,12,0.57,2.88,0.55,1.89,17.61,7.48,113.02,21.47,2.53,24.15,8.0,2.1,14.74
71,Bikaner,Rajasthan,1,0.07,0.54,0.02,0.11,1.93,1.84,4.68,21.54,2.53,24.84,7.93,2.29,14.73
71,Bikaner,Rajasthan,2,0.21,1.17,0.08,0.96,5.92,3.91,6.53,25.17,3.24,29.54,10.82,2.87,18.0
71,Bikaner,Rajasthan,3,0.16,0.8,0.07,0.52,4.1,6.09,11.81,31.36,3.56,35.85,16.27,2.92,23.82
71,Bikaner,Rajasthan,4,0.21,1.16,0.17,0.73,4.65,5.39,15.42,37.27,3.23,41.35,21.71,2.81,29.49
71,Bikaner,Rajasthan,5,0.41,1.6,0.61,2.64,8.92,8.01,19.43,40.8,2.64,43.82,26.13,2.28,33.47
71,Bikaner,Rajasthan,6,1.01,3.06,2.59,5.83,17.69,20.94,34.47,39.94,2.55,43.12,28.48,1.72,34.21
71,Bikaner,Rajasthan,7,3.03,6.29,9.89,16.16,30.34,58.82,88.36,36.3,2.57,39.54,27.45,1.4,31.87
71,Bikaner,Rajasthan,8,1.85,4.14,6.15,9.79,20.35,79.95,162.7,34.86,1.9,37.32,26.13,0.97,30.49
71,Bikaner,Rajasthan,9,0.96,2.97,2.59,5.69,15.17,43.53,184.69,35.2,1.93,37.48,24.91,1.29,30.06
71,Bikaner,Rajasthan,10,0.18,1.33,0.01,0.26,5.3,13.28,135.0,34.06,2.18,36.68,20.39,2.42,27.22
71,Bikaner,Rajasthan,11,0.03,0.46,0.0,0.0,0.18,2.23,57.7,28.74,2.36,31.55,14.43,2.34,21.58
71,Bikaner,Rajasthan,12,0.03,0.36,0.0,0.02,0.71,0.78,15.48,23.44,2.58,26.75,9.39,2.31,16.42
72,Bilaspur,Chhattisgarh,1,0.75,3.51,0.76,3.15,22.87,14.29,42.97,25.53,2.19,28.45,12.58,2.39,19.05
72,Bilaspur,Chhattisgarh,2,0.91,4.53,0.98,2.94,24.04,26.25,48.69,28.82,2.66,32.16,15.03,2.28,21.92
72,Bilaspur,Chhattisgarh,3,0.81,4.65,0.74,2.19,28.43,26.15,66.19,33.94,2.86,37.41,19.04,2.27,26.49
72,Bilaspur,Chhattisgarh,4,0.62,5.12,0.55,1.52,15.25,20.18,72.44,38.46,2.41,41.36,23.53,1.98,31.0
72,Bilaspur,Chhattisgarh,5,0.76,4.41,0.83,2.29,20.73,18.48,64.43,40.65,2.24,43.38,26.95,1.76,33.8
72,Bilaspur,Chhattisgarh,6,6.25,13.04,18.97,33.37,62.97,73.11,111.75,36.16,4.2,41.68,27.09,1.87,31.63
72,Bilaspur,Chhattisgarh,7,12.18,15.65,34.57,45.94,69.86,306.76,402.44,30.85,1.98,33.4,25.19,0.92,28.02
72,Bilaspur,Chhattisgarh,8,12.07,16.03,33.88,47.94,68.89,392.54,787.86,30.29,1.52,32.2,24.8,0.75,27.55
72,Bilaspur,Chhattisgarh,9,7.13,12.21,21.53,34.92,58.51,294.41,1003.66,31.12,1.49,32.89,24.34,0.85,27.73
72,Bilaspur,Chhattisgarh,10,1.99,7.27,4.23,10.35,37.83,117.1,800.97,31.0,1.48,32.83,21.13,2.23,26.07
72,Bilaspur,Chhattisgarh,11,0.31,2.4,0.02,0.36,10.89,22.15,425.62,28.68,1.52,30.56,16.45,2.49,22.57
72,Bilaspur,Chhattisgarh,12,0.24,2.23,0.06,0.44,5.25,8.47,142.19,26.04,1.69,28.07,12.74,2.17,19.39
73,Gaurela-Pendra-Marwahi,Chhattisgarh,1,0.86,4.37,0.25,4.15,20.42,16.17,44.82,23.78,2.33,26.84,10.58,2.48,17.18
73,Gaurela-Pendra-Marwahi,Chhattisgarh,2,0.9,4.39,0.44,4.17,26.98,27.83,49.6,27.02,2.74,30.49,13.1,2.39,20.06
73,Gaurela-Pendra-Marwahi,Chhattisgarh,3,0.81,4.67,0.27,2.43,22.22,27.16,70.48,32.17,2.97,35.8,17.19,2.4,24.68
73,Gaurela-Pendra-Marwahi,Chhattisgarh,4,0.68,3.99,0.4,1.87,18.98,20.75,75.58,36.99,2.47,39.87,21.87,2.11,29.43
73,Gaurela-Pendra-Marwahi,Chhattisgarh,5,0.54,2.95,0.36,1.86,15.85,16.38,63.95,39.34,2.17,42.03,25.47,1.79,32.4
73,Gaurela-Pendra-Marwahi,Chhattisgarh,6,7.06,16.09,22.5,38.85,82.09,75.62,112.59,35.12,4.15,40.45,26.07,1.85,30.59
73,Gaurela-Pendra-Marwahi,Chhattisgarh,7,12.03,17.74,35.75,49.95,82.51,325.51,422.07,29.8,2.03,32.38,24.29,0.97,27.05
73,Gaurela-Pendra-Marwahi,Chhattisgarh,8,11.93,18.89,36.34,52.33,86.87,388.9,806.27,29.14,1.5,31.04,23.83,0.73,26.49
73,Gaurela-Pendra-Marwahi,Chhattisgarh,9,7.44,15.79,22.74,39.89,83.79,296.4,1019.53,29.92,1.56,31.74,23.11,0.95,26.52
73,Gaurela-Pendra-Marwahi,Chhattisgarh,10,2.21,9.95,3.42,11.68,47.93,120.55,802.97,29.68,1.59,31.65,19.64,2.32,24.66
73,Gaurela-Pendra-Marwahi,Chhattisgarh,11,0.28,2.04,0.01,0.13,10.81,25.62,434.74,27.05,1.61,29.04,14.9,2.47,20.97
73,Gaurela-Pendra-Marwahi,Chhattisgarh,12,0.2,1.65,0.0,0.08,5.56,5.99,146.61,24.32,1.79,26.45,11.05,2.16,17.69
74,Bilaspur,Himachal Pradesh,1,2.04,8.13,3.27,11.25,39.86,43.02,71.78,18.68,2.48,21.69,5.28,2.04,11.98
74,Bilaspur,Himachal Pradesh,2,1.96,6.23,5.7,12.24,29.21,62.36,118.61,21.1,3.02,24.91,7.43,2.33,14.27
74,Bilaspur,Himachal Pradesh,3,2.05,6.41,5.3,13.55,32.08,65.13,169.14,26.3,3.59,30.91,11.37,2.58,18.83
74,Bilaspur,Himachal Pradesh,4,0.92,3.36,1.5,5.18,18.93,42.34,169.7,32.34,3.52,36.86,16.18,2.66,24.26
74,Bilaspur,Himachal Pradesh,5,1.43,4.5,4.08,8.08,22.45,36.99,143.85,36.23,3.13,39.91,20.32,2.32,28.27
74,Bilaspur,Himachal Pradesh,6,4.42,12.49,11.23,23.91,68.65,70.04,148.78,35.81,3.0,39.68,23.71,2.07,29.76
74,Bilaspur,Himachal Pradesh,7,11.26,20.29,33.65,50.67,91.36,260.94,370.53,31.7,2.08,34.18,25.2,1.19,28.45
74,Bilaspur,Himachal Pradesh,8,10.35,21.29,29.71,45.86,99.59,340.69,683.9,30.8,1.52,32.51,24.72,1.0,27.76
74,Bilaspur,Himachal Pradesh,9,5.65,19.13,13.6,27.83,89.18,232.41,844.84,30.87,1.61,32.68,22.04,1.78,26.46
74,Bilaspur,Himachal Pradesh,10,0.66,3.36,0.61,2.67,14.88,77.54,646.91,29.53,1.96,31.86,16.14,2.54,22.84
74,Bilaspur,Himachal Pradesh,11,0.39,2.25,0.38,0.95,9.8,14.1,316.51,25.29,2.04,27.68,10.83,2.08,18.06
74,Bilaspur,Himachal Pradesh,12,0.81,3.8,0.78,4.08,20.97,14.65,101.64,20.94,2.46,23.71,6.72,2.01,13.83
75,Bishnupur,Manipur,1,0.41,2.6,0.0,0.29,13.45,9.46,89.33,20.6,1.86,22.85,10.47,1.55,15.53
75,Bishnupur,Manipur,2,1.01,4.77,0.32,7.11,18.64,20.34,40.44,23.22,2.28,26.08,12.39,1.85,17.8
75,Bishnupur,Manipur,3,2.66,9.72,6.04,19.72,46.95,45.77,75.36,26.82,2.38,29.88,15.7,1.9,21.26
75,Bishnupur,Manipur,4,4.46,11.05,15.76,25.32,60.27,117.15,183.88,28.69,2.3,31.52,18.4,1.53,23.55
75,Bishnupur,Manipur,5,6.98,15.09,23.04,38.02,78.29,170.96,336.22,29.14,2.09,31.64,20.9,1.54,25.02
75,Bishnupur,Manipur,6,11.1,21.44,35.03,52.27,89.83,263.64,554.59,29.35,1.61,31.43,23.28,0.94,26.31
75,Bishnupur,Manipur,7,8.5,17.38,24.87,39.29,78.86,312.45,751.88,29.13,1.49,31.04,23.88,0.71,26.5
75,Bishnupur,Manipur,8,7.93,18.82,23.28,43.94,95.85,239.17,819.17,29.28,1.42,31.04,24.03,0.7,26.66
75,Bishnupur,Manipur,9,5.91,16.88,16.93,32.1,92.11,208.83,755.89,29.09,1.68,31.21,23.18,0.91,26.13
75,Bishnupur,Manipur,10,4.82,15.13,15.47,35.11,75.69,171.03,617.75,27.94,1.83,30.23,20.86,1.62,24.4
75,Bishnupur,Manipur,11,0.86,4.37,0.01,5.71,24.13,74.2,451.81,24.99,1.76,27.17,16.31,2.03,20.65
75,Bishnupur,Manipur,12,0.2,1.61,0.0,0.06,7.05,11.2,253.72,21.67,1.66,23.85,12.2,1.74,16.94
76,Bokaro,Jharkhand,1,0.47,2.37,0.25,1.91,12.2,7.89,38.5,24.27,2.18,27.02,10.98,2.29,17.63
76,Bokaro,Jharkhand,2,0.79,3.63,0.93,4.88,17.5,19.12,28.71,27.93,2.69,31.38,13.96,2.26,20.94
76,Bokaro,Jharkhand,3,0.6,3.07,0.59,2.75,12.92,20.88,47.34,33.35,2.78,36.69,18.28,2.31,25.82
76,Bokaro,Jharkhand,4,0.78,2.91,1.44,5.11,15.73,18.33,58.26,37.68,2.43,40.77,22.49,1.74,30.09
76,Bokaro,Jharkhand,5,1.75,4.72,5.45,9.73,22.63,36.71,75.84,37.86,2.48,41.04,25.12,1.63,31.49
76,Bokaro,Jharkhand,6,7.12,12.95,21.51,31.0,63.89,114.75,170.51,34.68,3.22,39.16,26.26,1.29,30.47
76,Bokaro,Jharkhand,7,11.59,14.74,31.12,42.72,65.55,307.35,463.33,31.32,1.45,33.04,25.68,0.81,28.5
76,Bokaro,Jharkhand,8,9.91,13.98,27.76,39.9,62.93,328.29,763.69,31.0,1.14,32.38,25.45,0.67,28.23
76,Bokaro,Jharkhand,9,8.67,15.7,25.83,38.53,74.66,275.0,916.57,31.13,1.44,32.79,24.84,0.89,27.98
76,Bokaro,Jharkhand,10,2.79,9.21,7.37,16.15,43.84,177.69,778.58,30.64,1.49,32.43,21.55,2.21,26.1
76,Bokaro,Jharkhand,11,0.19,1.39,0.0,0.25,5.8,30.55,479.39,28.2,1.47,30.05,16.37,2.46,22.28
76,Bokaro,Jharkhand,12,0.07,0.63,0.0,0.02,2.04,2.81,204.54,25.06,1.67,26.98,11.89,2.02,18.48
77,Bulandshahr,Uttar Pradesh,1,0.79,4.81,0.28,1.84,22.99,21.4,34.36,20.04,2.68,23.32,7.54,2.21,13.79
77,Bulandshahr,Uttar Pradesh,2,0.88,4.59,0.46,2.16,25.0,24.49,50.57,23.37,2.82,26.87,10.53,2.55,16.95
77,Bulandshahr,Uttar Pradesh,3,0.68,4.01,0.36,1.92,22.03,26.46,71.92,29.53,3.32,33.76,15.35,2.65,22.44
77,Bulandshahr,Uttar Pradesh,4,0.4,3.15,0.11,0.49,10.52,12.55,63.56,36.24,3.13,40.16,20.81,2.69,28.52
77,Bulandshahr,Uttar Pradesh,5,0.41,2.14,0.45,1.72,9.12,12.33,51.0,39.33,2.78,42.5,25.17,2.34,32.25
77,Bulandshahr,Uttar Pradesh,6,3.14,11.99,7.57,15.55,60.42,39.23,63.94,38.38,3.16,42.35,27.49,1.83,32.94
77,Bulandshahr,Uttar Pradesh,7,8.73,19.25,25.71,51.29,93.32,194.27,247.86,34.02,2.45,37.43,27.04,1.37,30.53
77,Bulandshahr,Uttar Pradesh,8,9.04,20.03,27.93,46.44,92.03,267.74,511.6,32.75,1.68,34.82,26.46,0.97,29.6
77,Bulandshahr,Uttar Pradesh,9,5.26,15.27,15.06,35.05,72.39,237.07,707.56,32.82,1.91,34.99,24.82,1.45,28.82
77,Bulandshahr,Uttar Pradesh,10,0.92,6.31,0.26,1.71,30.94,73.77,575.99,31.88,2.04,34.33,19.45,2.58,25.67
77,Bulandshahr,Uttar Pradesh,11,0.05,0.73,0.0,0.02,0.7,9.0,313.33,27.32,2.2,30.09,13.91,2.29,20.62
77,Bulandshahr,Uttar Pradesh,12,0.42,3.28,0.05,0.23,11.99,4.43,82.81,22.25,2.61,25.18,9.08,2.29,15.67
78,Bundi,Rajasthan,1,0.17,1.26,0.0,0.12,5.71,3.12,9.66,23.33,2.64,26.73,9.53,2.3,16.43
78,Bundi,Rajasthan,2,0.13,1.06,0.0,0.13,4.09,4.58,10.04,26.9,3.17,31.07,12.1,2.72,19.5
78,Bundi,Rajasthan,3,0.06,0.57,0.0,0.07,1.24,2.88,10.5,32.94,3.32,37.07,17.39,2.82,25.16
78,Bundi,Rajasthan,4,0.03,0.19,0.0,0.12,0.88,1.04,8.47,38.4,2.74,41.71,22.81,2.67,30.6
78,Bundi,Rajasthan,5,0.24,1.27,0.28,1.13,5.57,3.72,7.55,41.26,2.22,43.93,27.51,2.16,34.38
78,Bundi,Rajasthan,6,2.06,6.26,5.15,10.76,34.9,23.1,27.95,38.94,3.03,42.93,28.43,1.83,33.68
78,Bundi,Rajasthan,7,7.98,13.37,24.46,35.39,61.64,156.24,184.63,33.15,2.81,37.03,26.35,1.4,29.75
78,Bundi,Rajasthan,8,8.28,13.97,26.21,38.64,65.1,268.68,457.17,31.22,1.71,33.36,25.27,0.9,28.24
78,Bundi,Rajasthan,9,2.77,6.8,9.79,16.32,32.47,164.46,599.01,32.87,2.06,35.55,24.42,1.15,28.64
78,Bundi,Rajasthan,10,0.36,2.04,0.01,1.6,10.67,33.65,464.18,33.49,2.11,35.99,20.47,2.34,26.98
78,Bundi,Rajasthan,11,0.09,0.85,0.0,0.0,2.84,4.45,195.43,29.15,2.3,31.92,15.45,2.39,22.3
78,Bundi,Rajasthan,12,0.05,0.92,0.0,0.0,0.47,2.36,38.2,24.79,2.39,27.74,11.04,2.32,17.92
79,Burhanpur,Madhya Pradesh,1,0.35,3.07,0.21,0.56,7.36,9.12,35.35,26.86,2.2,29.64,13.86,2.22,20.36
79,Burhanpur,Madhya Pradesh,2,0.32,2.27,0.18,0.62,7.54,8.56,27.9,29.83,2.51,33.04,15.84,2.25,22.84
79,Burhanpur,Madhya Pradesh,3,0.33,2.81,0.06,0.45,9.78,11.66,29.38,34.66,2.7,37.89,19.85,2.28,27.26
79,Burhanpur,Madhya Pradesh,4,0.06,0.82,0.0,0.09,0.56,4.05,24.39,38.85,2.04,41.31,24.12,1.98,31.49
79,Burhanpur,Madhya Pradesh,5,0.27,1.86,0.22,0.91,5.52,4.42,19.92,40.25,1.78,42.5,27.12,1.38,33.68
79,Burhanpur,Madhya Pradesh,6,4.53,10.6,14.45,26.97,56.74,57.7,66.05,35.29,3.71,40.1,26.3,1.72,30.8
79,Burhanpur,Madhya Pradesh,7,7.78,14.74,23.38,41.5,66.87,192.46,257.54,29.8,2.23,32.76,24.37,1.0,27.09
79,Burhanpur,Madhya Pradesh,8,8.04,15.17,25.07,38.69,67.26,258.27,518.74,28.47,1.61,30.4,23.54,0.75,26.0
79,Burhanpur,Madhya Pradesh,9,5.48,12.61,16.19,29.1,60.75,206.08,662.17,30.2,1.79,32.53,23.18,0.84,26.69
79,Burhanpur,Madhya Pradesh,10,1.13,4.17,2.07,6.31,22.29,87.69,550.49,31.33,1.67,33.55,20.98,2.06,26.15
79,Burhanpur,Madhya Pradesh,11,0.35,2.45,0.18,0.82,10.58,16.54,305.25,29.2,1.59,31.26,17.46,2.35,23.33
79,Burhanpur,Madhya Pradesh,12,0.27,2.57,0.0,0.15,7.04,10.06,110.02,27.09,1.77,29.28,14.39,2.15,20.74
80,Central,Delhi,1,0.78,5.49,0.0,0.91,28.96,28.33,53.11,19.82,2.67,23.01,7.24,2.27,13.53
80,Central,Delhi,2,1.01,5.92,0.12,2.96,27.61,25.54,69.84,23.21,2.88,26.81,10.2,2.6,16.7
80,Central,Delhi,3,0.62,4.37,0.03,1.29,24.72,27.25,80.72,29.27,3.38,33.57,14.96,2.66,22.11
80,Central,Delhi,4,0.34,2.35,0.0,0.66,9.39,11.67,64.49,36.05,3.24,40.11,20.49,2.77,28.27
80,Central,Delhi,5,0.75,4.92,0.25,1.63,24.95,16.92,55.16,39.39,2.9,42.74,24.95,2.44,32.17
80,Central,Delhi,6,2.98,12.78,4.44,17.99,61.96,40.94,69.69,38.53,3.14,42.49,27.46,1.92,33.0
80,Central,Delhi,7,7.83,23.46,24.32,50.01,107.54,172.63,232.55,34.27,2.49,37.75,27.07,1.44,30.67
80,Central,Delhi,8,9.83,32.13,28.58,57.76,131.14,270.91,493.46,32.95,1.77,35.11,26.41,1.02,29.68
80,Central,Delhi,9,5.24,19.67,13.77,32.06,101.0,254.22,706.14,33.08,1.94,35.34,24.64,1.52,28.86
80,Central,Delhi,10,0.4,3.18,0.0,0.41,11.91,57.91,581.15,32.05,2.11,34.59,19.22,2.55,25.64
80,Central,Delhi,11,0.38,5.78,0.0,0.0,1.59,8.29,312.77,27.21,2.23,29.98,13.65,2.31,20.43
80,Central,Delhi,12,0.79,8.86,0.0,0.07,9.18,15.24,77.03,22.03,2.64,25.0,8.8,2.32,15.42
81,Chamarajanagar,Karnataka,1,0.25,2.0,0.23,0.66,4.71,15.03,211.5,27.59,1.02,28.88,15.08,1.41,21.33
81,Chamarajanagar,Karnataka,2,0.35,2.22,0.21,0.95,8.95,6.95,69.15,29.86,1.26,31.47,16.32,1.48,23.09
81,Chamarajanagar,Karnataka,3,0.59,2.37,1.13,3.06,11.31,13.61,35.94,32.15,1.33,33.67,18.45,1.43,25.3
81,Chamarajanagar,Karnataka,4,2.29,5.12,6.24,12.33,25.04,40.43,61.23,32.77,1.3,34.28,20.62,0.91,26.69
81,Chamarajanagar,Karnataka,5,5.45,9.8,14.85,23.38,49.26,118.86,174.24,31.68,1.62,33.4,21.07,0.79,26.38
81,Chamarajanagar,Karnataka,6,2.98,7.7,8.21,13.27,31.38,145.36,307.97,28.14,1.65,30.24,20.48,0.63,24.31
81,Chamarajanagar,Karnataka,7,3.35,8.5,8.57,16.96,47.91,78.73,343.94,26.97,1.26,28.64,20.1,0.53,23.53
81,Chamarajanagar,Karnataka,8,4.52,10.2,11.31,22.1,54.83,111.91,331.84,26.91,1.13,28.31,19.79,0.51,23.35
81,Chamarajanagar,Karnataka,9,5.02,8.73,14.6,23.97,41.99,148.24,339.84,27.87,1.14,29.28,19.44,0.56,23.66
81,Chamarajanagar,Karnataka,10,6.9,11.05,19.59,27.98,52.13,189.08,450.57,27.35,1.19,28.76,19.19,0.72,23.27
81,Chamarajanagar,Karnataka,11,3.13,8.06,9.27,15.24,37.4,156.27,495.32,26.36,1.17,27.58,17.82,1.39,22.09
81,Chamarajanagar,Karnataka,12,0.92,3.82,2.02,4.86,14.61,50.52,395.04,26.28,1.17,27.57,15.94,1.62,21.11
82,Chamba,Himachal Pradesh,1,1.44,3.49,4.29,7.45,19.84,38.65,74.57,10.6,2.29,13.62,-0.47,2.03,5.07
82,Chamba,Himachal Pradesh,2,1.99,4.31,5.67,8.98,19.76,51.22,110.2,12.49,2.85,16.23,1.93,2.31,7.21
82,Chamba,Himachal Pradesh,3,2.28,4.51,6.89,11.52,22.95,65.32,154.88,17.38,3.49,21.84,5.87,2.6,11.63
82,Chamba,Himachal Pradesh,4,1.32,2.72,3.79,6.36,14.31,54.39,171.08,22.76,3.35,27.03,10.26,2.36,16.51
82,Chamba,Himachal Pradesh,5,1.28,2.86,3.97,6.14,11.57,40.23,159.81,26.92,2.96,30.39,13.96,2.11,20.44
82,Chamba,Himachal Pradesh,6,2.28,5.61,5.82,10.1,29.25,43.57,137.3,28.61,2.25,31.37,17.1,1.8,22.85
82,Chamba,Himachal Pradesh,7,7.6,12.55,20.82,32.79,63.93,149.25,233.83,26.86,1.81,29.06,19.17,1.2,23.02
82,Chamba,Himachal Pradesh,8,7.81,12.18,21.08,35.37,57.8,254.68,454.99,26.18,1.44,27.78,18.81,1.15,22.49
82,Chamba,Himachal Pradesh,9,4.2,9.4,11.94,19.73,46.99,181.88,594.28,25.39,1.58,27.19,15.48,1.83,20.44
82,Chamba,Himachal Pradesh,10,0.79,2.38,2.33,5.11,13.48,58.92,493.26,22.5,2.01,25.03,9.86,2.21,16.18
82,Chamba,Himachal Pradesh,11,0.43,1.22,1.25,3.01,6.34,16.13,251.25,17.99,2.15,20.54,4.93,1.86,11.46
82,Chamba,Himachal Pradesh,12,1.08,3.31,3.18,6.46,15.02,20.74,92.61,13.3,2.45,16.26,1.12,1.86,7.21
83,Champawat,Uttarakhand,1,1.35,6.36,1.13,5.95,34.57,31.15,60.24,17.52,2.49,20.63,6.54,1.88,12.03
83,Champawat,Uttarakhand,2,2.04,8.59,3.82,11.28,43.26,46.0,87.37,20.2,2.67,23.5,8.87,2.17,14.54
83,Champawat,Uttarakhand,3,1.58,7.21,2.0,9.87,32.09,61.39,137.85,25.55,3.07,29.41,13.03,2.59,19.29
83,Champawat,Uttarakhand,4,1.24,5.62,2.2,6.07,26.33,35.16,142.97,31.0,2.89,34.51,17.86,2.49,24.43
83,Champawat,Uttarakhand,5,3.0,9.48,8.4,16.56,48.92,64.34,160.29,33.14,2.63,36.38,21.5,2.14,27.32
83,Champawat,Uttarakhand,6,6.2,15.68,17.45,30.31,85.74,123.67,224.0,32.45,2.97,36.56,23.56,1.54,28.0
83,Champawat,Uttarakhand,7,10.88,18.21,31.06,43.35,72.99,273.78,465.62,29.34,1.95,31.68,23.87,1.11,26.6
83,Champawat,Uttarakhand,8,10.02,16.5,30.55,42.17,69.33,322.77,730.59,28.82,1.45,30.58,23.47,0.86,26.15
83,Champawat,Uttarakhand,9,6.81,16.46,19.18,37.25,90.25,266.58,869.93,28.64,1.66,30.48,21.67,1.3,25.15
83,Champawat,Uttarakhand,10,0.95,5.95,0.63,4.04,22.84,97.49,683.43,27.21,1.85,29.44,17.16,2.27,22.18
83,Champawat,Uttarakhand,11,0.46,5.17,0.16,0.61,6.28,17.71,375.14,23.45,1.81,25.76,12.56,1.94,18.0
83,Champawat,Uttarakhand,12,0.54,3.14,0.37,1.67,12.48,11.35,120.96,19.6,2.36,22.18,8.4,1.94,14.0
84,Champhai,Mizoram,1,0.31,1.42,0.59,1.76,6.48,9.69,106.88,16.57,1.28,18.11,5.79,1.11,11.18
84,Champhai,Mizoram,2,0.51,1.83,1.24,3.01,9.62,11.43,40.32,18.31,1.55,20.24,7.61,1.37,12.96
84,Champhai,Mizoram,3,1.75,4.23,5.87,9.82,19.7,27.97,49.03,21.01,1.61,23.08,10.55,1.42,15.78
84,Champhai,Mizoram,4,3.64,5.78,11.49,16.41,24.58,84.71,124.56,22.54,1.52,24.36,12.93,1.01,17.73
84,Champhai,Mizoram,5,7.59,11.06,21.0,30.68,49.2,168.71,283.52,22.49,1.32,24.08,14.96,1.01,18.73
84,Champhai,Mizoram,6,9.45,10.8,24.22,31.56,48.75,263.39,520.58,22.16,1.04,23.48,16.73,0.56,19.44
84,Champhai,Mizoram,7,7.0,7.43,16.85,21.39,31.16,248.6,685.33,21.81,0.95,23.06,17.1,0.37,19.46
84,Champhai,Mizoram,8,7.26,7.55,17.44,21.78,33.25,211.68,723.57,21.92,0.9,23.03,17.15,0.36,19.54
84,Champhai,Mizoram,9,7.83,9.28,20.18,26.67,42.49,233.72,690.23,21.81,1.06,23.14,16.44,0.55,19.13
84,Champhai,Mizoram,10,5.12,10.56,16.09,26.53,46.31,202.53,648.25,21.14,1.18,22.54,14.43,1.2,17.78
84,Champhai,Mizoram,11,1.35,4.56,3.05,7.54,26.06,82.32,518.07,19.22,1.12,20.59,10.79,1.54,15.0
84,Champhai,Mizoram,12,0.37,1.44,1.04,2.05,5.27,20.18,300.95,17.18,1.08,18.49,7.24,1.32,12.21
85,Chandauli,Uttar Pradesh,1,0.47,2.68,0.19,1.84,11.24,10.49,28.44,21.79,2.53,24.85,9.73,2.37,15.76
85,Chandauli,Uttar Pradesh,2,0.62,3.26,0.25,2.58,15.14,17.26,30.4,25.56,2.67,29.04,12.52,2.38,19.04
85,Chandauli,Uttar Pradesh,3,0.38,2.88,0.01,0.45,10.18,16.62,43.92,31.64,2.99,35.27,17.09,2.52,24.37
85,Chandauli,Uttar Pradesh,4,0.2,1.25,0.05,0.38,6.59,5.6,39.36,37.28,2.42,40.19,22.29,2.09,29.78
85,Chandauli,Uttar Pradesh,5,0.55,2.35,0.53,3.03,12.27,11.24,33.01,38.86,2.25,41.68,25.76,1.72,32.31
85,Chandauli,Uttar Pradesh,6,3.56,8.87,12.53,22.13,46.83,42.49,59.51,36.68,3.42,41.12,27.44,1.58,32.06
85,Chandauli,Uttar Pradesh,7,9.25,14.74,29.08,42.74,64.28,220.04,276.34,32.33,1.85,34.62,26.57,1.09,29.45
85,Chandauli,Uttar Pradesh,8,9.45,15.24,29.77,43.0,65.71,281.49,555.0,31.81,1.27,33.38,26.3,0.81,29.05
85,Chandauli,Uttar Pradesh,9,6.47,13.41,20.93,35.19,62.56,251.61,762.11,31.64,1.53,33.48,25.5,1.08,28.57
85,Chandauli,Uttar Pradesh,10,1.25,5.68,1.2,7.03,29.51,100.99,632.31,30.96,1.6,32.98,21.46,2.52,26.21
85,Chandauli,Uttar Pradesh,11,0.22,2.54,0.0,0.0,3.19,15.93,362.18,27.78,1.75,29.96,15.86,2.51,21.82
85,Chandauli,Uttar Pradesh,12,0.17,1.41,0.0,0.08,5.72,3.99,115.79,23.54,2.12,25.81,11.16,2.16,17.35
86,Chandel,Manipur,1,0.26,1.83,0.0,0.11,8.41,9.15,87.65,15.82,1.31,17.48,6.61,1.06,11.21
86,Chandel,Manipur,2,0.4,1.82,0.15,3.27,7.98,9.52,32.24,18.09,1.69,20.23,7.81,1.28,12.95
86,Chandel,Manipur,3,1.79,6.08,6.1,12.53,27.7,26.53,45.19,21.11,1.74,23.39,10.37,1.45,15.74
86,Chandel,Manipur,4,2.81,7.11,9.5,15.41,41.6,76.02,112.58,22.67,1.63,24.67,12.78,1.08,17.72
86,Chandel,Manipur,5,6.1,13.2,20.16,31.9,61.58,134.49,238.83,22.44,1.42,24.17,14.98,1.03,18.71
86,Chandel,Manipur,6,8.73,19.03,25.96,42.06,74.31,215.58,428.66,22.06,1.09,23.44,16.83,0.57,19.45
86,Chandel,Manipur,7,8.44,17.91,25.33,39.78,77.67,272.48,627.28,21.8,1.0,23.09,17.21,0.35,19.51
86,Chandel,Manipur,8,8.39,23.2,23.2,46.21,96.18,251.81,744.0,21.77,0.94,22.92,17.31,0.38,19.54
86,Chandel,Manipur,9,6.12,18.34,17.09,31.06,85.48,216.15,739.68,21.52,1.1,22.95,16.66,0.56,19.09
86,Chandel,Manipur,10,4.21,13.24,13.11,31.45,63.79,163.5,630.64,20.54,1.26,22.13,14.91,1.08,17.72
86,Chandel,Manipur,11,1.0,5.29,0.1,4.0,30.71,68.76,445.39,18.34,1.18,19.81,11.56,1.46,14.95
86,Chandel,Manipur,12,0.32,2.7,0.0,0.02,9.95,13.95,242.94,16.17,1.08,17.55,8.27,1.27,12.22
87,Chandigarh,Chandigarh,1,1.37,6.71,0.74,6.15,32.26,31.16,97.79,20.15,2.41,22.97,7.92,2.01,14.03
87,Chandigarh,Chandigarh,2,1.61,7.15,2.2,9.55,34.32,46.63,100.12,22.96,2.89,26.65,10.13,2.29,16.55
87,Chandigarh,Chandigarh,3,1.43,6.9,1.96,9.44,24.08,50.24,127.0,28.56,3.45,32.99,14.15,2.52,21.35
87,Chandigarh,Chandigarh,4,0.41,2.01,0.09,1.1,11.66,22.9,119.68,35.08,3.41,39.42,19.08,2.66,27.08
87,Chandigarh,Chandigarh,5,0.68,2.79,1.06,4.88,12.88,17.01,89.33,38.73,3.04,42.29,23.43,2.36,31.08
87,Chandigarh,Chandigarh,6,3.04,9.59,9.37,17.94,54.27,48.1,87.47,38.13,3.13,42.1,26.45,1.97,32.29
87,Chandigarh,Chandigarh,7,7.67,17.62,24.01,42.53,86.4,175.49,242.33,34.02,2.2,36.8,27.14,1.26,30.58
87,Chandigarh,Chandigarh,8,8.64,20.42,26.6,49.64,106.76,263.09,495.42,32.98,1.62,34.83,26.63,0.98,29.8
87,Chandigarh,Chandigarh,9,5.71,20.42,14.77,34.1,98.01,208.63,655.41,33.11,1.71,35.05,24.25,1.75,28.68
87,Chandigarh,Chandigarh,10,0.99,8.91,0.0,1.31,23.0,84.06,554.69,32.02,2.02,34.45,18.47,2.53,25.25
87,Chandigarh,Chandigarh,11,1.58,16.69,0.0,0.02,43.64,41.21,328.41,27.3,2.12,29.88,13.37,2.05,20.33
87,Chandigarh,Chandigarh,12,0.63,3.77,0.0,1.21,18.07,24.22,145.29,22.41,2.44,25.12,9.28,2.02,15.84
88,Chatra,Jharkhand,1,0.44,2.47,0.34,1.63,8.32,6.76,28.84,22.08,2.21,24.86,9.87,2.29,15.98
88,Chatra,Jharkhand,2,0.6,2.72,0.86,2.98,12.37,17.06,24.82,25.8,2.64,29.12,12.65,2.25,19.22
88,Chatra,Jharkhand,3,0.46,2.93,0.38,1.98,8.95,16.72,39.98,31.42,2.83,34.87,17.05,2.36,24.23
88,Chatra,Jharkhand,4,0.39,1.79,0.59,1.77,9.07,10.69,44.3,36.38,2.4,39.39,21.85,1.87,29.12
88,Chatra,Jharkhand,5,0.78,3.25,1.98,4.05,12.19,15.82,43.02,37.61,2.37,40.64,24.78,1.61,31.2
88,Chatra,Jharkhand,6,5.39,11.75,17.25,28.19,60.81,71.81,98.49,34.65,3.4,39.42,26.07,1.46,30.36
88,Chatra,Jharkhand,7,9.8,14.25,27.95,41.01,62.8,260.33,351.52,30.66,1.56,32.58,25.14,0.92,27.9
88,Chatra,Jharkhand,8,10.62,15.13,31.45,45.94,67.21,312.22,656.61,30.3,1.15,31.73,24.86,0.72,27.58
88,Chatra,Jharkhand,9,6.85,12.02,20.73,30.28,57.02,258.88,838.91,30.34,1.41,32.01,24.13,0.97,27.24
88,Chatra,Jharkhand,10,2.19,7.31,5.25,14.55,41.09,135.84,705.58,29.56,1.54,31.48,20.55,2.29,25.06
88,Chatra,Jharkhand,11,0.12,0.87,0.0,0.13,3.8,22.55,411.35,26.62,1.57,28.61,15.39,2.42,21.0
88,Chatra,Jharkhand,12,0.06,0.34,0.0,0.05,2.05,1.92,155.24,23.1,1.72,24.95,10.99,2.04,17.05
89,Chhatarpur,Madhya Pradesh,1,0.57,2.72,0.34,2.93,14.02,11.15,26.6,22.43,2.74,26.04,9.78,2.49,16.1
89,Chhatarpur,Madhya Pradesh,2,0.67,2.84,0.75,3.9,13.61,18.98,35.95,26.27,3.07,30.22,12.51,2.59,19.39
89,Chhatarpur,Madhya Pradesh,3,0.33,1.96,0.11,1.14,8.04,16.15,45.8,32.42,3.22,36.37,17.35,2.68,24.89
89,Chhatarpur,Madhya Pradesh,4,0.08,0.59,0.03,0.22,2.22,4.28,39.25,38.1,2.69,41.28,22.72,2.45,30.41
89,Chhatarpur,Madhya Pradesh,5,0.17,0.77,0.27,0.84,4.52,3.26,23.18,41.0,2.07,43.51,27.18,2.04,34.09
89,Chhatarpur,Madhya Pradesh,6,3.78,9.37,11.64,19.23,46.56,37.2,44.62,38.09,3.78,42.56,28.29,2.01,33.19
89,Chhatarpur,Madhya Pradesh,7,9.99,13.92,28.95,39.13,65.56,224.59,267.97,32.22,2.68,35.98,26.16,1.44,29.19
89,Chhatarpur,Madhya Pradesh,8,10.69,14.58,31.14,40.25,67.93,338.55,612.9,30.74,1.66,32.83,25.3,0.96,28.02
89,Chhatarpur,Madhya Pradesh,9,6.0,12.71,17.58,32.0,65.36,260.19,833.57,31.48,1.95,33.93,24.43,1.15,27.96
89,Chhatarpur,Madhya Pradesh,10,0.91,4.04,0.81,4.67,24.11,76.55,673.0,31.69,1.93,34.08,20.4,2.36,26.04
89,Chhatarpur,Madhya Pradesh,11,0.2,1.83,0.01,0.06,2.92,10.27,338.85,27.97,2.08,30.52,15.33,2.4,21.65
89,Chhatarpur,Madhya Pradesh,12,0.16,1.52,0.01,0.16,4.11,5.92,88.01,23.85,2.29,26.62,11.07,2.22,17.46
90,Chhindwara,Madhya Pradesh,1,0.85,2.35,2.88,5.09,9.38,17.43,46.78,23.74,2.28,26.61,11.28,2.3,17.51
90,Chhindwara,Madhya Pradesh,2,0.7,2.3,1.86,3.92,10.24,22.57,48.35,26.86,2.59,30.1,13.66,2.26,20.26
90,Chhindwara,Madhya Pradesh,3,0.56,2.04,1.48,3.22,10.52,19.64,59.16,31.69,2.81,35.14,17.86,2.29,24.78
90,Chhindwara,Madhya Pradesh,4,0.25,0.77,0.55,1.6,4.02,11.05,53.2,36.31,2.21,38.94,22.58,2.08,29.44
90,Chhindwara,Madhya Pradesh,5,0.37,1.27,0.99,2.18,5.77,6.06,36.41,38.41,1.92,40.78,26.35,1.77,32.38
90,Chhindwara,Madhya Pradesh,6,6.16,9.97,18.3,27.14,49.32,75.01,91.8,34.01,4.04,39.32,25.64,2.15,29.82
90,Chhindwara,Madhya Pradesh,7,13.86,17.42,35.95,46.68,78.55,325.02,410.08,28.26,2.26,31.21,23.21,1.11,25.73
90,Chhindwara,Madhya Pradesh,8,14.61,20.51,39.51,57.23,96.77,448.49,865.99,27.14,1.66,29.26,22.48,0.8,24.81
90,Chhindwara,Madhya Pradesh,9,7.19,12.25,20.8,31.21,59.31,333.39,1119.36,28.74,1.79,30.88,22.03,0.84,25.39
90,Chhindwara,Madhya Pradesh,10,1.61,4.89,4.35,9.06,22.44,116.88,894.88,29.24,1.64,31.32,19.15,2.13,24.19
90,Chhindwara,Madhya Pradesh,11,0.5,1.76,1.14,2.78,10.29,21.95,461.84,26.68,1.65,28.81,15.11,2.35,20.89
90,Chhindwara,Madhya Pradesh,12,0.19,0.66,0.43,1.07,3.38,8.72,142.11,24.25,1.81,26.59,11.71,2.11,17.98
91,Chhota Udepur,Gujarat,1,0.02,0.19,0.0,0.0,0.2,0.4,11.13,27.18,2.17,29.98,13.99,1.99,20.58
91,Chhota Udepur,Gujarat,2,0.01,0.1,0.0,0.0,0.11,0.36,2.73,29.91,2.63,33.38,15.88,2.35,22.89
91,Chhota Udepur,Gujarat,3,0.01,0.24,0.0,0.0,0.08,0.44,1.2,34.76,2.69,38.12,20.06,2.28,27.41
91,Chhota Udepur,Gujarat,4,0.01,0.05,0.0,0.0,0.19,0.19,0.99,38.5,2.02,40.99,23.84,1.74,31.17
91,Chhota Udepur,Gujarat,5,0.17,2.96,0.0,0.03,0.84,2.5,3.12,39.48,1.65,41.45,26.59,1.13,33.04
91,Chhota Udepur,Gujarat,6,3.99,11.94,12.12,26.53,60.75,43.79,46.54,35.81,2.95,39.68,27.07,1.19,31.44
91,Chhota Udepur,Gujarat,7,10.72,20.31,32.7,50.43,101.65,228.61,277.76,30.82,2.04,33.62,25.67,0.97,28.25
91,Chhota Udepur,Gujarat,8,8.61,17.6,24.11,39.01,94.21,322.82,608.53,29.6,1.46,31.37,24.84,0.73,27.22
91,Chhota Udepur,Gujarat,9,5.95,15.77,19.23,30.91,84.66,214.49,775.68,31.39,1.88,33.88,24.52,0.87,27.95
91,Chhota Udepur,Gujarat,10,0.87,4.03,0.77,4.72,18.45,90.04,623.4,33.64,1.7,35.62,22.21,2.05,27.93
91,Chhota Udepur,Gujarat,11,0.15,1.86,0.0,0.0,1.9,9.26,308.52,31.21,1.74,33.4,18.45,2.26,24.83
91,Chhota Udepur,Gujarat,12,0.02,0.25,0.0,0.0,0.12,2.1,96.36,28.22,1.88,30.44,15.18,2.06,21.7
92,Chik Ballapur,Karnataka,1,0.05,0.78,0.0,0.01,0.59,5.74,108.98,28.38,1.33,30.06,15.58,1.62,21.98
92,Chik Ballapur,Karnataka,2,0.09,0.68,0.0,0.03,3.06,1.72,25.82,31.09,1.56,33.1,17.19,1.71,24.14
92,Chik Ballapur,Karnataka,3,0.23,1.41,0.05,0.82,6.21,5.01,12.69,33.84,1.53,35.62,19.88,1.72,26.86
92,Chik Ballapur,Karnataka,4,1.01,3.91,1.88,6.06,21.17,17.73,24.59,35.15,1.43,36.73,22.37,1.07,28.76
92,Chik Ballapur,Karnataka,5,1.89,5.21,6.61,11.36,24.19,41.95,65.28,34.35,1.81,36.3,23.19,0.9,28.77
92,Chik Ballapur,Karnataka,6,1.72,4.47,5.52,10.31,21.78,64.39,125.22,30.64,1.77,32.71,22.41,0.73,26.52
92,Chik Ballapur,Karnataka,7,1.48,3.48,4.88,8.02,17.19,40.39,147.16,29.12,1.48,31.06,21.88,0.61,25.5
92,Chik Ballapur,Karnataka,8,3.35,7.85,10.83,20.78,40.62,71.96,175.85,28.6,1.27,30.13,21.47,0.53,25.04
92,Chik Ballapur,Karnataka,9,4.31,8.92,15.4,25.7,42.47,119.4,232.27,29.18,1.31,30.91,21.13,0.55,25.15
92,Chik Ballapur,Karnataka,10,4.85,9.74,16.48,24.79,42.89,143.01,336.51,28.69,1.43,30.31,20.3,0.91,24.5
92,Chik Ballapur,Karnataka,11,1.4,4.16,4.03,8.42,20.27,92.3,356.11,27.36,1.41,28.92,18.25,1.76,22.8
92,Chik Ballapur,Karnataka,12,0.41,1.85,0.52,2.36,9.03,21.63,255.52,26.94,1.34,28.48,16.2,1.79,21.57
93,Chikkamagaluru,Karnataka,1,0.1,0.42,0.24,0.61,1.77,5.87,132.74,28.51,0.91,29.71,15.44,1.42,21.98
93,Chikkamagaluru,Karnataka,2,0.08,0.49,0.12,0.38,1.08,2.41,31.02,30.34,1.08,31.78,16.5,1.37,23.42
93,Chikkamagaluru,Karnataka,3,0.43,1.65,1.04,2.03,6.29,7.21,15.62,32.28,1.02,33.44,18.66,1.32,25.47
93,Chikkamagaluru,Karnataka,4,2.34,4.9,6.74,10.22,18.26,37.38,47.18,32.37,1.03,33.55,20.76,0.96,26.57
93,Chikkamagaluru,Karnataka,5,3.17,5.48,8.57,12.68,27.01,82.59,128.63,30.76,1.57,32.4,21.43,0.82,26.1
93,Chikkamagaluru,Karnataka,6,10.1,11.71,26.26,34.13,49.53,209.06,331.31,26.11,1.8,28.72,20.96,0.74,23.54
93,Chikkamagaluru,Karnataka,7,11.74,12.84,28.36,39.36,56.29,319.84,615.66,24.6,1.1,26.13,20.46,0.6,22.53
93,Chikkamagaluru,Karnataka,8,11.37,12.51,29.12,37.55,52.72,372.39,912.55,24.74,1.14,26.19,20.12,0.58,22.43
93,Chikkamagaluru,Karnataka,9,5.39,7.36,14.56,20.96,32.75,227.21,922.28,26.22,1.17,27.71,19.94,0.58,23.08
93,Chikkamagaluru,Karnataka,10,5.62,8.47,15.65,22.64,40.55,177.71,774.3,27.2,1.13,28.53,19.56,0.8,23.38
93,Chikkamagaluru,Karnataka,11,1.89,4.96,5.56,10.12,23.94,110.6,510.43,27.3,0.96,28.33,17.92,1.59,22.61
93,Chikkamagaluru,Karnataka,12,0.34,1.28,0.83,1.76,6.08,24.59,310.96,27.53,0.94,28.62,16.07,1.68,21.8
94,Chitradurga,Karnataka,1,0.03,0.21,0.01,0.03,0.71,1.62,86.39,29.15,1.15,30.63,15.97,1.51,22.56
94,Chitradurga,Karnataka,2,0.02,0.17,0.0,0.02,0.76,0.73,13.4,31.52,1.29,33.25,17.59,1.45,24.55
94,Chitradurga,Karnataka,3,0.17,0.88,0.1,0.66,4.41,3.21,5.59,34.14,1.32,35.72,20.05,1.37,27.1
94,Chitradurga,Karnataka,4,1.2,4.45,2.83,6.23,22.64,16.88,20.9,34.99,1.23,36.33,22.05,0.96,28.52
94,Chitradurga,Karnataka,5,2.6,6.64,8.03,14.0,33.77,56.69,77.57,33.86,1.7,35.71,22.42,0.84,28.14
94,Chitradurga,Karnataka,6,0.87,2.4,2.11,4.88,12.24,60.73,136.0,29.29,1.94,31.91,21.79,0.69,25.54
94,Chitradurga,Karnataka,7,1.17,2.83,3.3,5.26,13.8,26.52,144.16,27.44,1.34,29.23,21.33,0.54,24.38
94,Chitradurga,Karnataka,8,0.99,2.3,2.79,5.04,13.0,32.02,116.68,27.21,1.22,28.73,21.01,0.52,24.11
94,Chitradurga,Karnataka,9,3.87,8.25,12.87,21.53,39.59,69.27,128.15,28.37,1.26,29.99,20.74,0.56,24.55
94,Chitradurga,Karnataka,10,4.22,9.28,13.14,21.07,48.74,137.03,239.81,28.75,1.27,30.33,20.25,0.91,24.5
94,Chitradurga,Karnataka,11,1.26,5.22,2.43,5.95,24.52,77.66,287.5,28.17,1.13,29.37,18.22,1.77,23.19
94,Chitradurga,Karnataka,12,0.09,0.7,0.01,0.17,2.96,12.77,226.01,27.95,1.12,29.26,16.28,1.72,22.11
95,Chitrakoot,Uttar Pradesh,1,0.55,2.7,0.17,2.97,14.35,10.94,26.01,22.07,2.77,25.55,9.57,2.53,15.82
95,Chitrakoot,Uttar Pradesh,2,0.72,3.54,0.53,3.46,16.37,19.29,34.06,25.97,2.99,29.82,12.35,2.55,19.16
95,Chitrakoot,Uttar Pradesh,3,0.34,2.27,0.03,0.56,11.4,16.66,46.42,32.22,3.19,36.09,17.12,2.66,24.67
95,Chitrakoot,Uttar Pradesh,4,0.12,0.82,0.01,0.22,3.12,5.16,40.9,38.06,2.65,41.24,22.52,2.39,30.29
95,Chitrakoot,Uttar Pradesh,5,0.14,0.59,0.22,0.73,3.01,3.43,24.64,40.59,2.15,43.17,26.74,2.02,33.66
95,Chitrakoot,Uttar Pradesh,6,3.73,10.08,11.03,21.78,56.66,35.52,44.01,38.06,3.79,42.67,28.29,1.89,33.18
95,Chitrakoot,Uttar Pradesh,7,8.15,13.13,23.45,35.89,65.83,200.81,242.58,32.7,2.47,36.09,26.62,1.35,29.66
95,Chitrakoot,Uttar Pradesh,8,8.13,12.65,24.09,36.99,54.51,256.17,503.18,31.54,1.53,33.43,25.99,0.9,28.76
95,Chitrakoot,Uttar Pradesh,9,6.32,12.75,20.66,34.75,60.87,233.53,697.43,31.77,1.81,34.05,25.11,1.13,28.44
95,Chitrakoot,Uttar Pradesh,10,1.07,5.39,0.55,4.86,28.72,88.12,576.28,31.59,1.82,33.8,20.84,2.53,26.21
95,Chitrakoot,Uttar Pradesh,11,0.18,1.96,0.0,0.0,2.54,12.15,328.38,27.93,2.01,30.42,15.35,2.5,21.64
95,Chitrakoot,Uttar Pradesh,12,0.13,0.96,0.0,0.06,3.97,4.07,99.32,23.71,2.28,26.25,10.83,2.23,17.27
96,Chittaurgarh,Rajasthan,1,0.2,2.36,0.0,0.07,1.87,4.16,10.75,23.59,2.53,26.95,9.86,2.19,16.73
96,Chittaurgarh,Rajasthan,2,0.07,0.56,0.0,0.02,1.75,3.79,9.84,26.83,3.04,30.86,12.31,2.66,19.57
96,Chittaurgarh,Rajasthan,3,0.08,1.13,0.0,0.05,0.79,2.77,10.63,32.61,3.17,36.6,17.48,2.78,25.05
96,Chittaurgarh,Rajasthan,4,0.05,0.5,0.01,0.09,1.08,1.79,8.44,37.64,2.57,40.76,22.57,2.47,30.1
96,Chittaurgarh,Rajasthan,5,0.28,1.41,0.31,1.3,6.73,4.12,8.68,40.22,2.02,42.6,26.63,1.8,33.42
96,Chittaurgarh,Rajasthan,6,3.19,9.07,9.27,20.18,44.22,38.65,44.64,37.58,2.98,41.56,27.11,1.61,32.35
96,Chittaurgarh,Rajasthan,7,11.61,20.22,37.18,53.85,91.23,223.45,268.47,31.78,2.64,35.35,25.25,1.25,28.52
96,Chittaurgarh,Rajasthan,8,10.84,18.7,33.31,50.71,82.53,371.13,646.55,29.93,1.65,31.99,24.26,0.88,27.09
96,Chittaurgarh,Rajasthan,9,4.65,11.57,17.42,27.6,56.75,238.05,845.49,31.75,2.07,34.5,23.49,1.1,27.62
96,Chittaurgarh,Rajasthan,10,0.36,2.1,0.2,1.09,8.9,52.26,657.12,32.67,1.95,35.04,20.14,2.24,26.41
96,Chittaurgarh,Rajasthan,11,0.1,0.96,0.0,0.01,2.61,4.79,285.94,28.63,2.16,31.2,15.55,2.29,22.09
96,Chittaurgarh,Rajasthan,12,0.06,0.9,0.0,0.0,0.28,1.95,55.05,24.9,2.23,27.6,11.3,2.26,18.1
97,Chittoor,Andhra Pradesh,1,0.32,1.97,0.07,0.9,8.62,24.98,254.4,28.89,1.28,30.5,17.58,1.55,23.24
97,Chittoor,Andhra Pradesh,2,0.11,0.71,0.0,0.22,3.26,4.78,100.51,31.78,1.62,33.81,18.68,1.74,25.23
97,Chittoor,Andhra Pradesh,3,0.26,1.32,0.23,1.35,5.83,5.87,36.6,34.85,1.58,36.76,20.97,1.76,27.91
97,Chittoor,Andhra Pradesh,4,0.95,3.62,2.0,5.01,18.29,16.91,27.72,36.58,1.5,38.32,23.89,1.18,30.23
97,Chittoor,Andhra Pradesh,5,1.93,5.51,5.11,9.62,24.97,46.23,69.6,36.88,1.9,39.02,25.57,1.05,31.22
97,Chittoor,Andhra Pradesh,6,2.81,6.79,8.69,13.79,30.09,75.5,139.91,34.03,1.82,36.11,25.12,0.91,29.57
97,Chittoor,Andhra Pradesh,7,3.77,7.22,11.85,19.96,33.67,92.47,215.42,32.34,1.68,34.4,24.27,0.83,28.31
97,Chittoor,Andhra Pradesh,8,4.04,7.39,13.24,19.7,34.07,119.96,289.99,31.64,1.42,33.25,23.77,0.68,27.71
97,Chittoor,Andhra Pradesh,9,3.89,6.51,11.12,17.7,28.93,117.97,331.89,31.66,1.45,33.39,23.39,0.62,27.52
97,Chittoor,Andhra Pradesh,10,6.17,10.7,19.06,27.78,53.93,140.72,378.85,30.32,1.67,32.21,22.27,0.88,26.3
97,Chittoor,Andhra Pradesh,11,3.41,7.33,11.71,18.58,33.47,164.63,423.96,28.37,1.49,30.01,20.31,1.55,24.34
97,Chittoor,Andhra Pradesh,12,1.87,5.71,5.86,11.83,33.16,77.51,383.02,27.62,1.25,29.1,18.48,1.66,23.05
98,Churachandpur,Manipur,1,0.4,1.73,0.93,2.06,8.91,12.03,125.22,20.71,1.91,23.02,8.95,1.59,14.83
98,Churachandpur,Manipur,2,0.81,2.77,2.11,5.46,12.73,16.99,48.23,23.32,2.32,26.24,10.93,1.91,17.12
98,Churachandpur,Manipur,3,3.29,8.62,10.45,19.46,44.93,50.4,79.36,26.91,2.43,29.98,14.4,1.98,20.66
98,Churachandpur,Manipur,4,5.8,10.14,15.83,26.2,49.02,148.98,217.35,28.69,2.32,31.56,17.29,1.53,22.99
98,Churachandpur,Manipur,5,9.08,14.33,26.14,37.53,61.7,220.51,423.33,28.8,2.08,31.3,19.88,1.53,24.34
98,Churachandpur,Manipur,6,12.2,17.54,32.99,46.82,75.27,320.48,693.77,28.79,1.62,30.87,22.21,0.88,25.5
98,Churachandpur,Manipur,7,8.89,12.55,22.26,31.95,54.42,330.2,876.14,28.5,1.5,30.45,22.77,0.66,25.64
98,Churachandpur,Manipur,8,9.36,15.25,23.9,39.0,75.52,268.11,920.18,28.61,1.42,30.36,22.94,0.65,25.77
98,Churachandpur,Manipur,9,8.83,18.54,22.77,37.27,81.75,275.9,868.95,28.41,1.66,30.5,22.13,0.87,25.27
98,Churachandpur,Manipur,10,6.48,15.6,19.7,37.91,71.8,242.52,786.93,27.39,1.8,29.6,19.8,1.62,23.59
98,Churachandpur,Manipur,11,1.33,5.0,2.41,7.9,26.97,100.38,617.47,24.68,1.71,26.76,15.22,2.07,19.95
98,Churachandpur,Manipur,12,0.43,2.07,0.79,2.21,8.46,19.98,358.53,21.63,1.64,23.78,10.87,1.81,16.25
99,Churu,Rajasthan,1,0.17,1.09,0.05,0.48,3.87,3.64,7.4,20.66,2.56,23.96,7.31,2.37,13.98
99,Churu,Rajasthan,2,0.4,1.91,0.29,2.12,11.06,7.74,12.11,24.39,3.22,28.68,10.15,2.83,17.27
99,Churu,Rajasthan,3,0.27,1.38,0.26,1.28,5.71,11.34,22.68,30.6,3.59,35.16,15.37,2.89,22.98
99,Churu,Rajasthan,4,0.23,1.5,0.16,0.87,4.25,7.09,26.25,36.78,3.32,40.87,21.0,2.89,28.89
99,Churu,Rajasthan,5,0.55,2.06,0.99,3.1,12.2,10.54,28.79,40.32,2.84,43.51,25.65,2.57,32.98
99,Churu,Rajasthan,6,1.59,4.24,5.11,9.65,23.14,28.85,46.61,39.57,2.79,43.06,28.39,1.94,33.98
99,Churu,Rajasthan,7,3.81,6.9,12.46,18.14,33.58,84.51,124.88,35.74,2.61,39.22,27.53,1.51,31.64
99,Churu,Rajasthan,8,3.14,6.52,9.64,16.6,31.14,111.52,228.82,34.34,1.91,36.84,26.28,1.02,30.31
99,Churu,Rajasthan,9,1.59,4.22,4.78,10.45,22.04,69.81,269.02,34.74,1.96,37.1,24.67,1.42,29.71
99,Churu,Rajasthan,10,0.27,1.73,0.06,0.48,7.54,23.64,203.4,33.45,2.24,36.2,19.69,2.49,26.57
99,Churu,Rajasthan,11,0.03,0.45,0.0,0.02,0.58,3.24,94.46,28.04,2.36,30.92,13.84,2.36,20.94
99,Churu,Rajasthan,12,0.05,0.41,0.01,0.03,0.92,0.8,26.33,22.66,2.6,25.85,8.81,2.38,15.74
100,Y S R Kadapa,Andhra Pradesh,1,0.18,1.27,0.02,0.49,4.73,11.8,179.57,29.83,1.35,31.53,17.96,1.56,23.9
100,Y S R Kadapa,Andhra Pradesh,2,0.06,0.43,0.0,0.17,1.22,2.48,55.7,32.91,1.65,35.07,19.27,1.69,26.09
100,Y S R Kadapa,Andhra Pradesh,3,0.11,0.57,0.02,0.46,3.01,2.51,17.32,36.19,1.61,38.14,21.75,1.74,28.97
100,Y S R Kadapa,Andhra Pradesh,4,0.47,2.09,0.74,2.22,11.21,8.13,13.2,38.02,1.5,39.77,24.85,1.29,31.44
100,Y S R Kadapa,Andhra Pradesh,5,1.68,5.35,4.27,12.42,27.21,34.68,45.62,38.16,2.0,40.38,26.74,1.16,32.45
100,Y S R Kadapa,Andhra Pradesh,6,2.2,5.76,6.45,11.46,25.35,59.88,103.72,35.02,2.0,37.39,26.01,1.0,30.52
100,Y S R Kadapa,Andhra Pradesh,7,3.24,6.4,11.17,17.28,28.53,77.28,173.2,33.03,1.81,35.2,25.05,0.85,29.04
100,Y S R Kadapa,Andhra Pradesh,8,3.71,7.38,11.51,20.27,34.0,106.75,245.66,32.17,1.52,33.89,24.6,0.71,28.38
100,Y S R Kadapa,Andhra Pradesh,9,3.86,7.54,12.78,20.76,36.06,110.52,296.28,32.26,1.55,34.08,24.21,0.69,28.24
100,Y S R Kadapa,Andhra Pradesh,10,5.1,10.27,15.69,26.9,52.75,130.39,348.27,31.19,1.74,33.17,23.0,0.97,27.1
100,Y S R Kadapa,Andhra Pradesh,11,2.56,6.1,8.31,15.11,31.95,131.56,373.11,29.3,1.41,30.94,20.82,1.68,25.06
100,Y S R Kadapa,Andhra Pradesh,12,0.88,3.03,2.15,5.68,14.47,46.83,307.98,28.53,1.21,29.94,18.75,1.65,23.64
101,Cuttack,Odisha,1,0.34,2.13,0.05,0.68,12.71,6.8,76.6,26.9,1.77,29.03,15.56,2.16,21.23
101,Cuttack,Odisha,2,0.98,4.72,0.96,5.61,23.39,17.52,31.73,30.03,2.19,32.77,18.21,2.1,24.12
101,Cuttack,Odisha,3,0.89,3.93,1.39,4.54,19.47,30.64,54.64,33.89,1.89,36.07,21.71,1.74,27.8
101,Cuttack,Odisha,4,1.26,4.57,3.2,7.68,20.09,26.1,74.46,36.1,1.6,37.99,24.44,1.5,30.27
101,Cuttack,Odisha,5,2.45,7.58,6.72,13.78,38.47,58.12,115.25,36.38,1.81,38.52,26.23,1.54,31.31
101,Cuttack,Odisha,6,6.75,12.84,22.06,32.65,65.78,129.52,214.79,33.6,2.75,37.08,26.57,1.38,30.09
101,Cuttack,Odisha,7,10.25,16.01,29.18,46.72,75.27,266.72,458.12,31.02,1.51,32.87,25.88,0.91,28.45
101,Cuttack,Odisha,8,11.36,15.47,32.94,45.19,68.12,337.31,743.87,30.82,1.32,32.47,25.72,0.83,28.27
101,Cuttack,Odisha,9,8.11,13.86,24.72,37.95,69.65,294.82,904.61,31.28,1.37,32.86,25.53,0.78,28.41
101,Cuttack,Odisha,10,3.65,10.29,11.15,20.52,56.89,172.38,803.79,30.87,1.46,32.6,23.58,1.61,27.23
101,Cuttack,Odisha,11,0.99,5.67,0.26,2.83,26.85,64.0,525.74,29.07,1.41,30.83,19.53,2.28,24.3
101,Cuttack,Odisha,12,0.11,1.02,0.0,0.01,2.12,8.77,239.65,26.91,1.44,28.66,15.82,2.0,21.37
102,Dahod,Gujarat,1,0.03,0.39,0.0,0.0,0.53,0.64,14.6,25.68,2.27,28.6,12.49,2.03,19.08
102,Dahod,Gujarat,2,0.01,0.32,0.0,0.0,0.07,0.63,4.2,28.49,2.73,32.08,14.5,2.45,21.5
102,Dahod,Gujarat,3,0.03,0.75,0.0,0.0,0.1,1.1,2.37,33.56,2.82,37.13,18.91,2.4,26.24
102,Dahod,Gujarat,4,0.01,0.15,0.0,0.0,0.23,0.27,2.03,37.61,2.13,40.2,23.06,1.88,30.33
102,Dahod,Gujarat,5,0.23,2.61,0.0,0.04,4.45,3.95,5.32,38.97,1.72,41.03,26.02,1.18,32.49
102,Dahod,Gujarat,6,3.31,9.14,11.02,21.66,47.14,37.35,41.7,35.55,3.04,39.55,26.4,1.25,30.97
102,Dahod,Gujarat,7,10.69,21.86,29.32,52.92,117.56,213.1,256.8,30.15,2.19,33.16,24.92,1.02,27.53
102,Dahod,Gujarat,8,8.11,16.72,23.74,39.56,92.34,314.9,578.08,28.75,1.49,30.53,24.05,0.76,26.41
102,Dahod,Gujarat,9,5.79,15.48,15.6,31.56,84.78,208.1,746.66,30.61,1.96,33.31,23.64,0.91,27.13
102,Dahod,Gujarat,10,0.81,4.3,0.29,4.22,18.32,83.28,601.85,32.73,1.76,34.8,20.96,2.11,26.84
102,Dahod,Gujarat,11,0.23,2.72,0.0,0.01,1.75,11.49,297.79,29.98,1.84,32.31,17.15,2.27,23.57
102,Dahod,Gujarat,12,0.04,0.54,0.0,0.0,0.07,3.08,92.99,26.83,1.98,29.19,13.71,2.09,20.27
103,Dakshina  Kannada,Karnataka,1,0.14,0.54,0.3,0.86,2.06,7.88,185.27,32.0,0.75,32.96,18.89,1.29,25.44
103,Dakshina  Kannada,Karnataka,2,0.14,0.67,0.19,0.56,3.09,4.1,43.84,33.19,0.91,34.36,19.85,1.29,26.52
103,Dakshina  Kannada,Karnataka,3,0.29,1.09,0.76,1.59,4.4,5.67,17.78,34.16,0.77,34.98,22.12,1.33,28.14
103,Dakshina  Kannada,Karnataka,4,1.93,4.49,4.91,8.77,21.73,32.1,41.91,33.73,0.82,34.69,24.3,0.84,29.01
103,Dakshina  Kannada,Karnataka,5,4.33,9.73,11.22,19.27,37.4,84.27,123.1,32.3,1.34,33.66,24.83,0.74,28.57
103,Dakshina  Kannada,Karnataka,6,27.17,27.5,62.92,85.53,118.62,440.26,559.11,28.17,1.51,30.39,24.02,0.68,26.09
103,Dakshina  Kannada,Karnataka,7,27.91,23.49,59.6,74.25,107.68,875.9,1415.62,27.08,0.93,28.37,23.34,0.53,25.21
103,Dakshina  Kannada,Karnataka,8,25.06,22.82,56.59,70.09,102.16,856.09,2208.03,27.33,1.0,28.64,22.98,0.52,25.16
103,Dakshina  Kannada,Karnataka,9,8.76,11.61,22.66,33.15,56.82,452.13,2186.04,28.62,1.0,29.92,22.94,0.51,25.78
103,Dakshina  Kannada,Karnataka,10,7.74,11.7,20.93,31.45,52.94,247.17,1545.01,29.81,1.04,31.02,22.59,0.71,26.2
103,Dakshina  Kannada,Karnataka,11,2.74,7.76,7.82,12.95,35.66,155.75,839.3,30.67,0.9,31.64,21.16,1.39,25.92
103,Dakshina  Kannada,Karnataka,12,0.47,1.89,1.02,2.23,9.01,34.46,433.73,31.29,0.8,32.25,19.45,1.56,25.37
104,Daman,Dadra & Nagar Haveli & Daman & Diu,1,0.0,0.02,0.0,0.0,0.0,0.05,14.19,28.45,1.79,30.6,18.12,1.72,23.28
104,Daman,Dadra & Nagar Haveli & Daman & Diu,2,0.0,0.06,0.0,0.0,0.0,0.08,1.77,29.65,2.24,32.56,18.69,1.86,24.17
104,Daman,Dadra & Nagar Haveli & Daman & Diu,3,0.0,0.04,0.0,0.0,0.0,0.09,0.22,32.54,2.19,35.26,21.3,1.84,26.92
104,Daman,Dadra & Nagar Haveli & Daman & Diu,4,0.01,0.1,0.0,0.0,0.27,0.2,0.37,33.83,1.71,36.09,24.13,1.44,28.98
104,Daman,Dadra & Nagar Haveli & Daman & Diu,5,0.17,1.26,0.0,0.0,5.46,0.7,1.0,33.47,1.37,35.34,26.65,0.88,30.06
104,Daman,Dadra & Nagar Haveli & Daman & Diu,6,11.82,21.56,38.41,58.73,99.83,159.58,160.5,31.14,2.1,33.86,26.69,0.84,28.92
104,Daman,Dadra & Nagar Haveli & Daman & Diu,7,24.55,45.08,75.7,108.86,191.06,576.3,744.32,28.5,1.2,29.92,25.59,0.44,27.05
104,Daman,Dadra & Nagar Haveli & Daman & Diu,8,15.67,29.48,55.28,81.3,133.59,628.3,1395.44,28.05,1.0,29.2,25.13,0.32,26.59
104,Daman,Dadra & Nagar Haveli & Daman & Diu,9,9.14,19.22,30.94,49.85,85.28,358.25,1576.17,29.15,1.38,30.94,25.04,0.67,27.1
104,Daman,Dadra & Nagar Haveli & Daman & Diu,10,1.51,4.25,4.71,10.15,21.95,149.04,1124.05,32.02,1.77,34.12,24.1,1.42,28.06
104,Daman,Dadra & Nagar Haveli & Daman & Diu,11,0.16,0.71,0.0,1.12,4.27,13.62,510.67,31.87,1.45,33.61,22.27,1.81,27.07
104,Daman,Dadra & Nagar Haveli & Daman & Diu,12,0.01,0.08,0.0,0.0,0.0,1.79,156.67,29.79,1.77,31.94,19.71,2.0,24.75
105,Damoh,Madhya Pradesh,1,0.77,4.01,0.82,2.42,23.1,16.74,38.95,23.2,2.62,26.68,10.23,2.46,16.72
105,Damoh,Madhya Pradesh,2,0.91,4.05,1.21,4.38,18.05,24.88,50.68,26.82,2.96,30.68,12.85,2.52,19.83
105,Damoh,Madhya Pradesh,3,0.63,3.81,0.39,1.41,23.99,25.93,67.07,32.45,3.11,36.28,17.43,2.56,24.94
105,Damoh,Madhya Pradesh,4,0.19,1.74,0.09,0.44,3.95,8.97,59.72,37.75,2.51,40.67,22.54,2.3,30.15
105,Damoh,Madhya Pradesh,5,0.33,1.92,0.4,1.25,7.71,5.77,40.09,40.43,1.98,42.9,26.82,1.97,33.63
105,Damoh,Madhya Pradesh,6,5.09,13.32,12.89,24.89,68.24,52.52,66.95,36.67,3.98,41.54,27.26,2.06,31.96
105,Damoh,Madhya Pradesh,7,12.65,19.3,36.05,52.14,87.59,300.15,362.26,30.63,2.57,34.1,24.99,1.32,27.81
105,Damoh,Madhya Pradesh,8,12.48,18.93,33.64,53.91,85.36,406.86,775.6,29.34,1.72,31.57,24.13,0.95,26.73
105,Damoh,Madhya Pradesh,9,6.49,14.04,17.95,30.44,75.11,280.27,999.27,30.5,1.98,32.88,23.33,1.1,26.91
105,Damoh,Madhya Pradesh,10,0.93,3.48,1.71,5.5,19.59,87.54,771.04,30.96,1.86,33.31,19.73,2.29,25.35
105,Damoh,Madhya Pradesh,11,0.34,3.09,0.1,0.4,7.44,13.84,372.36,27.63,1.94,30.13,15.14,2.36,21.39
105,Damoh,Madhya Pradesh,12,0.27,2.46,0.1,0.47,4.43,8.94,105.15,24.2,2.14,26.79,11.15,2.17,17.67
106,Dangs,Gujarat,1,0.02,0.18,0.0,0.05,0.3,1.37,30.59,28.0,1.78,30.22,15.29,1.84,21.65
106,Dangs,Gujarat,2,0.02,0.19,0.0,0.12,0.34,0.74,8.36,30.17,2.23,33.04,16.82,2.07,23.5
106,Dangs,Gujarat,3,0.01,0.11,0.0,0.0,0.15,0.53,2.67,34.16,2.26,36.98,20.26,1.97,27.21
106,Dangs,Gujarat,4,0.03,0.38,0.0,0.0,0.65,0.7,1.97,37.19,1.66,39.25,23.15,1.58,30.17
106,Dangs,Gujarat,5,0.25,1.8,0.03,0.28,6.83,2.17,3.4,37.62,1.34,39.25,25.58,1.11,31.6
106,Dangs,Gujarat,6,7.77,21.74,23.99,46.28,107.11,94.36,97.29,33.66,2.61,37.12,26.37,0.99,30.01
106,Dangs,Gujarat,7,14.22,26.88,45.46,64.66,134.88,347.92,449.4,29.61,1.56,31.63,25.41,0.79,27.51
106,Dangs,Gujarat,8,7.53,16.04,22.68,36.57,77.16,351.62,812.71,28.82,1.22,30.32,24.71,0.65,26.76
106,Dangs,Gujarat,9,7.06,15.46,21.3,36.66,80.34,210.23,916.75,30.27,1.53,32.23,24.22,0.77,27.25
106,Dangs,Gujarat,10,1.71,5.87,3.63,12.29,28.82,130.73,685.52,32.62,1.46,34.38,22.47,1.81,27.55
106,Dangs,Gujarat,11,0.47,3.16,0.16,0.67,15.34,23.84,361.75,31.03,1.42,32.85,19.53,2.24,25.28
106,Dangs,Gujarat,12,0.07,1.0,0.0,0.0,1.03,6.6,155.61,28.81,1.54,30.58,16.65,2.0,22.73
107,Dakshin Bastar Dantewada,Chhattisgarh,1,0.42,2.85,0.0,0.42,12.4,8.16,70.68,28.15,1.46,29.86,15.95,1.9,22.05
107,Dakshin Bastar Dantewada,Chhattisgarh,2,0.28,1.91,0.0,0.61,10.22,10.97,28.19,30.84,1.73,33.12,18.3,1.64,24.57
107,Dakshin Bastar Dantewada,Chhattisgarh,3,0.46,2.79,0.1,1.38,13.14,9.3,28.11,34.32,1.79,36.39,21.43,1.54,27.87
107,Dakshin Bastar Dantewada,Chhattisgarh,4,0.93,4.05,1.32,4.88,22.82,19.06,39.27,36.69,1.59,38.55,24.46,1.34,30.57
107,Dakshin Bastar Dantewada,Chhattisgarh,5,1.91,6.91,4.23,11.83,38.82,45.47,74.37,37.99,2.13,40.4,26.56,1.45,32.27
107,Dakshin Bastar Dantewada,Chhattisgarh,6,6.33,14.93,17.61,31.12,78.9,107.68,173.25,33.67,3.49,38.59,26.1,1.63,29.89
107,Dakshin Bastar Dantewada,Chhattisgarh,7,11.58,18.05,33.92,46.59,86.05,278.87,435.66,29.58,1.83,31.88,24.54,0.98,27.06
107,Dakshin Bastar Dantewada,Chhattisgarh,8,15.73,22.4,44.72,63.56,99.62,442.37,841.71,29.08,1.5,30.98,24.06,0.78,26.57
107,Dakshin Bastar Dantewada,Chhattisgarh,9,6.8,12.17,20.99,30.85,55.95,334.82,1066.96,30.36,1.43,32.12,23.84,0.6,27.1
107,Dakshin Bastar Dantewada,Chhattisgarh,10,3.56,12.18,9.63,20.97,56.21,153.57,929.91,30.69,1.42,32.35,21.92,1.47,26.3
107,Dakshin Bastar Dantewada,Chhattisgarh,11,1.02,5.56,0.41,2.89,29.09,55.26,533.32,29.52,1.23,31.02,18.33,2.29,23.93
107,Dakshin Bastar Dantewada,Chhattisgarh,12,0.11,1.23,0.0,0.02,1.88,10.26,214.8,28.19,1.23,29.72,15.54,2.02,21.86
108,Datia,Madhya Pradesh,1,0.43,2.17,0.09,1.64,11.57,8.46,17.98,21.77,2.78,25.23,8.68,2.43,15.22
108,Datia,Madhya Pradesh,2,0.3,1.58,0.06,1.38,8.04,10.86,21.28,25.75,3.11,29.75,11.64,2.71,18.69
108,Datia,Madhya Pradesh,3,0.25,1.6,0.04,0.64,6.17,8.72,27.74,32.21,3.29,36.28,16.75,2.74,24.48
108,Datia,Madhya Pradesh,4,0.05,0.43,0.0,0.05,1.16,3.95,23.43,38.21,2.82,41.58,22.32,2.59,30.27
108,Datia,Madhya Pradesh,5,0.1,0.49,0.13,0.5,1.94,1.97,14.46,41.33,2.22,43.96,27.11,2.18,34.22
108,Datia,Madhya Pradesh,6,2.35,5.9,7.09,14.78,29.35,23.53,29.3,39.14,3.48,43.36,28.89,1.93,34.02
108,Datia,Madhya Pradesh,7,7.61,11.64,22.22,31.46,51.24,159.46,186.77,33.39,2.75,37.35,26.88,1.49,30.14
108,Datia,Madhya Pradesh,8,8.22,13.15,24.7,35.48,62.81,259.42,451.64,31.71,1.68,33.9,25.88,0.94,28.8
108,Datia,Madhya Pradesh,9,4.98,12.42,15.83,27.86,58.82,206.33,633.91,32.45,1.99,34.95,24.86,1.21,28.66
108,Datia,Madhya Pradesh,10,1.0,5.54,0.21,3.55,24.62,70.84,534.86,32.47,2.05,34.99,20.2,2.41,26.34
108,Datia,Madhya Pradesh,11,0.07,0.65,0.0,0.0,1.98,8.67,280.1,28.24,2.2,30.96,14.79,2.4,21.51
108,Datia,Madhya Pradesh,12,0.09,0.66,0.0,0.01,2.66,1.93,77.6,23.5,2.46,26.45,10.12,2.3,16.81
109,Dausa,Rajasthan,1,0.29,2.08,0.0,0.45,7.5,6.37,16.36,21.26,2.61,24.48,7.74,2.35,14.5
109,Dausa,Rajasthan,2,0.21,1.11,0.03,0.74,6.28,6.96,17.28,24.99,3.14,29.05,10.69,2.78,17.84
109,Dausa,Rajasthan,3,0.19,1.25,0.03,0.5,5.6,6.94,20.13,31.28,3.42,35.58,15.96,2.81,23.62
109,Dausa,Rajasthan,4,0.14,0.93,0.02,0.36,3.58,4.36,18.32,37.41,3.04,41.24,21.68,2.78,29.54
109,Dausa,Rajasthan,5,0.44,1.73,0.68,2.56,8.72,8.45,19.68,40.68,2.57,43.64,26.39,2.45,33.53
109,Dausa,Rajasthan,6,1.55,4.49,5.02,9.27,20.73,23.73,36.67,39.3,2.99,43.01,28.63,1.92,33.96
109,Dausa,Rajasthan,7,6.76,11.18,21.4,31.13,51.9,130.53,163.95,34.26,2.71,38.11,27.28,1.51,30.77
109,Dausa,Rajasthan,8,6.93,11.45,20.53,31.6,51.54,219.94,381.37,32.59,1.8,34.98,26.22,0.97,29.4
109,Dausa,Rajasthan,9,3.27,8.19,10.73,18.6,43.26,158.02,516.62,33.57,2.0,36.1,24.81,1.37,29.19
109,Dausa,Rajasthan,10,0.53,3.14,0.09,1.42,17.74,42.42,418.42,33.1,2.27,35.91,19.86,2.46,26.48
109,Dausa,Rajasthan,11,0.15,1.37,0.0,0.01,2.88,6.62,201.61,28.12,2.41,31.04,14.36,2.46,21.24
109,Dausa,Rajasthan,12,0.1,1.12,0.0,0.0,1.33,3.93,50.26,23.12,2.59,26.28,9.43,2.43,16.28
110,Davangere,Karnataka,1,0.01,0.06,0.0,0.01,0.17,1.7,78.16,29.24,1.03,30.6,16.62,1.44,22.93
110,Davangere,Karnataka,2,0.02,0.23,0.0,0.0,0.27,0.43,13.46,31.49,1.21,33.16,17.86,1.36,24.67
110,Davangere,Karnataka,3,0.11,0.69,0.07,0.37,3.39,1.89,4.07,34.09,1.25,35.57,20.13,1.33,27.11
110,Davangere,Karnataka,4,1.26,5.21,3.05,6.5,19.78,17.12,19.48,34.93,1.12,36.14,22.08,1.0,28.51
110,Davangere,Karnataka,5,2.73,7.55,8.55,16.2,36.56,58.16,77.96,33.86,1.64,35.6,22.61,0.84,28.23
110,Davangere,Karnataka,6,1.72,3.48,4.97,7.48,16.63,76.21,153.3,28.89,1.98,31.76,22.17,0.72,25.53
110,Davangere,Karnataka,7,1.76,2.72,4.82,6.88,13.73,46.99,182.02,26.98,1.25,28.66,21.69,0.58,24.33
110,Davangere,Karnataka,8,1.64,2.76,4.45,6.67,14.12,54.59,175.9,26.83,1.19,28.34,21.39,0.55,24.11
110,Davangere,Karnataka,9,3.93,7.96,13.05,20.64,36.95,76.16,177.83,28.06,1.23,29.62,21.16,0.57,24.61
110,Davangere,Karnataka,10,4.22,9.25,13.89,22.86,50.78,143.54,275.72,28.82,1.24,30.27,20.68,0.92,24.75
110,Davangere,Karnataka,11,1.08,4.99,1.18,5.28,24.27,68.36,291.17,28.52,1.03,29.64,18.75,1.76,23.63
110,Davangere,Karnataka,12,0.12,0.86,0.0,0.08,3.89,12.47,222.77,28.29,1.01,29.5,16.94,1.69,22.62
111,Dehradun,Uttarakhand,1,1.79,5.16,5.18,10.35,28.45,38.34,71.76,20.25,2.56,23.34,7.39,2.05,13.82
111,Dehradun,Uttarakhand,2,1.64,4.07,5.42,10.12,19.88,53.38,102.0,22.58,2.93,26.18,9.48,2.35,16.03
111,Dehradun,Uttarakhand,3,1.65,4.68,4.65,10.24,24.3,50.83,141.59,27.75,3.38,31.97,13.64,2.61,20.7
111,Dehradun,Uttarakhand,4,0.86,2.41,2.63,4.63,13.21,36.34,140.43,33.15,3.19,37.13,18.43,2.59,25.79
111,Dehradun,Uttarakhand,5,1.7,4.19,5.19,9.34,20.81,38.82,125.52,36.14,2.89,39.54,22.36,2.28,29.25
111,Dehradun,Uttarakhand,6,4.55,10.21,13.75,20.07,39.21,77.17,152.11,35.41,3.04,39.35,25.07,1.83,30.24
111,Dehradun,Uttarakhand,7,12.93,15.33,34.2,43.41,67.24,269.23,388.02,32.01,2.0,34.46,25.94,1.17,28.98
111,Dehradun,Uttarakhand,8,13.43,15.55,34.2,42.9,71.75,430.14,790.29,31.31,1.53,33.12,25.46,0.94,28.38
111,Dehradun,Uttarakhand,9,6.39,14.32,20.18,30.0,64.2,304.73,1017.87,31.29,1.65,33.15,23.29,1.51,27.29
111,Dehradun,Uttarakhand,10,1.15,4.28,2.65,5.41,21.5,84.34,814.81,29.92,1.86,32.08,18.18,2.38,24.05
111,Dehradun,Uttarakhand,11,0.44,4.45,0.53,1.33,3.99,22.83,401.68,26.23,1.86,28.38,13.18,1.99,19.7
111,Dehradun,Uttarakhand,12,0.65,2.51,1.33,3.33,13.32,11.68,113.66,22.24,2.43,24.78,9.23,2.06,15.73
112,Deogarh,Odisha,1,0.48,2.84,0.07,1.28,14.8,8.45,42.8,25.49,1.92,27.91,14.22,2.2,19.85
112,Deogarh,Odisha,2,0.93,4.62,0.4,4.96,21.98,20.38,31.81,28.83,2.43,31.95,16.91,2.08,22.87
112,Deogarh,Odisha,3,0.65,3.26,0.64,3.04,13.11,25.01,53.33,33.62,2.42,36.58,20.65,1.96,27.13
112,Deogarh,Odisha,4,0.92,3.13,2.43,6.68,16.99,20.21,65.6,37.31,2.05,39.83,24.36,1.68,30.83
112,Deogarh,Odisha,5,1.27,3.39,4.18,7.02,15.01,33.36,78.58,38.13,2.2,40.79,26.57,1.61,32.35
112,Deogarh,Odisha,6,6.91,12.89,22.07,37.08,63.23,103.24,157.28,34.06,3.53,38.88,26.56,1.62,30.31
112,Deogarh,Odisha,7,11.38,15.4,32.4,48.76,65.22,294.47,434.99,30.19,1.64,32.31,25.25,0.96,27.72
112,Deogarh,Odisha,8,11.16,15.4,32.34,49.76,66.11,355.31,766.73,29.87,1.31,31.49,24.97,0.85,27.42
112,Deogarh,Odisha,9,8.09,12.78,24.13,38.54,60.33,297.36,954.26,30.44,1.35,32.05,24.63,0.79,27.53
112,Deogarh,Odisha,10,2.31,6.52,6.82,12.96,32.85,139.2,789.63,30.0,1.45,31.77,22.32,1.84,26.16
112,Deogarh,Odisha,11,0.36,2.37,0.04,0.67,11.2,32.81,462.88,27.83,1.46,29.71,17.92,2.37,22.87
112,Deogarh,Odisha,12,0.07,0.5,0.0,0.01,2.26,3.63,169.3,25.43,1.49,27.3,14.29,2.03,19.86
113,Deoria,Uttar Pradesh,1,0.61,3.82,0.13,0.84,19.53,13.17,36.06,21.48,2.72,24.49,9.5,2.28,15.49
113,Deoria,Uttar Pradesh,2,0.89,5.08,0.27,1.81,27.3,23.25,41.18,25.07,2.55,28.38,12.34,2.34,18.7
113,Deoria,Uttar Pradesh,3,0.8,5.14,0.36,1.37,29.05,24.19,60.02,31.1,2.92,34.65,16.85,2.57,23.97
113,Deoria,Uttar Pradesh,4,0.97,5.69,0.39,2.8,25.72,22.85,70.09,36.4,2.41,39.36,22.02,2.09,29.21
113,Deoria,Uttar Pradesh,5,1.66,6.0,3.42,11.28,28.63,37.37,84.45,37.34,2.45,40.43,25.25,1.77,31.29
113,Deoria,Uttar Pradesh,6,6.54,17.3,21.77,33.93,81.83,106.03,166.78,35.91,3.17,40.05,26.86,1.49,31.38
113,Deoria,Uttar Pradesh,7,14.09,25.95,46.75,71.79,120.9,359.47,506.78,32.46,1.77,34.55,26.69,1.05,29.58
113,Deoria,Uttar Pradesh,8,11.28,24.26,36.02,62.85,115.23,358.4,839.34,32.23,1.31,33.84,26.61,0.86,29.42
113,Deoria,Uttar Pradesh,9,7.58,20.11,21.01,41.81,93.25,293.08,1020.9,31.9,1.58,33.81,25.76,1.15,28.83
113,Deoria,Uttar Pradesh,10,1.96,9.03,1.65,8.83,50.65,139.49,786.16,31.32,1.57,33.27,21.63,2.58,26.47
113,Deoria,Uttar Pradesh,11,0.15,2.01,0.0,0.03,2.16,19.95,445.83,28.26,1.79,30.47,15.86,2.48,22.06
113,Deoria,Uttar Pradesh,12,0.24,1.79,0.0,0.17,10.77,4.77,158.07,23.67,2.36,26.1,11.07,2.16,17.37
114,Dewas,Madhya Pradesh,1,0.36,2.59,0.06,0.58,9.2,8.45,26.47,24.33,2.46,27.53,11.38,2.27,17.85
114,Dewas,Madhya Pradesh,2,0.18,1.37,0.04,0.29,4.18,6.93,21.82,27.38,2.79,30.88,13.54,2.42,20.46
114,Dewas,Madhya Pradesh,3,0.13,1.38,0.01,0.13,3.35,5.0,20.33,32.61,2.89,36.17,18.14,2.47,25.37
114,Dewas,Madhya Pradesh,4,0.03,0.39,0.0,0.03,0.46,1.87,13.82,37.36,2.28,40.1,23.22,2.24,30.29
114,Dewas,Madhya Pradesh,5,0.2,1.19,0.16,0.65,4.26,2.41,9.18,39.62,1.85,42.0,26.9,1.56,33.26
114,Dewas,Madhya Pradesh,6,4.4,9.72,14.25,22.85,46.64,53.9,58.14,35.6,3.63,40.43,26.42,1.82,31.01
114,Dewas,Madhya Pradesh,7,11.91,21.31,34.8,52.12,102.43,242.42,301.67,29.62,2.44,32.87,24.22,1.12,26.92
114,Dewas,Madhya Pradesh,8,10.64,19.22,29.64,51.57,88.57,371.96,682.86,28.13,1.66,30.18,23.3,0.79,25.71
114,Dewas,Madhya Pradesh,9,5.83,13.37,16.69,29.38,63.86,254.83,880.21,30.02,1.97,32.65,22.64,0.96,26.33
114,Dewas,Madhya Pradesh,10,0.83,3.97,1.01,4.37,16.74,81.68,703.95,31.1,1.82,33.4,19.72,2.18,25.41
114,Dewas,Madhya Pradesh,11,0.27,1.99,0.01,0.16,9.5,11.93,340.45,28.15,1.79,30.41,15.64,2.3,21.9
114,Dewas,Madhya Pradesh,12,0.12,0.99,0.0,0.06,4.56,6.33,95.4,25.23,2.02,27.77,12.16,2.15,18.7
115,Dhalai,Tripura,1,0.38,2.38,0.41,1.21,9.73,9.0,94.4,22.8,1.4,24.52,11.14,1.3,16.97
115,Dhalai,Tripura,2,0.73,2.51,1.76,4.47,11.52,15.82,37.79,25.57,1.79,27.79,13.27,1.61,19.42
115,Dhalai,Tripura,3,3.17,7.38,11.03,19.19,38.48,45.66,70.47,29.03,1.79,31.28,17.26,1.81,23.15
115,Dhalai,Tripura,4,8.38,12.91,25.43,34.8,56.2,185.01,247.34,30.16,1.67,32.21,20.5,1.27,25.33
115,Dhalai,Tripura,5,14.65,19.71,38.29,54.0,92.19,348.74,584.22,30.24,1.43,32.01,22.49,1.09,26.36
115,Dhalai,Tripura,6,19.37,22.22,44.57,61.42,98.06,536.65,1078.57,29.93,1.14,31.37,24.13,0.63,27.03
115,Dhalai,Tripura,7,15.03,16.74,35.77,46.34,72.73,499.75,1392.85,29.59,1.02,30.88,24.37,0.48,26.98
115,Dhalai,Tripura,8,15.81,16.57,34.21,47.96,77.3,471.24,1508.77,29.86,0.96,31.01,24.37,0.42,27.11
115,Dhalai,Tripura,9,13.0,15.37,34.47,42.92,70.51,430.92,1395.59,29.6,1.16,31.06,23.69,0.6,26.65
115,Dhalai,Tripura,10,6.51,13.66,21.02,31.58,56.18,309.56,1211.14,28.75,1.24,30.21,21.6,1.4,25.17
115,Dhalai,Tripura,11,0.9,3.67,1.44,4.35,18.44,78.72,813.99,26.54,1.19,28.04,17.14,1.78,21.84
115,Dhalai,Tripura,12,0.3,1.62,0.43,1.53,7.1,14.07,394.11,23.67,1.25,25.23,12.93,1.46,18.3
116,Dhamtari,Chhattisgarh,1,0.38,2.98,0.07,0.42,8.18,6.13,45.74,26.09,1.93,28.48,13.45,2.17,19.77
116,Dhamtari,Chhattisgarh,2,0.57,4.06,0.21,1.43,12.89,17.26,31.17,29.27,2.31,32.17,15.91,2.04,22.59
116,Dhamtari,Chhattisgarh,3,0.8,5.26,0.35,2.05,18.8,21.18,44.07,33.85,2.42,36.79,19.88,2.07,26.87
116,Dhamtari,Chhattisgarh,4,0.8,4.98,0.52,2.72,17.23,24.15,62.61,37.52,2.11,40.03,24.29,1.83,30.91
116,Dhamtari,Chhattisgarh,5,0.69,4.12,0.54,1.63,17.65,20.92,66.38,39.41,2.18,41.97,27.35,1.72,33.38
116,Dhamtari,Chhattisgarh,6,6.57,15.84,22.11,40.25,79.55,80.49,125.54,34.72,3.95,40.09,26.74,1.89,30.73
116,Dhamtari,Chhattisgarh,7,11.88,22.45,35.82,59.4,104.01,297.29,402.54,29.75,1.8,32.06,24.74,0.92,27.24
116,Dhamtari,Chhattisgarh,8,11.83,20.79,36.58,62.7,96.06,374.88,768.04,29.18,1.43,31.01,24.36,0.79,26.77
116,Dhamtari,Chhattisgarh,9,7.48,17.43,23.39,50.17,86.48,310.68,991.47,30.34,1.39,31.96,23.96,0.72,27.15
116,Dhamtari,Chhattisgarh,10,2.26,8.58,3.71,14.14,45.78,126.38,808.4,30.29,1.42,32.07,21.32,1.9,25.81
116,Dhamtari,Chhattisgarh,11,0.65,4.64,0.08,0.57,21.69,32.36,461.93,28.21,1.44,29.96,17.03,2.39,22.62
116,Dhamtari,Chhattisgarh,12,0.15,1.46,0.0,0.07,3.3,9.33,162.69,26.03,1.48,27.93,13.57,2.1,19.8
117,Dhanbad,Jharkhand,1,0.39,2.17,0.09,1.51,12.92,6.34,36.46,24.21,2.15,26.95,11.32,2.24,17.76
117,Dhanbad,Jharkhand,2,0.68,3.15,0.71,3.36,15.97,16.55,24.15,27.96,2.65,31.38,14.27,2.26,21.12
117,Dhanbad,Jharkhand,3,0.52,2.37,0.68,2.97,13.83,17.51,39.93,33.4,2.75,36.79,18.63,2.31,26.02
117,Dhanbad,Jharkhand,4,0.89,3.23,1.44,6.13,18.74,18.92,52.85,37.5,2.41,40.52,22.82,1.75,30.16
117,Dhanbad,Jharkhand,5,2.34,6.1,8.34,13.8,26.08,46.45,82.99,37.31,2.47,40.62,25.3,1.66,31.3
117,Dhanbad,Jharkhand,6,6.94,12.17,21.81,30.14,52.51,124.37,190.82,34.52,3.0,38.57,26.37,1.26,30.45
117,Dhanbad,Jharkhand,7,11.82,15.57,32.26,42.93,61.93,306.02,481.1,31.52,1.4,33.13,25.87,0.81,28.7
117,Dhanbad,Jharkhand,8,9.69,13.39,25.18,37.51,63.68,326.49,769.41,31.23,1.13,32.57,25.68,0.68,28.45
117,Dhanbad,Jharkhand,9,8.86,16.47,24.84,37.05,96.42,269.71,908.73,31.3,1.45,32.96,25.11,0.89,28.21
117,Dhanbad,Jharkhand,10,3.03,9.48,8.25,18.21,50.3,192.8,786.28,30.83,1.5,32.61,21.99,2.13,26.41
117,Dhanbad,Jharkhand,11,0.14,1.01,0.0,0.22,4.81,30.94,490.34,28.37,1.47,30.19,16.92,2.39,22.64
117,Dhanbad,Jharkhand,12,0.06,0.51,0.0,0.0,2.04,2.2,219.44,25.08,1.7,27.02,12.42,1.99,18.75
118,Dhar,Madhya Pradesh,1,0.09,0.86,0.0,0.02,1.76,1.93,15.85,25.4,2.32,28.32,12.1,2.12,18.75
118,Dhar,Madhya Pradesh,2,0.05,0.52,0.0,0.01,0.71,1.84,6.55,28.24,2.7,31.64,14.2,2.39,21.22
118,Dhar,Madhya Pradesh,3,0.05,0.5,0.0,0.01,0.65,1.6,5.35,33.31,2.79,36.79,18.66,2.43,25.99
118,Dhar,Madhya Pradesh,4,0.02,0.15,0.0,0.01,0.46,0.8,4.26,37.67,2.15,40.27,23.16,1.98,30.42
118,Dhar,Madhya Pradesh,5,0.2,1.4,0.09,0.54,5.14,2.79,5.17,39.27,1.77,41.43,25.91,1.23,32.59
118,Dhar,Madhya Pradesh,6,4.16,9.93,13.88,23.82,43.35,52.97,56.61,35.32,3.35,39.7,25.8,1.4,30.56
118,Dhar,Madhya Pradesh,7,9.84,19.9,27.04,40.88,116.29,208.99,267.47,29.65,2.27,32.73,24.23,1.01,26.94
118,Dhar,Madhya Pradesh,8,8.09,16.99,22.91,38.73,97.17,300.0,574.15,28.16,1.54,30.02,23.38,0.76,25.77
118,Dhar,Madhya Pradesh,9,5.63,13.44,17.73,28.92,61.95,204.75,721.78,30.05,1.94,32.66,22.93,0.9,26.49
118,Dhar,Madhya Pradesh,10,1.01,4.72,1.28,5.57,15.59,89.58,590.96,31.81,1.73,33.98,20.48,2.1,26.14
118,Dhar,Madhya Pradesh,11,0.2,1.53,0.0,0.12,5.42,11.9,301.31,29.18,1.75,31.44,16.65,2.29,22.91
118,Dhar,Madhya Pradesh,12,0.04,0.38,0.0,0.0,0.89,2.92,99.86,26.35,1.93,28.74,13.11,2.12,19.73
119,Ayodhya,Uttar Pradesh,1,1.15,7.06,0.38,1.69,33.23,30.4,51.56,21.52,2.91,24.8,9.15,2.33,15.33
119,Ayodhya,Uttar Pradesh,2,1.0,4.94,0.52,3.37,26.49,31.0,70.15,25.16,2.7,28.59,12.2,2.42,18.68
119,Ayodhya,Uttar Pradesh,3,0.65,4.32,0.24,0.89,20.47,25.28,86.12,31.34,3.06,35.08,16.9,2.59,24.12
119,Ayodhya,Uttar Pradesh,4,0.43,2.94,0.21,0.96,12.52,13.93,69.92,37.1,2.55,40.18,22.24,2.26,29.67
119,Ayodhya,Uttar Pradesh,5,0.99,3.96,1.48,6.3,21.73,21.09,59.9,38.67,2.38,41.65,25.78,1.88,32.23
119,Ayodhya,Uttar Pradesh,6,4.79,13.8,12.41,28.94,66.34,69.93,105.06,37.12,3.41,41.51,27.48,1.57,32.3
119,Ayodhya,Uttar Pradesh,7,9.76,18.8,31.47,49.69,89.94,247.03,341.11,32.85,2.07,35.43,26.88,1.14,29.87
119,Ayodhya,Uttar Pradesh,8,9.5,19.09,32.7,53.74,87.27,289.24,617.59,32.35,1.37,34.01,26.67,0.82,29.51
119,Ayodhya,Uttar Pradesh,9,6.5,17.1,17.74,39.27,91.23,249.82,793.7,32.09,1.67,34.18,25.64,1.14,28.87
119,Ayodhya,Uttar Pradesh,10,1.27,7.26,1.13,3.9,33.6,103.61,640.45,31.61,1.67,33.61,21.09,2.6,26.35
119,Ayodhya,Uttar Pradesh,11,0.11,0.94,0.0,0.0,5.25,12.96,360.27,28.18,1.88,30.49,15.35,2.4,21.77
119,Ayodhya,Uttar Pradesh,12,0.58,5.67,0.05,0.31,14.74,8.39,119.78,23.62,2.46,26.1,10.69,2.14,17.16
120,Deoghar,Jharkhand,1,0.31,2.01,0.08,0.79,9.47,5.33,34.89,23.21,2.14,25.86,11.16,2.15,17.19
120,Deoghar,Jharkhand,2,0.55,2.74,0.26,2.01,15.71,12.47,18.84,26.96,2.55,30.29,14.14,2.23,20.55
120,Deoghar,Jharkhand,3,0.48,2.6,0.23,1.76,13.03,15.07,32.54,32.49,2.75,35.91,18.58,2.26,25.54
120,Deoghar,Jharkhand,4,0.87,3.18,1.75,6.05,15.58,18.85,46.32,36.6,2.45,39.64,22.7,1.74,29.65
120,Deoghar,Jharkhand,5,2.53,6.93,8.33,14.6,36.54,46.42,80.57,36.41,2.48,39.79,24.93,1.66,30.67
120,Deoghar,Jharkhand,6,7.45,13.16,23.8,37.43,64.52,135.95,202.33,34.09,2.84,37.99,26.1,1.22,30.1
120,Deoghar,Jharkhand,7,11.47,15.81,34.07,46.41,70.75,311.07,498.03,31.39,1.38,33.0,25.68,0.83,28.54
120,Deoghar,Jharkhand,8,8.81,13.26,26.2,36.67,65.25,307.11,766.17,31.14,1.12,32.47,25.55,0.72,28.34
120,Deoghar,Jharkhand,9,8.43,15.08,24.54,40.35,76.07,249.65,873.0,31.13,1.44,32.82,24.98,0.93,28.06
120,Deoghar,Jharkhand,10,3.16,9.63,9.69,18.73,58.29,189.81,743.49,30.58,1.53,32.38,21.94,2.08,26.26
120,Deoghar,Jharkhand,11,0.11,0.79,0.0,0.14,3.64,31.09,468.26,27.9,1.5,29.8,16.97,2.29,22.43
120,Deoghar,Jharkhand,12,0.05,0.46,0.0,0.0,1.53,1.56,216.42,24.29,1.79,26.3,12.5,1.95,18.39
121,Dharwad,Karnataka,1,0.02,0.26,0.0,0.0,0.15,2.44,70.34,29.98,1.09,31.39,16.95,1.44,23.47
121,Dharwad,Karnataka,2,0.02,0.22,0.0,0.0,0.14,0.45,15.64,31.99,1.23,33.65,17.91,1.42,24.95
121,Dharwad,Karnataka,3,0.15,1.09,0.03,0.47,3.02,2.22,5.18,34.58,1.27,36.06,20.23,1.46,27.41
121,Dharwad,Karnataka,4,1.08,3.42,3.2,6.41,16.88,15.85,18.58,35.9,0.99,37.03,22.17,1.19,29.04
121,Dharwad,Karnataka,5,2.39,5.56,8.28,14.25,25.05,50.71,69.49,35.04,1.56,36.7,23.08,0.91,29.06
121,Dharwad,Karnataka,6,3.67,8.08,10.71,17.74,37.96,100.13,168.24,29.43,2.14,32.67,23.06,0.77,26.24
121,Dharwad,Karnataka,7,3.41,7.04,10.78,17.8,32.67,99.43,251.81,27.41,1.25,28.99,22.52,0.63,24.96
121,Dharwad,Karnataka,8,2.76,5.91,8.56,14.55,29.38,99.29,300.04,27.33,1.21,28.88,22.18,0.55,24.75
121,Dharwad,Karnataka,9,3.5,7.16,11.28,16.93,33.55,82.99,281.17,28.61,1.27,30.24,21.9,0.6,25.25
121,Dharwad,Karnataka,10,3.97,9.64,13.0,22.76,44.02,136.98,319.4,29.81,1.35,31.43,21.42,1.02,25.61
121,Dharwad,Karnataka,11,0.97,4.63,1.03,5.23,22.13,57.3,279.19,29.82,1.05,30.98,19.41,1.9,24.61
121,Dharwad,Karnataka,12,0.13,1.0,0.0,0.03,5.32,13.41,206.45,29.43,0.99,30.59,17.55,1.75,23.49
122,Dhenkanal,Odisha,1,0.3,1.82,0.09,0.91,8.22,6.81,63.47,27.29,1.83,29.56,15.32,2.2,21.3
122,Dhenkanal,Odisha,2,0.95,4.69,0.74,4.82,25.78,16.96,30.98,30.55,2.31,33.46,17.94,2.11,24.24
122,Dhenkanal,Odisha,3,0.91,3.79,1.56,4.98,18.51,30.11,53.57,34.66,2.06,37.04,21.43,1.77,28.05
122,Dhenkanal,Odisha,4,1.35,4.06,4.35,8.13,21.08,28.29,75.52,37.17,1.74,39.26,24.33,1.53,30.75
122,Dhenkanal,Odisha,5,2.7,6.74,8.17,15.38,34.94,63.92,122.78,37.38,1.96,39.74,26.27,1.56,31.82
122,Dhenkanal,Odisha,6,7.0,12.27,22.39,35.19,59.2,135.01,228.43,34.16,2.93,37.92,26.76,1.38,30.46
122,Dhenkanal,Odisha,7,9.67,14.04,29.35,42.99,62.14,261.15,463.97,31.33,1.55,33.24,26.07,0.9,28.7
122,Dhenkanal,Odisha,8,11.06,13.95,29.75,42.64,58.88,322.24,727.92,31.11,1.33,32.77,25.91,0.83,28.51
122,Dhenkanal,Odisha,9,8.05,12.22,24.32,33.99,57.11,291.02,879.12,31.63,1.39,33.24,25.63,0.78,28.63
122,Dhenkanal,Odisha,10,2.86,8.25,8.87,16.1,42.84,159.29,772.21,31.3,1.49,33.09,23.48,1.71,27.39
122,Dhenkanal,Odisha,11,0.82,4.85,0.19,2.95,23.11,50.38,495.03,29.57,1.44,31.41,19.24,2.37,24.4
122,Dhenkanal,Odisha,12,0.16,1.37,0.0,0.01,5.62,8.34,212.08,27.35,1.48,29.2,15.5,2.05,21.43
123,Dhaulpur,Rajasthan,1,0.28,1.77,0.08,0.77,9.64,5.28,13.61,21.21,2.68,24.5,8.26,2.35,14.73
123,Dhaulpur,Rajasthan,2,0.27,1.58,0.03,0.95,5.85,8.22,15.45,25.25,3.08,29.14,11.28,2.74,18.26
123,Dhaulpur,Rajasthan,3,0.24,1.47,0.04,0.56,6.12,8.48,21.77,31.71,3.37,35.9,16.49,2.77,24.1
123,Dhaulpur,Rajasthan,4,0.11,0.66,0.03,0.47,2.61,4.47,21.22,37.97,2.96,41.62,22.17,2.73,30.07
123,Dhaulpur,Rajasthan,5,0.38,1.7,0.5,1.79,9.67,6.64,19.5,41.21,2.49,44.07,26.99,2.38,34.1
123,Dhaulpur,Rajasthan,6,1.62,5.29,4.87,9.4,21.62,21.66,32.79,39.6,3.22,43.5,29.15,1.96,34.38
123,Dhaulpur,Rajasthan,7,6.72,11.1,20.85,30.26,56.33,136.66,166.25,34.26,2.75,38.17,27.57,1.53,30.92
123,Dhaulpur,Rajasthan,8,8.43,13.62,27.84,37.94,60.58,240.18,405.85,32.56,1.74,34.81,26.56,0.96,29.56
123,Dhaulpur,Rajasthan,9,3.88,9.48,12.46,23.01,45.01,189.3,574.9,33.26,1.99,35.8,25.28,1.34,29.27
123,Dhaulpur,Rajasthan,10,0.9,5.18,0.09,3.2,23.89,59.8,488.5,32.9,2.19,35.58,20.26,2.46,26.58
123,Dhaulpur,Rajasthan,11,0.06,0.51,0.0,0.0,1.82,7.36,250.05,28.1,2.34,30.98,14.73,2.43,21.41
123,Dhaulpur,Rajasthan,12,0.07,0.6,0.0,0.01,1.91,2.0,66.16,23.05,2.54,26.17,9.88,2.38,16.46
124,Dindori,Madhya Pradesh,1,1.09,5.06,1.04,4.99,26.76,23.33,52.47,22.4,2.36,25.48,9.69,2.41,16.05
124,Dindori,Madhya Pradesh,2,0.99,4.68,0.86,5.38,19.48,30.73,63.1,25.59,2.71,29.09,12.27,2.39,18.93
124,Dindori,Madhya Pradesh,3,0.74,3.99,0.7,3.11,19.83,29.66,82.96,30.7,2.95,34.3,16.57,2.42,23.63
124,Dindori,Madhya Pradesh,4,0.64,3.34,0.38,2.45,17.38,16.16,76.49,35.59,2.43,38.46,21.36,2.15,28.47
124,Dindori,Madhya Pradesh,5,0.55,2.79,0.63,1.94,11.88,17.9,63.35,38.15,2.07,40.73,25.1,1.85,31.63
124,Dindori,Madhya Pradesh,6,5.79,13.62,16.89,34.41,73.42,63.4,97.48,34.0,4.21,39.28,25.3,1.99,29.65
124,Dindori,Madhya Pradesh,7,11.98,17.75,34.49,50.56,83.02,300.32,385.42,28.34,2.15,31.12,23.22,1.07,25.78
124,Dindori,Madhya Pradesh,8,13.35,19.89,41.66,57.88,85.2,411.69,790.87,27.51,1.57,29.48,22.61,0.78,25.06
124,Dindori,Madhya Pradesh,9,6.57,13.55,20.71,33.18,70.28,293.78,1016.93,28.45,1.66,30.45,21.93,0.91,25.19
124,Dindori,Madhya Pradesh,10,1.55,6.22,2.94,8.49,28.48,102.11,805.19,28.29,1.64,30.36,18.61,2.27,23.45
124,Dindori,Madhya Pradesh,11,0.44,3.01,0.18,0.73,14.26,21.89,408.04,25.59,1.66,27.69,14.04,2.36,19.81
124,Dindori,Madhya Pradesh,12,0.3,2.17,0.09,0.57,8.41,9.18,128.1,23.0,1.84,25.23,10.23,2.11,16.62
125,Dumka,Jharkhand,1,0.27,1.76,0.05,0.6,7.96,4.75,44.13,23.34,2.09,25.85,11.39,2.1,17.37
125,Dumka,Jharkhand,2,0.6,3.12,0.26,2.19,16.72,12.85,19.8,27.06,2.47,30.33,14.31,2.19,20.69
125,Dumka,Jharkhand,3,0.63,3.19,0.45,3.03,15.7,18.49,35.77,32.57,2.63,35.88,18.8,2.27,25.68
125,Dumka,Jharkhand,4,1.23,3.9,3.24,8.51,19.75,25.69,57.07,36.34,2.39,39.35,22.86,1.77,29.6
125,Dumka,Jharkhand,5,2.85,6.59,8.75,16.36,31.47,57.38,101.97,35.79,2.36,39.09,25.11,1.68,30.45
125,Dumka,Jharkhand,6,7.92,12.93,24.68,34.46,64.5,149.4,233.79,33.89,2.55,37.33,26.32,1.16,30.11
125,Dumka,Jharkhand,7,11.61,15.71,32.31,47.9,71.71,319.21,530.73,31.64,1.31,33.19,25.94,0.82,28.79
125,Dumka,Jharkhand,8,9.53,14.47,29.05,42.8,66.46,315.05,795.44,31.48,1.13,32.8,25.88,0.73,28.68
125,Dumka,Jharkhand,9,9.25,15.27,27.38,38.75,76.39,276.11,915.0,31.43,1.42,33.06,25.31,0.9,28.37
125,Dumka,Jharkhand,10,3.95,11.37,10.57,27.36,60.89,218.07,806.7,30.86,1.51,32.63,22.46,2.0,26.66
125,Dumka,Jharkhand,11,0.17,1.34,0.0,0.12,6.9,40.86,533.02,28.22,1.49,30.09,17.46,2.26,22.84
125,Dumka,Jharkhand,12,0.07,0.69,0.0,0.0,1.84,2.61,255.25,24.59,1.79,26.61,12.93,1.92,18.76
126,Dungarpur,Rajasthan,1,0.06,0.97,0.0,0.0,0.52,1.19,6.54,25.29,2.35,28.39,11.72,2.05,18.51
126,Dungarpur,Rajasthan,2,0.03,0.63,0.0,0.0,0.2,1.29,3.34,28.26,2.83,31.94,13.8,2.54,21.03
126,Dungarpur,Rajasthan,3,0.02,0.49,0.0,0.0,0.22,1.14,3.59,33.66,2.95,37.39,18.41,2.55,26.04
126,Dungarpur,Rajasthan,4,0.02,0.19,0.0,0.02,0.38,0.39,2.85,37.96,2.28,40.75,22.82,2.05,30.39
126,Dungarpur,Rajasthan,5,0.12,1.45,0.01,0.13,1.45,1.93,3.44,39.58,1.82,41.75,26.24,1.38,32.91
126,Dungarpur,Rajasthan,6,3.88,13.05,8.9,25.61,73.61,45.13,47.51,36.62,2.9,40.53,26.85,1.31,31.73
126,Dungarpur,Rajasthan,7,12.66,27.97,42.3,69.41,134.13,242.38,291.96,31.04,2.34,34.19,25.38,1.1,28.21
126,Dungarpur,Rajasthan,8,9.92,23.83,30.37,50.66,123.2,381.79,684.54,29.51,1.54,31.37,24.51,0.82,27.01
126,Dungarpur,Rajasthan,9,5.42,16.6,15.24,32.97,86.83,232.0,868.96,31.47,2.05,34.28,23.9,1.01,27.68
126,Dungarpur,Rajasthan,10,0.31,1.83,0.04,0.56,9.08,63.74,671.24,33.32,1.81,35.49,20.74,2.19,27.03
126,Dungarpur,Rajasthan,11,0.09,0.9,0.0,0.0,1.73,4.62,292.94,30.03,1.99,32.5,16.61,2.22,23.32
126,Dungarpur,Rajasthan,12,0.01,0.23,0.0,0.0,0.05,0.94,64.6,26.56,2.08,29.05,12.96,2.13,19.76
127,Durg,Chhattisgarh,1,0.34,2.07,0.0,0.94,11.08,5.97,29.59,25.56,2.1,28.19,12.94,2.29,19.25
127,Durg,Chhattisgarh,2,0.43,2.77,0.04,1.15,10.28,12.14,20.93,28.77,2.49,31.93,15.34,2.15,22.05
127,Durg,Chhattisgarh,3,0.61,3.47,0.14,1.93,17.39,16.59,34.37,33.62,2.68,36.86,19.33,2.18,26.48
127,Durg,Chhattisgarh,4,0.37,2.18,0.19,1.34,10.5,13.86,42.7,37.84,2.27,40.61,23.96,1.96,30.9
127,Durg,Chhattisgarh,5,0.42,2.32,0.37,1.75,9.6,11.31,41.79,40.12,2.19,42.73,27.41,1.82,33.76
127,Durg,Chhattisgarh,6,6.01,13.87,18.06,31.2,76.17,70.84,95.85,35.61,4.12,40.96,27.03,1.99,31.32
127,Durg,Chhattisgarh,7,12.2,19.27,38.2,56.71,87.86,296.75,382.82,30.22,1.96,32.72,24.85,0.93,27.53
127,Durg,Chhattisgarh,8,10.92,17.51,32.36,48.43,82.31,361.37,744.6,29.56,1.53,31.51,24.46,0.79,27.01
127,Durg,Chhattisgarh,9,7.62,16.03,24.58,43.0,75.28,293.12,960.02,30.68,1.48,32.42,24.05,0.79,27.37
127,Durg,Chhattisgarh,10,2.05,7.6,3.67,14.38,43.08,128.09,779.03,30.52,1.48,32.43,21.19,2.06,25.85
127,Durg,Chhattisgarh,11,0.17,1.32,0.0,0.05,6.25,22.37,436.98,28.19,1.5,30.11,16.71,2.42,22.45
127,Durg,Chhattisgarh,12,0.08,0.57,0.0,0.0,3.2,3.13,147.74,25.8,1.6,27.84,13.11,2.16,19.46
128,East,Delhi,1,0.73,3.08,0.0,5.34,18.43,16.29,24.26,19.94,2.72,23.18,7.31,2.28,13.63
128,East,Delhi,2,0.79,4.0,0.0,4.28,19.5,22.28,42.05,23.35,2.89,26.93,10.31,2.62,16.83
128,East,Delhi,3,0.47,2.27,0.0,2.87,12.85,17.85,56.42,29.46,3.38,33.74,15.13,2.68,22.3
128,East,Delhi,4,0.27,1.32,0.0,1.15,7.26,11.19,51.15,36.29,3.23,40.35,20.73,2.77,28.51
128,East,Delhi,5,0.73,3.71,0.0,3.64,18.82,13.25,41.94,39.61,2.89,42.93,25.16,2.43,32.39
128,East,Delhi,6,2.41,9.35,5.52,16.47,44.77,33.8,58.2,38.73,3.16,42.72,27.67,1.93,33.2
128,East,Delhi,7,6.82,15.19,24.11,38.84,73.46,149.82,198.66,34.39,2.53,37.9,27.21,1.46,30.8
128,East,Delhi,8,8.2,18.11,26.12,43.31,86.53,235.24,426.56,33.04,1.78,35.21,26.53,1.03,29.79
128,East,Delhi,9,5.08,18.02,11.64,37.23,96.01,223.54,616.23,33.18,1.96,35.44,24.8,1.52,28.99
128,East,Delhi,10,0.48,3.36,0.0,2.11,8.12,55.6,512.73,32.22,2.1,34.73,19.39,2.56,25.8
128,East,Delhi,11,0.05,0.46,0.0,0.0,2.71,5.63,278.47,27.41,2.26,30.25,13.82,2.33,20.62
128,East,Delhi,12,0.22,1.07,0.0,1.48,5.92,3.47,60.46,22.18,2.68,25.18,8.94,2.35,15.56
129,East,Sikkim,1,0.47,1.74,1.07,2.2,9.44,8.42,32.3,18.88,1.93,21.37,11.18,1.87,15.03
129,East,Sikkim,2,1.64,7.81,3.37,7.84,28.43,29.55,40.41,20.81,2.2,23.61,12.5,2.1,16.66
129,East,Sikkim,3,2.05,6.81,5.54,11.48,33.52,45.76,83.23,24.75,2.22,27.52,15.83,1.96,20.29
129,East,Sikkim,4,4.09,9.81,12.58,19.21,33.2,100.97,176.38,27.76,1.88,30.1,18.69,1.59,23.23
129,East,Sikkim,5,5.33,10.4,15.61,25.49,48.75,137.46,285.55,28.92,1.52,30.94,21.56,1.53,25.24
129,East,Sikkim,6,8.23,10.53,21.52,29.19,47.07,200.17,440.99,29.61,1.19,31.14,24.19,0.93,26.9
129,East,Sikkim,7,11.41,13.02,27.48,37.59,59.11,322.38,662.91,29.35,1.17,30.88,24.78,0.71,27.06
129,East,Sikkim,8,10.73,13.58,28.38,36.14,65.18,318.43,849.05,29.68,1.17,31.12,24.64,0.71,27.16
129,East,Sikkim,9,7.29,11.83,20.16,30.82,57.08,285.4,929.93,28.97,1.25,30.48,23.62,0.85,26.29
129,East,Sikkim,10,1.94,6.01,5.72,10.67,27.07,126.21,727.13,27.1,1.56,28.93,20.57,1.78,23.83
129,East,Sikkim,11,0.18,0.86,0.43,0.74,3.58,23.59,428.79,23.83,1.58,25.88,16.67,1.53,20.25
129,East,Sikkim,12,0.08,0.44,0.07,0.29,1.72,2.86,147.06,20.69,1.74,22.77,13.4,1.9,17.05
130,East Garo Hills,Meghalaya,1,0.42,2.35,0.23,1.27,13.87,9.47,94.27,19.67,1.81,21.99,9.51,1.56,14.59
130,East Garo Hills,Meghalaya,2,0.55,2.48,0.33,3.11,14.24,13.87,30.66,22.36,2.12,24.98,11.57,1.95,16.97
130,East Garo Hills,Meghalaya,3,2.2,7.47,6.48,13.74,38.05,28.69,51.72,26.21,2.18,28.92,15.58,2.14,20.89
130,East Garo Hills,Meghalaya,4,8.11,15.27,26.06,40.31,66.12,149.42,192.42,27.59,2.13,30.23,18.84,1.64,23.22
130,East Garo Hills,Meghalaya,5,16.39,24.27,46.39,64.55,109.53,386.71,569.96,28.0,1.83,30.32,21.01,1.46,24.5
130,East Garo Hills,Meghalaya,6,18.26,26.18,48.23,71.46,126.96,513.0,1059.51,28.4,1.46,30.24,22.95,0.91,25.68
130,East Garo Hills,Meghalaya,7,22.17,31.48,62.65,90.9,131.33,647.62,1556.81,28.28,1.41,30.06,23.39,0.77,25.84
130,East Garo Hills,Meghalaya,8,19.43,33.24,51.19,78.68,177.06,589.48,1757.34,28.58,1.36,30.29,23.44,0.71,26.01
130,East Garo Hills,Meghalaya,9,13.63,27.33,39.09,57.98,111.75,520.2,1760.17,28.14,1.56,30.08,22.56,0.9,25.35
130,East Garo Hills,Meghalaya,10,7.66,24.24,18.53,44.29,138.35,331.46,1435.36,27.12,1.67,29.09,19.87,1.7,23.49
130,East Garo Hills,Meghalaya,11,0.36,2.21,0.15,1.23,8.15,84.9,928.14,24.3,1.6,26.34,15.38,1.84,19.84
130,East Garo Hills,Meghalaya,12,0.19,1.29,0.02,0.27,7.85,7.98,416.32,21.0,1.64,22.99,11.38,1.72,16.19
131,East Godavari,Andhra Pradesh,1,0.16,1.03,0.03,0.43,4.15,6.03,151.82,28.45,1.19,29.82,18.82,1.48,23.64
131,East Godavari,Andhra Pradesh,2,0.35,1.61,0.26,1.9,7.95,6.01,28.77,30.87,1.44,32.69,20.37,1.41,25.62
131,East Godavari,Andhra Pradesh,3,0.25,1.16,0.42,1.37,4.89,8.59,20.64,33.76,1.33,35.29,22.86,1.43,28.31
131,East Godavari,Andhra Pradesh,4,0.7,1.92,2.14,4.04,9.82,13.95,28.61,35.57,1.26,37.09,25.54,1.17,30.56
131,East Godavari,Andhra Pradesh,5,1.89,6.8,4.81,7.74,22.69,42.92,65.66,37.0,2.02,39.57,27.5,1.26,32.25
131,East Godavari,Andhra Pradesh,6,5.31,10.66,15.36,24.15,49.55,103.46,161.48,34.3,2.77,38.02,27.29,1.36,30.8
131,East Godavari,Andhra Pradesh,7,8.43,11.3,21.58,31.3,50.34,210.44,359.99,31.12,1.8,33.43,25.92,0.95,28.52
131,East Godavari,Andhra Pradesh,8,9.79,14.8,26.5,36.63,65.0,285.42,607.75,30.59,1.48,32.34,25.56,0.75,28.07
131,East Godavari,Andhra Pradesh,9,6.59,10.51,15.88,25.9,48.28,235.02,736.25,31.13,1.33,32.7,25.41,0.62,28.27
131,East Godavari,Andhra Pradesh,10,7.3,14.78,19.92,34.45,81.39,225.98,746.55,30.69,1.4,32.3,24.13,1.03,27.41
131,East Godavari,Andhra Pradesh,11,2.05,7.91,4.73,10.66,39.07,135.16,593.9,29.37,1.11,30.64,21.53,1.79,25.45
131,East Godavari,Andhra Pradesh,12,0.21,1.78,0.05,0.26,4.25,19.18,378.23,28.18,1.0,29.48,19.18,1.6,23.68
132,East Khasi Hills,Meghalaya,1,0.61,4.15,0.45,1.24,16.88,16.7,115.21,17.37,1.76,19.5,7.29,1.55,12.33
132,East Khasi Hills,Meghalaya,2,0.9,3.8,1.31,5.72,17.21,20.0,53.19,19.57,2.08,22.16,9.28,1.89,14.43
132,East Khasi Hills,Meghalaya,3,3.32,8.67,10.76,20.52,39.27,48.09,84.93,22.59,2.12,25.3,13.01,2.02,17.8
132,East Khasi Hills,Meghalaya,4,9.11,16.92,25.54,39.63,79.59,191.96,260.98,23.79,2.01,26.29,16.15,1.52,19.97
132,East Khasi Hills,Meghalaya,5,13.95,22.04,32.54,50.9,122.27,341.69,587.14,24.66,1.79,26.87,18.47,1.4,21.56
132,East Khasi Hills,Meghalaya,6,23.23,30.08,55.82,81.1,155.3,559.18,1100.58,25.19,1.45,27.03,20.5,0.89,22.84
132,East Khasi Hills,Meghalaya,7,23.66,33.2,58.24,95.82,165.75,754.88,1665.39,25.1,1.41,26.94,20.9,0.74,23.0
132,East Khasi Hills,Meghalaya,8,18.6,25.34,42.94,60.1,156.29,599.84,1928.08,25.43,1.32,27.05,20.95,0.68,23.19
132,East Khasi Hills,Meghalaya,9,15.06,24.14,40.5,58.29,128.54,517.03,1869.14,25.14,1.52,27.07,20.13,0.89,22.63
132,East Khasi Hills,Meghalaya,10,7.48,21.41,18.05,40.3,108.47,355.18,1464.75,24.38,1.61,26.35,17.31,1.74,20.85
132,East Khasi Hills,Meghalaya,11,0.76,4.96,0.58,2.82,16.09,89.42,955.23,21.87,1.59,23.9,12.85,1.82,17.36
132,East Khasi Hills,Meghalaya,12,0.47,3.12,0.28,0.72,16.12,16.89,452.14,18.69,1.63,20.71,9.03,1.67,13.86
133,East Nimar,Madhya Pradesh,1,0.33,2.4,0.2,0.58,8.11,7.57,30.4,26.33,2.31,29.32,13.17,2.25,19.75
133,East Nimar,Madhya Pradesh,2,0.24,1.27,0.25,0.8,6.85,8.1,24.14,29.31,2.62,32.63,15.24,2.32,22.28
133,East Nimar,Madhya Pradesh,3,0.23,1.92,0.09,0.41,6.2,8.08,23.69,34.29,2.79,37.68,19.49,2.33,26.89
133,East Nimar,Madhya Pradesh,4,0.04,0.48,0.0,0.09,0.46,2.83,19.04,38.71,2.11,41.26,24.18,2.1,31.44
133,East Nimar,Madhya Pradesh,5,0.22,1.38,0.17,0.74,5.08,2.67,13.41,40.41,1.78,42.68,27.66,1.44,34.04
133,East Nimar,Madhya Pradesh,6,4.69,10.6,13.84,24.69,53.95,57.65,63.06,35.87,3.69,40.69,26.9,1.81,31.38
133,East Nimar,Madhya Pradesh,7,10.19,16.97,29.15,44.47,82.03,228.57,291.97,30.11,2.31,33.14,24.78,1.05,27.44
133,East Nimar,Madhya Pradesh,8,8.2,14.24,22.61,37.92,76.0,302.38,601.55,28.71,1.62,30.65,23.91,0.76,26.31
133,East Nimar,Madhya Pradesh,9,5.69,12.33,15.26,27.28,63.94,215.38,754.0,30.52,1.86,32.99,23.46,0.87,26.99
133,East Nimar,Madhya Pradesh,10,0.99,3.97,1.71,4.98,17.93,83.35,597.24,31.8,1.7,33.99,20.74,2.19,26.27
133,East Nimar,Madhya Pradesh,11,0.33,2.08,0.24,1.01,8.3,14.89,308.12,29.44,1.65,31.57,16.84,2.36,23.14
133,East Nimar,Madhya Pradesh,12,0.21,1.67,0.05,0.28,6.43,8.4,102.22,26.95,1.88,29.3,13.67,2.14,20.31
134,Ernakulam,Kerala,1,0.59,2.2,1.43,3.1,9.51,29.29,391.39,29.96,0.78,30.93,19.31,1.09,24.63
134,Ernakulam,Kerala,2,0.69,2.22,1.77,3.69,10.79,16.17,141.6,31.24,0.87,32.26,20.26,1.13,25.75
134,Ernakulam,Kerala,3,1.67,4.13,5.37,8.65,20.28,33.26,79.35,32.27,0.95,33.17,22.14,1.15,27.2
134,Ernakulam,Kerala,4,4.63,7.21,12.84,18.12,32.85,95.27,145.28,31.57,1.06,32.83,23.88,0.77,27.72
134,Ernakulam,Kerala,5,8.18,12.57,20.37,29.83,62.34,180.55,311.66,30.37,1.26,31.69,24.37,0.79,27.37
134,Ernakulam,Kerala,6,20.18,21.01,50.09,62.37,97.62,435.47,715.57,27.86,1.25,29.46,23.53,0.75,25.7
134,Ernakulam,Kerala,7,20.3,18.25,44.81,56.95,81.56,616.96,1242.24,27.36,1.01,28.65,22.92,0.57,25.14
134,Ernakulam,Kerala,8,14.27,15.1,35.43,44.24,66.95,534.66,1604.45,27.54,0.94,28.6,22.76,0.5,25.15
134,Ernakulam,Kerala,9,9.11,10.61,23.06,31.5,48.66,335.62,1484.53,28.2,0.91,29.26,22.72,0.47,25.46
134,Ernakulam,Kerala,10,10.23,12.22,24.38,32.29,57.39,286.66,1148.7,28.4,0.95,29.55,22.21,0.62,25.31
134,Ernakulam,Kerala,11,6.52,11.33,18.54,29.56,53.91,270.85,888.76,28.36,0.99,29.4,21.2,0.84,24.78
134,Ernakulam,Kerala,12,1.63,4.47,4.77,9.44,20.86,101.9,657.9,28.89,0.93,29.9,19.99,1.24,24.44
135,Etah,Uttar Pradesh,1,0.81,4.61,0.18,1.98,20.85,18.01,31.55,20.65,2.79,24.03,8.09,2.27,14.37
135,Etah,Uttar Pradesh,2,0.65,3.72,0.2,2.0,18.61,23.09,44.85,24.33,2.88,27.89,11.23,2.58,17.78
135,Etah,Uttar Pradesh,3,0.57,3.55,0.17,1.06,13.97,20.25,60.76,30.74,3.27,34.8,16.27,2.69,23.5
135,Etah,Uttar Pradesh,4,0.42,3.09,0.08,0.59,10.56,11.44,54.7,37.28,2.92,40.89,21.83,2.63,29.56
135,Etah,Uttar Pradesh,5,0.49,2.26,0.39,2.1,12.41,14.79,46.27,40.21,2.56,43.16,26.26,2.26,33.23
135,Etah,Uttar Pradesh,6,2.4,8.42,6.03,14.42,40.23,30.09,56.37,38.89,3.25,42.97,28.34,1.81,33.62
135,Etah,Uttar Pradesh,7,8.1,18.12,23.85,44.54,81.26,170.22,216.63,34.03,2.52,37.53,27.29,1.37,30.66
135,Etah,Uttar Pradesh,8,8.08,16.74,25.69,40.87,80.42,245.47,454.97,32.65,1.62,34.73,26.59,0.92,29.62
135,Etah,Uttar Pradesh,9,5.62,14.71,19.02,33.54,66.45,225.83,650.23,32.88,1.92,35.17,25.2,1.34,29.04
135,Etah,Uttar Pradesh,10,1.05,6.08,0.14,2.41,33.09,84.05,553.03,32.33,2.03,34.77,20.04,2.54,26.18
135,Etah,Uttar Pradesh,11,0.1,1.67,0.0,0.0,0.51,10.36,314.95,27.83,2.21,30.57,14.44,2.35,21.14
135,Etah,Uttar Pradesh,12,0.26,2.45,0.0,0.12,6.96,3.79,93.69,22.76,2.57,25.61,9.6,2.27,16.18
136,Etawah,Uttar Pradesh,1,0.85,5.32,0.53,1.7,29.34,17.08,26.9,20.94,2.85,24.32,8.49,2.34,14.72
136,Etawah,Uttar Pradesh,2,0.4,2.76,0.24,0.91,10.29,20.09,39.08,24.88,2.96,28.63,11.55,2.63,18.21
136,Etawah,Uttar Pradesh,3,0.44,3.27,0.17,0.65,13.2,13.1,49.61,31.39,3.28,35.34,16.65,2.75,24.02
136,Etawah,Uttar Pradesh,4,0.14,1.46,0.04,0.23,2.67,7.49,40.5,37.68,2.83,41.08,22.19,2.57,29.93
136,Etawah,Uttar Pradesh,5,0.38,2.33,0.36,0.84,11.43,8.12,28.45,40.56,2.38,43.31,26.66,2.17,33.61
136,Etawah,Uttar Pradesh,6,2.22,7.93,3.9,13.05,42.09,25.15,40.7,38.9,3.37,43.05,28.65,1.81,33.77
136,Etawah,Uttar Pradesh,7,8.62,20.04,24.79,49.13,93.63,174.98,209.9,33.75,2.56,37.42,27.25,1.38,30.5
136,Etawah,Uttar Pradesh,8,7.71,16.27,23.28,39.38,76.31,259.25,469.17,32.31,1.57,34.34,26.47,0.89,29.39
136,Etawah,Uttar Pradesh,9,5.6,14.56,15.74,34.11,75.69,211.85,655.73,32.6,1.91,34.98,25.27,1.26,28.94
136,Etawah,Uttar Pradesh,10,1.01,6.06,0.54,2.87,27.84,81.48,549.93,32.21,2.03,34.6,20.41,2.45,26.31
136,Etawah,Uttar Pradesh,11,0.04,0.47,0.0,0.0,0.56,8.78,297.04,27.86,2.17,30.53,14.93,2.38,21.39
136,Etawah,Uttar Pradesh,12,0.18,2.36,0.02,0.17,5.26,1.87,87.64,22.9,2.51,25.78,10.08,2.28,16.49
137,Farrukhabad,Uttar Pradesh,1,0.92,5.71,0.28,2.11,28.51,26.93,44.72,20.73,2.88,24.16,8.35,2.26,14.54
137,Farrukhabad,Uttar Pradesh,2,0.66,3.55,0.29,1.95,19.07,23.87,56.27,24.33,2.81,27.81,11.4,2.52,17.86
137,Farrukhabad,Uttar Pradesh,3,0.56,3.88,0.2,0.98,17.94,18.72,68.99,30.57,3.2,34.45,16.23,2.66,23.4
137,Farrukhabad,Uttar Pradesh,4,0.33,2.27,0.14,0.63,8.27,11.43,53.88,36.97,2.8,40.38,21.72,2.51,29.34
137,Farrukhabad,Uttar Pradesh,5,0.35,1.85,0.26,1.36,8.33,10.86,40.75,39.48,2.49,42.39,25.84,2.13,32.66
137,Farrukhabad,Uttar Pradesh,6,4.08,14.47,8.71,24.92,76.44,45.7,67.89,38.13,3.27,42.26,27.86,1.7,32.99
137,Farrukhabad,Uttar Pradesh,7,11.05,25.34,33.09,60.57,134.26,240.41,299.56,33.62,2.38,36.89,27.08,1.26,30.35
137,Farrukhabad,Uttar Pradesh,8,9.06,20.99,26.36,49.98,111.68,308.94,608.49,32.54,1.54,34.43,26.62,0.87,29.58
137,Farrukhabad,Uttar Pradesh,9,7.06,18.04,20.76,45.8,87.03,267.46,826.59,32.57,1.86,34.79,25.25,1.32,28.91
137,Farrukhabad,Uttar Pradesh,10,1.3,8.63,0.59,2.92,37.02,106.87,679.08,31.99,1.95,34.27,20.18,2.53,26.08
137,Farrukhabad,Uttar Pradesh,11,0.1,1.37,0.0,0.0,0.63,13.28,382.05,27.78,2.12,30.48,14.66,2.32,21.22
137,Farrukhabad,Uttar Pradesh,12,0.51,4.69,0.04,0.2,12.77,5.12,119.52,22.87,2.56,25.61,9.92,2.2,16.4
138,Fatehpur,Uttar Pradesh,1,0.52,2.74,0.36,2.45,15.4,12.76,25.59,21.67,2.8,25.08,9.31,2.41,15.49
138,Fatehpur,Uttar Pradesh,2,0.6,3.07,0.61,2.75,14.38,16.96,33.51,25.51,2.92,29.29,12.15,2.51,18.83
138,Fatehpur,Uttar Pradesh,3,0.29,1.89,0.11,0.76,6.55,13.9,43.25,31.9,3.2,35.84,16.9,2.64,24.4
138,Fatehpur,Uttar Pradesh,4,0.11,1.15,0.04,0.22,1.55,4.43,35.05,37.87,2.65,41.09,22.27,2.35,30.07
138,Fatehpur,Uttar Pradesh,5,0.13,0.56,0.17,0.66,2.9,3.32,21.2,40.16,2.2,42.84,26.4,1.95,33.28
138,Fatehpur,Uttar Pradesh,6,2.47,6.93,6.54,14.01,36.61,23.48,31.14,38.02,3.66,42.48,28.12,1.77,33.07
138,Fatehpur,Uttar Pradesh,7,7.44,11.76,21.66,32.18,56.38,164.7,193.37,32.98,2.43,36.36,26.73,1.28,29.86
138,Fatehpur,Uttar Pradesh,8,7.37,11.48,23.03,31.75,56.45,230.96,428.27,31.94,1.49,33.77,26.18,0.84,29.06
138,Fatehpur,Uttar Pradesh,9,5.57,11.35,16.3,31.11,57.09,207.76,611.08,32.03,1.8,34.32,25.21,1.13,28.62
138,Fatehpur,Uttar Pradesh,10,1.05,5.25,0.83,4.04,28.95,83.34,520.48,31.69,1.82,33.86,20.83,2.48,26.26
138,Fatehpur,Uttar Pradesh,11,0.06,0.66,0.0,0.02,1.18,9.81,296.19,27.96,1.98,30.37,15.31,2.43,21.64
138,Fatehpur,Uttar Pradesh,12,0.24,2.31,0.05,0.27,6.0,3.7,92.43,23.48,2.33,26.05,10.76,2.18,17.12
139,Firozabad,Uttar Pradesh,1,0.53,2.97,0.13,1.11,16.08,9.72,19.16,20.79,2.77,24.1,8.19,2.29,14.5
139,Firozabad,Uttar Pradesh,2,0.4,2.13,0.14,1.12,10.67,15.32,26.88,24.66,2.94,28.36,11.32,2.63,17.99
139,Firozabad,Uttar Pradesh,3,0.45,2.97,0.11,0.66,13.63,13.57,38.12,31.17,3.29,35.27,16.46,2.73,23.81
139,Firozabad,Uttar Pradesh,4,0.26,2.13,0.04,0.31,7.47,9.32,38.17,37.64,2.93,41.23,22.08,2.65,29.86
139,Firozabad,Uttar Pradesh,5,0.3,1.57,0.32,1.11,8.22,9.14,31.93,40.71,2.53,43.62,26.64,2.29,33.67
139,Firozabad,Uttar Pradesh,6,1.69,6.6,4.58,9.97,24.84,20.22,38.59,39.28,3.27,43.33,28.75,1.85,34.01
139,Firozabad,Uttar Pradesh,7,6.75,14.82,21.44,34.43,71.33,136.76,167.25,34.19,2.6,37.93,27.46,1.42,30.82
139,Firozabad,Uttar Pradesh,8,7.43,15.13,23.56,37.13,83.65,217.22,381.83,32.66,1.65,34.75,26.63,0.94,29.65
139,Firozabad,Uttar Pradesh,9,5.12,12.92,17.68,30.39,65.64,206.12,568.21,33.03,1.95,35.4,25.29,1.33,29.16
139,Firozabad,Uttar Pradesh,10,0.98,5.35,0.18,3.04,25.7,76.4,498.39,32.58,2.08,35.08,20.21,2.5,26.39
139,Firozabad,Uttar Pradesh,11,0.05,0.79,0.0,0.0,0.59,8.29,285.85,27.96,2.24,30.73,14.61,2.38,21.28
139,Firozabad,Uttar Pradesh,12,0.12,0.94,0.0,0.08,4.11,2.06,82.67,22.82,2.55,25.75,9.71,2.3,16.27
140,Gadag,Karnataka,1,0.02,0.14,0.0,0.0,0.55,2.42,65.26,29.91,1.14,31.35,17.01,1.47,23.46
140,Gadag,Karnataka,2,0.01,0.09,0.0,0.0,0.17,0.38,13.43,32.26,1.25,33.98,18.31,1.41,25.28
140,Gadag,Karnataka,3,0.09,0.67,0.02,0.35,1.88,1.35,4.21,35.12,1.36,36.71,20.84,1.43,27.98
140,Gadag,Karnataka,4,1.02,4.08,2.65,5.8,16.57,14.04,15.81,36.59,1.1,37.81,22.81,1.12,29.7
140,Gadag,Karnataka,5,2.38,5.85,7.85,12.96,30.06,49.03,65.08,35.93,1.64,37.7,23.33,0.9,29.63
140,Gadag,Karnataka,6,1.86,4.29,5.93,9.46,19.5,74.07,138.68,30.48,2.22,33.74,22.94,0.76,26.71
140,Gadag,Karnataka,7,1.84,4.14,5.72,10.02,18.31,50.36,174.17,28.32,1.39,30.07,22.34,0.6,25.33
140,Gadag,Karnataka,8,1.54,3.61,4.59,7.63,18.52,50.4,173.57,28.08,1.29,29.72,22.01,0.54,25.04
140,Gadag,Karnataka,9,4.05,7.89,13.45,20.72,38.77,79.52,180.11,29.24,1.32,30.96,21.77,0.59,25.51
140,Gadag,Karnataka,10,4.02,10.25,12.45,23.58,47.11,146.14,277.37,30.07,1.35,31.7,21.28,1.03,25.67
140,Gadag,Karnataka,11,0.81,4.64,0.67,2.89,16.81,54.4,283.38,29.64,1.07,30.83,19.23,1.9,24.43
140,Gadag,Karnataka,12,0.15,1.14,0.0,0.12,3.9,11.15,209.7,29.16,1.04,30.36,17.31,1.74,23.24
141,Gajapati,Odisha,1,0.29,2.09,0.03,0.74,8.29,6.17,104.08,26.88,1.55,28.73,15.49,1.98,21.18
141,Gajapati,Odisha,2,1.25,5.44,1.2,6.32,28.74,20.22,33.87,29.94,1.95,32.34,17.77,1.85,23.85
141,Gajapati,Odisha,3,0.62,2.31,1.16,3.97,11.43,28.99,55.0,33.67,1.68,35.61,20.92,1.63,27.3
141,Gajapati,Odisha,4,1.0,3.06,2.6,6.93,16.96,21.61,70.82,35.86,1.36,37.41,23.72,1.4,29.79
141,Gajapati,Odisha,5,1.62,5.64,3.88,8.61,25.46,42.39,92.73,36.63,1.75,38.57,25.69,1.42,31.16
141,Gajapati,Odisha,6,6.69,14.18,21.6,31.82,70.78,113.83,178.58,33.19,2.89,37.11,25.83,1.38,29.51
141,Gajapati,Odisha,7,9.56,16.11,28.99,40.36,78.78,246.45,406.2,30.08,1.56,31.9,24.72,0.89,27.4
141,Gajapati,Odisha,8,9.66,15.61,29.13,40.87,74.4,303.4,674.56,29.77,1.29,31.41,24.48,0.81,27.13
141,Gajapati,Odisha,9,7.24,13.15,20.99,31.02,66.76,252.27,806.62,30.33,1.27,31.87,24.3,0.69,27.31
141,Gajapati,Odisha,10,5.58,14.52,17.84,32.03,81.85,209.12,763.79,29.87,1.38,31.5,22.55,1.49,26.21
141,Gajapati,Odisha,11,1.39,6.25,1.97,8.23,32.79,93.62,552.33,28.14,1.29,29.66,18.75,2.19,23.44
141,Gajapati,Odisha,12,0.07,0.55,0.0,0.02,2.85,9.45,308.42,26.49,1.26,28.04,15.54,1.95,21.01
142,Ganjam,Odisha,1,0.23,1.32,0.04,0.6,7.34,5.57,98.25,28.25,1.62,30.16,16.58,2.05,22.42
142,Ganjam,Odisha,2,1.01,3.91,1.36,6.86,19.81,16.46,32.04,31.4,2.03,34.01,18.93,1.91,25.16
142,Ganjam,Odisha,3,0.71,2.69,1.35,4.09,14.73,27.76,49.52,35.18,1.7,37.18,22.25,1.69,28.71
142,Ganjam,Odisha,4,0.8,2.65,1.94,4.59,13.99,19.78,64.12,37.44,1.36,39.02,25.22,1.4,31.33
142,Ganjam,Odisha,5,1.63,5.86,3.66,7.63,25.7,36.66,84.09,38.09,1.68,39.95,27.22,1.41,32.65
142,Ganjam,Odisha,6,6.49,12.0,20.31,31.5,58.49,113.1,170.04,34.92,2.8,38.68,27.44,1.34,31.18
142,Ganjam,Odisha,7,9.42,14.01,25.32,36.72,70.69,244.19,397.57,31.94,1.54,33.76,26.42,0.87,29.18
142,Ganjam,Odisha,8,10.17,14.08,28.29,39.62,67.14,305.6,673.53,31.65,1.28,33.24,26.21,0.82,28.93
142,Ganjam,Odisha,9,7.45,12.13,21.11,33.54,59.89,265.62,820.23,32.15,1.29,33.67,26.0,0.73,29.07
142,Ganjam,Odisha,10,4.4,11.01,13.71,23.89,58.37,187.27,757.57,31.73,1.4,33.37,24.07,1.55,27.9
142,Ganjam,Odisha,11,1.57,6.93,2.23,9.44,34.98,84.34,533.42,29.91,1.31,31.48,20.09,2.27,25.0
142,Ganjam,Odisha,12,0.13,1.05,0.0,0.03,4.24,12.05,279.26,27.99,1.32,29.54,16.63,1.99,22.31
143,Garhwa,Jharkhand,1,0.42,2.31,0.23,1.27,12.89,8.44,27.84,23.38,2.37,26.38,10.25,2.4,16.81
143,Garhwa,Jharkhand,2,0.67,2.7,0.88,3.77,15.18,16.17,27.12,27.16,2.72,30.74,13.0,2.33,20.08
143,Garhwa,Jharkhand,3,0.43,2.36,0.28,1.91,9.81,18.14,42.35,32.84,2.94,36.42,17.36,2.45,25.1
143,Garhwa,Jharkhand,4,0.28,1.62,0.32,1.15,4.92,8.09,42.35,38.12,2.46,41.07,22.37,2.03,30.24
143,Garhwa,Jharkhand,5,0.5,1.84,0.88,3.11,9.77,11.63,37.56,39.81,2.28,42.53,25.86,1.69,32.84
143,Garhwa,Jharkhand,6,4.31,9.02,13.78,22.2,46.12,51.17,70.94,36.57,3.71,41.52,27.4,1.6,31.98
143,Garhwa,Jharkhand,7,9.38,11.81,26.23,34.35,52.6,229.39,295.17,31.9,1.76,34.1,26.21,1.02,29.06
143,Garhwa,Jharkhand,8,10.61,13.89,29.83,42.36,58.9,311.75,604.07,31.4,1.23,32.92,25.84,0.74,28.62
143,Garhwa,Jharkhand,9,5.84,10.4,17.24,27.13,49.38,250.77,800.6,31.58,1.48,33.33,25.04,1.01,28.31
143,Garhwa,Jharkhand,10,1.54,5.34,3.4,10.1,25.66,101.11,662.04,30.92,1.59,32.91,21.26,2.44,26.09
143,Garhwa,Jharkhand,11,0.17,1.19,0.0,0.14,5.86,18.0,362.66,27.95,1.6,29.94,15.86,2.55,21.91
143,Garhwa,Jharkhand,12,0.12,0.79,0.0,0.23,3.32,3.33,117.87,24.41,1.87,26.44,11.4,2.1,17.9
144,Gariyaband,Chhattisgarh,1,0.47,3.21,0.17,0.68,15.41,6.97,40.41,25.94,1.85,28.24,13.77,2.1,19.85
144,Gariyaband,Chhattisgarh,2,0.66,3.47,0.38,2.25,17.35,18.62,31.49,29.25,2.29,32.14,16.13,1.98,22.69
144,Gariyaband,Chhattisgarh,3,0.63,3.41,0.65,2.44,13.82,20.15,45.27,33.86,2.32,36.74,19.94,1.99,26.9
144,Gariyaband,Chhattisgarh,4,0.84,3.79,0.97,3.42,18.6,21.55,60.27,37.42,2.01,39.79,24.12,1.76,30.77
144,Gariyaband,Chhattisgarh,5,0.87,4.48,1.22,3.99,16.06,23.48,65.22,39.16,2.14,41.68,27.0,1.65,33.08
144,Gariyaband,Chhattisgarh,6,6.33,13.52,19.13,36.13,69.39,85.62,130.84,34.47,3.82,39.78,26.48,1.8,30.47
144,Gariyaband,Chhattisgarh,7,11.46,18.31,36.53,54.92,73.78,285.89,398.57,29.69,1.75,31.91,24.57,0.92,27.13
144,Gariyaband,Chhattisgarh,8,11.62,17.98,35.38,53.0,74.24,364.6,750.48,29.14,1.39,30.92,24.18,0.8,26.66
144,Gariyaband,Chhattisgarh,9,7.07,14.22,22.18,39.99,65.89,293.49,952.38,30.25,1.35,31.86,23.8,0.71,27.03
144,Gariyaband,Chhattisgarh,10,2.1,7.11,4.02,14.37,35.77,124.28,779.29,30.04,1.42,31.82,21.41,1.78,25.73
144,Gariyaband,Chhattisgarh,11,0.56,3.65,0.18,1.21,17.34,27.89,438.37,27.87,1.42,29.58,17.36,2.3,22.61
144,Gariyaband,Chhattisgarh,12,0.1,0.84,0.0,0.08,2.59,7.77,154.67,25.69,1.43,27.46,13.98,2.03,19.84
145,Gautambudhnagar,Uttar Pradesh,1,0.85,5.31,0.62,2.55,19.06,20.47,30.49,20.04,2.73,23.27,7.35,2.28,13.7
145,Gautambudhnagar,Uttar Pradesh,2,0.85,4.03,0.76,3.37,19.33,24.81,49.73,23.45,2.88,27.03,10.37,2.62,16.91
145,Gautambudhnagar,Uttar Pradesh,3,0.58,3.54,0.48,1.7,13.33,23.82,68.65,29.63,3.37,33.93,15.24,2.68,22.44
145,Gautambudhnagar,Uttar Pradesh,4,0.27,2.12,0.12,0.36,7.73,10.3,58.91,36.44,3.19,40.45,20.84,2.76,28.64
145,Gautambudhnagar,Uttar Pradesh,5,0.52,2.78,0.56,1.86,14.01,12.33,45.94,39.69,2.85,42.96,25.29,2.41,32.49
145,Gautambudhnagar,Uttar Pradesh,6,2.08,8.2,4.2,11.73,37.69,28.0,50.62,38.76,3.16,42.72,27.77,1.91,33.26
145,Gautambudhnagar,Uttar Pradesh,7,7.9,19.35,21.98,46.31,97.43,159.22,201.0,34.36,2.53,37.84,27.27,1.45,30.82
145,Gautambudhnagar,Uttar Pradesh,8,8.23,18.57,23.73,41.14,93.65,245.85,441.85,33.0,1.75,35.19,26.58,1.02,29.79
145,Gautambudhnagar,Uttar Pradesh,9,5.15,15.63,13.6,27.77,83.13,226.58,640.56,33.15,1.96,35.39,24.87,1.51,29.01
145,Gautambudhnagar,Uttar Pradesh,10,0.59,4.05,0.34,1.25,15.45,62.18,532.12,32.22,2.1,34.73,19.42,2.58,25.82
145,Gautambudhnagar,Uttar Pradesh,11,0.06,0.68,0.0,0.01,0.67,5.83,288.41,27.48,2.26,30.33,13.83,2.34,20.65
145,Gautambudhnagar,Uttar Pradesh,12,0.34,3.0,0.11,0.4,7.38,4.54,68.25,22.28,2.67,25.29,8.93,2.35,15.6
146,Gazipur,Uttar Pradesh,1,0.46,2.78,0.24,1.36,13.3,10.32,26.37,21.73,2.6,24.7,9.46,2.35,15.6
146,Gazipur,Uttar Pradesh,2,0.64,3.94,0.27,1.94,14.95,15.82,29.43,25.41,2.62,28.77,12.29,2.37,18.85
146,Gazipur,Uttar Pradesh,3,0.56,4.85,0.14,0.7,12.52,19.98,45.81,31.58,2.96,35.19,16.89,2.53,24.23
146,Gazipur,Uttar Pradesh,4,0.39,2.84,0.15,0.79,8.07,10.07,45.9,37.08,2.39,39.94,22.13,2.09,29.6
146,Gazipur,Uttar Pradesh,5,0.6,2.39,0.93,3.32,13.26,14.86,44.61,38.26,2.33,41.23,25.52,1.71,31.89
146,Gazipur,Uttar Pradesh,6,4.33,11.38,12.65,24.49,59.78,54.4,79.45,36.46,3.3,40.82,27.13,1.53,31.8
146,Gazipur,Uttar Pradesh,7,9.58,16.39,29.26,42.08,76.91,241.2,313.25,32.43,1.82,34.71,26.6,1.08,29.52
146,Gazipur,Uttar Pradesh,8,9.4,16.66,28.17,42.67,80.74,275.57,582.82,32.04,1.29,33.62,26.42,0.84,29.23
146,Gazipur,Uttar Pradesh,9,6.99,15.84,22.39,37.47,71.9,262.72,787.46,31.79,1.54,33.64,25.61,1.12,28.7
146,Gazipur,Uttar Pradesh,10,1.31,6.07,1.46,6.71,29.03,113.97,650.21,31.21,1.56,33.17,21.48,2.55,26.34
146,Gazipur,Uttar Pradesh,11,0.17,1.85,0.0,0.12,3.77,13.84,384.7,28.16,1.73,30.32,15.73,2.52,21.95
146,Gazipur,Uttar Pradesh,12,0.12,1.32,0.0,0.12,3.09,3.3,125.51,23.75,2.22,26.13,10.92,2.17,17.34
147,Ghaziabad,Uttar Pradesh,1,0.95,5.9,1.18,3.25,20.66,30.92,49.75,19.7,2.67,22.94,7.17,2.24,13.43
147,Ghaziabad,Uttar Pradesh,2,0.89,3.77,1.48,4.09,19.94,27.39,68.5,22.96,2.84,26.47,10.11,2.57,16.53
147,Ghaziabad,Uttar Pradesh,3,0.68,3.93,0.95,2.98,16.04,25.97,83.98,28.96,3.36,33.26,14.82,2.64,21.89
147,Ghaziabad,Uttar Pradesh,4,0.39,3.26,0.25,1.2,7.26,13.95,67.32,35.72,3.23,39.78,20.28,2.73,28.0
147,Ghaziabad,Uttar Pradesh,5,0.53,2.5,0.59,2.53,13.85,11.92,51.38,39.0,2.89,42.35,24.62,2.41,31.81
147,Ghaziabad,Uttar Pradesh,6,3.06,9.55,8.41,19.17,51.6,40.3,66.07,38.16,3.15,42.09,27.06,1.89,32.61
147,Ghaziabad,Uttar Pradesh,7,8.28,19.53,23.95,40.09,111.02,176.35,230.45,33.92,2.46,37.25,26.76,1.41,30.34
147,Ghaziabad,Uttar Pradesh,8,9.8,23.96,27.31,44.79,113.17,282.28,508.69,32.64,1.75,34.76,26.16,1.01,29.4
147,Ghaziabad,Uttar Pradesh,9,5.49,16.49,16.21,29.26,83.65,257.19,724.59,32.72,1.92,34.89,24.4,1.49,28.56
147,Ghaziabad,Uttar Pradesh,10,0.57,3.24,0.69,2.08,13.0,63.54,600.84,31.7,2.07,34.14,18.98,2.55,25.34
147,Ghaziabad,Uttar Pradesh,11,0.16,2.04,0.0,0.01,1.16,8.37,321.6,27.02,2.21,29.8,13.49,2.28,20.25
147,Ghaziabad,Uttar Pradesh,12,0.76,6.53,0.21,1.05,20.81,10.14,77.34,21.93,2.64,24.86,8.72,2.31,15.32
148,Gir Somnath,Gujarat,1,0.0,0.05,0.0,0.0,0.0,0.06,16.67,27.11,1.63,29.28,15.61,1.6,21.36
148,Gir Somnath,Gujarat,2,0.0,0.02,0.0,0.0,0.0,0.06,1.46,28.94,2.09,31.69,16.99,1.93,22.96
148,Gir Somnath,Gujarat,3,0.01,0.1,0.0,0.0,0.0,0.18,0.3,32.55,2.18,35.26,20.24,1.74,26.4
148,Gir Somnath,Gujarat,4,0.01,0.11,0.0,0.0,0.01,0.1,0.35,34.86,1.62,36.89,23.12,1.38,28.99
148,Gir Somnath,Gujarat,5,0.05,0.74,0.0,0.0,0.25,0.87,1.15,35.29,1.03,36.58,25.98,1.13,30.63
148,Gir Somnath,Gujarat,6,4.88,16.37,11.63,31.44,87.04,57.5,58.49,33.32,1.64,35.28,27.68,0.81,30.5
148,Gir Somnath,Gujarat,7,11.57,28.41,36.55,70.58,136.08,265.18,326.75,30.44,1.27,32.12,26.92,0.79,28.68
148,Gir Somnath,Gujarat,8,4.95,13.91,14.77,28.75,75.74,256.29,593.56,29.56,0.99,30.79,26.06,0.62,27.81
148,Gir Somnath,Gujarat,9,3.39,10.52,9.84,20.46,49.62,113.9,642.1,30.67,1.2,32.17,25.42,0.66,28.05
148,Gir Somnath,Gujarat,10,0.91,5.3,0.34,3.6,26.46,65.16,428.12,33.08,1.41,34.81,23.79,1.48,28.44
148,Gir Somnath,Gujarat,11,0.18,2.15,0.0,0.0,4.03,15.89,192.48,31.41,1.63,33.42,20.73,1.94,26.07
148,Gir Somnath,Gujarat,12,0.0,0.01,0.0,0.0,0.0,1.6,79.98,28.54,1.74,30.59,17.34,1.89,22.94
149,Giridih,Jharkhand,1,0.39,2.19,0.2,1.05,10.42,6.25,30.93,23.02,2.17,25.69,10.67,2.2,16.84
149,Giridih,Jharkhand,2,0.57,2.54,0.52,2.96,13.37,14.04,20.84,26.75,2.59,30.08,13.61,2.23,20.18
149,Giridih,Jharkhand,3,0.41,2.51,0.34,1.13,10.37,14.95,34.87,32.32,2.79,35.74,18.02,2.27,25.17
149,Giridih,Jharkhand,4,0.63,2.2,1.55,4.34,11.81,13.85,42.74,36.76,2.43,39.8,22.24,1.74,29.5
149,Giridih,Jharkhand,5,2.14,6.29,5.91,12.43,32.91,37.52,66.3,36.99,2.48,40.28,24.72,1.62,30.85
149,Giridih,Jharkhand,6,6.59,11.82,22.01,31.08,63.41,114.92,167.21,34.31,3.08,38.6,25.95,1.27,30.13
149,Giridih,Jharkhand,7,11.44,15.3,33.09,45.54,67.09,302.55,459.48,31.09,1.43,32.76,25.45,0.84,28.27
149,Giridih,Jharkhand,8,9.1,12.99,25.83,35.69,61.66,308.59,738.34,30.8,1.11,32.14,25.25,0.7,28.03
149,Giridih,Jharkhand,9,8.11,14.17,24.52,35.31,70.03,250.89,868.22,30.83,1.43,32.49,24.63,0.94,27.73
149,Giridih,Jharkhand,10,2.71,8.27,7.96,16.09,45.13,173.12,729.73,30.26,1.51,32.11,21.37,2.14,25.82
149,Giridih,Jharkhand,11,0.07,0.52,0.0,0.06,2.73,26.1,447.02,27.55,1.48,29.43,16.31,2.34,21.93
149,Giridih,Jharkhand,12,0.05,0.33,0.0,0.01,1.33,1.27,194.36,24.05,1.75,25.97,11.83,1.97,17.94
150,Godda,Jharkhand,1,0.37,2.39,0.04,0.66,13.21,5.78,37.84,23.03,2.06,25.45,11.17,2.0,17.1
150,Godda,Jharkhand,2,0.51,2.77,0.18,1.7,13.13,14.0,21.04,26.65,2.39,29.67,14.01,2.09,20.33
150,Godda,Jharkhand,3,0.5,3.01,0.14,1.47,14.91,15.34,34.71,32.08,2.55,35.26,18.53,2.23,25.31
150,Godda,Jharkhand,4,1.03,3.81,2.07,6.45,23.15,20.94,50.18,35.8,2.37,38.65,22.6,1.74,29.2
150,Godda,Jharkhand,5,3.07,7.47,10.19,16.38,31.79,57.11,93.71,35.29,2.31,38.49,24.9,1.63,30.09
150,Godda,Jharkhand,6,8.17,14.47,25.42,39.12,73.68,153.37,232.87,33.73,2.35,36.92,26.32,1.1,30.03
150,Godda,Jharkhand,7,11.72,15.9,32.76,43.71,73.5,336.84,552.6,31.73,1.25,33.23,26.16,0.8,28.94
150,Godda,Jharkhand,8,9.52,15.14,27.34,41.98,73.45,309.72,811.7,31.72,1.12,33.07,26.13,0.74,28.92
150,Godda,Jharkhand,9,9.23,16.32,27.86,41.91,82.17,271.69,922.43,31.56,1.39,33.19,25.51,0.9,28.53
150,Godda,Jharkhand,10,3.34,10.93,9.58,16.26,65.09,207.0,786.21,30.88,1.5,32.66,22.64,1.98,26.76
150,Godda,Jharkhand,11,0.13,1.18,0.0,0.07,2.38,33.67,509.96,28.17,1.45,30.0,17.47,2.21,22.82
150,Godda,Jharkhand,12,0.06,0.57,0.0,0.0,1.83,1.84,235.88,24.48,1.83,26.56,12.78,1.87,18.63
151,Gomati,Tripura,1,0.62,4.5,0.44,1.15,24.64,12.28,102.68,22.85,1.42,24.57,11.41,1.35,17.13
151,Gomati,Tripura,2,0.68,3.14,1.37,3.68,10.6,19.53,46.07,25.58,1.79,27.73,13.56,1.73,19.57
151,Gomati,Tripura,3,2.68,7.11,8.21,16.06,36.91,37.93,69.69,28.96,1.74,31.12,17.62,1.91,23.29
151,Gomati,Tripura,4,6.95,12.52,22.22,31.36,49.64,155.96,213.95,29.98,1.58,31.88,20.94,1.3,25.46
151,Gomati,Tripura,5,11.43,15.33,31.85,41.52,69.01,280.41,478.19,30.11,1.37,31.81,22.82,1.13,26.47
151,Gomati,Tripura,6,17.97,21.86,42.84,60.39,106.84,451.92,894.66,29.73,1.1,31.13,24.4,0.64,27.07
151,Gomati,Tripura,7,15.25,18.59,37.03,49.49,87.32,505.33,1245.38,29.4,0.96,30.62,24.59,0.54,27.0
151,Gomati,Tripura,8,13.61,16.97,33.02,43.5,71.93,432.98,1396.4,29.69,0.92,30.81,24.56,0.47,27.12
151,Gomati,Tripura,9,11.18,14.5,28.04,37.75,71.34,361.01,1293.79,29.52,1.15,30.94,23.87,0.64,26.69
151,Gomati,Tripura,10,6.16,12.9,19.8,32.67,58.86,276.36,1067.87,28.76,1.27,30.26,21.77,1.47,25.27
151,Gomati,Tripura,11,0.97,4.17,1.5,5.08,20.99,81.5,715.03,26.6,1.28,28.19,17.37,1.87,21.98
151,Gomati,Tripura,12,0.29,1.34,0.51,1.49,7.25,15.99,367.16,23.74,1.3,25.37,13.17,1.56,18.46
152,Gonda,Uttar Pradesh,1,0.99,5.97,0.69,2.67,28.23,27.87,48.3,21.5,2.91,24.72,9.36,2.27,15.43
152,Gonda,Uttar Pradesh,2,0.9,3.87,1.4,4.48,23.06,27.33,61.49,25.16,2.68,28.59,12.35,2.37,18.75
152,Gonda,Uttar Pradesh,3,0.58,3.03,0.73,2.22,15.21,21.43,76.2,31.31,3.04,35.07,16.96,2.59,24.14
152,Gonda,Uttar Pradesh,4,0.32,1.53,0.67,1.66,6.03,12.93,61.41,37.04,2.56,40.12,22.27,2.25,29.66
152,Gonda,Uttar Pradesh,5,1.04,3.07,2.67,6.38,17.34,19.78,53.76,38.49,2.43,41.52,25.79,1.89,32.14
152,Gonda,Uttar Pradesh,6,6.26,14.57,17.44,32.42,69.83,85.87,118.67,37.07,3.35,41.42,27.48,1.53,32.28
152,Gonda,Uttar Pradesh,7,11.56,17.98,32.06,48.58,82.83,301.94,411.73,32.96,2.03,35.41,27.03,1.12,30.0
152,Gonda,Uttar Pradesh,8,11.91,21.39,33.22,52.89,103.77,349.36,751.51,32.53,1.38,34.23,26.84,0.81,29.69
152,Gonda,Uttar Pradesh,9,7.93,18.14,22.89,37.37,90.37,315.19,975.01,32.24,1.66,34.33,25.8,1.14,29.02
152,Gonda,Uttar Pradesh,10,1.52,6.46,3.12,7.98,29.81,125.72,787.28,31.65,1.66,33.65,21.26,2.57,26.45
152,Gonda,Uttar Pradesh,11,0.07,0.46,0.0,0.02,2.48,15.01,448.32,28.22,1.87,30.49,15.58,2.35,21.9
152,Gonda,Uttar Pradesh,12,0.54,5.04,0.2,0.76,11.52,6.39,140.75,23.63,2.48,26.14,10.94,2.12,17.29
153,Gorakhpur,Uttar Pradesh,1,0.56,3.74,0.14,1.17,16.69,13.7,34.77,21.62,2.79,24.66,9.64,2.28,15.63
153,Gorakhpur,Uttar Pradesh,2,0.64,3.43,0.4,2.41,16.65,19.13,36.06,25.2,2.59,28.53,12.58,2.36,18.89
153,Gorakhpur,Uttar Pradesh,3,0.65,4.19,0.21,0.76,20.22,16.34,48.72,31.29,2.95,34.83,17.11,2.59,24.2
153,Gorakhpur,Uttar Pradesh,4,0.75,3.98,0.29,2.58,20.67,19.8,55.05,36.73,2.44,39.69,22.34,2.14,29.53
153,Gorakhpur,Uttar Pradesh,5,1.34,4.45,3.25,8.58,23.96,30.87,67.12,37.77,2.45,40.85,25.64,1.79,31.7
153,Gorakhpur,Uttar Pradesh,6,5.77,13.76,18.83,31.13,76.89,90.74,141.83,36.33,3.23,40.56,27.24,1.51,31.78
153,Gorakhpur,Uttar Pradesh,7,12.55,21.03,43.27,58.96,89.1,307.91,433.1,32.71,1.83,34.84,26.98,1.07,29.85
153,Gorakhpur,Uttar Pradesh,8,10.62,20.24,33.67,56.55,90.57,334.33,746.96,32.46,1.33,34.1,26.86,0.86,29.66
153,Gorakhpur,Uttar Pradesh,9,7.59,17.45,23.13,43.38,95.41,291.77,942.97,32.15,1.59,34.07,25.95,1.14,29.05
153,Gorakhpur,Uttar Pradesh,10,2.07,9.36,1.88,10.13,49.41,138.22,760.49,31.57,1.58,33.55,21.75,2.56,26.66
153,Gorakhpur,Uttar Pradesh,11,0.06,1.14,0.0,0.01,0.43,19.6,443.43,28.41,1.81,30.61,16.02,2.45,22.21
153,Gorakhpur,Uttar Pradesh,12,0.27,2.45,0.0,0.05,6.14,3.61,155.43,23.79,2.41,26.26,11.23,2.15,17.51
154,Gumla,Jharkhand,1,0.64,2.79,0.82,3.36,13.27,11.5,40.3,23.18,2.19,25.99,9.75,2.35,16.47
154,Gumla,Jharkhand,2,0.97,3.75,1.87,5.78,18.8,24.0,36.46,26.57,2.69,30.0,12.6,2.26,19.59
154,Gumla,Jharkhand,3,0.71,2.84,1.4,3.61,15.43,26.14,61.07,31.67,2.84,35.06,16.88,2.3,24.28
154,Gumla,Jharkhand,4,0.76,2.5,2.16,4.69,12.86,18.36,68.39,36.16,2.47,39.15,21.33,1.85,28.75
154,Gumla,Jharkhand,5,0.9,2.2,2.77,4.83,11.65,25.24,69.53,37.41,2.43,40.4,24.13,1.56,30.77
154,Gumla,Jharkhand,6,7.55,13.55,21.36,30.91,70.83,101.13,144.97,33.49,3.82,38.77,24.93,1.49,29.21
154,Gumla,Jharkhand,7,11.58,14.14,29.08,38.82,68.17,316.11,446.93,29.29,1.65,31.36,23.86,0.84,26.57
154,Gumla,Jharkhand,8,11.15,14.28,29.33,39.5,62.99,361.04,793.32,28.9,1.23,30.4,23.52,0.61,26.21
154,Gumla,Jharkhand,9,7.6,11.97,21.14,32.78,61.48,277.73,961.61,29.24,1.4,30.92,22.77,0.87,26.01
154,Gumla,Jharkhand,10,2.72,8.1,7.89,15.01,39.64,146.88,783.01,28.71,1.56,30.71,19.34,2.27,24.03
154,Gumla,Jharkhand,11,0.12,0.67,0.02,0.45,3.23,30.7,449.26,26.14,1.51,28.0,14.48,2.53,20.31
154,Gumla,Jharkhand,12,0.07,0.41,0.0,0.08,2.38,1.93,173.92,23.51,1.61,25.34,10.38,2.04,16.95
155,Guna,Madhya Pradesh,1,0.39,2.52,0.03,0.76,12.48,8.23,26.98,22.85,2.67,26.26,10.03,2.37,16.44
155,Guna,Madhya Pradesh,2,0.18,1.2,0.01,0.41,6.08,8.94,25.31,26.31,3.09,30.31,12.67,2.65,19.49
155,Guna,Madhya Pradesh,3,0.2,1.63,0.0,0.14,4.05,6.57,23.6,32.1,3.21,36.14,17.63,2.69,24.87
155,Guna,Madhya Pradesh,4,0.04,0.38,0.0,0.03,0.61,2.75,18.27,37.48,2.6,40.57,22.9,2.47,30.19
155,Guna,Madhya Pradesh,5,0.21,1.17,0.14,0.68,6.4,3.22,12.47,40.26,2.05,42.8,27.4,1.97,33.83
155,Guna,Madhya Pradesh,6,3.34,9.16,10.07,20.13,46.04,33.36,39.26,37.32,3.47,41.75,27.78,1.98,32.55
155,Guna,Madhya Pradesh,7,10.29,16.25,32.71,43.5,70.53,221.38,260.48,31.18,2.74,34.97,25.39,1.37,28.28
155,Guna,Madhya Pradesh,8,9.68,15.74,27.12,43.78,75.61,324.81,592.17,29.53,1.71,31.77,24.35,0.86,26.94
155,Guna,Madhya Pradesh,9,4.87,11.4,14.87,24.32,59.35,219.42,776.47,31.09,2.04,33.67,23.55,1.09,27.32
155,Guna,Madhya Pradesh,10,0.62,3.86,0.26,2.65,13.3,63.62,604.25,31.73,2.04,34.19,19.87,2.24,25.8
155,Guna,Madhya Pradesh,11,0.31,2.62,0.0,0.01,9.44,10.66,286.3,27.93,2.11,30.48,15.27,2.33,21.6
155,Guna,Madhya Pradesh,12,0.22,2.25,0.0,0.03,5.11,8.14,78.51,24.2,2.3,27.17,11.16,2.25,17.68
156,Guntur,Andhra Pradesh,1,0.06,0.4,0.0,0.14,1.56,3.93,118.34,29.76,1.31,31.33,18.89,1.52,24.32
156,Guntur,Andhra Pradesh,2,0.26,1.93,0.01,0.73,5.82,3.9,24.19,32.42,1.5,34.41,20.47,1.5,26.45
156,Guntur,Andhra Pradesh,3,0.2,1.31,0.04,0.53,5.61,7.08,14.97,35.38,1.5,37.2,22.92,1.55,29.15
156,Guntur,Andhra Pradesh,4,0.4,2.33,0.35,1.57,10.9,8.25,19.27,37.46,1.56,39.4,25.73,1.3,31.59
156,Guntur,Andhra Pradesh,5,1.57,6.06,3.02,8.68,31.56,32.29,47.74,39.2,2.32,42.0,28.11,1.4,33.66
156,Guntur,Andhra Pradesh,6,3.61,7.74,11.76,18.47,38.95,75.06,116.48,36.1,2.84,39.79,27.78,1.43,31.94
156,Guntur,Andhra Pradesh,7,5.85,9.71,17.78,25.86,40.01,139.53,249.12,32.98,2.12,35.54,26.24,1.08,29.61
156,Guntur,Andhra Pradesh,8,5.67,9.31,16.82,24.75,42.15,182.41,402.43,32.11,1.76,34.14,25.81,0.87,28.96
156,Guntur,Andhra Pradesh,9,5.3,9.75,14.54,23.38,51.87,159.29,484.62,32.4,1.55,34.3,25.56,0.71,28.98
156,Guntur,Andhra Pradesh,10,5.23,10.89,15.33,26.27,54.35,166.41,507.9,31.65,1.64,33.48,24.18,1.15,27.92
156,Guntur,Andhra Pradesh,11,1.54,6.0,3.53,7.69,31.65,101.89,427.45,30.22,1.27,31.7,21.55,1.9,25.89
156,Guntur,Andhra Pradesh,12,0.24,1.87,0.02,0.3,7.11,18.15,284.05,29.24,1.14,30.63,19.26,1.64,24.25
157,Gwalior,Madhya Pradesh,1,0.39,2.06,0.08,1.75,10.08,7.46,16.85,21.18,2.73,24.56,8.44,2.39,14.81
157,Gwalior,Madhya Pradesh,2,0.26,1.49,0.04,1.01,7.32,9.84,19.52,25.2,3.09,29.22,11.44,2.73,18.32
157,Gwalior,Madhya Pradesh,3,0.22,1.51,0.06,0.69,5.42,7.83,24.88,31.61,3.3,35.66,16.66,2.76,24.14
157,Gwalior,Madhya Pradesh,4,0.08,0.55,0.01,0.15,2.26,4.0,21.61,37.67,2.88,41.15,22.34,2.66,30.0
157,Gwalior,Madhya Pradesh,5,0.17,0.78,0.24,0.74,3.92,3.54,15.23,40.92,2.3,43.63,27.14,2.25,34.03
157,Gwalior,Madhya Pradesh,6,2.06,5.26,6.37,12.7,25.49,22.26,29.73,39.01,3.33,43.04,28.93,1.93,33.97
157,Gwalior,Madhya Pradesh,7,7.29,11.02,21.93,30.41,48.15,148.18,175.5,33.39,2.74,37.42,26.97,1.51,30.18
157,Gwalior,Madhya Pradesh,8,8.24,12.58,25.14,34.99,55.88,252.73,431.76,31.68,1.68,33.9,25.92,0.93,28.8
157,Gwalior,Madhya Pradesh,9,4.53,10.65,14.42,24.37,53.24,199.64,609.38,32.37,1.96,34.88,24.88,1.22,28.63
157,Gwalior,Madhya Pradesh,10,0.92,4.74,0.23,3.67,26.69,64.82,515.53,32.18,2.11,34.78,20.21,2.41,26.2
157,Gwalior,Madhya Pradesh,11,0.08,0.76,0.0,0.0,2.72,8.19,266.6,27.73,2.27,30.55,14.77,2.42,21.25
157,Gwalior,Madhya Pradesh,12,0.08,0.64,0.0,0.01,2.57,2.21,71.77,22.89,2.47,25.94,10.02,2.35,16.46
158,Hamirpur,Himachal Pradesh,1,2.22,10.36,2.66,10.0,53.13,47.8,79.32,18.33,2.46,21.29,5.06,2.02,11.7
158,Hamirpur,Himachal Pradesh,2,1.94,6.16,5.84,14.37,27.64,63.21,125.49,20.65,3.03,24.47,7.19,2.32,13.92
158,Hamirpur,Himachal Pradesh,3,2.13,6.97,5.8,13.67,36.16,65.92,175.54,25.75,3.62,30.36,11.11,2.59,18.43
158,Hamirpur,Himachal Pradesh,4,1.15,5.81,1.33,5.45,21.95,49.26,178.47,31.7,3.53,36.25,15.86,2.63,23.78
158,Hamirpur,Himachal Pradesh,5,1.33,4.98,2.6,8.3,24.57,37.18,151.85,35.78,3.15,39.53,19.99,2.31,27.88
158,Hamirpur,Himachal Pradesh,6,4.86,12.13,15.08,29.52,62.16,72.94,158.71,35.67,2.91,39.4,23.47,2.07,29.57
158,Hamirpur,Himachal Pradesh,7,14.92,27.9,43.82,63.34,128.38,314.85,427.59,31.62,2.07,34.11,25.11,1.19,28.37
158,Hamirpur,Himachal Pradesh,8,13.27,24.17,37.19,62.1,110.73,457.34,861.44,30.72,1.51,32.4,24.68,1.02,27.7
158,Hamirpur,Himachal Pradesh,9,7.49,22.68,21.31,39.48,101.09,308.45,1096.29,30.74,1.63,32.57,21.85,1.84,26.3
158,Hamirpur,Himachal Pradesh,10,0.54,2.83,0.4,2.68,14.54,90.68,851.05,29.33,2.02,31.75,15.75,2.57,22.54
158,Hamirpur,Himachal Pradesh,11,0.54,3.76,0.17,1.14,16.24,14.72,403.85,24.99,2.09,27.47,10.57,2.04,17.78
158,Hamirpur,Himachal Pradesh,12,0.83,4.57,0.48,3.01,23.44,16.27,115.3,20.57,2.44,23.35,6.56,1.99,13.56
159,Hamirpur,Uttar Pradesh,1,0.58,3.14,0.13,2.34,15.56,12.32,23.11,21.87,2.83,25.43,9.19,2.45,15.53
159,Hamirpur,Uttar Pradesh,2,0.45,2.4,0.18,1.93,10.62,15.46,30.09,25.82,3.05,29.65,12.03,2.6,18.93
159,Hamirpur,Uttar Pradesh,3,0.26,1.76,0.03,0.59,6.95,11.27,38.63,32.28,3.26,36.27,16.96,2.7,24.62
159,Hamirpur,Uttar Pradesh,4,0.05,0.37,0.01,0.13,1.01,3.43,29.94,38.23,2.74,41.47,22.36,2.47,30.3
159,Hamirpur,Uttar Pradesh,5,0.07,0.32,0.14,0.42,1.64,1.82,16.2,40.98,2.17,43.56,26.78,2.06,33.88
159,Hamirpur,Uttar Pradesh,6,2.58,7.73,7.1,14.25,42.45,24.12,29.23,38.67,3.63,42.92,28.5,1.89,33.59
159,Hamirpur,Uttar Pradesh,7,7.51,11.67,22.87,30.53,57.73,164.76,192.67,33.17,2.62,36.89,26.75,1.4,29.96
159,Hamirpur,Uttar Pradesh,8,8.7,13.79,27.03,39.96,61.76,260.05,458.26,31.83,1.59,33.84,25.99,0.91,28.91
159,Hamirpur,Uttar Pradesh,9,5.24,11.18,16.47,30.44,58.58,221.14,654.37,32.27,1.91,34.69,24.99,1.19,28.63
159,Hamirpur,Uttar Pradesh,10,1.21,5.87,0.63,5.52,32.86,79.2,559.23,32.15,1.93,34.48,20.53,2.43,26.34
159,Hamirpur,Uttar Pradesh,11,0.03,0.24,0.0,0.01,0.79,9.77,303.98,28.22,2.08,30.78,15.14,2.4,21.68
159,Hamirpur,Uttar Pradesh,12,0.15,1.08,0.0,0.06,4.68,2.37,87.33,23.63,2.38,26.37,10.58,2.23,17.11
160,Hanumangarh,Rajasthan,1,0.14,0.8,0.13,0.59,2.6,3.68,8.55,19.75,2.53,22.81,6.53,2.31,13.14
160,Hanumangarh,Rajasthan,2,0.57,1.92,1.38,3.29,10.05,10.17,15.23,23.3,3.11,27.37,9.32,2.75,16.31
160,Hanumangarh,Rajasthan,3,0.4,1.63,0.84,2.3,8.19,15.12,28.8,29.31,3.61,33.87,14.34,2.88,21.83
160,Hanumangarh,Rajasthan,4,0.26,1.25,0.44,1.23,5.38,9.94,35.25,35.91,3.48,40.22,20.03,2.95,27.97
160,Hanumangarh,Rajasthan,5,0.5,1.86,1.09,2.47,8.14,9.97,34.77,39.84,2.98,43.19,24.83,2.58,32.34
160,Hanumangarh,Rajasthan,6,1.43,3.77,4.19,8.59,18.29,25.98,45.85,39.39,2.91,43.01,27.89,2.03,33.64
160,Hanumangarh,Rajasthan,7,2.93,5.62,9.83,13.62,27.31,70.5,107.27,35.84,2.52,39.17,27.52,1.46,31.68
160,Hanumangarh,Rajasthan,8,2.52,5.32,7.91,12.75,25.5,85.45,185.0,34.58,1.85,36.86,26.51,1.0,30.54
160,Hanumangarh,Rajasthan,9,1.73,5.13,4.71,10.34,24.49,65.3,223.37,34.47,1.85,36.71,24.39,1.59,29.43
160,Hanumangarh,Rajasthan,10,0.24,1.38,0.37,1.09,4.26,23.41,173.19,32.73,2.24,35.53,18.86,2.52,25.79
160,Hanumangarh,Rajasthan,11,0.04,0.63,0.0,0.01,0.51,3.75,90.78,27.21,2.28,29.96,13.01,2.35,20.11
160,Hanumangarh,Rajasthan,12,0.09,0.62,0.03,0.27,1.91,1.41,27.1,21.82,2.59,24.9,7.97,2.35,14.89
161,Hapur,Uttar Pradesh,1,0.95,5.43,1.16,3.4,22.52,33.68,52.64,19.65,2.65,22.87,7.37,2.17,13.51
161,Hapur,Uttar Pradesh,2,0.99,5.09,1.09,4.28,20.9,28.21,70.46,22.88,2.8,26.34,10.21,2.5,16.55
161,Hapur,Uttar Pradesh,3,1.15,6.47,1.01,3.02,34.41,37.82,99.45,28.89,3.32,33.16,14.87,2.62,21.88
161,Hapur,Uttar Pradesh,4,1.02,8.5,0.27,0.96,36.18,28.56,94.92,35.53,3.18,39.51,20.22,2.69,27.87
161,Hapur,Uttar Pradesh,5,0.69,3.54,0.62,2.56,19.61,22.19,88.41,38.62,2.84,41.9,24.47,2.36,31.54
161,Hapur,Uttar Pradesh,6,4.1,13.56,9.94,21.8,77.71,57.8,108.45,37.73,3.16,41.72,26.81,1.83,32.27
161,Hapur,Uttar Pradesh,7,10.14,21.1,31.06,54.04,101.03,225.1,307.01,33.55,2.4,36.72,26.58,1.36,30.06
161,Hapur,Uttar Pradesh,8,10.64,22.69,31.56,54.64,112.73,321.36,616.22,32.36,1.69,34.41,26.06,0.98,29.21
161,Hapur,Uttar Pradesh,9,5.63,16.6,15.5,30.34,79.51,266.31,822.34,32.36,1.89,34.51,24.39,1.45,28.38
161,Hapur,Uttar Pradesh,10,0.9,4.91,1.28,3.28,19.81,74.25,658.53,31.36,2.02,33.77,19.06,2.54,25.21
161,Hapur,Uttar Pradesh,11,0.08,0.89,0.0,0.05,1.35,10.82,343.36,26.85,2.17,29.57,13.63,2.23,20.24
161,Hapur,Uttar Pradesh,12,0.81,6.48,0.22,0.78,30.5,8.05,88.43,21.87,2.6,24.71,8.93,2.26,15.4
162,Harda,Madhya Pradesh,1,0.43,2.51,0.45,1.27,12.1,9.92,36.73,25.26,2.37,28.3,12.35,2.27,18.8
162,Harda,Madhya Pradesh,2,0.34,1.55,0.49,1.59,8.01,11.9,32.79,28.35,2.7,31.76,14.46,2.35,21.4
162,Harda,Madhya Pradesh,3,0.42,3.57,0.23,0.9,10.96,12.98,34.65,33.5,2.9,37.04,18.74,2.35,26.12
162,Harda,Madhya Pradesh,4,0.05,0.45,0.01,0.13,1.02,5.09,30.02,38.17,2.2,40.8,23.52,2.17,30.84
162,Harda,Madhya Pradesh,5,0.26,1.55,0.33,0.88,5.61,3.08,20.99,40.08,1.82,42.37,27.43,1.59,33.75
162,Harda,Madhya Pradesh,6,4.82,10.96,13.86,23.27,55.3,55.84,63.75,35.55,3.78,40.48,26.87,1.95,31.21
162,Harda,Madhya Pradesh,7,12.78,19.99,35.37,52.86,93.13,275.19,337.49,29.64,2.33,32.67,24.57,1.12,27.11
162,Harda,Madhya Pradesh,8,10.7,16.7,27.98,40.91,93.79,382.22,728.97,28.29,1.63,30.32,23.69,0.78,25.99
162,Harda,Madhya Pradesh,9,7.08,14.39,21.19,32.7,74.97,281.27,950.08,30.15,1.89,32.64,23.1,0.9,26.63
162,Harda,Madhya Pradesh,10,1.0,4.21,2.0,4.79,18.72,93.27,752.06,31.29,1.74,33.47,20.03,2.25,25.66
162,Harda,Madhya Pradesh,11,0.42,2.54,0.35,1.54,8.51,15.92,382.58,28.72,1.71,30.9,15.99,2.35,22.36
162,Harda,Madhya Pradesh,12,0.28,1.97,0.14,0.57,8.35,10.97,114.66,26.01,1.94,28.48,12.8,2.11,19.41
163,Hardoi,Uttar Pradesh,1,1.06,6.44,0.4,2.43,31.98,29.37,47.25,20.97,2.9,24.4,8.57,2.24,14.77
163,Hardoi,Uttar Pradesh,2,0.82,4.04,0.45,2.89,22.35,27.64,62.89,24.55,2.74,28.01,11.62,2.44,18.09
163,Hardoi,Uttar Pradesh,3,0.67,4.75,0.21,1.06,21.93,23.85,80.31,30.7,3.12,34.48,16.35,2.61,23.52
163,Hardoi,Uttar Pradesh,4,0.44,3.13,0.17,0.73,10.27,13.08,64.45,36.86,2.7,40.16,21.7,2.39,29.28
163,Hardoi,Uttar Pradesh,5,0.67,3.37,0.84,3.06,12.4,18.27,54.9,39.02,2.44,41.95,25.58,2.03,32.3
163,Hardoi,Uttar Pradesh,6,4.79,13.82,13.92,30.17,72.15,57.79,89.24,37.61,3.33,41.93,27.48,1.6,32.55
163,Hardoi,Uttar Pradesh,7,10.32,19.49,33.15,48.44,90.99,251.16,330.22,33.22,2.27,36.25,26.86,1.18,30.04
163,Hardoi,Uttar Pradesh,8,9.24,18.18,30.95,47.62,89.26,294.22,615.94,32.38,1.48,34.18,26.54,0.83,29.46
163,Hardoi,Uttar Pradesh,9,6.87,17.05,22.67,34.45,94.09,264.79,818.45,32.32,1.79,34.46,25.23,1.25,28.78
163,Hardoi,Uttar Pradesh,10,1.42,8.01,0.72,4.02,41.61,108.45,663.91,31.8,1.84,33.94,20.29,2.52,26.04
163,Hardoi,Uttar Pradesh,11,0.06,0.9,0.0,0.01,0.53,13.0,380.63,27.9,2.0,30.42,14.78,2.28,21.34
163,Hardoi,Uttar Pradesh,12,0.53,4.01,0.05,0.26,19.81,5.31,121.27,23.14,2.53,25.8,10.14,2.14,16.64
164,Haridwar,Uttarakhand,1,1.56,6.63,2.3,8.33,27.87,34.57,56.5,20.88,2.56,23.95,7.86,2.06,14.37
164,Haridwar,Uttarakhand,2,1.44,5.66,2.83,7.19,32.98,47.81,89.0,23.57,2.88,27.27,10.06,2.32,16.82
164,Haridwar,Uttarakhand,3,1.48,7.41,2.19,5.93,31.86,47.28,128.55,29.13,3.36,33.34,13.97,2.53,21.55
164,Haridwar,Uttarakhand,4,0.55,2.84,0.91,2.24,10.27,25.72,120.8,35.09,3.18,39.08,18.73,2.62,26.91
164,Haridwar,Uttarakhand,5,1.17,3.95,2.67,7.24,18.34,24.53,97.06,37.89,2.9,41.33,22.86,2.28,30.37
164,Haridwar,Uttarakhand,6,3.5,9.17,10.79,17.23,38.44,57.73,107.55,36.77,3.24,40.99,25.6,1.82,31.19
164,Haridwar,Uttarakhand,7,11.87,20.04,31.65,47.66,98.38,231.5,316.08,32.83,2.14,35.53,26.36,1.23,29.6
164,Haridwar,Uttarakhand,8,11.92,18.06,31.7,46.05,82.85,387.24,689.23,32.02,1.59,33.92,25.99,0.92,29.01
164,Haridwar,Uttarakhand,9,6.8,16.41,20.81,32.48,92.85,296.14,927.96,32.06,1.72,34.0,24.07,1.46,28.06
164,Haridwar,Uttarakhand,10,1.08,5.66,1.32,3.54,27.21,90.77,770.1,31.32,1.84,33.34,18.43,2.51,24.87
164,Haridwar,Uttarakhand,11,0.19,2.52,0.14,0.44,2.21,15.18,393.47,27.45,1.96,29.75,13.32,2.01,20.39
164,Haridwar,Uttarakhand,12,0.57,3.14,0.51,1.56,15.6,7.71,108.12,23.05,2.52,25.7,9.33,2.1,16.19
165,Hassan,Karnataka,1,0.05,0.3,0.06,0.15,1.62,3.55,123.9,27.23,0.93,28.44,14.19,1.42,20.71
165,Hassan,Karnataka,2,0.05,0.27,0.06,0.17,0.97,1.33,21.32,29.15,1.08,30.6,15.51,1.4,22.33
165,Hassan,Karnataka,3,0.4,1.88,0.81,1.98,6.75,7.07,12.02,31.18,1.09,32.44,17.7,1.28,24.44
165,Hassan,Karnataka,4,2.06,4.8,5.77,9.88,22.54,32.46,41.06,31.44,1.11,32.74,19.74,0.89,25.59
165,Hassan,Karnataka,5,3.61,6.45,10.26,16.17,32.01,85.11,125.99,29.91,1.58,31.6,20.28,0.77,25.1
165,Hassan,Karnataka,6,5.15,7.34,14.03,19.82,37.35,148.56,268.53,25.51,1.74,27.92,19.83,0.69,22.67
165,Hassan,Karnataka,7,6.51,9.81,15.66,21.63,45.62,160.99,396.43,24.15,1.12,25.75,19.36,0.55,21.75
165,Hassan,Karnataka,8,5.4,7.61,13.62,18.44,33.49,184.22,496.44,24.24,1.12,25.67,19.02,0.54,21.63
165,Hassan,Karnataka,9,4.27,7.03,13.17,20.37,34.71,135.74,482.51,25.55,1.11,27.0,18.84,0.55,22.2
165,Hassan,Karnataka,10,5.96,9.83,17.02,25.75,49.85,168.94,487.43,26.18,1.08,27.45,18.41,0.78,22.29
165,Hassan,Karnataka,11,1.56,4.19,4.54,8.77,22.42,111.54,416.59,25.95,0.99,27.01,16.75,1.54,21.35
165,Hassan,Karnataka,12,0.22,0.93,0.43,1.08,4.42,18.42,297.97,26.09,0.98,27.25,14.84,1.67,20.46
166,Hathras,Uttar Pradesh,1,0.5,2.68,0.05,1.22,15.55,10.36,18.3,20.55,2.73,23.9,7.96,2.28,14.25
166,Hathras,Uttar Pradesh,2,0.51,2.74,0.16,1.44,14.91,15.45,27.11,24.29,2.93,28.0,11.08,2.63,17.68
166,Hathras,Uttar Pradesh,3,0.41,2.5,0.05,1.03,13.24,15.46,40.91,30.74,3.32,34.89,16.16,2.71,23.45
166,Hathras,Uttar Pradesh,4,0.3,1.93,0.02,0.68,9.49,8.38,39.3,37.33,3.0,41.03,21.78,2.7,29.56
166,Hathras,Uttar Pradesh,5,0.4,1.76,0.48,1.97,9.68,11.09,34.78,40.49,2.63,43.52,26.32,2.34,33.41
166,Hathras,Uttar Pradesh,6,1.32,5.02,3.28,8.35,18.43,19.0,38.49,39.23,3.21,43.2,28.53,1.88,33.88
166,Hathras,Uttar Pradesh,7,7.29,14.85,23.23,39.75,70.5,134.29,165.22,34.31,2.59,38.03,27.47,1.43,30.89
166,Hathras,Uttar Pradesh,8,7.44,15.12,23.17,42.18,69.95,228.17,389.18,32.82,1.7,35.0,26.66,0.96,29.74
166,Hathras,Uttar Pradesh,9,4.75,12.47,17.91,31.88,55.13,201.29,572.95,33.16,1.96,35.46,25.2,1.39,29.18
166,Hathras,Uttar Pradesh,10,0.82,4.97,0.0,2.59,23.88,66.55,493.85,32.54,2.11,35.13,19.96,2.55,26.25
166,Hathras,Uttar Pradesh,11,0.04,0.46,0.0,0.0,0.81,7.35,269.96,27.81,2.27,30.67,14.35,2.36,21.08
166,Hathras,Uttar Pradesh,12,0.13,1.31,0.0,0.03,2.73,1.46,71.53,22.63,2.59,25.54,9.48,2.32,16.05
167,Haveri,Karnataka,1,0.0,0.04,0.0,0.0,0.08,2.15,74.38,29.86,1.02,31.2,16.74,1.44,23.3
167,Haveri,Karnataka,2,0.01,0.11,0.0,0.0,0.1,0.18,15.23,31.9,1.2,33.56,17.74,1.37,24.82
167,Haveri,Karnataka,3,0.09,0.6,0.03,0.29,1.94,1.2,3.6,34.41,1.19,35.78,20.0,1.39,27.2
167,Haveri,Karnataka,4,0.97,3.56,2.77,5.43,14.12,13.2,14.61,35.34,1.0,36.46,22.03,1.1,28.68
167,Haveri,Karnataka,5,2.55,6.15,8.08,15.33,29.18,53.07,68.12,34.22,1.58,35.88,22.92,0.88,28.57
167,Haveri,Karnataka,6,3.69,6.98,11.52,16.5,32.15,102.2,170.14,28.87,2.02,31.84,22.76,0.76,25.82
167,Haveri,Karnataka,7,4.33,7.51,13.86,19.28,36.78,114.13,271.21,26.97,1.2,28.56,22.24,0.61,24.61
167,Haveri,Karnataka,8,4.22,8.15,12.23,18.11,40.66,139.87,358.09,26.89,1.18,28.38,21.92,0.57,24.41
167,Haveri,Karnataka,9,4.14,8.64,13.24,23.09,39.88,104.72,359.94,28.18,1.22,29.75,21.68,0.59,24.93
167,Haveri,Karnataka,10,4.04,8.7,14.23,21.63,39.76,151.36,396.45,29.29,1.27,30.84,21.18,0.96,25.23
167,Haveri,Karnataka,11,1.09,5.29,1.31,4.92,23.69,61.68,318.75,29.32,1.01,30.43,19.14,1.84,24.23
167,Haveri,Karnataka,12,0.13,0.95,0.0,0.04,5.04,13.69,224.92,29.13,0.97,30.29,17.28,1.75,23.21
168,Hazaribagh,Jharkhand,1,0.53,2.94,0.35,1.88,12.41,8.13,33.15,22.14,2.17,24.91,10.14,2.26,16.14
168,Hazaribagh,Jharkhand,2,0.66,2.99,0.76,3.49,14.72,19.06,28.65,25.77,2.64,29.06,13.04,2.24,19.4
168,Hazaribagh,Jharkhand,3,0.5,3.01,0.42,1.87,11.58,17.83,44.41,31.33,2.84,34.84,17.44,2.3,24.38
168,Hazaribagh,Jharkhand,4,0.51,2.12,0.84,2.82,10.11,12.67,49.38,36.16,2.42,39.24,21.78,1.79,28.97
168,Hazaribagh,Jharkhand,5,1.3,5.01,3.49,6.78,17.38,25.1,55.45,37.07,2.44,40.25,24.39,1.61,30.73
168,Hazaribagh,Jharkhand,6,6.36,12.16,20.32,32.36,56.42,96.91,135.11,34.01,3.35,38.74,25.61,1.4,29.81
168,Hazaribagh,Jharkhand,7,10.96,14.8,30.2,41.57,73.21,288.19,414.39,30.27,1.5,32.06,24.82,0.88,27.55
168,Hazaribagh,Jharkhand,8,10.42,15.17,31.69,42.85,67.5,330.78,728.9,29.93,1.12,31.32,24.57,0.71,27.25
168,Hazaribagh,Jharkhand,9,7.87,14.07,22.76,36.94,69.8,267.56,893.44,29.98,1.4,31.63,23.89,0.95,26.93
168,Hazaribagh,Jharkhand,10,2.51,8.74,5.96,14.6,49.33,160.27,756.63,29.24,1.53,31.16,20.55,2.2,24.89
168,Hazaribagh,Jharkhand,11,0.15,1.22,0.0,0.19,3.99,25.21,448.18,26.39,1.52,28.33,15.54,2.4,20.96
168,Hazaribagh,Jharkhand,12,0.06,0.41,0.0,0.05,2.22,2.39,182.04,23.03,1.67,24.86,11.16,2.0,17.1
169,Hoshangabad,Madhya Pradesh,1,0.62,2.08,1.67,3.53,9.78,13.29,35.49,24.77,2.41,27.89,11.82,2.3,18.3
169,Hoshangabad,Madhya Pradesh,2,0.47,1.62,1.11,2.57,8.33,15.45,36.17,27.98,2.74,31.37,14.08,2.36,21.03
169,Hoshangabad,Madhya Pradesh,3,0.38,1.97,0.56,1.6,7.64,13.69,42.19,33.21,2.94,36.85,18.42,2.36,25.82
169,Hoshangabad,Madhya Pradesh,4,0.1,0.62,0.09,0.48,2.02,6.14,35.28,38.09,2.26,40.79,23.31,2.18,30.7
169,Hoshangabad,Madhya Pradesh,5,0.3,1.21,0.66,1.45,5.79,3.49,23.06,40.2,1.87,42.58,27.45,1.75,33.82
169,Hoshangabad,Madhya Pradesh,6,5.16,9.26,14.82,22.85,40.93,58.07,67.47,35.84,3.9,40.94,27.19,2.05,31.51
169,Hoshangabad,Madhya Pradesh,7,15.51,18.59,38.66,51.99,81.07,331.75,396.97,29.8,2.4,32.94,24.76,1.17,27.28
169,Hoshangabad,Madhya Pradesh,8,14.04,18.3,38.02,54.33,79.55,474.03,882.76,28.49,1.68,30.63,23.89,0.8,26.19
169,Hoshangabad,Madhya Pradesh,9,8.44,14.13,26.38,37.7,63.31,346.85,1168.12,30.27,1.9,32.62,23.33,0.89,26.8
169,Hoshangabad,Madhya Pradesh,10,1.1,3.55,2.82,6.64,16.5,114.71,930.1,31.16,1.71,33.27,20.19,2.21,25.68
169,Hoshangabad,Madhya Pradesh,11,0.36,1.65,0.56,1.73,8.0,15.36,466.95,28.44,1.75,30.65,15.85,2.32,22.14
169,Hoshangabad,Madhya Pradesh,12,0.17,0.93,0.2,0.74,3.93,7.62,130.79,25.59,1.98,28.14,12.33,2.08,18.96
170,Idukki,Kerala,1,0.94,3.05,2.25,5.1,17.22,47.95,464.06,26.03,0.82,27.01,15.36,1.12,20.7
170,Idukki,Kerala,2,0.78,2.25,2.16,4.49,11.0,21.37,202.71,27.66,0.94,28.83,16.02,1.12,21.84
170,Idukki,Kerala,3,2.29,5.73,7.37,12.67,28.92,44.28,114.8,29.23,1.03,30.29,17.66,1.14,23.45
170,Idukki,Kerala,4,5.26,7.33,14.63,18.51,32.06,113.98,180.51,28.85,1.12,30.12,19.59,0.84,24.22
170,Idukki,Kerala,5,5.99,7.96,15.68,22.5,38.07,173.3,334.68,27.75,1.25,29.03,20.49,0.81,24.12
170,Idukki,Kerala,6,9.58,11.82,25.73,33.96,52.08,238.27,528.93,25.22,1.25,26.77,20.09,0.72,22.66
170,Idukki,Kerala,7,11.09,12.72,27.99,36.09,57.79,304.86,718.61,24.72,1.01,25.99,19.55,0.59,22.13
170,Idukki,Kerala,8,7.94,9.53,20.11,28.23,45.8,288.64,838.4,24.94,0.93,26.0,19.27,0.53,22.1
170,Idukki,Kerala,9,7.71,9.65,20.21,26.59,47.3,231.29,825.38,25.57,0.94,26.69,18.97,0.5,22.27
170,Idukki,Kerala,10,9.33,10.21,22.79,28.13,46.39,248.74,765.37,25.35,1.04,26.64,18.44,0.59,21.89
170,Idukki,Kerala,11,7.82,12.78,21.98,31.81,60.72,285.69,766.13,24.72,1.07,25.88,17.55,0.8,21.13
170,Idukki,Kerala,12,2.62,8.28,6.77,13.5,38.33,140.27,674.45,24.92,0.96,25.93,16.34,1.18,20.63
171,Imphal West,Manipur,1,0.4,2.45,0.09,0.53,12.76,8.03,86.09,20.9,1.86,23.16,9.74,1.56,15.32
171,Imphal West,Manipur,2,1.25,5.91,0.85,9.22,24.04,23.17,40.62,23.23,2.27,26.11,11.95,1.88,17.59
171,Imphal West,Manipur,3,2.35,7.95,6.44,17.91,37.99,46.8,77.74,26.63,2.35,29.66,15.38,1.89,21.01
171,Imphal West,Manipur,4,3.88,9.23,13.91,22.85,45.66,100.73,171.2,28.43,2.26,31.18,18.12,1.5,23.28
171,Imphal West,Manipur,5,6.51,13.68,20.6,33.15,67.3,158.98,308.26,28.92,2.04,31.38,20.71,1.53,24.82
171,Imphal West,Manipur,6,10.73,20.65,34.19,52.26,85.34,250.61,513.13,28.99,1.56,30.99,23.14,0.92,26.07
171,Imphal West,Manipur,7,8.16,15.63,23.06,36.28,69.84,297.4,711.98,28.69,1.44,30.56,23.69,0.71,26.19
171,Imphal West,Manipur,8,7.21,14.16,20.11,34.83,69.75,225.75,777.86,28.9,1.37,30.59,23.78,0.68,26.34
171,Imphal West,Manipur,9,5.68,12.79,18.26,27.7,66.09,194.21,712.65,28.76,1.63,30.79,22.85,0.88,25.8
171,Imphal West,Manipur,10,4.84,13.88,14.7,32.22,66.57,166.77,585.14,27.88,1.75,29.96,20.24,1.72,24.06
171,Imphal West,Manipur,11,0.83,4.0,0.2,4.7,21.42,73.81,433.14,25.15,1.71,27.27,15.46,1.98,20.31
171,Imphal West,Manipur,12,0.1,0.74,0.0,0.08,3.42,10.06,248.28,21.95,1.63,24.08,11.42,1.74,16.69
172,Indore,Madhya Pradesh,1,0.14,1.25,0.01,0.06,2.45,3.33,22.9,24.28,2.42,27.37,11.08,2.21,17.68
172,Indore,Madhya Pradesh,2,0.11,1.28,0.01,0.04,1.87,3.18,12.33,27.21,2.76,30.7,13.25,2.43,20.23
172,Indore,Madhya Pradesh,3,0.1,1.37,0.0,0.03,1.3,3.56,10.05,32.36,2.86,35.84,17.86,2.49,25.11
172,Indore,Madhya Pradesh,4,0.04,0.62,0.0,0.01,0.68,1.75,8.52,36.94,2.23,39.62,22.76,2.14,29.85
172,Indore,Madhya Pradesh,5,0.16,0.84,0.09,0.67,3.89,2.4,7.68,38.97,1.82,41.28,25.85,1.38,32.41
172,Indore,Madhya Pradesh,6,4.51,10.59,13.93,24.8,50.35,55.37,59.5,34.99,3.51,39.67,25.5,1.6,30.24
172,Indore,Madhya Pradesh,7,10.53,20.96,28.72,48.61,110.25,222.04,282.72,29.08,2.38,32.26,23.7,1.07,26.39
172,Indore,Madhya Pradesh,8,9.51,19.13,28.84,47.83,96.2,334.71,625.36,27.55,1.59,29.5,22.82,0.79,25.18
172,Indore,Madhya Pradesh,9,5.26,13.34,15.72,26.64,73.4,223.01,788.73,29.45,1.97,32.12,22.23,0.94,25.84
172,Indore,Madhya Pradesh,10,0.94,4.74,1.1,4.91,17.84,82.08,636.07,30.91,1.79,33.16,19.53,2.13,25.22
172,Indore,Madhya Pradesh,11,0.35,2.64,0.0,0.2,11.96,14.11,312.51,28.09,1.78,30.32,15.62,2.27,21.85
172,Indore,Madhya Pradesh,12,0.07,0.64,0.0,0.01,2.85,5.9,98.03,25.23,1.98,27.68,12.03,2.15,18.63
173,Jabalpur,Madhya Pradesh,1,0.89,4.13,1.13,3.48,19.22,22.46,60.69,23.94,2.46,27.17,11.04,2.43,17.49
173,Jabalpur,Madhya Pradesh,2,1.04,4.51,1.35,5.97,24.29,27.87,65.87,27.39,2.79,31.04,13.6,2.4,20.49
173,Jabalpur,Madhya Pradesh,3,0.87,4.94,0.71,2.43,29.0,32.54,82.44,32.83,3.01,36.47,18.0,2.42,25.42
173,Jabalpur,Madhya Pradesh,4,0.16,0.82,0.27,0.6,3.13,10.45,70.87,37.88,2.36,40.71,22.92,2.14,30.4
173,Jabalpur,Madhya Pradesh,5,0.33,1.91,0.57,1.28,6.62,6.36,48.71,40.33,1.96,42.75,27.0,1.87,33.67
173,Jabalpur,Madhya Pradesh,6,5.69,13.11,16.01,27.73,71.59,59.05,75.39,36.21,4.23,41.46,27.06,2.07,31.64
173,Jabalpur,Madhya Pradesh,7,13.68,19.63,38.7,54.84,91.7,321.16,390.68,30.1,2.38,33.19,24.73,1.13,27.42
173,Jabalpur,Madhya Pradesh,8,13.57,20.09,36.16,57.72,90.27,443.37,841.06,29.02,1.67,31.18,23.98,0.79,26.5
173,Jabalpur,Madhya Pradesh,9,6.85,14.26,18.27,33.3,76.57,306.27,1083.76,30.21,1.87,32.38,23.23,0.99,26.72
173,Jabalpur,Madhya Pradesh,10,1.1,4.11,2.1,5.83,23.07,92.05,837.59,30.68,1.7,32.83,19.78,2.27,25.23
173,Jabalpur,Madhya Pradesh,11,0.73,5.75,0.19,0.89,22.8,23.33,411.41,27.8,1.77,30.04,15.4,2.32,21.6
173,Jabalpur,Madhya Pradesh,12,0.45,3.2,0.2,0.77,15.4,15.28,125.21,24.73,1.97,27.1,11.63,2.12,18.18
174,Jagatsinghpur,Odisha,1,0.2,1.21,0.1,0.51,7.78,4.31,86.54,26.69,1.12,28.02,16.69,1.33,21.69
174,Jagatsinghpur,Odisha,2,0.78,3.39,1.11,3.99,15.24,13.58,27.34,29.35,1.45,31.15,19.5,1.47,24.43
174,Jagatsinghpur,Odisha,3,0.67,2.98,0.91,2.94,17.48,22.92,40.55,32.64,1.2,34.01,23.25,1.27,27.95
174,Jagatsinghpur,Odisha,4,1.02,3.68,2.01,4.95,20.38,21.32,57.93,34.51,0.94,35.64,25.9,0.92,30.21
174,Jagatsinghpur,Odisha,5,2.4,7.14,6.31,12.59,42.14,51.8,96.3,34.77,0.98,35.95,27.38,0.81,31.07
174,Jagatsinghpur,Odisha,6,5.39,10.1,15.27,25.23,44.25,114.54,188.7,32.95,1.59,34.91,27.43,0.66,30.19
174,Jagatsinghpur,Odisha,7,8.33,13.15,22.57,38.16,58.66,204.88,374.3,30.9,0.86,31.99,26.61,0.46,28.75
174,Jagatsinghpur,Odisha,8,10.35,13.45,27.36,37.7,61.33,303.56,630.66,30.63,0.75,31.58,26.3,0.4,28.46
174,Jagatsinghpur,Odisha,9,7.26,11.28,20.01,32.08,54.68,263.58,777.5,30.77,0.81,31.73,26.0,0.43,28.38
174,Jagatsinghpur,Odisha,10,4.21,10.02,12.08,22.32,54.15,168.82,736.18,30.34,0.93,31.4,24.16,1.17,27.25
174,Jagatsinghpur,Odisha,11,1.14,5.33,1.62,5.36,25.88,75.82,503.56,28.72,0.9,29.84,20.37,1.62,24.55
174,Jagatsinghpur,Odisha,12,0.1,0.91,0.0,0.15,2.03,10.75,251.13,26.77,0.93,27.86,16.92,1.27,21.84
175,Jaipur,Rajasthan,1,0.21,1.39,0.04,0.42,8.64,4.79,12.0,21.34,2.57,24.53,7.68,2.33,14.51
175,Jaipur,Rajasthan,2,0.16,0.78,0.09,0.77,4.46,5.1,12.21,24.9,3.17,29.14,10.57,2.8,17.73
175,Jaipur,Rajasthan,3,0.12,0.78,0.07,0.37,2.91,4.97,14.79,31.01,3.46,35.3,15.89,2.85,23.45
175,Jaipur,Rajasthan,4,0.12,0.7,0.1,0.5,2.59,3.36,13.47,36.96,3.06,40.78,21.45,2.81,29.2
175,Jaipur,Rajasthan,5,0.5,1.94,0.98,2.71,10.48,8.85,17.11,40.11,2.58,43.08,26.11,2.46,33.11
175,Jaipur,Rajasthan,6,1.64,4.16,5.53,9.03,18.18,25.84,38.24,38.88,2.83,42.47,28.19,1.87,33.54
175,Jaipur,Rajasthan,7,6.24,10.19,18.0,28.09,49.24,121.15,157.08,34.13,2.67,37.74,26.85,1.48,30.49
175,Jaipur,Rajasthan,8,6.02,9.56,18.7,26.2,44.08,199.72,353.28,32.39,1.79,34.76,25.72,0.97,29.06
175,Jaipur,Rajasthan,9,2.77,6.98,8.98,16.18,37.13,135.8,463.79,33.46,1.98,36.01,24.37,1.32,28.91
175,Jaipur,Rajasthan,10,0.5,2.49,0.18,2.17,13.94,36.93,370.27,33.01,2.25,35.72,19.69,2.44,26.35
175,Jaipur,Rajasthan,11,0.08,0.57,0.0,0.07,2.82,5.57,173.58,28.01,2.39,30.94,14.21,2.42,21.11
175,Jaipur,Rajasthan,12,0.08,0.8,0.0,0.01,2.37,2.3,42.54,23.13,2.54,26.24,9.32,2.4,16.23
176,Jaisalmer,Rajasthan,1,0.03,0.2,0.0,0.06,0.84,0.99,2.69,22.92,2.44,26.17,9.37,2.2,16.14
176,Jaisalmer,Rajasthan,2,0.11,0.76,0.03,0.22,3.22,1.88,3.58,26.36,3.12,30.49,12.07,2.85,19.21
176,Jaisalmer,Rajasthan,3,0.06,0.47,0.05,0.16,1.62,2.88,5.74,32.36,3.31,36.64,17.43,2.85,24.89
176,Jaisalmer,Rajasthan,4,0.14,0.74,0.14,0.44,3.99,3.07,7.84,37.78,2.86,41.42,22.27,2.43,30.02
176,Jaisalmer,Rajasthan,5,0.16,1.14,0.08,0.65,2.83,3.89,9.83,40.9,2.25,43.67,25.52,1.72,33.21
176,Jaisalmer,Rajasthan,6,0.51,1.97,1.09,2.86,8.89,10.02,17.05,39.69,2.35,42.8,26.76,1.37,33.23
176,Jaisalmer,Rajasthan,7,1.98,4.68,6.81,11.22,23.13,36.39,50.52,35.91,2.53,39.03,25.66,1.18,30.78
176,Jaisalmer,Rajasthan,8,1.89,4.93,6.45,11.41,23.96,66.53,115.0,34.19,1.94,36.57,24.45,1.0,29.32
176,Jaisalmer,Rajasthan,9,0.61,2.25,1.15,4.13,10.88,34.2,139.4,34.95,2.07,37.49,23.83,1.23,29.39
176,Jaisalmer,Rajasthan,10,0.04,0.37,0.0,0.01,1.04,6.5,106.46,34.56,2.02,37.0,20.85,2.24,27.71
176,Jaisalmer,Rajasthan,11,0.02,0.36,0.0,0.0,0.14,0.96,40.09,29.55,2.22,32.21,15.49,2.22,22.52
176,Jaisalmer,Rajasthan,12,0.04,0.4,0.0,0.02,0.49,0.7,7.61,24.68,2.43,27.82,10.77,2.22,17.73
177,Jajapur,Odisha,1,0.36,2.14,0.24,0.93,12.8,7.85,71.34,27.35,1.83,29.62,15.46,2.2,21.41
177,Jajapur,Odisha,2,1.21,5.35,1.4,5.32,28.92,21.88,38.55,30.46,2.29,33.38,18.34,2.18,24.4
177,Jajapur,Odisha,3,0.95,3.6,1.33,5.88,21.26,33.08,62.38,34.44,2.02,36.75,22.11,1.8,28.27
177,Jajapur,Odisha,4,1.47,4.48,3.94,8.19,24.55,33.49,88.49,36.82,1.74,38.87,24.93,1.54,30.87
177,Jajapur,Odisha,5,3.3,8.29,10.27,18.0,48.66,71.96,138.71,36.9,1.88,39.16,26.69,1.58,31.79
177,Jajapur,Odisha,6,6.66,12.14,21.43,33.77,59.29,142.35,249.25,34.12,2.73,37.64,27.1,1.36,30.61
177,Jajapur,Odisha,7,8.98,13.42,27.5,39.01,60.62,241.06,459.2,31.59,1.47,33.41,26.44,0.88,29.01
177,Jajapur,Odisha,8,10.6,14.19,30.51,44.21,60.87,313.53,704.67,31.43,1.3,33.07,26.29,0.79,28.86
177,Jajapur,Odisha,9,8.19,13.82,25.24,41.3,64.08,281.71,840.89,31.85,1.41,33.47,26.01,0.78,28.93
177,Jajapur,Odisha,10,3.32,9.17,9.08,19.66,52.56,167.35,762.69,31.49,1.47,33.24,23.99,1.66,27.74
177,Jajapur,Odisha,11,0.85,4.87,0.9,2.67,20.81,56.68,500.91,29.75,1.42,31.5,19.7,2.34,24.73
177,Jajapur,Odisha,12,0.19,1.73,0.07,0.21,3.8,9.84,228.02,27.53,1.49,29.37,15.74,2.01,21.64
178,Jalaun,Uttar Pradesh,1,0.58,3.52,0.2,1.84,17.16,10.95,21.18,21.51,2.85,24.93,8.84,2.41,15.17
178,Jalaun,Uttar Pradesh,2,0.39,2.19,0.07,1.1,9.18,14.9,27.59,25.5,3.03,29.36,11.79,2.63,18.64
178,Jalaun,Uttar Pradesh,3,0.26,1.81,0.01,0.64,7.75,10.26,35.65,32.03,3.28,36.08,16.83,2.72,24.43
178,Jalaun,Uttar Pradesh,4,0.05,0.49,0.0,0.08,0.72,3.88,28.8,38.12,2.79,41.38,22.29,2.5,30.2
178,Jalaun,Uttar Pradesh,5,0.18,0.89,0.24,0.87,4.0,3.42,17.31,40.98,2.25,43.57,26.79,2.12,33.88
178,Jalaun,Uttar Pradesh,6,2.68,8.05,7.24,15.52,43.87,26.44,33.63,38.91,3.51,43.16,28.66,1.85,33.78
178,Jalaun,Uttar Pradesh,7,7.66,12.39,22.75,32.87,60.79,164.68,196.57,33.51,2.62,37.35,26.96,1.39,30.23
178,Jalaun,Uttar Pradesh,8,9.13,14.89,27.98,43.27,69.54,274.0,474.43,32.04,1.59,34.1,26.16,0.89,29.1
178,Jalaun,Uttar Pradesh,9,5.34,12.64,18.21,30.58,65.07,227.12,674.67,32.49,1.94,34.94,25.08,1.22,28.79
178,Jalaun,Uttar Pradesh,10,1.41,7.48,0.38,5.57,42.92,88.29,588.54,32.3,1.99,34.69,20.43,2.43,26.37
178,Jalaun,Uttar Pradesh,11,0.05,0.39,0.0,0.0,1.57,10.21,319.31,28.17,2.13,30.77,15.01,2.38,21.59
178,Jalaun,Uttar Pradesh,12,0.09,0.65,0.0,0.06,2.3,1.69,96.21,23.37,2.44,26.18,10.33,2.26,16.85
179,Jalor,Rajasthan,1,0.03,0.36,0.0,0.0,0.39,0.57,6.19,24.71,2.42,27.84,9.95,2.11,17.33
179,Jalor,Rajasthan,2,0.09,0.93,0.0,0.0,1.94,1.82,3.98,27.71,3.01,31.74,12.42,2.77,20.07
179,Jalor,Rajasthan,3,0.03,0.43,0.0,0.0,0.74,1.91,4.25,33.27,3.09,37.2,17.6,2.8,25.43
179,Jalor,Rajasthan,4,0.05,0.4,0.0,0.09,1.04,1.17,4.87,37.77,2.49,40.87,22.24,2.31,30.01
179,Jalor,Rajasthan,5,0.14,0.76,0.09,0.56,3.1,3.02,6.07,39.8,1.96,42.28,25.65,1.58,32.73
179,Jalor,Rajasthan,6,1.2,3.74,3.85,8.1,18.17,17.02,21.28,37.8,2.47,41.06,26.81,1.33,32.3
179,Jalor,Rajasthan,7,6.94,15.71,25.88,41.41,70.43,120.19,141.05,33.14,2.44,36.21,25.52,1.16,29.33
179,Jalor,Rajasthan,8,5.63,13.07,19.98,34.16,56.41,213.92,358.76,31.21,1.71,33.32,24.54,0.97,27.88
179,Jalor,Rajasthan,9,2.89,8.75,9.12,19.94,41.15,121.4,463.88,32.91,2.09,35.71,23.87,1.21,28.39
179,Jalor,Rajasthan,10,0.22,1.43,0.0,0.32,5.93,34.33,366.62,34.24,1.84,36.44,20.58,2.34,27.41
179,Jalor,Rajasthan,11,0.12,1.15,0.0,0.0,3.68,4.01,155.57,30.27,2.13,32.76,15.52,2.27,22.9
179,Jalor,Rajasthan,12,0.02,0.36,0.0,0.0,0.22,1.66,37.46,26.3,2.28,29.12,11.28,2.19,18.79
180,Jamtara,Jharkhand,1,0.3,1.69,0.05,0.94,8.15,4.93,39.35,23.84,2.11,26.43,11.38,2.17,17.61
180,Jamtara,Jharkhand,2,0.63,3.09,0.37,3.0,15.87,13.8,20.52,27.58,2.57,30.97,14.31,2.23,20.95
180,Jamtara,Jharkhand,3,0.61,3.12,0.52,3.13,12.63,18.58,36.94,33.02,2.7,36.38,18.71,2.3,25.86
180,Jamtara,Jharkhand,4,1.11,3.71,3.03,6.87,21.77,22.64,55.02,36.94,2.39,39.95,22.84,1.75,29.89
180,Jamtara,Jharkhand,5,2.96,7.68,10.05,15.88,33.18,58.12,99.71,36.54,2.4,39.79,25.23,1.67,30.89
180,Jamtara,Jharkhand,6,7.39,12.45,22.97,32.63,63.09,145.35,227.48,34.22,2.78,38.01,26.32,1.21,30.27
180,Jamtara,Jharkhand,7,11.38,15.0,31.99,42.99,67.64,303.74,511.6,31.58,1.35,33.19,25.88,0.82,28.73
180,Jamtara,Jharkhand,8,9.5,14.02,25.82,38.71,67.19,319.99,780.25,31.33,1.12,32.65,25.74,0.7,28.54
180,Jamtara,Jharkhand,9,8.08,13.79,23.09,35.81,67.02,253.9,883.2,31.35,1.43,32.98,25.19,0.89,28.27
180,Jamtara,Jharkhand,10,3.47,10.17,10.83,21.45,57.15,189.91,760.9,30.87,1.51,32.66,22.22,2.06,26.54
180,Jamtara,Jharkhand,11,0.2,1.37,0.0,0.28,6.95,35.25,476.18,28.33,1.48,30.18,17.21,2.32,22.77
180,Jamtara,Jharkhand,12,0.05,0.47,0.0,0.0,1.49,2.52,222.1,24.85,1.73,26.84,12.7,1.96,18.78
181,Janjgir - Champa,Chhattisgarh,1,0.52,2.5,0.43,2.2,13.68,10.84,36.69,25.93,2.11,28.7,12.95,2.35,19.44
181,Janjgir - Champa,Chhattisgarh,2,0.58,2.74,0.47,1.95,15.45,16.98,34.96,29.21,2.59,32.47,15.47,2.22,22.34
181,Janjgir - Champa,Chhattisgarh,3,0.73,4.19,0.81,2.63,19.65,21.81,49.27,34.22,2.76,37.62,19.44,2.18,26.83
181,Janjgir - Champa,Chhattisgarh,4,0.52,2.65,0.42,1.92,12.41,16.24,55.11,38.57,2.33,41.39,23.88,1.91,31.23
181,Janjgir - Champa,Chhattisgarh,5,0.62,2.93,0.76,2.57,14.18,15.46,53.43,40.51,2.26,43.28,27.2,1.71,33.86
181,Janjgir - Champa,Chhattisgarh,6,6.53,14.51,18.33,37.38,72.77,75.47,107.11,36.06,4.09,41.6,27.25,1.81,31.65
181,Janjgir - Champa,Chhattisgarh,7,13.36,17.86,38.64,50.94,76.79,326.25,421.43,30.95,1.86,33.4,25.4,0.91,28.18
181,Janjgir - Champa,Chhattisgarh,8,13.18,18.53,36.87,55.66,85.93,428.65,847.38,30.45,1.44,32.25,25.05,0.76,27.75
181,Janjgir - Champa,Chhattisgarh,9,7.75,14.18,22.84,36.19,69.65,322.44,1088.63,31.23,1.4,32.92,24.61,0.82,27.92
181,Janjgir - Champa,Chhattisgarh,10,1.81,6.87,3.54,7.82,45.21,119.94,867.32,31.08,1.41,32.83,21.6,2.14,26.34
181,Janjgir - Champa,Chhattisgarh,11,0.23,1.88,0.03,0.42,5.41,19.97,453.36,28.89,1.48,30.71,16.87,2.5,22.88
181,Janjgir - Champa,Chhattisgarh,12,0.23,1.7,0.05,0.32,7.68,7.12,140.8,26.34,1.63,28.29,13.09,2.16,19.71
182,Jashpur,Chhattisgarh,1,0.69,3.32,0.64,3.92,14.66,12.05,38.15,23.94,2.2,26.75,10.08,2.38,17.01
182,Jashpur,Chhattisgarh,2,0.97,4.1,1.71,5.65,18.5,24.06,37.32,27.19,2.68,30.59,12.87,2.28,20.03
182,Jashpur,Chhattisgarh,3,0.7,3.31,0.99,3.56,15.31,27.59,63.17,32.16,2.8,35.55,17.08,2.3,24.62
182,Jashpur,Chhattisgarh,4,0.65,2.67,1.05,3.09,15.56,15.99,67.62,36.51,2.44,39.45,21.75,1.94,29.13
182,Jashpur,Chhattisgarh,5,0.69,1.98,2.1,4.41,9.64,21.48,64.76,38.09,2.39,41.13,24.76,1.63,31.43
182,Jashpur,Chhattisgarh,6,7.35,12.8,21.48,34.79,61.03,89.42,127.07,33.97,3.99,39.55,25.35,1.63,29.66
182,Jashpur,Chhattisgarh,7,12.35,14.55,31.31,41.61,62.69,325.76,441.28,29.37,1.73,31.6,23.98,0.88,26.67
182,Jashpur,Chhattisgarh,8,11.88,14.21,30.42,39.21,63.98,383.24,814.58,28.95,1.3,30.58,23.61,0.67,26.28
182,Jashpur,Chhattisgarh,9,7.65,12.33,22.33,31.31,58.24,300.13,1017.14,29.51,1.4,31.18,22.93,0.88,26.22
182,Jashpur,Chhattisgarh,10,2.68,7.71,8.86,15.63,35.1,141.75,822.08,29.29,1.5,31.13,19.41,2.29,24.35
182,Jashpur,Chhattisgarh,11,0.11,0.59,0.01,0.46,2.94,27.99,462.68,26.94,1.5,28.8,14.47,2.56,20.71
182,Jashpur,Chhattisgarh,12,0.05,0.35,0.0,0.05,1.89,1.72,165.89,24.39,1.65,26.26,10.44,2.12,17.41
183,Jaunpur,Uttar Pradesh,1,0.67,4.17,0.12,1.43,19.55,13.44,25.35,21.79,2.75,24.91,9.22,2.39,15.5
183,Jaunpur,Uttar Pradesh,2,0.92,5.34,0.16,1.53,31.66,23.99,39.77,25.52,2.72,29.03,12.15,2.42,18.83
183,Jaunpur,Uttar Pradesh,3,0.67,5.14,0.07,0.42,26.28,27.11,64.01,31.71,3.04,35.36,16.82,2.56,24.26
183,Jaunpur,Uttar Pradesh,4,0.4,2.85,0.05,0.17,15.6,10.91,61.9,37.4,2.5,40.38,22.2,2.21,29.8
183,Jaunpur,Uttar Pradesh,5,0.62,2.99,0.25,2.89,14.74,13.81,51.23,38.97,2.31,41.79,25.79,1.8,32.38
183,Jaunpur,Uttar Pradesh,6,3.92,10.89,10.69,28.45,56.47,51.5,76.29,37.04,3.49,41.56,27.47,1.61,32.25
183,Jaunpur,Uttar Pradesh,7,8.78,15.66,31.44,48.52,63.33,217.12,284.92,32.6,2.03,35.16,26.65,1.14,29.63
183,Jaunpur,Uttar Pradesh,8,7.69,14.94,25.44,43.17,64.66,247.61,526.76,32.04,1.33,33.63,26.37,0.81,29.2
183,Jaunpur,Uttar Pradesh,9,6.28,15.2,20.77,40.82,62.84,223.03,694.92,31.91,1.63,33.9,25.44,1.09,28.67
183,Jaunpur,Uttar Pradesh,10,1.02,5.24,0.53,4.27,27.02,93.53,561.61,31.52,1.62,33.5,21.1,2.6,26.31
183,Jaunpur,Uttar Pradesh,11,0.1,1.66,0.0,0.02,0.58,10.32,322.15,28.25,1.83,30.47,15.36,2.49,21.8
183,Jaunpur,Uttar Pradesh,12,0.13,1.34,0.0,0.07,3.51,2.4,101.22,23.77,2.33,26.2,10.66,2.19,17.21
184,Jhabua,Madhya Pradesh,1,0.13,1.34,0.0,0.0,1.53,2.84,17.67,25.21,2.33,28.14,12.04,2.09,18.63
184,Jhabua,Madhya Pradesh,2,0.03,0.37,0.0,0.0,0.41,2.37,8.74,28.06,2.78,31.62,14.17,2.46,21.11
184,Jhabua,Madhya Pradesh,3,0.06,0.77,0.0,0.0,0.47,1.75,6.95,33.21,2.86,36.79,18.61,2.45,25.91
184,Jhabua,Madhya Pradesh,4,0.01,0.13,0.0,0.0,0.26,0.6,4.76,37.52,2.17,40.2,22.99,1.97,30.25
184,Jhabua,Madhya Pradesh,5,0.25,2.16,0.0,0.28,6.2,4.58,6.91,39.04,1.77,41.19,25.91,1.22,32.48
184,Jhabua,Madhya Pradesh,6,3.83,9.28,14.1,23.09,42.38,46.98,52.27,35.42,3.22,39.65,26.05,1.35,30.73
184,Jhabua,Madhya Pradesh,7,10.58,21.75,30.99,47.28,118.98,212.87,267.07,29.77,2.26,32.78,24.54,1.05,27.15
184,Jhabua,Madhya Pradesh,8,8.73,18.2,24.7,39.68,99.17,324.16,596.74,28.29,1.52,30.13,23.66,0.77,25.98
184,Jhabua,Madhya Pradesh,9,5.78,14.79,18.06,31.36,73.4,219.6,766.42,30.24,1.98,32.97,23.16,0.91,26.7
184,Jhabua,Madhya Pradesh,10,0.92,4.99,0.56,3.52,20.99,86.78,626.53,32.21,1.76,34.36,20.51,2.11,26.36
184,Jhabua,Madhya Pradesh,11,0.21,2.7,0.0,0.01,1.85,11.75,312.47,29.42,1.82,31.72,16.69,2.3,23.06
184,Jhabua,Madhya Pradesh,12,0.08,0.95,0.0,0.0,0.78,3.69,97.55,26.32,2.0,28.72,13.19,2.12,19.76
186,Jhalawar,Rajasthan,1,0.23,1.66,0.01,0.52,7.4,4.94,15.74,23.99,2.67,27.47,10.48,2.33,17.24
186,Jhalawar,Rajasthan,2,0.05,0.37,0.0,0.06,1.06,4.32,13.06,27.34,3.06,31.26,12.97,2.64,20.15
186,Jhalawar,Rajasthan,3,0.11,0.92,0.0,0.1,3.18,2.98,12.16,32.97,3.15,36.88,17.94,2.68,25.45
186,Jhalawar,Rajasthan,4,0.01,0.1,0.0,0.02,0.29,1.32,8.65,38.01,2.52,41.01,23.21,2.46,30.61
186,Jhalawar,Rajasthan,5,0.22,0.96,0.37,1.22,4.54,2.66,6.96,40.61,2.01,43.03,27.52,1.86,34.06
186,Jhalawar,Rajasthan,6,2.78,7.59,7.53,14.97,37.95,30.61,34.57,37.54,3.36,41.97,27.52,1.84,32.53
186,Jhalawar,Rajasthan,7,9.73,16.23,30.16,43.67,72.91,193.82,229.15,31.37,2.73,35.13,25.36,1.26,28.36
186,Jhalawar,Rajasthan,8,10.45,16.82,30.71,46.44,79.19,332.51,568.41,29.57,1.7,31.73,24.39,0.85,26.98
186,Jhalawar,Rajasthan,9,4.24,9.88,13.19,21.45,49.47,223.98,761.71,31.39,2.09,34.08,23.63,1.06,27.51
186,Jhalawar,Rajasthan,10,0.5,2.88,0.29,1.66,10.81,50.92,604.53,32.54,2.01,34.94,20.14,2.25,26.34
186,Jhalawar,Rajasthan,11,0.17,1.21,0.0,0.13,6.3,7.14,273.24,28.9,2.09,31.35,15.61,2.33,22.25
186,Jhalawar,Rajasthan,12,0.09,0.76,0.0,0.02,1.96,3.8,58.5,25.27,2.26,28.09,11.64,2.26,18.46
187,Jhansi,Uttar Pradesh,1,0.46,2.37,0.15,1.71,12.39,10.28,21.36,21.95,2.78,25.55,9.03,2.45,15.49
187,Jhansi,Uttar Pradesh,2,0.41,2.15,0.15,1.73,9.25,12.43,25.96,25.9,3.11,29.89,11.89,2.67,18.9
187,Jhansi,Uttar Pradesh,3,0.32,1.95,0.06,0.75,10.69,11.56,33.98,32.32,3.29,36.38,16.91,2.72,24.62
187,Jhansi,Uttar Pradesh,4,0.07,0.72,0.01,0.08,1.25,4.99,28.9,38.22,2.78,41.55,22.4,2.54,30.31
187,Jhansi,Uttar Pradesh,5,0.15,0.59,0.23,0.78,3.43,2.82,19.14,41.27,2.16,43.87,27.11,2.14,34.19
187,Jhansi,Uttar Pradesh,6,2.87,7.65,8.8,17.2,39.67,29.01,36.64,38.9,3.56,43.18,28.74,1.96,33.82
187,Jhansi,Uttar Pradesh,7,9.07,13.54,26.34,37.23,61.25,189.16,223.21,33.09,2.74,37.08,26.69,1.48,29.89
187,Jhansi,Uttar Pradesh,8,8.8,14.27,25.33,39.33,68.1,292.53,521.58,31.47,1.67,33.6,25.75,0.94,28.61
187,Jhansi,Uttar Pradesh,9,5.47,12.6,17.5,32.93,61.37,224.23,715.56,32.21,1.97,34.72,24.78,1.2,28.5
187,Jhansi,Uttar Pradesh,10,1.1,5.43,0.51,4.47,27.81,79.42,593.71,32.26,2.0,34.71,20.3,2.39,26.28
187,Jhansi,Uttar Pradesh,11,0.08,0.64,0.0,0.05,3.06,9.29,306.82,28.21,2.15,30.85,14.96,2.39,21.58
187,Jhansi,Uttar Pradesh,12,0.14,1.25,0.01,0.07,3.14,3.05,87.5,23.64,2.41,26.55,10.4,2.26,17.02
188,Jharsuguda,Odisha,1,0.46,2.29,0.02,1.23,12.96,8.1,31.99,25.7,2.04,28.31,13.03,2.29,19.37
188,Jharsuguda,Odisha,2,0.6,3.09,0.33,2.96,12.5,15.94,26.2,29.07,2.55,32.32,15.69,2.17,22.38
188,Jharsuguda,Odisha,3,0.45,2.01,0.43,2.86,9.2,17.72,41.36,34.01,2.61,37.26,19.64,2.11,26.83
188,Jharsuguda,Odisha,4,0.42,1.55,0.73,2.56,8.32,9.78,43.47,38.07,2.22,40.76,24.02,1.86,31.04
188,Jharsuguda,Odisha,5,1.17,3.66,3.45,7.74,16.0,22.56,49.96,39.38,2.32,42.24,26.89,1.66,33.14
188,Jharsuguda,Odisha,6,7.21,15.05,20.44,35.8,83.06,101.42,134.13,35.03,3.85,40.37,27.0,1.71,31.01
188,Jharsuguda,Odisha,7,13.55,19.26,35.7,55.6,92.0,337.23,465.87,30.5,1.69,32.73,25.45,0.95,27.97
188,Jharsuguda,Odisha,8,13.73,20.04,38.79,52.35,94.7,436.06,891.1,30.09,1.3,31.7,25.12,0.82,27.61
188,Jharsuguda,Odisha,9,8.42,14.83,25.67,39.84,70.15,340.26,1124.26,30.69,1.32,32.24,24.68,0.81,27.68
188,Jharsuguda,Odisha,10,1.87,5.71,5.27,11.21,29.49,128.02,901.01,30.36,1.42,32.12,21.82,2.06,26.09
188,Jharsuguda,Odisha,11,0.18,1.2,0.0,0.23,5.43,23.27,482.17,28.23,1.49,30.1,17.03,2.51,22.63
188,Jharsuguda,Odisha,12,0.08,0.67,0.0,0.01,2.89,2.66,147.21,25.77,1.55,27.67,13.2,2.11,19.48
189,Jhunjhunun,Rajasthan,1,0.19,1.35,0.0,0.32,5.15,3.93,9.78,20.56,2.63,23.78,6.95,2.41,13.76
189,Jhunjhunun,Rajasthan,2,0.49,2.27,0.29,2.46,12.68,10.06,15.48,24.24,3.2,28.5,9.89,2.81,17.07
189,Jhunjhunun,Rajasthan,3,0.19,0.92,0.19,0.9,4.65,10.59,24.4,30.43,3.58,34.92,15.02,2.85,22.73
189,Jhunjhunun,Rajasthan,4,0.13,0.73,0.1,0.55,2.77,4.59,25.16,36.64,3.31,40.72,20.69,2.88,28.66
189,Jhunjhunun,Rajasthan,5,0.79,2.95,1.22,4.78,16.93,12.52,27.37,40.01,2.89,43.38,25.41,2.63,32.71
189,Jhunjhunun,Rajasthan,6,1.29,4.13,3.54,7.34,23.01,29.35,46.71,39.19,2.91,42.81,28.05,2.0,33.62
189,Jhunjhunun,Rajasthan,7,4.91,9.92,15.03,25.57,46.5,96.35,139.22,35.06,2.66,38.62,27.27,1.54,31.17
189,Jhunjhunun,Rajasthan,8,4.43,9.72,13.28,24.63,46.41,147.31,277.5,33.55,1.93,36.05,26.14,1.04,29.85
189,Jhunjhunun,Rajasthan,9,2.41,6.92,6.77,15.39,34.95,104.87,353.85,34.18,2.02,36.65,24.41,1.49,29.29
189,Jhunjhunun,Rajasthan,10,0.39,2.14,0.0,0.67,11.76,34.53,285.02,33.19,2.29,35.95,19.18,2.56,26.18
189,Jhunjhunun,Rajasthan,11,0.06,0.48,0.0,0.0,1.77,4.83,141.04,27.86,2.42,30.83,13.5,2.39,20.68
189,Jhunjhunun,Rajasthan,12,0.07,0.67,0.0,0.01,1.89,1.54,38.82,22.59,2.64,25.71,8.48,2.46,15.53
190,Jodhpur,Rajasthan,1,0.05,0.44,0.0,0.02,1.1,1.35,4.04,23.04,2.55,26.31,8.92,2.26,15.98
190,Jodhpur,Rajasthan,2,0.14,0.9,0.0,0.13,5.03,2.32,4.1,26.44,3.19,30.73,11.72,2.91,19.08
190,Jodhpur,Rajasthan,3,0.06,0.64,0.0,0.11,1.13,3.75,7.42,32.41,3.35,36.61,17.19,2.92,24.8
190,Jodhpur,Rajasthan,4,0.26,1.61,0.13,0.7,6.56,4.59,10.68,37.67,2.87,41.25,22.28,2.66,29.98
190,Jodhpur,Rajasthan,5,0.35,1.49,0.52,1.82,8.12,8.41,16.74,40.43,2.28,43.2,26.23,1.97,33.33
190,Jodhpur,Rajasthan,6,1.13,4.12,2.45,7.81,20.54,20.99,34.23,38.94,2.43,42.24,27.63,1.53,33.29
190,Jodhpur,Rajasthan,7,4.48,9.32,15.39,25.16,44.82,82.08,112.05,34.79,2.5,37.97,26.26,1.28,30.52
190,Jodhpur,Rajasthan,8,3.16,7.0,10.0,19.34,31.44,126.59,234.34,32.97,1.82,35.25,25.01,1.0,28.99
190,Jodhpur,Rajasthan,9,1.47,4.98,3.55,9.79,21.61,68.57,281.7,34.19,2.05,36.74,24.16,1.25,29.18
190,Jodhpur,Rajasthan,10,0.1,0.71,0.0,0.18,2.31,16.97,209.78,34.22,2.02,36.62,20.55,2.4,27.38
190,Jodhpur,Rajasthan,11,0.05,0.72,0.0,0.0,0.68,2.25,85.33,29.36,2.28,32.02,15.03,2.33,22.19
190,Jodhpur,Rajasthan,12,0.02,0.26,0.0,0.0,0.18,0.46,18.36,24.76,2.46,27.86,10.36,2.28,17.56
191,Junagadh,Gujarat,1,0.0,0.03,0.0,0.0,0.0,0.1,15.02,27.74,1.77,30.07,14.29,1.77,21.01
191,Junagadh,Gujarat,2,0.0,0.02,0.0,0.0,0.04,0.05,1.47,29.83,2.26,32.85,15.58,2.09,22.7
191,Junagadh,Gujarat,3,0.01,0.16,0.0,0.0,0.01,0.28,0.43,33.76,2.36,36.73,18.67,1.8,26.21
191,Junagadh,Gujarat,4,0.01,0.09,0.0,0.0,0.01,0.13,0.47,36.2,1.81,38.47,21.56,1.5,28.88
191,Junagadh,Gujarat,5,0.06,0.78,0.0,0.0,0.32,0.97,1.39,36.38,1.26,38.06,24.77,1.29,30.57
191,Junagadh,Gujarat,6,3.84,13.03,8.84,23.45,69.52,46.52,47.65,34.06,1.81,36.19,27.01,0.87,30.54
191,Junagadh,Gujarat,7,11.18,23.55,39.11,64.98,113.3,239.34,289.37,30.75,1.41,32.6,26.56,0.78,28.65
191,Junagadh,Gujarat,8,5.05,13.53,13.26,30.44,71.5,256.96,556.4,29.79,1.13,31.2,25.71,0.67,27.75
191,Junagadh,Gujarat,9,3.0,8.02,9.58,18.11,39.2,106.38,610.68,31.2,1.38,32.92,24.82,0.8,28.01
191,Junagadh,Gujarat,10,0.92,4.33,0.76,5.01,17.54,58.6,414.96,34.1,1.59,36.07,22.74,1.64,28.42
191,Junagadh,Gujarat,11,0.15,1.54,0.0,0.0,3.71,14.28,176.54,32.35,1.76,34.44,19.55,2.04,25.95
191,Junagadh,Gujarat,12,0.01,0.07,0.0,0.0,0.02,1.46,72.05,29.25,1.86,31.43,16.05,2.02,22.65
192,Kabirdham,Chhattisgarh,1,0.76,4.01,0.41,2.69,20.27,14.46,41.43,25.09,2.26,28.02,11.97,2.4,18.53
192,Kabirdham,Chhattisgarh,2,0.78,3.63,0.48,4.52,20.87,25.48,45.99,28.3,2.67,31.61,14.38,2.29,21.34
192,Kabirdham,Chhattisgarh,3,0.67,3.69,0.59,2.38,20.24,22.24,61.46,33.32,2.87,36.74,18.42,2.31,25.87
192,Kabirdham,Chhattisgarh,4,0.71,4.47,0.39,1.79,20.38,18.02,65.5,37.87,2.38,40.76,23.07,2.07,30.47
192,Kabirdham,Chhattisgarh,5,0.47,2.41,0.48,1.52,12.09,17.36,57.39,40.24,2.16,42.87,26.73,1.85,33.49
192,Kabirdham,Chhattisgarh,6,6.41,14.75,18.79,32.65,81.9,70.15,105.57,35.71,4.24,41.1,26.75,1.98,31.23
192,Kabirdham,Chhattisgarh,7,12.74,17.96,38.39,52.58,76.33,326.7,418.43,30.11,2.07,32.72,24.64,0.98,27.38
192,Kabirdham,Chhattisgarh,8,12.34,19.21,38.5,56.92,86.68,394.69,808.24,29.39,1.58,31.38,24.16,0.78,26.78
192,Kabirdham,Chhattisgarh,9,7.1,14.44,21.58,35.24,74.15,294.3,1025.51,30.47,1.6,32.35,23.64,0.88,27.05
192,Kabirdham,Chhattisgarh,10,1.85,7.34,3.63,10.02,31.62,116.26,801.85,30.47,1.54,32.46,20.34,2.24,25.41
192,Kabirdham,Chhattisgarh,11,0.27,1.71,0.06,0.45,7.55,22.31,424.61,28.08,1.56,30.04,15.81,2.47,21.95
192,Kabirdham,Chhattisgarh,12,0.2,1.34,0.06,0.26,6.42,6.09,139.1,25.58,1.73,27.75,12.2,2.18,18.89
193,Kalaburagi,Karnataka,1,0.03,0.31,0.0,0.02,0.85,1.41,48.42,29.39,1.59,31.28,17.27,1.76,23.33
193,Kalaburagi,Karnataka,2,0.04,0.29,0.0,0.04,1.22,1.09,10.84,32.24,1.69,34.47,19.33,1.58,25.78
193,Kalaburagi,Karnataka,3,0.15,0.79,0.08,0.57,3.69,2.81,5.33,35.75,1.92,38.01,22.64,1.66,29.2
193,Kalaburagi,Karnataka,4,0.72,2.39,1.92,4.14,10.89,12.25,16.21,38.16,1.68,40.03,25.61,1.46,31.88
193,Kalaburagi,Karnataka,5,1.24,3.78,3.34,6.7,18.38,28.67,44.15,38.88,2.0,41.14,26.91,1.31,32.9
193,Kalaburagi,Karnataka,6,3.73,6.92,12.09,16.47,32.18,75.82,117.55,33.66,2.86,37.69,25.09,1.29,29.37
193,Kalaburagi,Karnataka,7,4.41,7.99,12.98,21.67,37.89,120.88,227.06,30.52,1.91,32.88,23.83,0.86,27.17
193,Kalaburagi,Karnataka,8,5.95,10.94,18.84,28.73,54.7,163.14,364.36,29.67,1.6,31.51,23.3,0.66,26.49
193,Kalaburagi,Karnataka,9,5.8,9.53,17.55,26.46,44.34,176.62,462.52,30.43,1.54,32.39,23.17,0.69,26.8
193,Kalaburagi,Karnataka,10,3.0,7.52,10.33,15.62,37.87,141.88,482.65,30.88,1.62,32.77,21.75,1.46,26.32
193,Kalaburagi,Karnataka,11,0.67,3.05,0.78,3.84,16.24,40.35,357.81,29.92,1.37,31.6,18.98,2.19,24.45
193,Kalaburagi,Karnataka,12,0.07,0.57,0.0,0.04,1.94,8.85,187.47,28.9,1.44,30.55,16.89,1.98,22.9
194,Kalahandi,Odisha,1,0.43,2.78,0.02,0.56,10.89,7.85,50.8,27.63,1.69,29.72,15.47,2.06,21.55
194,Kalahandi,Odisha,2,0.67,3.16,0.51,3.05,15.08,15.81,28.14,30.94,2.07,33.58,17.6,1.92,24.27
194,Kalahandi,Odisha,3,0.5,2.4,0.81,2.57,10.59,17.3,40.69,35.05,1.89,37.27,21.13,1.8,28.09
194,Kalahandi,Odisha,4,0.98,3.49,2.42,5.54,14.49,21.16,54.25,37.93,1.61,39.87,24.78,1.53,31.35
194,Kalahandi,Odisha,5,1.34,4.57,3.26,7.27,24.05,34.12,72.78,39.11,1.94,41.34,27.08,1.52,33.1
194,Kalahandi,Odisha,6,7.09,13.96,21.64,34.56,66.56,109.72,165.6,34.71,3.35,39.45,26.93,1.54,30.82
194,Kalahandi,Odisha,7,11.21,17.95,33.16,53.84,80.42,283.09,430.66,30.62,1.63,32.62,25.47,0.93,28.05
194,Kalahandi,Odisha,8,11.48,17.11,34.41,48.6,79.99,365.56,771.8,30.23,1.32,31.93,25.19,0.84,27.71
194,Kalahandi,Odisha,9,7.36,13.67,21.87,35.7,67.6,288.94,944.69,31.22,1.32,32.84,24.83,0.73,28.02
194,Kalahandi,Odisha,10,2.7,8.28,7.11,15.63,40.89,144.29,796.32,30.99,1.44,32.79,22.73,1.56,26.86
194,Kalahandi,Odisha,11,0.67,3.83,0.27,2.73,18.22,39.48,466.2,28.97,1.36,30.61,18.97,2.27,23.97
194,Kalahandi,Odisha,12,0.07,0.6,0.0,0.01,2.14,6.34,184.87,27.13,1.33,28.79,15.67,2.05,21.4
195,Kandhamal,Odisha,1,0.49,2.72,0.1,1.5,15.19,9.48,64.82,25.16,1.72,27.24,13.7,2.13,19.43
195,Kandhamal,Odisha,2,1.13,4.28,1.92,7.93,23.19,21.28,35.1,28.44,2.1,31.09,16.03,1.99,22.24
195,Kandhamal,Odisha,3,0.71,2.61,1.43,4.2,14.95,29.42,59.8,32.59,1.93,34.88,19.35,1.75,25.97
195,Kandhamal,Odisha,4,0.99,2.58,3.51,6.28,12.07,23.39,74.13,35.44,1.58,37.27,22.6,1.53,29.02
195,Kandhamal,Odisha,5,1.42,4.14,3.92,7.42,17.01,37.62,90.29,36.37,1.89,38.49,24.77,1.55,30.57
195,Kandhamal,Odisha,6,7.36,11.78,22.02,34.65,54.7,117.4,178.93,32.24,3.21,36.68,24.9,1.52,28.57
195,Kandhamal,Odisha,7,11.59,15.1,32.88,46.14,65.38,292.06,451.03,28.58,1.58,30.53,23.62,0.97,26.1
195,Kandhamal,Odisha,8,11.46,14.31,30.57,43.45,60.0,361.37,784.44,28.23,1.31,29.89,23.4,0.89,25.81
195,Kandhamal,Odisha,9,7.64,11.43,22.15,30.32,58.07,292.5,952.43,29.01,1.31,30.58,23.11,0.76,26.06
195,Kandhamal,Odisha,10,3.56,8.65,11.32,19.83,45.56,169.57,821.08,28.63,1.45,30.39,21.1,1.6,24.87
195,Kandhamal,Odisha,11,0.72,3.61,0.66,3.53,15.77,53.25,509.58,26.61,1.39,28.3,17.22,2.27,21.91
195,Kandhamal,Odisha,12,0.05,0.35,0.0,0.01,1.52,5.34,222.95,24.73,1.36,26.37,13.85,2.04,19.29
196,Kangra,Himachal Pradesh,1,2.09,5.81,5.39,12.8,29.87,49.29,79.45,17.69,2.23,20.56,7.43,1.87,12.56
196,Kangra,Himachal Pradesh,2,1.95,4.3,6.07,10.08,23.42,61.34,127.22,19.96,2.87,23.69,9.48,2.19,14.72
196,Kangra,Himachal Pradesh,3,2.35,5.21,7.65,13.55,25.63,67.21,177.04,24.99,3.5,29.44,13.35,2.55,19.17
196,Kangra,Himachal Pradesh,4,1.38,4.02,3.54,6.66,20.35,54.62,183.23,30.88,3.46,35.34,17.76,2.44,24.32
196,Kangra,Himachal Pradesh,5,1.82,4.91,4.45,11.01,26.65,49.06,170.83,35.14,3.06,38.76,21.63,2.24,28.39
196,Kangra,Himachal Pradesh,6,4.45,9.23,14.25,22.71,39.89,72.26,175.35,35.77,2.53,38.92,24.92,1.91,30.34
196,Kangra,Himachal Pradesh,7,13.95,16.96,36.07,48.06,79.88,282.81,406.64,32.59,1.92,34.9,26.4,1.17,29.5
196,Kangra,Himachal Pradesh,8,14.11,16.65,36.49,49.23,68.91,467.08,836.9,31.75,1.43,33.36,26.02,1.04,28.89
196,Kangra,Himachal Pradesh,9,7.08,14.44,21.49,34.76,68.65,316.09,1081.36,31.33,1.59,33.1,23.3,1.76,27.31
196,Kangra,Himachal Pradesh,10,0.77,2.34,2.12,4.22,11.02,89.91,868.7,29.23,2.07,31.78,17.75,2.33,23.49
196,Kangra,Himachal Pradesh,11,0.34,1.06,0.99,2.38,4.81,13.59,408.82,24.49,2.16,27.13,13.12,1.8,18.8
196,Kangra,Himachal Pradesh,12,1.03,3.33,2.77,5.79,18.95,17.53,115.15,19.83,2.22,22.42,9.33,1.87,14.58
197,Uttar Bastar Kanker,Chhattisgarh,1,0.41,2.32,0.55,1.29,7.08,7.53,49.21,26.7,1.9,29.03,13.71,2.19,20.21
197,Uttar Bastar Kanker,Chhattisgarh,2,0.47,2.26,0.59,1.94,10.86,14.13,28.42,29.78,2.21,32.59,16.25,2.02,23.02
197,Uttar Bastar Kanker,Chhattisgarh,3,0.69,3.1,1.07,3.47,15.17,18.01,39.3,34.14,2.38,37.02,20.2,2.03,27.17
197,Uttar Bastar Kanker,Chhattisgarh,4,0.83,4.31,1.31,3.49,11.74,22.45,54.69,37.57,2.04,39.97,24.52,1.76,31.05
197,Uttar Bastar Kanker,Chhattisgarh,5,0.62,2.29,1.18,2.49,14.48,20.66,61.43,39.43,2.16,41.96,27.4,1.7,33.42
197,Uttar Bastar Kanker,Chhattisgarh,6,6.1,12.52,17.05,27.75,59.55,80.51,123.63,34.53,4.02,39.97,26.53,1.95,30.53
197,Uttar Bastar Kanker,Chhattisgarh,7,11.82,17.62,32.24,45.91,82.36,283.06,387.54,29.42,1.85,31.77,24.46,0.96,26.94
197,Uttar Bastar Kanker,Chhattisgarh,8,13.97,19.98,37.92,55.38,91.74,411.26,789.83,28.8,1.48,30.65,24.02,0.78,26.41
197,Uttar Bastar Kanker,Chhattisgarh,9,7.38,14.14,20.82,34.49,74.59,333.7,1038.24,30.18,1.46,31.9,23.72,0.68,26.95
197,Uttar Bastar Kanker,Chhattisgarh,10,2.65,7.49,6.64,14.98,32.89,136.52,879.05,30.44,1.45,32.24,21.16,1.88,25.8
197,Uttar Bastar Kanker,Chhattisgarh,11,0.64,3.53,0.52,2.09,19.62,36.44,497.55,28.56,1.42,30.32,16.95,2.46,22.75
197,Uttar Bastar Kanker,Chhattisgarh,12,0.13,1.14,0.09,0.35,2.05,7.61,175.41,26.63,1.47,28.55,13.61,2.18,20.12
198,Kannauj,Uttar Pradesh,1,0.83,5.67,0.15,1.94,19.91,23.91,40.48,20.91,2.88,24.34,8.52,2.3,14.71
198,Kannauj,Uttar Pradesh,2,0.45,2.38,0.12,1.3,13.92,19.13,47.87,24.64,2.84,28.21,11.58,2.53,18.11
198,Kannauj,Uttar Pradesh,3,0.5,3.86,0.07,0.45,12.85,14.13,56.76,30.96,3.19,34.74,16.46,2.68,23.71
198,Kannauj,Uttar Pradesh,4,0.16,1.7,0.02,0.26,2.82,9.79,42.97,37.18,2.75,40.53,21.91,2.46,29.54
198,Kannauj,Uttar Pradesh,5,0.56,3.28,0.39,1.37,17.33,10.53,34.2,39.68,2.39,42.49,26.02,2.08,32.85
198,Kannauj,Uttar Pradesh,6,3.21,10.64,8.48,19.81,58.49,37.6,57.88,38.17,3.34,42.44,27.96,1.7,33.07
198,Kannauj,Uttar Pradesh,7,9.49,20.19,33.72,54.0,101.45,208.22,258.69,33.46,2.39,36.79,26.98,1.25,30.22
198,Kannauj,Uttar Pradesh,8,7.83,17.28,23.99,41.27,87.54,265.82,522.67,32.37,1.51,34.28,26.47,0.85,29.42
198,Kannauj,Uttar Pradesh,9,6.19,16.01,19.85,34.52,80.94,227.77,710.73,32.45,1.85,34.74,25.2,1.27,28.83
198,Kannauj,Uttar Pradesh,10,1.39,8.96,0.25,3.63,35.4,100.11,590.55,32.0,1.93,34.26,20.28,2.49,26.14
198,Kannauj,Uttar Pradesh,11,0.07,1.02,0.0,0.0,0.51,13.12,336.37,27.84,2.08,30.45,14.82,2.32,21.33
198,Kannauj,Uttar Pradesh,12,0.45,4.15,0.0,0.06,10.53,4.56,112.94,22.97,2.5,25.71,10.1,2.2,16.54
199,Kannur,Kerala,1,0.2,0.87,0.39,1.09,3.89,10.12,202.46,30.51,0.62,31.29,19.08,1.05,24.8
199,Kannur,Kerala,2,0.17,0.5,0.51,1.01,2.51,5.22,51.88,31.57,0.73,32.51,20.04,1.09,25.81
199,Kannur,Kerala,3,0.22,0.69,0.58,1.2,3.57,4.54,20.14,32.41,0.66,33.1,22.04,1.07,27.22
199,Kannur,Kerala,4,2.15,3.74,6.15,9.74,18.34,32.94,42.67,31.87,0.72,32.74,23.86,0.62,27.86
199,Kannur,Kerala,5,5.68,8.87,15.11,22.45,41.01,109.39,148.03,30.59,1.12,31.73,24.16,0.56,27.38
199,Kannur,Kerala,6,23.53,29.68,61.86,87.37,147.96,448.52,594.24,27.18,1.22,28.91,23.27,0.52,25.23
199,Kannur,Kerala,7,24.45,26.71,61.89,79.94,122.4,734.84,1305.14,26.37,0.8,27.45,22.55,0.37,24.46
199,Kannur,Kerala,8,19.15,23.43,49.54,68.07,106.63,672.48,1881.82,26.64,0.83,27.68,22.28,0.37,24.46
199,Kannur,Kerala,9,7.76,9.75,20.46,25.93,44.8,381.05,1787.98,27.67,0.8,28.7,22.29,0.39,24.98
199,Kannur,Kerala,10,7.8,10.75,19.67,27.38,48.17,230.02,1273.02,28.44,0.8,29.37,22.04,0.55,25.24
199,Kannur,Kerala,11,2.71,5.49,8.51,13.56,27.26,164.33,764.39,29.06,0.77,29.9,21.02,1.07,25.04
199,Kannur,Kerala,12,0.67,2.21,1.79,3.82,10.16,39.09,430.65,29.71,0.72,30.54,19.59,1.3,24.65
200,Kanpur,Uttar Pradesh,1,0.6,3.34,0.11,2.04,15.89,14.26,24.36,21.37,2.92,24.9,8.88,2.38,15.12
200,Kanpur,Uttar Pradesh,2,0.56,2.8,0.15,2.07,15.32,17.3,33.99,25.17,2.9,28.95,11.87,2.54,18.52
200,Kanpur,Uttar Pradesh,3,0.33,2.35,0.03,0.59,8.59,13.46,44.56,31.49,3.19,35.41,16.7,2.67,24.09
200,Kanpur,Uttar Pradesh,4,0.07,0.53,0.01,0.17,1.47,5.01,35.53,37.53,2.68,40.73,22.05,2.35,29.79
200,Kanpur,Uttar Pradesh,5,0.36,1.8,0.36,1.54,8.21,5.66,23.71,39.83,2.28,42.56,26.07,2.0,32.95
200,Kanpur,Uttar Pradesh,6,2.45,7.13,6.84,16.91,36.26,27.07,37.68,37.99,3.51,42.32,27.92,1.73,32.96
200,Kanpur,Uttar Pradesh,7,7.06,11.92,22.54,35.05,53.71,156.18,190.84,33.18,2.41,36.48,26.81,1.26,29.99
200,Kanpur,Uttar Pradesh,8,7.39,12.54,24.38,36.53,55.37,226.5,418.08,32.17,1.5,34.06,26.34,0.86,29.25
200,Kanpur,Uttar Pradesh,9,4.89,10.9,16.77,24.69,58.62,195.97,586.08,32.31,1.84,34.62,25.22,1.21,28.77
200,Kanpur,Uttar Pradesh,10,1.06,5.55,0.3,2.9,30.77,78.07,499.03,31.96,1.89,34.14,20.59,2.48,26.28
200,Kanpur,Uttar Pradesh,11,0.04,0.31,0.0,0.01,1.28,8.69,277.93,28.03,2.03,30.5,15.12,2.38,21.58
200,Kanpur,Uttar Pradesh,12,0.2,1.48,0.0,0.1,5.28,2.47,85.38,23.35,2.44,26.05,10.44,2.22,16.89
201,Kanpur Dehat,Uttar Pradesh,1,0.65,3.87,0.06,1.83,17.1,14.1,24.19,21.3,2.92,24.75,8.67,2.4,14.98
201,Kanpur Dehat,Uttar Pradesh,2,0.49,2.53,0.13,1.86,13.57,17.26,33.45,25.14,2.94,28.96,11.73,2.6,18.44
201,Kanpur Dehat,Uttar Pradesh,3,0.35,2.81,0.0,0.76,7.64,13.06,43.93,31.54,3.24,35.46,16.71,2.71,24.13
201,Kanpur Dehat,Uttar Pradesh,4,0.04,0.31,0.0,0.09,0.96,4.71,34.81,37.68,2.74,40.95,22.12,2.44,29.9
201,Kanpur Dehat,Uttar Pradesh,5,0.31,1.56,0.28,1.28,8.05,4.82,22.21,40.21,2.3,42.91,26.33,2.07,33.27
201,Kanpur Dehat,Uttar Pradesh,6,2.34,7.59,6.09,14.86,43.24,22.75,32.19,38.39,3.49,42.7,28.22,1.77,33.3
201,Kanpur Dehat,Uttar Pradesh,7,8.01,14.69,25.46,40.89,68.44,171.63,201.16,33.39,2.49,36.85,26.92,1.31,30.16
201,Kanpur Dehat,Uttar Pradesh,8,8.06,14.27,28.5,40.61,62.09,252.9,456.6,32.18,1.53,34.16,26.31,0.87,29.25
201,Kanpur Dehat,Uttar Pradesh,9,5.3,12.39,17.63,30.55,70.42,210.99,644.51,32.38,1.88,34.71,25.17,1.23,28.78
201,Kanpur Dehat,Uttar Pradesh,10,1.18,6.28,0.28,3.48,34.01,84.73,546.88,32.06,1.94,34.32,20.42,2.48,26.24
201,Kanpur Dehat,Uttar Pradesh,11,0.03,0.26,0.0,0.0,0.85,9.19,299.64,28.02,2.09,30.57,14.98,2.38,21.5
201,Kanpur Dehat,Uttar Pradesh,12,0.17,1.35,0.0,0.07,5.22,2.37,92.12,23.25,2.47,26.05,10.24,2.26,16.75
202,Karaikal,Puducherry,1,0.72,2.39,2.18,4.24,12.27,83.9,685.86,27.15,0.37,27.64,23.65,0.34,25.4
202,Karaikal,Puducherry,2,0.25,1.19,0.34,1.36,4.51,10.66,366.43,28.55,0.58,29.32,23.97,0.43,26.26
202,Karaikal,Puducherry,3,0.31,1.35,0.26,2.17,6.21,8.79,106.87,30.58,0.57,31.28,25.28,0.55,27.93
202,Karaikal,Puducherry,4,0.56,1.74,1.71,3.33,7.47,12.19,31.77,32.22,0.48,32.81,27.15,0.44,29.68
202,Karaikal,Puducherry,5,1.23,2.89,4.14,6.53,14.65,30.67,51.92,33.56,0.48,34.16,28.07,0.36,30.81
202,Karaikal,Puducherry,6,0.71,1.52,1.98,3.49,7.43,27.64,71.21,33.61,0.39,34.06,27.91,0.33,30.76
202,Karaikal,Puducherry,7,0.52,1.0,1.53,2.32,4.68,15.12,73.78,33.19,0.41,33.69,27.34,0.34,30.27
202,Karaikal,Puducherry,8,2.17,3.2,6.53,8.45,13.76,41.2,83.12,32.72,0.39,33.2,26.98,0.32,29.85
202,Karaikal,Puducherry,9,2.8,4.29,8.04,10.88,19.4,74.85,131.67,32.13,0.51,32.77,26.55,0.4,29.34
202,Karaikal,Puducherry,10,6.6,8.73,18.17,23.84,36.45,123.97,241.89,30.29,0.75,31.24,25.59,0.38,27.94
202,Karaikal,Puducherry,11,12.21,15.56,33.07,41.92,72.06,323.24,523.97,28.04,0.57,28.81,24.63,0.46,26.33
202,Karaikal,Puducherry,12,6.41,12.74,19.57,30.34,58.88,280.83,733.53,27.04,0.39,27.53,23.97,0.39,25.5
203,Karauli,Rajasthan,1,0.25,1.65,0.02,0.63,7.79,4.98,13.93,21.25,2.62,24.48,8.07,2.35,14.66
203,Karauli,Rajasthan,2,0.1,0.59,0.01,0.28,2.73,5.3,14.02,25.12,3.14,29.24,10.99,2.77,18.06
203,Karauli,Rajasthan,3,0.15,0.96,0.02,0.46,3.97,4.42,14.56,31.47,3.39,35.68,16.25,2.8,23.86
203,Karauli,Rajasthan,4,0.06,0.4,0.02,0.2,1.64,2.54,12.31,37.63,2.97,41.27,21.91,2.75,29.77
203,Karauli,Rajasthan,5,0.32,1.31,0.48,1.83,7.87,5.58,12.53,40.85,2.48,43.71,26.71,2.39,33.78
203,Karauli,Rajasthan,6,1.56,4.5,4.46,8.82,21.47,20.13,28.32,39.26,3.1,43.04,28.79,1.95,34.03
203,Karauli,Rajasthan,7,7.22,11.21,22.56,32.5,48.15,139.37,166.35,33.94,2.76,37.86,27.2,1.53,30.57
203,Karauli,Rajasthan,8,7.76,12.25,23.51,34.21,55.95,239.78,407.24,32.22,1.77,34.53,26.13,0.96,29.18
203,Karauli,Rajasthan,9,3.58,8.72,12.07,20.03,45.66,177.35,565.49,33.18,1.99,35.71,24.87,1.33,29.03
203,Karauli,Rajasthan,10,0.47,2.86,0.17,1.07,12.65,44.02,459.19,32.79,2.24,35.52,20.07,2.43,26.43
203,Karauli,Rajasthan,11,0.16,1.34,0.0,0.01,5.25,5.72,220.89,27.91,2.38,30.84,14.65,2.45,21.28
203,Karauli,Rajasthan,12,0.07,0.72,0.0,0.01,1.53,3.84,50.61,22.98,2.53,26.12,9.82,2.41,16.4
204,Kasaragod,Kerala,1,0.11,0.56,0.21,0.64,1.85,9.12,210.88,30.96,0.64,31.77,20.33,1.16,25.64
204,Kasaragod,Kerala,2,0.14,1.01,0.18,0.45,2.63,3.74,49.48,31.92,0.78,32.95,21.32,1.18,26.62
204,Kasaragod,Kerala,3,0.17,0.81,0.29,0.87,3.2,4.13,17.25,32.86,0.71,33.66,23.4,1.16,28.13
204,Kasaragod,Kerala,4,1.95,5.93,5.03,9.41,27.12,29.7,37.54,32.85,0.75,33.72,25.18,0.75,29.01
204,Kasaragod,Kerala,5,5.74,14.89,15.61,26.59,61.43,96.68,131.55,31.7,1.25,32.97,25.48,0.74,28.59
204,Kasaragod,Kerala,6,28.89,28.36,67.5,85.27,119.52,493.77,623.15,28.07,1.4,30.04,24.37,0.71,26.22
204,Kasaragod,Kerala,7,29.2,23.22,60.09,74.5,106.96,924.67,1531.84,27.1,0.88,28.32,23.61,0.5,25.36
204,Kasaragod,Kerala,8,25.24,21.16,54.14,66.82,88.29,870.25,2324.29,27.28,0.93,28.5,23.28,0.49,25.28
204,Kasaragod,Kerala,9,10.08,14.01,26.14,39.09,64.12,490.78,2285.93,28.35,0.9,29.5,23.38,0.48,25.87
204,Kasaragod,Kerala,10,8.91,14.33,25.17,33.91,61.13,280.97,1630.87,29.29,0.93,30.35,23.32,0.62,26.3
204,Kasaragod,Kerala,11,3.02,8.47,8.71,14.69,46.56,174.06,930.89,29.99,0.8,30.84,22.28,1.2,26.14
204,Kasaragod,Kerala,12,0.62,2.48,1.35,3.42,11.98,39.64,490.4,30.49,0.7,31.3,20.74,1.42,25.62
205,Kasganj,Uttar Pradesh,1,1.1,6.46,0.69,2.47,32.61,29.57,51.35,20.48,2.76,23.85,7.99,2.22,14.23
205,Kasganj,Uttar Pradesh,2,0.86,4.35,0.84,3.54,21.11,29.46,66.92,24.0,2.81,27.4,11.05,2.52,17.52
205,Kasganj,Uttar Pradesh,3,0.63,3.61,0.49,1.9,17.39,25.67,84.14,30.28,3.24,34.36,15.96,2.64,23.12
205,Kasganj,Uttar Pradesh,4,0.52,3.7,0.31,0.79,17.54,12.01,66.99,36.79,2.92,40.44,21.44,2.6,29.12
205,Kasganj,Uttar Pradesh,5,0.58,2.57,0.84,2.59,12.86,17.16,54.57,39.61,2.59,42.57,25.74,2.23,32.68
205,Kasganj,Uttar Pradesh,6,2.91,9.45,7.9,17.45,50.16,37.96,67.2,38.4,3.23,42.47,27.84,1.76,33.12
205,Kasganj,Uttar Pradesh,7,9.64,21.8,28.18,50.54,112.0,204.32,261.27,33.79,2.44,37.18,27.04,1.31,30.42
205,Kasganj,Uttar Pradesh,8,9.05,19.13,25.88,50.01,97.27,283.59,536.81,32.54,1.6,34.56,26.46,0.91,29.5
205,Kasganj,Uttar Pradesh,9,6.0,15.7,17.31,34.49,79.33,243.47,741.34,32.64,1.88,34.84,25.03,1.34,28.83
205,Kasganj,Uttar Pradesh,10,1.21,6.84,0.89,2.86,34.38,93.51,617.53,31.98,1.99,34.33,19.84,2.54,25.91
205,Kasganj,Uttar Pradesh,11,0.19,2.65,0.0,0.0,0.55,14.31,345.32,27.61,2.16,30.27,14.29,2.3,20.95
205,Kasganj,Uttar Pradesh,12,0.55,4.94,0.05,0.49,15.66,7.52,110.57,22.63,2.57,25.42,9.5,2.23,16.07
206,Katni,Madhya Pradesh,1,0.86,4.57,0.73,3.96,19.22,19.58,45.6,23.39,2.58,26.82,10.39,2.54,16.89
206,Katni,Madhya Pradesh,2,1.15,5.32,1.08,6.26,24.78,30.68,60.65,26.97,2.92,30.78,13.08,2.53,20.03
206,Katni,Madhya Pradesh,3,0.85,5.46,0.34,1.58,32.07,33.63,83.29,32.54,3.11,36.36,17.58,2.57,25.06
206,Katni,Madhya Pradesh,4,0.13,0.74,0.12,0.43,3.63,9.13,73.36,37.86,2.54,40.82,22.73,2.34,30.29
206,Katni,Madhya Pradesh,5,0.19,1.1,0.29,0.74,3.91,3.96,45.94,40.58,2.04,43.11,26.94,2.0,33.76
206,Katni,Madhya Pradesh,6,4.96,11.9,13.59,26.92,65.63,46.88,59.48,36.93,4.06,41.84,27.57,2.05,32.25
206,Katni,Madhya Pradesh,7,11.95,17.63,35.53,52.19,74.96,289.79,344.41,31.02,2.45,34.26,25.42,1.27,28.22
206,Katni,Madhya Pradesh,8,12.57,18.34,38.37,55.42,77.56,390.13,742.29,29.88,1.68,32.05,24.66,0.92,27.27
206,Katni,Madhya Pradesh,9,6.79,13.85,20.3,33.9,72.11,295.04,986.38,30.77,1.89,33.07,23.81,1.09,27.29
206,Katni,Madhya Pradesh,10,1.14,5.72,1.23,5.1,23.83,93.74,776.24,30.93,1.82,33.2,20.05,2.44,25.49
206,Katni,Madhya Pradesh,11,0.41,4.08,0.09,0.38,10.02,17.33,396.64,27.66,1.91,30.09,15.24,2.44,21.45
206,Katni,Madhya Pradesh,12,0.36,2.69,0.12,0.47,11.08,10.46,116.27,24.31,2.08,26.82,11.23,2.22,17.77
207,Kaushambi,Uttar Pradesh,1,0.52,2.98,0.07,2.12,11.84,11.35,23.61,21.92,2.84,25.31,9.4,2.52,15.66
207,Kaushambi,Uttar Pradesh,2,0.71,3.43,0.38,3.61,14.48,18.81,33.36,25.8,2.96,29.59,12.22,2.54,19.01
207,Kaushambi,Uttar Pradesh,3,0.33,2.08,0.04,0.71,9.83,16.46,46.15,32.11,3.19,35.96,16.9,2.66,24.51
207,Kaushambi,Uttar Pradesh,4,0.08,0.59,0.01,0.22,1.85,4.13,39.19,38.01,2.63,41.22,22.28,2.36,30.14
207,Kaushambi,Uttar Pradesh,5,0.14,0.75,0.09,0.49,3.53,3.03,23.02,40.23,2.2,42.93,26.42,1.99,33.32
207,Kaushambi,Uttar Pradesh,6,3.22,9.32,10.28,20.55,42.26,31.81,38.87,37.95,3.73,42.62,28.14,1.82,33.05
207,Kaushambi,Uttar Pradesh,7,7.43,13.33,21.36,33.35,68.32,180.34,217.62,32.94,2.38,36.18,26.79,1.31,29.87
207,Kaushambi,Uttar Pradesh,8,7.09,12.91,20.73,33.04,59.18,225.92,447.58,31.93,1.49,33.73,26.26,0.88,29.1
207,Kaushambi,Uttar Pradesh,9,6.61,14.6,19.71,35.74,78.92,225.3,637.87,32.01,1.79,34.25,25.34,1.13,28.67
207,Kaushambi,Uttar Pradesh,10,0.93,4.69,0.37,4.68,23.3,88.59,538.6,31.72,1.8,33.86,20.97,2.59,26.34
207,Kaushambi,Uttar Pradesh,11,0.1,1.16,0.0,0.0,2.35,9.82,319.22,28.07,2.01,30.53,15.32,2.54,21.7
207,Kaushambi,Uttar Pradesh,12,0.16,1.28,0.0,0.04,5.22,3.27,96.37,23.68,2.35,26.25,10.75,2.24,17.22
208,Kendraparha,Odisha,1,0.22,0.86,0.52,1.2,4.33,5.71,87.59,26.73,1.27,28.27,16.05,1.43,21.39
208,Kendraparha,Odisha,2,1.07,3.29,3.33,5.7,13.23,19.05,36.6,29.62,1.64,31.66,18.84,1.56,24.23
208,Kendraparha,Odisha,3,0.79,2.36,2.24,5.27,13.62,26.92,51.28,33.31,1.39,34.91,22.69,1.34,28.0
208,Kendraparha,Odisha,4,1.24,2.92,3.92,6.23,14.36,29.19,75.11,35.44,1.12,36.76,25.47,1.02,30.46
208,Kendraparha,Odisha,5,2.71,5.5,7.86,13.15,29.86,57.68,113.84,35.56,1.14,36.97,27.06,0.92,31.31
208,Kendraparha,Odisha,6,6.09,8.61,17.07,23.92,36.72,128.35,216.34,33.35,1.78,35.62,27.2,0.73,30.28
208,Kendraparha,Odisha,7,8.1,9.47,20.87,27.2,44.86,214.82,404.33,31.13,0.95,32.31,26.41,0.5,28.77
208,Kendraparha,Odisha,8,11.61,12.53,29.84,36.72,53.84,322.31,672.96,30.89,0.84,31.96,26.12,0.43,28.51
208,Kendraparha,Odisha,9,7.35,9.49,21.53,28.13,40.62,282.15,824.28,31.03,0.91,32.11,25.82,0.46,28.43
208,Kendraparha,Odisha,10,4.29,8.25,14.18,21.31,38.73,169.62,775.03,30.55,1.02,31.73,23.96,1.22,27.26
208,Kendraparha,Odisha,11,1.06,3.98,2.42,6.55,17.9,74.23,520.23,28.89,0.98,30.09,20.02,1.72,24.45
208,Kendraparha,Odisha,12,0.22,1.18,0.26,0.8,5.33,12.94,252.45,26.81,1.03,28.04,16.42,1.36,21.61
209,Keonjhar (Kendujhar),Odisha,1,0.44,2.29,0.16,2.36,10.81,7.49,52.96,25.74,1.94,28.18,13.68,2.24,19.71
209,Keonjhar (Kendujhar),Odisha,2,1.04,4.75,1.27,4.68,28.4,22.54,35.16,28.99,2.48,32.15,16.61,2.15,22.8
209,Keonjhar (Kendujhar),Odisha,3,0.8,2.85,1.78,4.87,16.09,26.82,56.22,33.49,2.35,36.2,20.49,1.93,26.99
209,Keonjhar (Kendujhar),Odisha,4,1.45,3.48,5.18,9.21,17.2,31.33,80.55,36.54,2.02,38.94,23.88,1.61,30.21
209,Keonjhar (Kendujhar),Odisha,5,3.06,6.51,9.29,14.76,32.06,69.46,127.88,36.71,2.15,39.36,25.86,1.6,31.29
209,Keonjhar (Kendujhar),Odisha,6,7.26,12.01,20.27,29.93,59.88,143.73,246.01,33.38,3.04,37.37,26.25,1.43,29.82
209,Keonjhar (Kendujhar),Odisha,7,9.09,12.45,24.32,33.11,60.49,249.97,467.19,30.44,1.52,32.37,25.4,0.87,27.92
209,Keonjhar (Kendujhar),Odisha,8,10.44,12.97,26.73,38.93,60.74,315.34,717.64,30.25,1.29,31.85,25.17,0.75,27.71
209,Keonjhar (Kendujhar),Odisha,9,8.52,12.33,24.88,36.06,58.55,286.74,856.02,30.66,1.42,32.29,24.76,0.77,27.71
209,Keonjhar (Kendujhar),Odisha,10,2.72,7.38,7.88,15.03,41.65,160.83,762.88,30.28,1.51,32.18,22.36,1.83,26.32
209,Keonjhar (Kendujhar),Odisha,11,0.56,3.31,0.19,2.12,13.46,41.89,484.53,28.24,1.48,30.12,17.95,2.41,23.09
209,Keonjhar (Kendujhar),Odisha,12,0.09,0.66,0.0,0.1,2.9,5.99,202.09,25.86,1.53,27.76,13.98,2.05,19.92
210,Kheri,Uttar Pradesh,1,1.26,7.33,0.98,2.98,37.08,45.13,75.34,20.91,2.81,24.31,8.76,2.08,14.84
210,Kheri,Uttar Pradesh,2,1.03,5.69,1.07,2.85,23.0,33.95,93.65,24.46,2.68,27.68,11.47,2.29,17.97
210,Kheri,Uttar Pradesh,3,0.95,6.27,0.81,2.03,24.3,30.96,109.57,30.45,3.06,34.15,15.83,2.53,23.14
210,Kheri,Uttar Pradesh,4,0.82,4.98,0.61,2.34,18.0,20.96,85.82,36.46,2.73,39.8,21.0,2.39,28.73
210,Kheri,Uttar Pradesh,5,1.32,5.86,2.03,5.66,22.66,33.81,85.65,38.21,2.53,41.24,24.97,2.04,31.59
210,Kheri,Uttar Pradesh,6,8.02,20.66,21.4,43.3,123.22,106.61,161.67,36.88,3.31,41.28,27.0,1.54,31.94
210,Kheri,Uttar Pradesh,7,12.69,23.73,38.73,64.96,110.69,351.29,496.57,32.79,2.1,35.49,26.83,1.13,29.81
210,Kheri,Uttar Pradesh,8,12.02,23.68,35.92,65.5,111.6,366.51,840.75,32.24,1.46,34.0,26.54,0.82,29.39
210,Kheri,Uttar Pradesh,9,8.41,23.85,18.45,38.39,132.78,317.68,1043.16,31.99,1.73,34.0,25.19,1.2,28.59
210,Kheri,Uttar Pradesh,10,1.32,8.62,0.85,3.39,27.66,137.86,817.78,31.14,1.74,33.21,20.41,2.51,25.78
210,Kheri,Uttar Pradesh,11,0.16,2.89,0.01,0.07,1.58,15.75,464.32,27.56,1.88,29.95,14.91,2.2,21.23
210,Kheri,Uttar Pradesh,12,1.19,8.84,0.15,0.61,46.83,13.98,160.61,23.06,2.48,25.58,10.44,2.04,16.75
211,Khordha,Odisha,1,0.32,1.93,0.01,0.83,10.29,6.53,85.86,26.81,1.64,28.78,16.39,2.06,21.6
211,Khordha,Odisha,2,0.87,3.81,0.87,5.15,19.5,14.65,29.45,29.7,2.01,32.27,19.12,2.0,24.41
211,Khordha,Odisha,3,0.73,3.47,1.28,3.64,19.23,27.36,48.35,33.22,1.67,35.12,22.64,1.67,27.93
211,Khordha,Odisha,4,1.03,4.32,1.67,6.68,21.16,21.9,64.17,35.19,1.4,36.84,25.35,1.39,30.27
211,Khordha,Odisha,5,2.2,7.85,5.42,11.36,40.62,49.89,99.39,35.67,1.64,37.57,27.02,1.42,31.34
211,Khordha,Odisha,6,6.88,13.71,20.83,37.33,66.02,130.06,202.79,33.36,2.54,36.63,27.09,1.36,30.23
211,Khordha,Odisha,7,10.78,18.15,29.97,55.28,89.88,273.67,457.58,30.97,1.44,32.7,26.29,0.9,28.63
211,Khordha,Odisha,8,12.11,18.07,34.01,52.28,83.94,355.98,771.05,30.75,1.25,32.29,26.11,0.83,28.43
211,Khordha,Odisha,9,8.04,14.04,22.94,37.98,68.17,304.92,940.67,31.18,1.28,32.68,25.94,0.77,28.56
211,Khordha,Odisha,10,4.06,11.83,11.29,21.89,62.64,182.19,842.0,30.76,1.38,32.42,24.03,1.56,27.39
211,Khordha,Odisha,11,1.23,6.8,0.45,4.81,31.95,73.0,554.34,28.96,1.35,30.64,20.09,2.19,24.53
211,Khordha,Odisha,12,0.11,0.98,0.0,0.0,2.29,9.87,260.07,26.85,1.36,28.54,16.51,1.92,21.68
212,Khowai,Tripura,1,0.45,3.13,0.09,1.08,14.62,12.01,98.53,22.97,1.64,25.04,11.45,1.6,17.21
212,Khowai,Tripura,2,0.74,3.41,0.96,3.93,16.78,16.81,42.95,25.72,2.07,28.27,13.68,1.99,19.7
212,Khowai,Tripura,3,2.86,8.31,9.21,18.26,43.63,41.88,70.72,29.28,2.17,32.05,17.81,2.22,23.54
212,Khowai,Tripura,4,8.65,15.8,27.99,39.13,70.24,183.47,242.88,30.33,2.07,32.84,21.04,1.61,25.68
212,Khowai,Tripura,5,14.75,22.21,44.13,60.09,103.96,357.09,587.33,30.44,1.76,32.62,22.93,1.38,26.68
212,Khowai,Tripura,6,19.31,27.04,51.54,76.0,121.26,539.57,1088.94,30.28,1.47,32.18,24.55,0.78,27.42
212,Khowai,Tripura,7,14.63,20.7,36.4,51.48,108.47,488.81,1392.58,29.96,1.34,31.6,24.74,0.69,27.35
212,Khowai,Tripura,8,14.06,19.09,35.23,48.11,89.53,440.71,1469.41,30.24,1.21,31.68,24.72,0.58,27.48
212,Khowai,Tripura,9,12.62,19.02,36.68,51.68,84.53,394.72,1317.06,29.98,1.41,31.66,24.02,0.75,27.0
212,Khowai,Tripura,10,6.59,16.52,21.69,37.61,73.65,307.16,1141.37,29.15,1.48,30.95,21.91,1.6,25.53
212,Khowai,Tripura,11,0.87,4.66,0.18,4.0,25.14,78.51,776.95,26.87,1.43,28.7,17.4,2.02,22.14
212,Khowai,Tripura,12,0.4,2.68,0.06,1.36,10.66,15.33,393.18,23.91,1.5,25.78,13.18,1.71,18.55
213,Khunti,Jharkhand,1,0.57,2.37,0.75,3.54,13.1,9.57,45.98,23.72,2.15,26.57,10.64,2.31,17.18
213,Khunti,Jharkhand,2,0.94,4.13,1.3,5.29,20.54,23.31,35.15,27.14,2.72,30.59,13.54,2.23,20.34
213,Khunti,Jharkhand,3,0.69,2.75,1.18,3.63,15.34,25.6,57.99,32.34,2.8,35.72,17.77,2.24,25.05
213,Khunti,Jharkhand,4,0.94,3.24,2.12,6.14,17.59,20.75,69.56,36.67,2.44,39.67,21.98,1.77,29.33
213,Khunti,Jharkhand,5,1.49,4.51,5.05,8.49,18.22,35.26,81.54,37.4,2.46,40.39,24.58,1.59,30.99
213,Khunti,Jharkhand,6,7.98,14.23,21.82,33.37,74.16,122.16,178.74,33.64,3.56,38.55,25.32,1.42,29.48
213,Khunti,Jharkhand,7,12.05,14.8,31.5,41.35,67.62,323.35,485.28,29.88,1.57,31.76,24.4,0.8,27.14
213,Khunti,Jharkhand,8,11.43,14.62,30.94,42.86,66.35,369.92,830.06,29.55,1.22,31.08,24.13,0.63,26.84
213,Khunti,Jharkhand,9,8.46,13.69,23.91,39.37,63.58,300.93,1000.8,29.82,1.42,31.51,23.48,0.83,26.65
213,Khunti,Jharkhand,10,2.72,8.82,6.92,16.21,51.09,157.48,825.6,29.3,1.53,31.22,20.2,2.18,24.75
213,Khunti,Jharkhand,11,0.32,2.11,0.01,0.58,10.24,36.3,488.68,26.8,1.51,28.69,15.39,2.5,21.09
213,Khunti,Jharkhand,12,0.09,0.6,0.0,0.04,3.08,3.72,191.06,24.07,1.58,25.9,11.27,2.02,17.67
214,Ganganagar,Rajasthan,1,0.14,0.63,0.27,0.7,2.36,3.29,5.86,19.97,2.44,23.08,6.54,2.23,13.25
214,Ganganagar,Rajasthan,2,0.28,1.0,0.69,1.61,5.25,6.02,10.38,23.4,3.09,27.49,9.32,2.72,16.36
214,Ganganagar,Rajasthan,3,0.32,1.28,0.64,1.78,6.76,9.1,18.39,29.41,3.59,33.97,14.45,2.89,21.93
214,Ganganagar,Rajasthan,4,0.16,0.69,0.29,0.77,3.35,7.19,22.37,35.93,3.5,40.37,20.05,2.89,27.99
214,Ganganagar,Rajasthan,5,0.26,0.95,0.58,1.45,5.0,5.42,21.64,40.01,2.91,43.28,24.83,2.47,32.42
214,Ganganagar,Rajasthan,6,0.82,2.21,2.44,5.27,10.67,14.75,27.24,39.67,2.76,43.18,27.94,1.95,33.8
214,Ganganagar,Rajasthan,7,2.06,4.02,7.01,10.59,18.65,43.97,64.63,36.27,2.51,39.57,27.57,1.43,31.92
214,Ganganagar,Rajasthan,8,1.64,3.57,5.4,9.29,17.18,60.54,121.44,35.04,1.86,37.44,26.54,0.99,30.79
214,Ganganagar,Rajasthan,9,1.03,3.35,2.49,5.97,16.18,41.17,147.34,34.86,1.82,37.06,24.45,1.56,29.66
214,Ganganagar,Rajasthan,10,0.12,0.73,0.13,0.33,2.52,12.58,113.49,33.0,2.22,35.71,18.92,2.47,25.96
214,Ganganagar,Rajasthan,11,0.02,0.28,0.0,0.0,0.31,1.67,54.21,27.42,2.31,30.19,13.03,2.31,20.23
214,Ganganagar,Rajasthan,12,0.06,0.52,0.02,0.21,1.01,1.15,14.54,21.99,2.54,25.14,7.99,2.3,14.99
215,East Jaintia Hills,Meghalaya,1,0.38,1.82,0.48,1.61,9.15,10.86,97.37,19.42,1.8,21.61,9.65,1.54,14.54
215,East Jaintia Hills,Meghalaya,2,1.44,6.35,2.46,8.12,26.35,21.09,46.33,21.69,2.13,24.37,11.88,1.91,16.78
215,East Jaintia Hills,Meghalaya,3,4.24,12.63,13.29,23.27,58.98,73.27,105.46,24.8,2.19,27.56,15.65,2.01,20.22
215,East Jaintia Hills,Meghalaya,4,10.75,23.91,31.36,48.8,101.45,232.65,328.49,26.06,2.07,28.6,18.73,1.55,22.39
215,East Jaintia Hills,Meghalaya,5,14.4,24.52,40.41,64.94,113.32,372.69,684.67,27.01,1.87,29.28,21.03,1.48,24.02
215,East Jaintia Hills,Meghalaya,6,20.78,31.16,51.91,76.32,124.22,550.81,1163.86,27.72,1.47,29.63,23.04,0.93,25.38
215,East Jaintia Hills,Meghalaya,7,18.87,25.1,50.41,67.38,121.13,592.94,1522.72,27.72,1.42,29.57,23.4,0.77,25.56
215,East Jaintia Hills,Meghalaya,8,15.43,21.72,40.42,54.1,95.99,523.5,1673.55,28.05,1.35,29.71,23.47,0.71,25.76
215,East Jaintia Hills,Meghalaya,9,13.4,20.7,39.37,56.81,94.79,433.27,1545.18,27.66,1.58,29.71,22.68,0.93,25.17
215,East Jaintia Hills,Meghalaya,10,6.68,16.51,22.9,37.71,78.45,315.64,1267.87,26.72,1.68,28.79,20.01,1.76,23.36
215,East Jaintia Hills,Meghalaya,11,0.86,5.42,0.56,2.63,18.63,78.61,822.82,24.08,1.67,26.16,15.31,1.93,19.69
215,East Jaintia Hills,Meghalaya,12,0.26,1.43,0.14,0.71,8.4,14.8,400.78,20.81,1.66,22.96,11.29,1.7,16.05
216,Kodagu,Karnataka,1,0.16,0.6,0.4,1.04,3.31,9.46,178.94,27.12,0.81,28.18,14.24,1.37,20.68
216,Kodagu,Karnataka,2,0.15,0.59,0.38,0.8,2.62,4.28,43.51,28.74,0.97,30.05,15.23,1.38,21.99
216,Kodagu,Karnataka,3,0.55,1.85,1.53,2.88,8.7,10.01,23.97,30.22,0.94,31.25,17.4,1.36,23.81
216,Kodagu,Karnataka,4,2.67,4.81,7.34,11.49,23.39,45.03,59.52,29.86,1.03,31.08,19.63,0.91,24.75
216,Kodagu,Karnataka,5,4.56,6.98,12.04,17.08,34.38,108.62,165.3,28.34,1.48,29.82,20.3,0.81,24.32
216,Kodagu,Karnataka,6,14.31,17.83,35.83,46.76,81.44,291.18,447.83,24.27,1.66,26.61,19.64,0.76,21.96
216,Kodagu,Karnataka,7,15.54,15.58,36.13,47.08,67.19,445.65,852.02,23.2,1.08,24.68,18.99,0.6,21.1
216,Kodagu,Karnataka,8,13.82,15.38,34.81,44.78,68.37,464.83,1216.55,23.46,1.11,24.86,18.65,0.58,21.05
216,Kodagu,Karnataka,9,7.23,9.84,19.29,25.76,44.01,291.44,1203.69,24.77,1.07,26.16,18.57,0.56,21.67
216,Kodagu,Karnataka,10,7.47,10.06,19.59,26.31,47.39,226.27,977.89,25.65,1.05,26.86,18.15,0.75,21.9
216,Kodagu,Karnataka,11,2.17,5.3,6.38,11.3,27.4,147.77,659.55,25.79,0.93,26.77,16.8,1.41,21.3
216,Kodagu,Karnataka,12,0.61,2.04,1.7,3.52,9.5,31.74,403.01,26.06,0.86,27.1,15.05,1.65,20.55
217,Kodarma,Jharkhand,1,0.37,2.31,0.19,1.09,11.12,6.75,29.4,22.21,2.21,24.91,10.15,2.23,16.18
217,Kodarma,Jharkhand,2,0.51,2.83,0.21,1.77,13.76,12.64,20.4,25.9,2.58,29.25,13.0,2.23,19.45
217,Kodarma,Jharkhand,3,0.4,3.17,0.07,0.88,9.51,14.23,33.3,31.57,2.81,35.01,17.49,2.33,24.53
217,Kodarma,Jharkhand,4,0.49,2.31,0.38,2.44,12.88,11.63,38.44,36.32,2.4,39.32,21.99,1.82,29.16
217,Kodarma,Jharkhand,5,1.26,4.78,3.04,7.24,21.89,23.03,48.79,37.05,2.47,40.36,24.69,1.65,30.87
217,Kodarma,Jharkhand,6,6.1,12.77,20.69,32.41,66.09,93.09,128.2,34.43,3.22,38.98,25.97,1.38,30.2
217,Kodarma,Jharkhand,7,11.3,16.82,33.47,46.41,73.54,297.94,418.15,30.79,1.49,32.53,25.27,0.9,28.03
217,Kodarma,Jharkhand,8,9.13,13.84,30.11,38.62,63.17,298.87,703.05,30.49,1.12,31.84,25.04,0.75,27.77
217,Kodarma,Jharkhand,9,7.55,13.79,24.63,38.23,66.04,248.6,852.05,30.45,1.41,32.12,24.4,0.99,27.42
217,Kodarma,Jharkhand,10,2.39,8.47,4.99,17.31,46.91,155.33,699.69,29.73,1.52,31.63,21.0,2.2,25.36
217,Kodarma,Jharkhand,11,0.08,0.68,0.0,0.02,2.13,23.37,423.53,26.9,1.51,28.81,15.88,2.35,21.39
217,Kodarma,Jharkhand,12,0.07,0.53,0.0,0.03,2.14,1.57,174.59,23.34,1.75,25.24,11.39,2.01,17.37
218,Kolar,Karnataka,1,0.08,0.78,0.0,0.06,1.76,11.35,138.83,27.75,1.3,29.37,15.78,1.61,21.77
218,Kolar,Karnataka,2,0.08,0.66,0.0,0.04,2.58,1.95,43.66,30.59,1.61,32.62,17.15,1.76,23.87
218,Kolar,Karnataka,3,0.37,1.67,0.27,2.41,7.96,6.64,20.35,33.52,1.6,35.44,19.58,1.76,26.55
218,Kolar,Karnataka,4,1.36,4.43,3.48,7.99,24.39,23.61,32.37,34.98,1.48,36.61,22.21,1.14,28.59
218,Kolar,Karnataka,5,2.35,5.65,8.08,13.35,26.87,57.59,88.76,34.43,1.82,36.41,23.36,0.94,28.9
218,Kolar,Karnataka,6,3.13,7.8,9.62,19.51,40.93,97.51,180.22,31.03,1.71,32.94,22.71,0.78,26.87
218,Kolar,Karnataka,7,3.62,8.56,12.15,20.76,45.97,87.7,243.59,29.66,1.51,31.56,22.12,0.68,25.89
218,Kolar,Karnataka,8,4.39,9.8,13.29,26.25,46.84,119.06,305.15,29.14,1.3,30.7,21.64,0.58,25.39
218,Kolar,Karnataka,9,5.09,9.66,17.5,26.31,48.6,145.5,353.22,29.48,1.33,31.18,21.27,0.57,25.38
218,Kolar,Karnataka,10,5.66,10.78,17.66,28.72,51.19,168.59,434.31,28.56,1.5,30.23,20.42,0.87,24.49
218,Kolar,Karnataka,11,1.59,3.99,5.4,8.81,19.21,104.75,419.96,26.98,1.47,28.58,18.48,1.66,22.73
218,Kolar,Karnataka,12,0.85,3.48,1.42,5.93,16.01,33.87,305.46,26.38,1.32,27.92,16.53,1.74,21.45
219,Kollam,Kerala,1,0.53,1.7,1.28,3.23,9.83,26.66,449.73,31.5,0.83,32.43,21.1,1.05,26.3
219,Kollam,Kerala,2,1.16,2.96,3.4,7.3,14.97,22.5,167.52,32.89,0.88,33.91,21.52,1.07,27.2
219,Kollam,Kerala,3,1.96,4.42,6.04,9.81,20.95,45.77,95.39,33.92,0.95,34.86,22.94,1.08,28.43
219,Kollam,Kerala,4,6.41,8.59,16.91,23.56,38.73,124.01,192.84,33.07,1.09,34.35,24.67,0.82,28.87
219,Kollam,Kerala,5,7.48,11.47,20.46,31.29,59.46,209.17,382.19,31.9,1.21,33.14,25.46,0.79,28.68
219,Kollam,Kerala,6,14.25,17.52,37.17,47.67,79.61,353.96,692.02,29.67,1.16,31.07,24.88,0.73,27.28
219,Kollam,Kerala,7,11.52,13.13,29.21,37.73,58.33,368.82,935.44,29.31,0.96,30.53,24.35,0.6,26.83
219,Kollam,Kerala,8,6.79,9.79,18.95,26.31,42.5,270.73,999.4,29.45,0.9,30.49,24.18,0.53,26.82
219,Kollam,Kerala,9,7.17,9.37,19.24,26.1,43.17,202.29,834.89,29.98,0.88,31.03,24.07,0.48,27.02
219,Kollam,Kerala,10,11.07,12.41,27.29,36.52,58.75,269.3,737.91,29.97,0.97,31.14,23.58,0.58,26.77
219,Kollam,Kerala,11,7.97,11.05,21.1,27.85,49.49,314.59,788.54,29.69,1.04,30.79,22.9,0.66,26.29
219,Kollam,Kerala,12,1.61,4.29,4.96,8.08,22.44,125.63,710.65,30.22,0.92,31.16,21.97,1.05,26.1
220,Kondagaon,Chhattisgarh,1,0.51,4.26,0.13,0.58,12.5,10.99,61.78,26.41,1.73,28.51,13.81,2.09,20.11
220,Kondagaon,Chhattisgarh,2,0.56,3.79,0.2,0.92,18.06,17.24,39.26,29.45,2.05,32.08,16.3,1.91,22.88
220,Kondagaon,Chhattisgarh,3,0.74,3.98,0.61,2.66,20.79,20.41,48.28,33.62,2.12,36.24,20.08,1.88,26.85
220,Kondagaon,Chhattisgarh,4,1.09,4.88,1.49,5.4,21.03,25.07,62.83,36.7,1.83,38.82,23.97,1.6,30.34
220,Kondagaon,Chhattisgarh,5,1.42,5.8,2.34,6.46,28.35,37.3,83.29,38.24,2.08,40.67,26.57,1.62,32.4
220,Kondagaon,Chhattisgarh,6,6.32,14.17,20.07,31.0,72.14,97.74,160.6,33.39,3.78,38.59,25.76,1.84,29.57
220,Kondagaon,Chhattisgarh,7,11.27,19.22,33.49,49.9,86.01,275.6,414.07,28.79,1.77,31.06,23.83,0.94,26.31
220,Kondagaon,Chhattisgarh,8,12.63,19.83,39.0,57.6,84.56,386.45,773.03,28.24,1.41,30.08,23.37,0.78,25.8
220,Kondagaon,Chhattisgarh,9,7.5,15.6,21.8,37.44,79.1,311.66,982.64,29.62,1.42,31.35,23.05,0.64,26.33
220,Kondagaon,Chhattisgarh,10,2.91,9.5,7.69,16.59,45.69,144.89,840.81,29.71,1.41,31.47,20.87,1.67,25.29
220,Kondagaon,Chhattisgarh,11,0.72,3.84,0.34,2.04,21.12,41.19,490.05,27.92,1.34,29.51,16.88,2.35,22.4
220,Kondagaon,Chhattisgarh,12,0.32,3.76,0.01,0.2,3.63,11.96,192.88,26.18,1.35,27.93,13.67,2.09,19.92
221,Koppal,Karnataka,1,0.02,0.19,0.0,0.02,0.37,1.93,60.5,29.64,1.33,31.3,17.18,1.58,23.41
221,Koppal,Karnataka,2,0.02,0.23,0.0,0.02,0.35,0.55,12.35,32.26,1.41,34.2,18.97,1.49,25.61
221,Koppal,Karnataka,3,0.09,0.68,0.02,0.2,2.12,1.5,4.06,35.37,1.58,37.2,21.87,1.49,28.62
221,Koppal,Karnataka,4,0.8,3.18,1.38,4.54,15.05,11.33,13.42,37.07,1.35,38.49,24.04,1.17,30.55
221,Koppal,Karnataka,5,1.91,5.4,5.69,11.44,27.14,37.75,51.07,36.82,1.81,38.86,24.39,1.02,30.61
221,Koppal,Karnataka,6,1.1,3.09,2.68,5.73,17.0,52.8,103.04,31.73,2.3,34.98,23.49,0.86,27.61
221,Koppal,Karnataka,7,0.71,1.59,2.22,3.62,7.46,24.43,115.42,29.46,1.61,31.49,22.72,0.64,26.09
221,Koppal,Karnataka,8,0.47,0.94,1.49,2.46,4.39,17.87,93.15,28.99,1.42,30.75,22.31,0.55,25.65
221,Koppal,Karnataka,9,4.21,8.11,13.52,23.44,38.02,69.57,111.23,29.89,1.44,31.77,22.08,0.6,25.99
221,Koppal,Karnataka,10,3.46,8.25,11.21,19.56,43.27,130.62,219.88,30.18,1.45,31.98,21.52,1.11,25.85
221,Koppal,Karnataka,11,0.75,3.52,1.01,4.06,13.96,50.63,254.62,29.4,1.18,30.76,19.22,1.99,24.31
221,Koppal,Karnataka,12,0.15,1.11,0.02,0.3,4.35,10.41,189.43,28.77,1.2,30.13,17.2,1.79,22.99
222,Koraput,Odisha,1,0.13,0.71,0.01,0.48,3.26,3.68,77.6,27.33,1.45,29.06,15.22,1.89,21.28
222,Koraput,Odisha,2,0.52,2.05,0.72,3.7,11.05,7.85,20.69,30.17,1.78,32.42,17.22,1.7,23.69
222,Koraput,Odisha,3,0.64,2.63,1.16,3.76,11.5,18.64,30.16,33.61,1.59,35.45,20.33,1.61,26.97
222,Koraput,Odisha,4,1.36,3.83,3.56,7.97,19.55,29.31,56.06,35.66,1.34,37.21,23.35,1.36,29.51
222,Koraput,Odisha,5,2.27,6.62,6.21,11.26,24.98,55.46,103.94,36.52,1.87,38.66,25.5,1.44,31.01
222,Koraput,Odisha,6,6.82,12.2,19.09,27.33,67.63,127.25,213.22,32.56,3.08,36.81,25.61,1.46,29.09
222,Koraput,Odisha,7,13.07,17.72,35.18,50.87,81.62,301.63,487.9,29.08,1.63,31.04,24.37,0.93,26.72
222,Koraput,Odisha,8,13.11,16.38,32.63,43.99,74.14,416.91,859.26,28.73,1.36,30.45,24.02,0.8,26.38
222,Koraput,Odisha,9,7.81,12.04,19.12,29.07,61.22,313.47,1041.84,29.79,1.34,31.41,23.66,0.65,26.73
222,Koraput,Odisha,10,4.3,10.03,12.75,21.75,50.55,185.72,913.23,29.78,1.4,31.4,21.82,1.4,25.8
222,Koraput,Odisha,11,1.09,4.56,1.82,6.06,30.67,67.31,559.66,28.34,1.24,29.78,18.23,2.19,23.28
222,Koraput,Odisha,12,0.13,1.16,0.0,0.05,3.57,10.37,258.6,27.05,1.2,28.53,15.24,1.99,21.14
223,Korba,Chhattisgarh,1,0.77,3.77,0.44,4.05,18.34,12.02,34.95,25.13,2.21,28.1,12.09,2.41,18.61
223,Korba,Chhattisgarh,2,0.88,4.23,0.7,3.8,21.22,26.93,42.01,28.43,2.68,31.82,14.62,2.3,21.53
223,Korba,Chhattisgarh,3,0.69,3.57,0.53,2.34,17.74,25.29,63.58,33.57,2.87,37.06,18.63,2.3,26.1
223,Korba,Chhattisgarh,4,0.49,3.08,0.31,1.97,10.05,14.48,66.54,38.11,2.43,40.96,23.2,2.0,30.65
223,Korba,Chhattisgarh,5,0.47,1.95,0.71,2.44,9.17,13.82,53.14,40.15,2.27,42.94,26.51,1.73,33.33
223,Korba,Chhattisgarh,6,6.9,13.79,21.72,35.08,69.21,73.52,101.77,35.8,4.17,41.42,26.86,1.81,31.33
223,Korba,Chhattisgarh,7,12.39,16.09,34.56,48.45,70.68,324.27,416.2,30.64,1.92,33.2,25.17,0.92,27.9
223,Korba,Chhattisgarh,8,12.95,16.91,38.68,51.1,69.54,410.07,824.49,30.13,1.47,32.0,24.8,0.75,27.47
223,Korba,Chhattisgarh,9,7.49,13.35,22.36,35.42,67.53,309.13,1053.32,30.85,1.47,32.61,24.25,0.89,27.55
223,Korba,Chhattisgarh,10,2.04,6.82,5.03,12.89,35.7,123.12,839.42,30.67,1.48,32.51,20.95,2.26,25.81
223,Korba,Chhattisgarh,11,0.18,1.2,0.0,0.23,6.81,22.33,446.0,28.29,1.53,30.16,16.22,2.48,22.25
223,Korba,Chhattisgarh,12,0.1,0.65,0.01,0.12,3.73,3.75,143.35,25.62,1.7,27.65,12.4,2.16,19.01
224,Korea,Chhattisgarh,1,0.98,5.1,0.97,3.62,24.2,16.26,39.75,22.47,2.36,25.6,9.77,2.48,16.12
224,Korea,Chhattisgarh,2,1.02,5.02,1.14,4.07,27.36,31.9,52.48,25.84,2.74,29.35,12.47,2.41,19.16
224,Korea,Chhattisgarh,3,0.67,3.69,0.64,2.54,17.4,28.31,75.5,31.14,2.99,34.81,16.86,2.49,24.0
224,Korea,Chhattisgarh,4,0.53,3.95,0.34,1.0,10.67,14.49,74.41,36.26,2.53,39.27,21.77,2.17,29.02
224,Korea,Chhattisgarh,5,0.35,1.57,0.68,1.55,7.52,12.19,54.5,38.76,2.17,41.54,25.38,1.81,32.07
224,Korea,Chhattisgarh,6,5.78,12.57,18.61,29.08,61.31,60.1,86.62,35.11,4.03,40.21,26.15,1.84,30.63
224,Korea,Chhattisgarh,7,11.65,16.33,31.89,47.28,75.09,297.43,373.53,29.88,2.06,32.51,24.4,1.05,27.14
224,Korea,Chhattisgarh,8,12.14,16.1,34.53,45.39,74.24,377.53,750.44,29.17,1.45,30.94,23.9,0.75,26.53
224,Korea,Chhattisgarh,9,7.27,14.59,19.69,35.13,79.13,302.25,987.12,29.66,1.6,31.59,23.06,1.01,26.36
224,Korea,Chhattisgarh,10,1.56,5.91,2.8,7.47,31.5,105.05,781.99,29.19,1.67,31.23,19.5,2.36,24.34
224,Korea,Chhattisgarh,11,0.29,2.13,0.11,0.5,7.4,20.88,419.66,26.22,1.67,28.31,14.66,2.45,20.44
224,Korea,Chhattisgarh,12,0.15,1.1,0.05,0.29,3.81,5.01,125.3,23.2,1.83,25.32,10.58,2.13,16.89
225,Kota,Rajasthan,1,0.19,1.38,0.0,0.26,6.66,3.75,10.5,23.38,2.65,26.84,9.97,2.3,16.68
225,Kota,Rajasthan,2,0.09,0.66,0.0,0.18,3.16,4.34,10.02,26.94,3.13,31.01,12.5,2.7,19.72
225,Kota,Rajasthan,3,0.08,0.76,0.0,0.1,1.26,2.78,10.79,32.87,3.26,36.91,17.68,2.77,25.28
225,Kota,Rajasthan,4,0.03,0.16,0.01,0.1,0.75,1.21,8.32,38.25,2.67,41.44,23.04,2.58,30.65
225,Kota,Rajasthan,5,0.25,1.13,0.38,1.07,5.21,3.17,7.11,41.08,2.14,43.66,27.64,2.07,34.36
225,Kota,Rajasthan,6,2.36,6.81,6.37,11.84,37.31,26.71,31.13,38.52,3.15,42.63,28.28,1.86,33.4
225,Kota,Rajasthan,7,8.52,13.64,25.56,36.39,65.41,170.09,201.78,32.57,2.78,36.38,26.13,1.37,29.35
225,Kota,Rajasthan,8,9.11,14.51,27.99,41.63,67.16,291.95,498.7,30.7,1.7,32.87,25.08,0.88,27.89
225,Kota,Rajasthan,9,3.13,7.19,9.99,17.8,35.48,181.48,653.57,32.34,2.06,34.99,24.26,1.11,28.3
225,Kota,Rajasthan,10,0.44,2.75,0.21,1.77,10.79,39.02,509.85,33.1,2.09,35.57,20.41,2.29,26.76
225,Kota,Rajasthan,11,0.08,0.73,0.0,0.01,1.76,5.19,217.93,28.95,2.23,31.66,15.57,2.34,22.26
225,Kota,Rajasthan,12,0.06,0.66,0.0,0.04,0.73,1.95,43.65,24.77,2.34,27.78,11.36,2.28,18.07
226,Kottayam,Kerala,1,0.63,2.22,1.47,3.15,11.76,30.02,449.02,31.39,0.76,32.32,21.12,1.05,26.25
226,Kottayam,Kerala,2,0.95,3.17,2.25,5.5,14.0,20.56,161.46,32.71,0.83,33.66,21.85,1.08,27.28
226,Kottayam,Kerala,3,2.17,5.5,6.05,12.63,30.2,44.17,95.24,33.83,0.94,34.77,23.45,1.06,28.64
226,Kottayam,Kerala,4,5.41,8.41,14.68,21.43,41.89,113.36,178.8,33.12,1.07,34.4,25.01,0.8,29.07
226,Kottayam,Kerala,5,9.73,16.64,23.71,37.33,77.97,218.56,379.12,31.87,1.27,33.16,25.61,0.83,28.74
226,Kottayam,Kerala,6,20.29,20.35,49.28,60.78,91.35,466.74,803.71,29.42,1.26,30.98,24.82,0.78,27.12
226,Kottayam,Kerala,7,18.53,16.92,41.86,51.88,74.4,590.17,1284.54,28.95,1.02,30.24,24.25,0.62,26.6
226,Kottayam,Kerala,8,12.6,14.49,31.39,41.17,64.46,478.27,1548.31,29.13,0.95,30.23,24.11,0.54,26.62
226,Kottayam,Kerala,9,9.23,11.21,23.65,30.38,53.24,309.33,1372.15,29.82,0.93,30.94,24.09,0.5,26.96
226,Kottayam,Kerala,10,11.27,13.62,28.27,36.98,62.6,305.72,1086.19,29.99,0.97,31.14,23.61,0.6,26.8
226,Kottayam,Kerala,11,8.03,13.64,24.03,32.29,56.33,314.01,926.99,29.84,1.0,30.9,22.85,0.7,26.34
226,Kottayam,Kerala,12,1.63,5.03,4.48,8.36,23.7,119.28,738.41,30.33,0.91,31.3,21.8,1.13,26.06
227,Kozhikode,Kerala,1,0.36,1.51,0.71,1.6,8.39,18.84,274.8,28.72,0.63,29.52,18.12,1.07,23.42
227,Kozhikode,Kerala,2,0.36,1.71,0.77,1.54,7.0,10.59,83.82,29.85,0.74,30.82,19.25,1.13,24.55
227,Kozhikode,Kerala,3,0.49,1.39,1.38,3.27,6.96,10.13,39.87,30.85,0.76,31.63,21.31,1.05,26.08
227,Kozhikode,Kerala,4,2.68,4.71,7.85,12.32,21.28,44.67,65.31,30.51,0.82,31.54,23.11,0.64,26.81
227,Kozhikode,Kerala,5,6.0,8.69,15.99,22.55,38.84,126.39,182.61,29.32,1.17,30.52,23.43,0.64,26.37
227,Kozhikode,Kerala,6,21.12,23.13,53.94,69.58,94.42,427.78,602.52,26.19,1.24,27.88,22.51,0.63,24.35
227,Kozhikode,Kerala,7,21.49,21.26,51.76,65.75,90.61,638.7,1203.19,25.48,0.87,26.66,21.77,0.45,23.62
227,Kozhikode,Kerala,8,12.59,14.56,30.93,42.92,63.31,524.41,1612.04,25.72,0.86,26.74,21.54,0.41,23.63
227,Kozhikode,Kerala,9,6.82,8.57,17.02,23.13,38.76,270.65,1430.42,26.62,0.82,27.65,21.54,0.41,24.08
227,Kozhikode,Kerala,10,9.27,11.63,22.78,31.8,54.26,239.82,1023.29,27.12,0.78,28.02,21.32,0.57,24.22
227,Kozhikode,Kerala,11,3.83,7.27,12.04,19.11,36.53,210.34,716.73,27.47,0.78,28.3,20.17,1.05,23.82
227,Kozhikode,Kerala,12,1.07,3.23,2.97,6.57,14.58,57.84,507.27,28.03,0.79,28.96,18.53,1.35,23.28
228,Krishna,Andhra Pradesh,1,0.06,0.36,0.01,0.2,1.85,3.53,141.47,29.31,1.19,30.69,19.34,1.43,24.32
228,Krishna,Andhra Pradesh,2,0.3,1.69,0.21,1.33,7.12,4.84,26.29,31.69,1.41,33.56,20.91,1.42,26.3
228,Krishna,Andhra Pradesh,3,0.22,1.25,0.1,0.81,5.75,7.22,15.59,34.49,1.39,36.23,23.29,1.47,28.89
228,Krishna,Andhra Pradesh,4,0.38,1.86,0.41,1.78,10.14,8.41,20.47,36.52,1.43,38.28,26.06,1.22,31.29
228,Krishna,Andhra Pradesh,5,1.91,7.89,3.44,8.54,41.45,37.72,53.43,38.43,2.25,41.3,28.28,1.3,33.35
228,Krishna,Andhra Pradesh,6,4.26,8.77,12.54,21.48,38.29,85.76,132.93,35.73,2.8,39.47,28.04,1.4,31.89
228,Krishna,Andhra Pradesh,7,7.03,11.14,19.61,29.59,46.26,170.54,296.96,32.53,1.99,35.05,26.52,1.04,29.52
228,Krishna,Andhra Pradesh,8,6.79,10.87,18.81,26.42,54.94,218.49,481.37,31.75,1.62,33.61,26.1,0.82,28.93
228,Krishna,Andhra Pradesh,9,5.68,9.79,15.07,21.95,46.71,182.15,575.36,32.02,1.43,33.75,25.87,0.67,28.94
228,Krishna,Andhra Pradesh,10,6.33,13.26,17.05,29.83,69.37,189.14,589.19,31.33,1.52,33.04,24.5,1.09,27.92
228,Krishna,Andhra Pradesh,11,1.91,6.8,4.5,9.19,36.24,124.94,495.7,30.03,1.16,31.39,21.93,1.81,25.98
228,Krishna,Andhra Pradesh,12,0.21,1.7,0.07,0.43,4.61,20.33,332.26,29.01,1.04,30.28,19.67,1.56,24.34
229,Kullu,Himachal Pradesh,1,1.34,3.61,4.04,7.38,17.1,31.34,63.35,14.17,2.37,17.03,2.49,1.94,8.33
229,Kullu,Himachal Pradesh,2,1.74,3.7,5.75,9.39,18.08,45.38,90.71,15.87,2.88,19.55,5.02,2.29,10.45
229,Kullu,Himachal Pradesh,3,2.18,4.39,7.06,11.41,19.1,60.68,136.62,20.78,3.45,25.15,8.98,2.62,14.88
229,Kullu,Himachal Pradesh,4,1.15,2.9,3.39,5.9,15.13,50.98,157.34,25.96,3.22,29.96,13.46,2.47,19.71
229,Kullu,Himachal Pradesh,5,1.18,3.21,3.52,5.92,14.59,36.51,148.06,29.68,2.78,32.9,16.69,2.04,23.19
229,Kullu,Himachal Pradesh,6,2.11,5.87,6.47,9.93,27.7,43.59,130.22,30.62,2.4,33.72,19.21,1.57,24.91
229,Kullu,Himachal Pradesh,7,4.54,7.72,13.61,18.08,36.81,99.19,179.85,28.22,1.84,30.55,21.08,1.06,24.65
229,Kullu,Himachal Pradesh,8,4.69,8.15,13.56,21.47,38.86,153.19,300.24,27.45,1.42,29.06,20.72,0.96,24.08
229,Kullu,Himachal Pradesh,9,3.42,9.16,10.78,16.53,40.82,117.96,374.34,27.27,1.5,28.92,17.44,1.78,22.35
229,Kullu,Himachal Pradesh,10,0.77,3.56,1.23,2.62,15.6,55.37,325.83,25.05,1.87,27.33,12.04,1.92,18.55
229,Kullu,Himachal Pradesh,11,0.45,1.86,0.88,2.01,9.03,17.34,187.85,20.7,1.86,22.83,7.89,1.71,14.29
229,Kullu,Himachal Pradesh,12,0.65,2.1,1.44,4.43,11.31,15.0,85.19,16.49,2.26,19.06,4.4,1.91,10.45
230,Kurnool,Andhra Pradesh,1,0.05,0.37,0.0,0.08,1.29,1.91,64.83,30.44,1.45,32.27,18.15,1.62,24.29
230,Kurnool,Andhra Pradesh,2,0.03,0.24,0.0,0.04,0.55,0.91,11.88,33.46,1.61,35.6,20.04,1.57,26.75
230,Kurnool,Andhra Pradesh,3,0.14,0.74,0.07,0.61,3.25,2.33,5.2,36.77,1.68,38.74,23.05,1.64,29.91
230,Kurnool,Andhra Pradesh,4,0.69,2.33,1.74,4.49,10.23,11.01,14.32,38.72,1.5,40.39,25.96,1.33,32.34
230,Kurnool,Andhra Pradesh,5,1.6,4.52,4.65,10.11,23.97,33.76,47.55,38.85,1.99,41.0,27.39,1.24,33.12
230,Kurnool,Andhra Pradesh,6,2.98,6.75,9.73,16.61,32.6,73.84,119.58,34.76,2.29,37.64,26.04,1.11,30.4
230,Kurnool,Andhra Pradesh,7,3.88,7.23,12.76,22.5,32.19,97.57,206.57,32.32,1.87,34.68,24.96,0.83,28.64
230,Kurnool,Andhra Pradesh,8,4.54,8.15,15.88,23.49,36.69,131.64,305.85,31.38,1.57,33.22,24.51,0.68,27.95
230,Kurnool,Andhra Pradesh,9,4.45,7.98,15.06,23.62,36.22,133.46,364.41,31.8,1.56,33.66,24.22,0.7,28.01
230,Kurnool,Andhra Pradesh,10,3.21,7.14,10.15,17.62,37.34,122.96,388.54,31.49,1.65,33.39,23.06,1.16,27.27
230,Kurnool,Andhra Pradesh,11,0.91,2.84,2.28,5.86,13.49,56.97,313.06,30.3,1.35,31.89,20.47,1.95,25.38
230,Kurnool,Andhra Pradesh,12,0.11,0.66,0.05,0.35,2.1,11.21,188.62,29.5,1.25,30.97,18.31,1.74,23.91
231,Kushinagar,Uttar Pradesh,1,0.65,4.6,0.21,1.16,17.21,16.39,39.76,22.06,2.74,25.03,9.97,2.24,16.01
231,Kushinagar,Uttar Pradesh,2,0.55,3.1,0.26,2.03,14.11,19.28,39.38,25.67,2.56,28.95,12.75,2.3,19.21
231,Kushinagar,Uttar Pradesh,3,0.64,3.72,0.41,1.86,15.71,15.55,50.75,31.66,2.88,35.13,17.2,2.62,24.43
231,Kushinagar,Uttar Pradesh,4,0.97,4.88,1.08,4.04,26.05,22.28,56.92,36.8,2.41,39.78,22.36,2.12,29.58
231,Kushinagar,Uttar Pradesh,5,2.61,7.06,8.01,16.28,33.32,53.73,91.92,37.45,2.47,40.6,25.73,1.8,31.59
231,Kushinagar,Uttar Pradesh,6,7.93,18.68,23.82,42.9,96.99,134.99,212.16,36.04,3.08,40.17,27.39,1.47,31.71
231,Kushinagar,Uttar Pradesh,7,15.12,26.54,51.13,81.96,113.17,383.24,577.37,32.86,1.72,34.85,27.29,1.04,30.07
231,Kushinagar,Uttar Pradesh,8,11.32,24.07,33.2,61.4,116.07,384.68,919.03,32.76,1.32,34.38,27.19,0.86,29.98
231,Kushinagar,Uttar Pradesh,9,8.37,20.23,24.07,43.12,110.44,310.57,1086.88,32.42,1.57,34.3,26.3,1.14,29.36
231,Kushinagar,Uttar Pradesh,10,2.47,10.96,2.88,11.53,53.66,164.08,853.66,31.81,1.56,33.72,22.21,2.53,27.01
231,Kushinagar,Uttar Pradesh,11,0.06,0.69,0.0,0.05,0.95,21.68,490.59,28.75,1.78,30.99,16.45,2.43,22.6
231,Kushinagar,Uttar Pradesh,12,0.35,2.82,0.0,0.16,10.84,4.46,183.57,24.21,2.37,26.65,11.67,2.17,17.94
233,Lalitpur,Uttar Pradesh,1,0.4,2.29,0.03,1.23,11.47,9.08,24.4,22.59,2.68,26.16,9.8,2.43,16.19
233,Lalitpur,Uttar Pradesh,2,0.48,2.7,0.09,2.04,11.94,12.42,27.99,26.38,3.09,30.37,12.44,2.61,19.41
233,Lalitpur,Uttar Pradesh,3,0.35,2.8,0.01,0.43,6.19,14.35,35.63,32.41,3.21,36.32,17.25,2.66,24.83
233,Lalitpur,Uttar Pradesh,4,0.09,0.93,0.0,0.04,1.72,4.63,31.44,37.96,2.68,41.14,22.67,2.48,30.32
233,Lalitpur,Uttar Pradesh,5,0.24,1.63,0.17,0.78,5.36,3.93,22.67,40.92,2.05,43.41,27.33,2.06,34.13
233,Lalitpur,Uttar Pradesh,6,3.47,10.93,9.13,19.01,48.23,34.5,42.9,37.99,3.63,42.45,28.24,2.0,33.12
233,Lalitpur,Uttar Pradesh,7,10.56,16.91,31.55,47.18,79.71,227.86,269.15,31.92,2.74,35.66,25.97,1.44,28.94
233,Lalitpur,Uttar Pradesh,8,9.44,15.7,27.5,39.39,78.73,331.17,606.43,30.3,1.7,32.47,24.96,0.94,27.63
233,Lalitpur,Uttar Pradesh,9,5.59,13.8,18.34,31.78,74.7,228.27,797.74,31.43,2.01,33.92,24.16,1.15,27.8
233,Lalitpur,Uttar Pradesh,10,0.71,3.68,0.16,3.14,22.51,69.16,625.22,31.73,1.97,34.16,20.2,2.3,25.96
233,Lalitpur,Uttar Pradesh,11,0.2,1.61,0.0,0.03,5.29,9.14,299.63,27.93,2.11,30.61,15.25,2.36,21.59
233,Lalitpur,Uttar Pradesh,12,0.19,2.29,0.0,0.04,3.15,6.48,80.18,23.92,2.29,26.8,11.11,2.24,17.51
234,Latehar,Jharkhand,1,0.49,2.34,0.56,2.4,12.35,7.95,31.4,23.08,2.23,25.98,10.44,2.33,16.76
234,Latehar,Jharkhand,2,0.85,3.47,1.19,5.5,15.44,20.88,30.01,26.77,2.69,30.09,13.18,2.27,19.97
234,Latehar,Jharkhand,3,0.55,2.85,0.75,2.84,11.89,22.08,50.32,32.21,2.88,35.69,17.45,2.33,24.83
234,Latehar,Jharkhand,4,0.44,1.95,0.87,2.56,8.4,12.55,55.36,37.16,2.47,40.22,22.1,1.89,29.63
234,Latehar,Jharkhand,5,0.56,2.28,1.31,3.26,9.05,14.47,48.72,38.63,2.38,41.5,25.1,1.61,31.86
234,Latehar,Jharkhand,6,5.71,11.49,17.46,27.96,55.94,72.39,99.44,35.03,3.71,40.11,26.26,1.55,30.64
234,Latehar,Jharkhand,7,10.1,12.9,27.46,35.14,60.97,267.51,358.0,30.69,1.66,32.71,25.16,0.94,27.92
234,Latehar,Jharkhand,8,10.31,13.75,28.94,39.76,63.1,317.02,669.97,30.26,1.2,31.76,24.82,0.68,27.54
234,Latehar,Jharkhand,9,6.55,10.65,18.95,26.99,50.67,249.93,841.6,30.5,1.42,32.18,24.03,0.94,27.27
234,Latehar,Jharkhand,10,2.29,7.48,6.43,13.1,40.85,129.71,694.75,29.8,1.6,31.82,20.47,2.31,25.13
234,Latehar,Jharkhand,11,0.13,0.87,0.01,0.25,3.23,24.1,397.99,26.87,1.59,28.86,15.53,2.43,21.2
234,Latehar,Jharkhand,12,0.06,0.38,0.0,0.09,1.68,2.21,151.14,23.72,1.67,25.54,11.33,2.04,17.53
235,Lohardaga,Jharkhand,1,0.58,2.87,0.43,2.81,14.5,10.56,37.14,23.06,2.2,25.94,10.59,2.33,16.83
235,Lohardaga,Jharkhand,2,0.95,3.9,1.31,6.68,17.06,23.23,35.34,26.62,2.7,30.01,13.38,2.25,20.0
235,Lohardaga,Jharkhand,3,0.63,2.92,0.64,3.13,13.82,24.25,57.5,31.89,2.89,35.41,17.65,2.29,24.77
235,Lohardaga,Jharkhand,4,0.66,2.9,1.02,3.21,14.38,16.64,63.99,36.78,2.51,39.87,22.03,1.87,29.41
235,Lohardaga,Jharkhand,5,0.81,2.69,2.16,5.05,11.88,21.32,61.89,38.19,2.45,41.15,24.8,1.62,31.49
235,Lohardaga,Jharkhand,6,6.75,13.38,21.66,32.21,71.6,88.06,126.2,34.45,3.76,39.61,25.8,1.55,30.12
235,Lohardaga,Jharkhand,7,10.97,14.94,30.58,39.11,74.8,302.01,415.48,30.26,1.65,32.29,24.76,0.91,27.51
235,Lohardaga,Jharkhand,8,10.37,14.21,29.01,41.51,64.49,329.28,733.57,29.84,1.21,31.33,24.45,0.67,27.14
235,Lohardaga,Jharkhand,9,7.13,12.63,20.52,34.08,64.88,261.04,898.98,30.09,1.42,31.75,23.69,0.92,26.89
235,Lohardaga,Jharkhand,10,2.54,8.7,6.72,15.99,45.14,140.01,727.72,29.31,1.62,31.38,20.37,2.21,24.84
235,Lohardaga,Jharkhand,11,0.13,0.81,0.0,0.19,4.4,27.38,422.98,26.37,1.57,28.34,15.72,2.39,21.05
235,Lohardaga,Jharkhand,12,0.11,0.66,0.0,0.09,3.41,2.65,164.76,23.45,1.61,25.24,11.57,2.02,17.51
236,Lucknow,Uttar Pradesh,1,0.69,4.38,0.14,1.3,18.83,18.05,31.23,21.28,2.97,24.82,8.8,2.32,15.04
236,Lucknow,Uttar Pradesh,2,0.68,3.48,0.23,2.43,18.08,20.33,42.11,24.98,2.77,28.49,11.87,2.45,18.42
236,Lucknow,Uttar Pradesh,3,0.44,3.46,0.12,1.08,10.87,16.31,54.22,31.12,3.1,34.94,16.59,2.61,23.85
236,Lucknow,Uttar Pradesh,4,0.32,2.36,0.1,0.6,8.87,10.25,46.63,37.05,2.63,40.22,21.95,2.3,29.5
236,Lucknow,Uttar Pradesh,5,0.75,3.66,0.54,3.73,17.11,15.63,41.84,38.99,2.38,41.87,25.67,1.96,32.33
236,Lucknow,Uttar Pradesh,6,4.26,12.81,12.24,24.24,62.1,58.57,84.61,37.43,3.45,41.84,27.45,1.61,32.44
236,Lucknow,Uttar Pradesh,7,8.94,17.47,27.77,42.87,91.51,218.74,295.8,32.99,2.23,35.85,26.78,1.17,29.88
236,Lucknow,Uttar Pradesh,8,8.12,17.03,26.1,44.58,85.73,259.27,547.36,32.31,1.45,34.07,26.48,0.82,29.39
236,Lucknow,Uttar Pradesh,9,6.07,16.25,16.3,33.13,92.03,227.9,712.83,32.22,1.77,34.41,25.33,1.2,28.77
236,Lucknow,Uttar Pradesh,10,1.21,6.65,0.39,4.48,34.35,95.04,579.35,31.79,1.79,33.82,20.59,2.55,26.19
236,Lucknow,Uttar Pradesh,11,0.03,0.31,0.0,0.0,0.23,10.5,328.57,28.07,1.96,30.45,15.0,2.36,21.53
236,Lucknow,Uttar Pradesh,12,0.3,2.39,0.02,0.1,10.05,3.42,104.07,23.41,2.5,26.05,10.37,2.16,16.89
237,Mahasamund,Chhattisgarh,1,0.39,2.15,0.03,1.26,11.25,7.17,29.55,25.72,2.0,28.31,13.1,2.26,19.41
237,Mahasamund,Chhattisgarh,2,0.57,2.94,0.15,2.22,18.8,15.19,26.29,29.03,2.46,32.13,15.6,2.13,22.32
237,Mahasamund,Chhattisgarh,3,0.51,2.78,0.25,2.55,12.77,16.73,38.69,33.87,2.55,37.03,19.56,2.09,26.71
237,Mahasamund,Chhattisgarh,4,0.48,2.57,0.38,1.56,11.76,13.69,45.54,37.86,2.19,40.49,23.99,1.84,30.93
237,Mahasamund,Chhattisgarh,5,0.83,4.47,0.84,3.27,20.76,18.19,48.46,39.71,2.23,42.36,27.12,1.7,33.41
237,Mahasamund,Chhattisgarh,6,6.48,13.92,20.25,32.44,72.02,82.63,114.69,35.14,3.97,40.54,26.81,1.82,30.98
237,Mahasamund,Chhattisgarh,7,12.53,18.86,36.21,53.08,84.59,311.5,416.53,30.14,1.77,32.47,24.93,0.93,27.53
237,Mahasamund,Chhattisgarh,8,12.94,19.49,39.44,57.46,86.51,407.1,816.84,29.63,1.39,31.39,24.57,0.8,27.1
237,Mahasamund,Chhattisgarh,9,7.62,15.26,22.74,37.5,77.7,318.95,1047.71,30.55,1.34,32.13,24.17,0.78,27.36
237,Mahasamund,Chhattisgarh,10,1.71,6.85,3.27,9.8,35.18,116.45,839.49,30.42,1.4,32.16,21.4,1.99,25.91
237,Mahasamund,Chhattisgarh,11,0.24,1.66,0.02,0.35,8.37,19.53,446.09,28.23,1.46,30.01,16.89,2.44,22.56
237,Mahasamund,Chhattisgarh,12,0.08,0.65,0.0,0.03,3.0,4.19,134.0,25.82,1.54,27.71,13.25,2.12,19.54
239,Mahisagar,Gujarat,1,0.04,0.63,0.0,0.0,0.22,0.77,12.07,26.12,2.23,28.97,12.83,1.97,19.48
239,Mahisagar,Gujarat,2,0.02,0.32,0.0,0.0,0.04,0.85,4.07,28.9,2.69,32.45,14.72,2.41,21.81
239,Mahisagar,Gujarat,3,0.01,0.17,0.0,0.0,0.05,0.5,2.09,34.04,2.81,37.57,19.11,2.39,26.58
239,Mahisagar,Gujarat,4,0.05,0.58,0.0,0.0,0.75,1.07,2.42,38.02,2.14,40.64,23.13,1.87,30.57
239,Mahisagar,Gujarat,5,0.31,4.97,0.0,0.0,1.16,5.6,7.17,39.45,1.73,41.5,26.37,1.24,32.91
239,Mahisagar,Gujarat,6,2.47,8.88,6.27,13.92,38.63,29.82,36.66,36.36,2.91,40.12,27.0,1.21,31.68
239,Mahisagar,Gujarat,7,11.74,25.73,37.44,60.39,136.73,210.0,247.28,30.97,2.24,34.08,25.49,1.01,28.23
239,Mahisagar,Gujarat,8,9.68,20.94,29.93,46.23,109.47,363.17,616.24,29.56,1.48,31.28,24.66,0.75,27.11
239,Mahisagar,Gujarat,9,5.25,16.32,15.26,29.16,78.29,219.05,805.96,31.39,1.99,34.12,24.2,0.95,27.8
239,Mahisagar,Gujarat,10,0.35,2.32,0.01,0.77,9.4,64.35,641.42,33.5,1.78,35.62,21.34,2.13,27.42
239,Mahisagar,Gujarat,11,0.26,2.82,0.0,0.0,5.08,8.67,284.98,30.65,1.91,33.02,17.49,2.2,24.07
239,Mahisagar,Gujarat,12,0.01,0.26,0.0,0.0,0.08,2.68,71.07,27.35,1.98,29.72,14.07,2.06,20.71
240,Mahoba,Uttar Pradesh,1,0.53,2.71,0.08,2.35,15.29,11.41,25.11,22.0,2.8,25.67,9.3,2.48,15.65
240,Mahoba,Uttar Pradesh,2,0.53,2.72,0.15,2.67,12.56,16.06,31.96,25.96,3.09,29.88,12.09,2.62,19.02
240,Mahoba,Uttar Pradesh,3,0.29,1.95,0.01,0.76,8.01,13.04,40.11,32.36,3.27,36.41,17.03,2.7,24.69
240,Mahoba,Uttar Pradesh,4,0.07,0.72,0.0,0.11,0.99,3.81,32.75,38.21,2.75,41.45,22.44,2.49,30.32
240,Mahoba,Uttar Pradesh,5,0.13,0.56,0.2,0.63,2.73,2.94,19.39,41.11,2.13,43.67,26.95,2.09,34.03
240,Mahoba,Uttar Pradesh,6,3.1,8.73,8.35,20.77,42.95,30.89,37.54,38.59,3.69,42.92,28.49,1.97,33.54
240,Mahoba,Uttar Pradesh,7,8.67,13.3,25.64,38.01,61.55,189.91,226.1,32.87,2.69,36.72,26.51,1.45,29.69
240,Mahoba,Uttar Pradesh,8,9.36,14.62,30.87,43.22,62.6,293.01,524.55,31.41,1.63,33.47,25.68,0.94,28.55
240,Mahoba,Uttar Pradesh,9,5.5,11.69,20.26,27.49,62.44,234.72,726.84,32.0,1.94,34.4,24.75,1.19,28.38
240,Mahoba,Uttar Pradesh,10,1.04,5.07,0.47,4.71,25.75,76.08,601.94,32.02,1.95,34.4,20.41,2.41,26.21
240,Mahoba,Uttar Pradesh,11,0.14,1.44,0.0,0.01,3.15,9.99,313.94,28.12,2.11,30.69,15.1,2.4,21.61
240,Mahoba,Uttar Pradesh,12,0.15,1.49,0.0,0.04,3.72,4.51,86.28,23.64,2.36,26.5,10.63,2.23,17.14
241,Mainpuri,Uttar Pradesh,1,1.12,6.77,0.36,1.92,35.16,23.72,34.68,20.88,2.83,24.22,8.25,2.29,14.57
241,Mainpuri,Uttar Pradesh,2,0.72,4.01,0.26,1.87,18.23,28.75,55.16,24.63,2.88,28.24,11.38,2.59,18.0
241,Mainpuri,Uttar Pradesh,3,0.56,3.91,0.15,0.64,18.35,18.94,70.46,31.02,3.24,34.98,16.42,2.7,23.72
241,Mainpuri,Uttar Pradesh,4,0.27,2.32,0.06,0.27,5.96,10.95,58.34,37.41,2.84,40.92,21.99,2.57,29.7
241,Mainpuri,Uttar Pradesh,5,0.71,4.03,0.45,1.76,21.59,16.47,45.97,40.22,2.46,43.05,26.36,2.19,33.29
241,Mainpuri,Uttar Pradesh,6,2.45,8.67,5.48,15.69,44.24,32.57,60.09,38.76,3.28,42.96,28.38,1.77,33.57
241,Mainpuri,Uttar Pradesh,7,8.14,18.58,25.14,44.71,91.92,173.88,224.7,33.87,2.5,37.4,27.23,1.34,30.55
241,Mainpuri,Uttar Pradesh,8,7.72,16.42,26.43,43.64,78.04,242.09,457.63,32.54,1.58,34.56,26.56,0.89,29.55
241,Mainpuri,Uttar Pradesh,9,5.55,14.73,14.32,36.59,74.21,215.52,640.06,32.75,1.89,35.04,25.25,1.3,29.0
241,Mainpuri,Uttar Pradesh,10,1.04,5.8,0.52,2.81,33.74,83.98,539.16,32.32,2.01,34.7,20.18,2.49,26.25
241,Mainpuri,Uttar Pradesh,11,0.04,0.68,0.0,0.0,0.21,9.18,303.81,27.94,2.16,30.65,14.64,2.35,21.29
241,Mainpuri,Uttar Pradesh,12,0.24,2.14,0.03,0.16,4.94,2.42,91.05,22.94,2.54,25.73,9.8,2.26,16.37
242,Malappuram,Kerala,1,0.36,1.24,1.06,1.89,6.02,18.88,303.97,30.63,0.77,31.58,18.62,1.22,24.63
242,Malappuram,Kerala,2,0.56,2.7,0.91,1.95,9.91,13.34,88.86,32.01,0.88,33.15,19.82,1.27,25.92
242,Malappuram,Kerala,3,0.63,1.85,1.65,3.14,9.87,15.71,48.2,32.99,0.92,33.93,22.01,1.23,27.5
242,Malappuram,Kerala,4,2.73,4.69,7.98,11.19,20.01,48.95,77.96,32.28,1.02,33.56,24.0,0.74,28.14
242,Malappuram,Kerala,5,5.53,8.3,14.74,21.42,37.22,120.9,186.85,30.92,1.3,32.29,24.41,0.74,27.67
242,Malappuram,Kerala,6,21.15,22.15,50.41,63.53,96.09,408.24,581.45,27.96,1.34,29.8,23.46,0.72,25.71
242,Malappuram,Kerala,7,20.34,19.25,46.27,58.2,84.53,630.75,1170.48,27.28,1.02,28.6,22.75,0.52,25.02
242,Malappuram,Kerala,8,9.67,10.04,22.77,29.21,47.26,456.28,1516.29,27.48,0.97,28.59,22.58,0.48,25.03
242,Malappuram,Kerala,9,6.59,7.53,16.02,21.25,37.23,227.47,1308.15,28.33,0.91,29.44,22.57,0.47,25.45
242,Malappuram,Kerala,10,10.65,11.37,25.13,33.19,50.46,260.92,933.22,28.74,0.88,29.77,22.19,0.67,25.46
242,Malappuram,Kerala,11,4.18,7.31,13.4,18.26,35.38,238.57,726.27,28.88,0.92,29.86,20.94,1.13,24.91
242,Malappuram,Kerala,12,1.1,3.17,3.32,6.16,15.76,60.42,560.09,29.55,0.94,30.61,19.24,1.5,24.39
244,Malkangiri,Odisha,1,0.19,1.12,0.06,0.34,5.48,5.42,99.69,29.75,1.35,31.38,18.2,1.77,23.98
244,Malkangiri,Odisha,2,0.31,1.58,0.17,1.26,7.71,6.45,25.77,32.38,1.61,34.41,20.2,1.57,26.29
244,Malkangiri,Odisha,3,0.45,1.94,0.88,2.66,8.84,11.11,22.9,35.5,1.52,37.27,23.13,1.49,29.31
244,Malkangiri,Odisha,4,0.9,2.55,2.8,5.05,11.51,19.66,37.34,37.45,1.37,39.06,25.91,1.26,31.68
244,Malkangiri,Odisha,5,2.15,7.24,5.88,10.29,25.38,48.91,80.09,38.55,2.05,40.92,27.9,1.41,33.22
244,Malkangiri,Odisha,6,6.3,13.21,16.74,24.41,78.27,114.63,184.37,34.81,3.12,39.13,27.77,1.49,31.29
244,Malkangiri,Odisha,7,11.85,16.56,30.94,44.63,81.11,275.06,442.3,31.23,1.76,33.43,26.44,0.98,28.84
244,Malkangiri,Odisha,8,14.08,20.01,36.42,47.98,90.35,421.34,823.51,30.84,1.48,32.63,26.01,0.79,28.42
244,Malkangiri,Odisha,9,7.23,12.63,17.94,27.72,68.4,312.95,1019.47,31.83,1.39,33.47,25.84,0.63,28.84
244,Malkangiri,Odisha,10,4.56,11.05,13.04,22.16,48.22,181.56,914.34,32.01,1.42,33.63,24.15,1.33,28.08
244,Malkangiri,Odisha,11,1.66,7.59,2.47,8.96,28.85,83.25,570.0,30.95,1.22,32.38,20.73,2.13,25.84
244,Malkangiri,Odisha,12,0.15,1.62,0.0,0.07,2.64,15.83,276.64,29.7,1.16,31.17,18.06,1.91,23.88
245,Mandya,Karnataka,1,0.1,1.04,0.03,0.11,2.15,5.44,134.96,27.75,1.04,29.07,14.87,1.46,21.31
245,Mandya,Karnataka,2,0.08,0.65,0.01,0.16,1.72,2.26,25.14,29.93,1.25,31.56,16.36,1.5,23.15
245,Mandya,Karnataka,3,0.39,1.99,0.39,2.02,10.13,7.58,15.36,32.2,1.3,33.7,18.64,1.4,25.42
245,Mandya,Karnataka,4,1.95,5.2,5.8,9.94,24.87,30.98,41.03,32.85,1.27,34.3,20.71,0.9,26.78
245,Mandya,Karnataka,5,4.65,9.24,14.97,24.42,44.03,97.03,136.91,31.7,1.63,33.44,21.18,0.76,26.44
245,Mandya,Karnataka,6,3.35,7.94,8.71,17.29,40.77,143.06,273.88,27.79,1.7,30.04,20.68,0.63,24.24
245,Mandya,Karnataka,7,2.3,4.89,5.84,10.53,23.46,67.48,308.66,26.53,1.24,28.23,20.25,0.52,23.39
245,Mandya,Karnataka,8,2.73,5.4,7.82,12.03,26.84,75.4,281.89,26.48,1.15,27.86,19.9,0.5,23.19
245,Mandya,Karnataka,9,4.43,8.35,15.26,22.33,40.16,106.35,247.86,27.46,1.12,28.86,19.61,0.55,23.54
245,Mandya,Karnataka,10,7.06,13.01,22.24,34.79,58.5,191.51,374.79,27.34,1.13,28.7,19.17,0.8,23.26
245,Mandya,Karnataka,11,1.49,4.76,3.99,8.32,24.64,120.69,422.18,26.65,1.16,27.89,17.42,1.59,22.03
245,Mandya,Karnataka,12,0.32,1.86,0.29,1.03,8.57,19.21,330.54,26.53,1.15,27.9,15.48,1.71,21.01
246,Mandi,Himachal Pradesh,1,1.63,4.07,5.24,8.84,20.98,38.47,69.85,21.85,2.56,24.97,7.87,2.09,14.86
246,Mandi,Himachal Pradesh,2,1.87,4.28,5.65,10.02,20.89,53.89,108.22,23.82,3.04,27.74,10.23,2.36,17.03
246,Mandi,Himachal Pradesh,3,2.14,4.34,6.91,11.2,21.36,61.54,153.17,28.8,3.58,33.37,14.25,2.6,21.52
246,Mandi,Himachal Pradesh,4,1.25,2.8,4.01,7.14,14.08,51.04,166.48,34.23,3.38,38.5,18.97,2.57,26.6
246,Mandi,Himachal Pradesh,5,1.72,3.99,5.38,8.64,20.53,46.83,159.19,37.89,3.03,41.42,22.85,2.23,30.37
246,Mandi,Himachal Pradesh,6,3.43,6.94,10.22,17.75,33.9,63.65,161.04,37.69,2.8,41.23,26.26,1.95,31.97
246,Mandi,Himachal Pradesh,7,8.66,12.36,25.77,34.2,52.98,189.44,301.69,34.15,1.95,36.53,27.96,1.13,31.06
246,Mandi,Himachal Pradesh,8,7.97,11.1,23.36,33.18,46.17,270.37,532.05,33.37,1.44,35.02,27.49,0.99,30.43
246,Mandi,Himachal Pradesh,9,4.21,9.6,12.65,23.33,39.65,177.37,645.17,33.49,1.57,35.25,24.44,1.81,28.96
246,Mandi,Himachal Pradesh,10,0.62,2.01,1.54,3.53,10.35,59.55,504.38,31.92,1.94,34.25,18.71,2.34,25.32
246,Mandi,Himachal Pradesh,11,0.46,1.46,1.24,3.16,6.62,15.27,246.33,27.95,1.92,30.15,13.82,1.98,20.89
246,Mandi,Himachal Pradesh,12,0.85,2.74,2.55,4.99,13.4,16.91,88.43,23.98,2.39,26.6,9.85,2.06,16.91
247,Mandla,Madhya Pradesh,1,0.95,3.13,2.85,5.2,17.35,21.61,51.2,24.23,2.37,27.32,10.96,2.45,17.6
247,Mandla,Madhya Pradesh,2,0.83,2.61,2.54,5.18,11.89,25.77,56.57,27.42,2.68,30.79,13.57,2.38,20.49
247,Mandla,Madhya Pradesh,3,0.8,2.8,1.86,4.84,14.47,26.46,73.36,32.43,2.91,35.94,17.82,2.39,25.12
247,Mandla,Madhya Pradesh,4,0.36,1.17,1.04,2.07,6.09,15.36,67.59,37.15,2.34,40.0,22.65,2.15,29.9
247,Mandla,Madhya Pradesh,5,0.33,1.07,0.86,2.05,5.84,7.57,49.06,39.5,2.05,42.04,26.5,1.89,33.0
247,Mandla,Madhya Pradesh,6,5.75,9.7,17.09,24.27,43.73,63.87,86.34,35.21,4.22,40.5,26.4,2.07,30.81
247,Mandla,Madhya Pradesh,7,13.69,14.33,33.59,42.45,64.5,320.74,396.09,29.37,2.17,32.15,24.21,1.1,26.79
247,Mandla,Madhya Pradesh,8,14.9,17.58,36.67,48.76,72.66,460.83,862.87,28.48,1.62,30.5,23.59,0.84,26.03
247,Mandla,Madhya Pradesh,9,6.88,10.52,20.72,30.31,47.16,324.06,1118.94,29.73,1.74,31.77,22.97,0.95,26.35
247,Mandla,Madhya Pradesh,10,1.5,4.22,4.66,8.56,22.06,105.33,886.79,30.03,1.6,32.09,19.54,2.35,24.78
247,Mandla,Madhya Pradesh,11,0.42,2.05,0.71,2.08,7.34,21.99,440.33,27.53,1.67,29.66,14.91,2.47,21.22
247,Mandla,Madhya Pradesh,12,0.32,1.28,0.71,1.85,5.31,9.23,131.18,24.91,1.86,27.2,11.24,2.19,18.08
248,Mandsaur,Madhya Pradesh,1,0.25,2.41,0.04,0.3,5.07,6.72,22.1,23.91,2.58,27.18,10.54,2.25,17.22
248,Mandsaur,Madhya Pradesh,2,0.09,0.85,0.0,0.05,1.26,4.64,16.47,27.11,3.0,31.05,12.97,2.62,20.04
248,Mandsaur,Madhya Pradesh,3,0.08,0.65,0.0,0.06,2.21,3.04,14.34,32.73,3.13,36.67,17.96,2.72,25.34
248,Mandsaur,Madhya Pradesh,4,0.03,0.4,0.0,0.02,0.59,1.17,8.9,37.65,2.49,40.65,23.08,2.42,30.37
248,Mandsaur,Madhya Pradesh,5,0.22,1.12,0.28,0.94,4.64,3.23,7.39,40.14,1.97,42.49,27.0,1.72,33.57
248,Mandsaur,Madhya Pradesh,6,3.16,7.92,9.66,19.13,37.37,36.99,41.44,37.1,3.25,41.43,27.02,1.68,32.06
248,Mandsaur,Madhya Pradesh,7,9.61,17.34,30.06,47.67,86.39,191.65,234.05,31.02,2.62,34.63,25.13,1.22,28.07
248,Mandsaur,Madhya Pradesh,8,9.65,16.83,29.54,47.44,80.89,322.23,562.37,29.19,1.62,31.16,24.18,0.84,26.69
248,Mandsaur,Madhya Pradesh,9,4.26,10.28,13.73,21.63,56.6,211.35,735.59,31.03,2.06,33.78,23.45,1.03,27.24
248,Mandsaur,Madhya Pradesh,10,0.61,3.96,0.32,1.56,17.76,55.09,585.47,32.31,1.93,34.66,20.24,2.2,26.27
248,Mandsaur,Madhya Pradesh,11,0.26,2.08,0.02,0.13,9.27,10.35,268.86,28.69,2.07,31.12,15.83,2.31,22.26
248,Mandsaur,Madhya Pradesh,12,0.14,1.04,0.02,0.1,4.01,5.12,67.33,25.16,2.21,27.89,11.77,2.26,18.47
249,Mathura,Uttar Pradesh,1,0.48,2.94,0.1,0.98,15.09,8.85,15.07,20.51,2.71,23.78,7.75,2.33,14.13
249,Mathura,Uttar Pradesh,2,0.47,2.44,0.15,1.82,14.71,14.11,24.11,24.28,3.01,28.07,10.78,2.7,17.53
249,Mathura,Uttar Pradesh,3,0.32,1.87,0.09,1.05,7.45,13.37,36.0,30.67,3.38,34.86,15.81,2.76,23.24
249,Mathura,Uttar Pradesh,4,0.17,0.98,0.02,0.24,5.24,5.89,33.39,37.28,3.09,41.16,21.52,2.76,29.4
249,Mathura,Uttar Pradesh,5,0.39,1.88,0.46,1.93,7.8,8.27,27.27,40.53,2.72,43.64,26.17,2.43,33.35
249,Mathura,Uttar Pradesh,6,0.92,3.68,2.38,5.31,12.8,15.07,29.26,39.35,3.14,43.22,28.58,1.97,33.96
249,Mathura,Uttar Pradesh,7,6.26,12.44,19.17,32.17,60.65,111.16,135.2,34.6,2.65,38.37,27.64,1.49,31.12
249,Mathura,Uttar Pradesh,8,7.29,14.17,24.36,37.25,72.12,214.75,347.39,33.07,1.8,35.43,26.81,1.0,29.94
249,Mathura,Uttar Pradesh,9,4.23,11.16,14.16,26.15,57.61,183.01,517.7,33.49,2.01,35.91,25.23,1.48,29.36
249,Mathura,Uttar Pradesh,10,0.61,3.99,0.06,1.21,19.05,57.6,454.14,32.78,2.2,35.51,19.83,2.58,26.3
249,Mathura,Uttar Pradesh,11,0.04,0.48,0.0,0.01,0.92,5.8,241.11,27.86,2.34,30.8,14.2,2.41,21.03
249,Mathura,Uttar Pradesh,12,0.07,0.55,0.0,0.03,2.24,1.29,61.17,22.59,2.64,25.64,9.3,2.41,15.94
250,Mau,Uttar Pradesh,1,0.46,2.85,0.26,1.29,14.28,9.52,29.86,21.59,2.57,24.55,9.45,2.26,15.52
250,Mau,Uttar Pradesh,2,0.59,4.92,0.32,1.48,11.42,14.58,28.49,25.16,2.55,28.5,12.31,2.34,18.74
250,Mau,Uttar Pradesh,3,0.63,4.62,0.36,1.36,16.6,18.04,41.81,31.3,2.96,34.86,16.95,2.53,24.12
250,Mau,Uttar Pradesh,4,0.51,3.09,0.32,1.69,11.92,15.21,47.85,36.74,2.41,39.63,22.18,2.07,29.46
250,Mau,Uttar Pradesh,5,0.68,2.74,1.01,4.1,13.35,17.68,50.89,37.82,2.4,40.89,25.48,1.68,31.65
250,Mau,Uttar Pradesh,6,5.07,13.66,15.68,32.42,76.2,66.16,99.09,36.24,3.28,40.66,27.01,1.47,31.63
250,Mau,Uttar Pradesh,7,11.07,19.97,34.8,55.58,98.65,283.25,370.25,32.38,1.81,34.52,26.57,1.03,29.48
250,Mau,Uttar Pradesh,8,10.03,19.98,31.24,56.66,97.88,300.92,663.67,32.04,1.28,33.62,26.43,0.81,29.23
250,Mau,Uttar Pradesh,9,7.06,17.74,21.05,40.11,82.58,270.3,863.14,31.73,1.55,33.58,25.54,1.11,28.64
250,Mau,Uttar Pradesh,10,1.46,7.36,1.02,5.82,37.67,118.97,687.11,31.16,1.54,33.06,21.38,2.54,26.27
250,Mau,Uttar Pradesh,11,0.24,2.39,0.0,0.07,2.69,17.18,400.27,28.15,1.72,30.3,15.71,2.46,21.93
250,Mau,Uttar Pradesh,12,0.12,0.84,0.0,0.1,4.35,4.47,134.98,23.7,2.24,26.05,10.94,2.11,17.32
251,Mayurbhanj,Odisha,1,0.44,2.35,0.17,1.51,12.09,7.37,63.22,24.88,1.98,27.42,12.82,2.21,18.85
251,Mayurbhanj,Odisha,2,1.17,5.3,1.51,6.52,29.07,24.53,37.7,28.33,2.52,31.54,15.73,2.22,22.03
251,Mayurbhanj,Odisha,3,0.89,3.28,1.81,5.48,19.03,28.34,59.6,33.02,2.38,35.82,19.78,2.03,26.4
251,Mayurbhanj,Odisha,4,1.69,4.31,5.49,9.92,23.38,39.09,91.75,35.94,2.06,38.42,23.31,1.67,29.63
251,Mayurbhanj,Odisha,5,3.08,6.77,9.71,13.98,35.67,69.71,137.33,35.86,2.1,38.4,25.25,1.65,30.55
251,Mayurbhanj,Odisha,6,8.66,15.1,24.09,39.4,76.08,166.75,276.97,33.01,2.78,36.65,25.83,1.31,29.42
251,Mayurbhanj,Odisha,7,10.22,13.6,26.66,36.3,65.98,290.41,531.35,30.44,1.41,32.21,25.17,0.79,27.8
251,Mayurbhanj,Odisha,8,11.19,15.11,31.04,44.23,68.28,340.63,808.05,30.28,1.25,31.82,24.98,0.68,27.63
251,Mayurbhanj,Odisha,9,9.83,15.27,28.72,43.49,77.03,316.89,951.34,30.51,1.46,32.21,24.55,0.78,27.53
251,Mayurbhanj,Odisha,10,3.72,10.83,11.08,20.54,62.27,202.08,859.5,30.0,1.54,31.92,22.1,1.83,26.05
251,Mayurbhanj,Odisha,11,0.6,3.79,0.15,2.7,14.23,51.84,566.39,27.78,1.5,29.66,17.67,2.38,22.72
251,Mayurbhanj,Odisha,12,0.09,0.79,0.0,0.03,2.92,7.15,253.78,25.1,1.54,27.01,13.52,2.0,19.31
252,Meerut,Uttar Pradesh,1,0.91,4.3,1.76,4.97,16.3,26.53,43.61,19.29,2.6,22.44,6.96,2.13,13.12
252,Meerut,Uttar Pradesh,2,1.14,5.29,1.62,5.04,22.35,31.53,65.21,22.36,2.78,25.79,9.65,2.45,16.01
252,Meerut,Uttar Pradesh,3,0.8,3.94,1.25,3.8,16.82,31.47,89.08,28.17,3.31,32.39,14.14,2.58,21.15
252,Meerut,Uttar Pradesh,4,0.5,3.78,0.57,1.58,9.23,17.04,79.97,34.68,3.19,38.7,19.31,2.67,26.99
252,Meerut,Uttar Pradesh,5,0.75,2.95,1.39,4.38,15.99,16.69,64.64,37.73,2.87,41.12,23.47,2.35,30.6
252,Meerut,Uttar Pradesh,6,3.37,9.09,10.45,18.92,44.1,50.22,83.89,36.84,3.17,40.93,25.83,1.82,31.34
252,Meerut,Uttar Pradesh,7,9.31,17.29,26.94,39.5,78.28,196.05,264.94,32.78,2.33,35.79,25.82,1.32,29.3
252,Meerut,Uttar Pradesh,8,10.26,20.62,29.42,46.92,110.99,311.02,567.87,31.71,1.69,33.72,25.35,0.96,28.53
252,Meerut,Uttar Pradesh,9,5.7,14.59,18.28,33.27,70.46,255.52,772.38,31.69,1.85,33.79,23.63,1.45,27.66
252,Meerut,Uttar Pradesh,10,0.73,3.26,1.27,3.57,15.83,73.51,637.48,30.68,1.98,33.0,18.3,2.51,24.49
252,Meerut,Uttar Pradesh,11,0.11,1.11,0.0,0.06,1.86,10.2,331.61,26.32,2.1,28.89,13.0,2.16,19.66
252,Meerut,Uttar Pradesh,12,0.6,3.78,0.54,1.5,20.9,7.26,86.1,21.49,2.57,24.27,8.49,2.22,14.99
253,Mirzapur,Uttar Pradesh,1,0.48,2.22,0.32,2.32,11.59,9.89,23.32,22.14,2.59,25.3,9.94,2.42,16.04
253,Mirzapur,Uttar Pradesh,2,0.66,2.79,0.59,3.75,13.86,18.04,30.24,25.98,2.76,29.5,12.68,2.43,19.33
253,Mirzapur,Uttar Pradesh,3,0.33,2.16,0.02,0.78,11.33,15.67,43.13,32.05,3.03,35.69,17.27,2.55,24.66
253,Mirzapur,Uttar Pradesh,4,0.12,0.71,0.03,0.41,3.82,4.45,37.95,37.74,2.5,40.72,22.52,2.18,30.13
253,Mirzapur,Uttar Pradesh,5,0.21,0.83,0.32,1.39,4.39,5.12,24.71,39.66,2.19,42.36,26.27,1.8,32.96
253,Mirzapur,Uttar Pradesh,6,3.44,8.3,11.42,19.33,42.66,34.41,43.96,37.29,3.58,41.86,27.92,1.68,32.6
253,Mirzapur,Uttar Pradesh,7,9.62,13.32,28.38,39.53,59.76,219.28,261.29,32.53,2.02,35.13,26.75,1.15,29.64
253,Mirzapur,Uttar Pradesh,8,9.01,13.04,27.6,38.11,57.09,288.96,554.52,31.81,1.31,33.45,26.39,0.8,29.1
253,Mirzapur,Uttar Pradesh,9,6.53,12.9,21.52,33.65,61.25,246.78,764.47,31.79,1.59,33.7,25.54,1.06,28.66
253,Mirzapur,Uttar Pradesh,10,1.07,4.89,1.43,5.36,21.89,94.67,627.85,31.28,1.64,33.29,21.4,2.54,26.34
253,Mirzapur,Uttar Pradesh,11,0.16,1.81,0.0,0.0,2.72,12.19,347.59,27.96,1.82,30.18,15.84,2.5,21.9
253,Mirzapur,Uttar Pradesh,12,0.12,0.93,0.0,0.06,3.65,2.86,104.49,23.76,2.13,26.02,11.27,2.16,17.52
254,Moradabad,Uttar Pradesh,1,1.06,6.23,0.23,2.83,33.31,24.33,40.3,20.19,2.64,23.37,7.73,2.05,13.96
254,Moradabad,Uttar Pradesh,2,1.28,6.39,0.54,5.64,36.27,33.39,62.53,23.28,2.75,26.65,10.22,2.33,16.75
254,Moradabad,Uttar Pradesh,3,0.84,5.1,0.4,1.71,27.89,36.34,93.38,29.17,3.2,33.2,14.51,2.55,21.84
254,Moradabad,Uttar Pradesh,4,0.38,2.62,0.17,0.95,9.28,13.17,82.92,35.33,3.01,39.04,19.55,2.57,27.44
254,Moradabad,Uttar Pradesh,5,0.88,3.95,0.74,5.41,17.67,19.7,68.56,37.8,2.74,41.05,23.71,2.19,30.76
254,Moradabad,Uttar Pradesh,6,3.54,10.59,10.83,21.86,48.06,53.81,86.65,36.8,3.22,41.02,26.02,1.71,31.41
254,Moradabad,Uttar Pradesh,7,10.73,22.83,33.41,55.31,116.76,228.43,304.34,32.85,2.22,35.69,26.19,1.22,29.52
254,Moradabad,Uttar Pradesh,8,11.23,24.62,36.33,59.05,113.57,337.34,631.47,31.98,1.6,33.92,25.82,0.9,28.9
254,Moradabad,Uttar Pradesh,9,6.89,18.03,21.93,37.38,92.16,289.52,866.43,31.86,1.84,33.92,24.17,1.38,28.01
254,Moradabad,Uttar Pradesh,10,1.15,7.49,0.28,3.22,33.62,100.03,724.08,31.1,1.88,33.21,18.84,2.56,24.97
254,Moradabad,Uttar Pradesh,11,0.04,0.42,0.0,0.02,1.02,11.53,393.33,27.11,2.02,29.6,13.57,2.1,20.34
254,Moradabad,Uttar Pradesh,12,0.38,2.84,0.04,0.24,11.35,5.19,110.98,22.44,2.54,25.14,9.27,2.1,15.85
255,Morena,Madhya Pradesh,1,0.34,1.87,0.1,0.94,9.66,6.79,17.76,21.28,2.7,24.6,8.48,2.36,14.88
255,Morena,Madhya Pradesh,2,0.26,1.48,0.03,0.88,8.03,8.71,18.88,25.33,3.08,29.26,11.46,2.74,18.4
255,Morena,Madhya Pradesh,3,0.26,1.74,0.09,0.83,7.5,9.08,24.38,31.77,3.35,35.9,16.71,2.77,24.24
255,Morena,Madhya Pradesh,4,0.11,0.86,0.04,0.3,2.51,4.83,22.67,37.98,2.92,41.52,22.33,2.7,30.16
255,Morena,Madhya Pradesh,5,0.22,1.02,0.3,0.88,5.67,4.57,18.38,41.23,2.4,44.05,27.16,2.32,34.2
255,Morena,Madhya Pradesh,6,1.66,4.62,5.12,9.39,21.61,18.54,27.87,39.52,3.25,43.44,29.21,1.93,34.36
255,Morena,Madhya Pradesh,7,6.67,10.18,19.76,27.99,48.32,135.75,160.14,34.06,2.74,38.06,27.49,1.52,30.77
255,Morena,Madhya Pradesh,8,8.41,12.88,26.05,37.42,61.51,242.99,404.91,32.34,1.71,34.55,26.44,0.94,29.39
255,Morena,Madhya Pradesh,9,4.23,9.73,13.9,25.89,44.92,195.63,583.17,33.05,1.97,35.56,25.26,1.28,29.16
255,Morena,Madhya Pradesh,10,0.86,4.78,0.17,2.87,25.13,60.58,498.45,32.74,2.17,35.41,20.42,2.42,26.58
255,Morena,Madhya Pradesh,11,0.12,1.07,0.0,0.0,2.53,8.33,258.13,28.04,2.32,30.89,14.93,2.43,21.49
255,Morena,Madhya Pradesh,12,0.11,1.05,0.0,0.03,2.74,3.4,69.02,23.04,2.5,26.13,10.12,2.36,16.58
256,Mungeli,Chhattisgarh,1,0.8,3.98,0.42,3.93,17.81,14.16,39.16,25.11,2.25,28.05,11.97,2.41,18.54
256,Mungeli,Chhattisgarh,2,0.89,3.82,0.81,5.03,22.06,26.87,45.4,28.33,2.69,31.7,14.4,2.31,21.37
256,Mungeli,Chhattisgarh,3,0.73,3.85,0.57,3.05,20.68,25.35,65.7,33.42,2.89,36.89,18.48,2.32,25.95
256,Mungeli,Chhattisgarh,4,0.55,2.64,0.47,2.2,12.91,17.71,69.74,38.01,2.43,40.95,23.08,2.06,30.54
256,Mungeli,Chhattisgarh,5,0.68,4.11,0.71,2.62,14.36,16.37,59.03,40.34,2.21,43.05,26.65,1.81,33.49
256,Mungeli,Chhattisgarh,6,6.63,14.63,20.84,36.53,73.54,76.47,110.52,35.86,4.22,41.29,26.8,1.93,31.33
256,Mungeli,Chhattisgarh,7,12.33,16.5,35.86,48.6,74.69,322.39,419.64,30.43,2.05,33.01,24.79,0.96,27.61
256,Mungeli,Chhattisgarh,8,12.35,18.37,35.65,50.68,84.43,392.26,807.2,29.79,1.57,31.74,24.35,0.76,27.07
256,Mungeli,Chhattisgarh,9,7.31,13.7,23.08,38.4,64.24,301.07,1025.16,30.7,1.56,32.56,23.84,0.88,27.27
256,Mungeli,Chhattisgarh,10,2.24,8.82,4.32,12.88,40.41,124.93,815.26,30.63,1.52,32.49,20.53,2.27,25.58
256,Mungeli,Chhattisgarh,11,0.18,1.2,0.02,0.28,6.58,22.62,440.57,28.25,1.55,30.18,15.88,2.47,22.07
256,Mungeli,Chhattisgarh,12,0.15,1.08,0.03,0.22,5.05,4.56,146.54,25.65,1.73,27.77,12.19,2.18,18.92
257,Muzaffarnagar,Uttar Pradesh,1,1.14,5.55,1.7,5.07,22.76,26.39,43.35,19.05,2.56,22.13,6.76,2.12,12.91
257,Muzaffarnagar,Uttar Pradesh,2,1.37,6.03,2.05,6.27,32.49,39.93,71.65,22.01,2.81,25.48,9.27,2.39,15.64
257,Muzaffarnagar,Uttar Pradesh,3,1.03,5.6,1.46,3.75,18.72,38.86,104.25,27.68,3.35,31.93,13.53,2.57,20.61
257,Muzaffarnagar,Uttar Pradesh,4,0.63,4.74,0.66,1.97,11.36,21.08,99.71,34.11,3.24,38.21,18.53,2.7,26.32
257,Muzaffarnagar,Uttar Pradesh,5,0.87,3.2,1.69,4.77,16.14,20.97,80.33,37.16,2.93,40.58,22.66,2.38,29.91
257,Muzaffarnagar,Uttar Pradesh,6,3.3,8.85,9.81,16.95,41.88,52.89,94.81,36.23,3.21,40.42,25.06,1.84,30.65
257,Muzaffarnagar,Uttar Pradesh,7,10.47,19.0,30.82,44.17,84.87,209.15,284.87,32.24,2.28,35.14,25.31,1.3,28.78
257,Muzaffarnagar,Uttar Pradesh,8,10.34,19.86,28.68,47.44,99.92,335.9,609.44,31.28,1.7,33.32,24.89,0.96,28.09
257,Muzaffarnagar,Uttar Pradesh,9,5.92,15.32,16.89,32.29,79.67,253.55,809.73,31.24,1.83,33.35,23.12,1.48,27.18
257,Muzaffarnagar,Uttar Pradesh,10,0.89,4.31,1.28,3.32,22.12,81.03,666.96,30.26,1.94,32.48,17.68,2.55,23.97
257,Muzaffarnagar,Uttar Pradesh,11,0.14,1.6,0.0,0.12,1.9,11.76,338.98,26.04,2.07,28.55,12.47,2.1,19.26
257,Muzaffarnagar,Uttar Pradesh,12,0.46,2.76,0.46,1.17,14.51,6.1,93.98,21.26,2.57,24.06,8.23,2.19,14.74
258,Mysuru,Karnataka,1,0.05,0.61,0.0,0.02,0.85,4.15,140.14,27.38,0.92,28.57,14.72,1.38,21.05
258,Mysuru,Karnataka,2,0.05,0.33,0.02,0.14,1.2,1.32,25.9,29.41,1.11,30.88,16.0,1.41,22.7
258,Mysuru,Karnataka,3,0.5,2.24,0.75,2.54,10.61,8.18,13.73,31.49,1.19,32.85,18.1,1.28,24.8
258,Mysuru,Karnataka,4,2.25,4.92,7.08,11.45,21.53,36.69,46.44,31.9,1.19,33.3,20.09,0.87,26.0
258,Mysuru,Karnataka,5,4.85,8.85,15.09,23.3,42.66,111.36,157.83,30.51,1.58,32.17,20.66,0.76,25.59
258,Mysuru,Karnataka,6,5.78,12.81,15.87,26.24,60.83,174.61,325.81,26.46,1.68,28.78,20.26,0.65,23.36
258,Mysuru,Karnataka,7,5.04,9.22,13.49,20.97,48.5,148.2,436.51,25.29,1.15,26.86,19.79,0.53,22.54
258,Mysuru,Karnataka,8,4.59,9.11,12.81,19.4,44.77,144.98,467.58,25.4,1.12,26.76,19.48,0.52,22.44
258,Mysuru,Karnataka,9,4.26,7.68,12.72,21.73,36.26,128.22,420.1,26.53,1.08,27.9,19.25,0.54,22.89
258,Mysuru,Karnataka,10,6.17,10.36,18.88,28.71,44.73,168.91,441.65,26.74,1.06,28.02,18.85,0.75,22.8
258,Mysuru,Karnataka,11,1.87,5.48,5.52,10.58,25.31,123.0,421.22,26.21,1.03,27.29,17.34,1.46,21.78
258,Mysuru,Karnataka,12,0.28,1.61,0.18,1.08,7.15,22.74,313.84,26.19,1.02,27.38,15.48,1.65,20.84
259,Nabarangapur,Odisha,1,0.5,3.62,0.11,0.5,16.49,9.52,55.64,26.81,1.64,28.8,14.48,1.95,20.64
259,Nabarangapur,Odisha,2,0.64,3.56,0.3,1.48,22.26,16.94,34.83,29.97,2.0,32.54,16.58,1.79,23.28
259,Nabarangapur,Odisha,3,0.62,3.41,0.7,2.82,12.92,19.72,46.03,33.96,1.86,36.14,20.13,1.78,27.04
259,Nabarangapur,Odisha,4,1.16,4.32,2.3,6.64,20.7,23.71,60.49,36.49,1.63,38.36,23.76,1.5,30.12
259,Nabarangapur,Odisha,5,1.82,6.89,3.87,8.45,32.97,45.27,89.13,37.67,2.02,39.96,26.01,1.48,31.84
259,Nabarangapur,Odisha,6,6.38,13.41,20.12,35.27,65.88,105.03,174.88,33.16,3.49,38.14,25.55,1.59,29.35
259,Nabarangapur,Odisha,7,11.13,17.79,35.91,50.73,74.49,274.84,428.64,29.07,1.69,31.11,23.96,0.85,26.52
259,Nabarangapur,Odisha,8,11.08,16.82,31.69,54.71,73.82,358.9,751.27,28.65,1.38,30.46,23.61,0.74,26.13
259,Nabarangapur,Odisha,9,7.38,14.83,22.75,37.85,67.9,280.71,922.3,29.81,1.35,31.44,23.23,0.64,26.52
259,Nabarangapur,Odisha,10,2.59,9.74,5.65,13.4,50.5,143.08,780.22,29.71,1.38,31.41,21.21,1.49,25.46
259,Nabarangapur,Odisha,11,0.78,4.99,0.38,2.1,28.91,38.44,455.87,27.88,1.29,29.44,17.61,2.21,22.75
259,Nabarangapur,Odisha,12,0.18,1.89,0.0,0.16,2.34,10.44,186.76,26.23,1.28,27.86,14.62,2.01,20.43
260,Nagaur,Rajasthan,1,0.07,0.52,0.0,0.13,2.08,1.7,5.0,22.4,2.57,25.62,8.19,2.34,15.3
260,Nagaur,Rajasthan,2,0.15,0.88,0.04,0.48,4.5,3.17,5.35,25.86,3.24,30.15,11.08,2.9,18.47
260,Nagaur,Rajasthan,3,0.05,0.34,0.02,0.17,1.38,3.4,8.22,31.93,3.46,36.28,16.63,2.92,24.28
260,Nagaur,Rajasthan,4,0.14,0.79,0.06,0.53,3.03,2.68,9.24,37.54,3.03,41.3,21.98,2.8,29.76
260,Nagaur,Rajasthan,5,0.35,1.31,0.69,2.1,6.56,6.73,12.74,40.51,2.47,43.46,26.53,2.31,33.52
260,Nagaur,Rajasthan,6,1.05,3.27,3.03,6.19,14.73,18.27,27.87,39.26,2.57,42.55,28.4,1.72,33.83
260,Nagaur,Rajasthan,7,5.26,9.38,16.82,24.67,43.36,94.87,120.59,34.95,2.58,38.37,26.93,1.4,30.94
260,Nagaur,Rajasthan,8,3.52,6.45,10.51,17.63,30.71,142.61,261.18,33.15,1.8,35.49,25.69,0.97,29.42
260,Nagaur,Rajasthan,9,1.79,4.99,5.74,10.56,25.41,79.27,322.32,34.33,1.98,36.82,24.51,1.25,29.42
260,Nagaur,Rajasthan,10,0.24,1.22,0.04,0.95,6.84,24.85,243.99,34.0,2.15,36.59,20.24,2.45,27.12
260,Nagaur,Rajasthan,11,0.04,0.33,0.0,0.01,1.07,2.93,104.43,28.99,2.37,31.84,14.59,2.4,21.79
260,Nagaur,Rajasthan,12,0.03,0.3,0.0,0.0,0.35,0.55,26.74,24.19,2.52,27.33,9.67,2.36,16.93
261,Nainital,Uttarakhand,1,1.51,6.3,1.69,8.48,33.9,34.17,62.5,17.08,2.58,20.2,5.44,1.97,11.26
261,Nainital,Uttarakhand,2,2.1,8.65,3.66,12.8,33.54,50.79,94.23,19.78,2.72,23.05,7.74,2.25,13.76
261,Nainital,Uttarakhand,3,1.58,6.84,1.93,10.19,38.26,61.41,145.53,25.21,3.1,29.14,11.89,2.55,18.55
261,Nainital,Uttarakhand,4,0.86,3.62,1.36,4.22,17.7,30.77,143.16,30.8,2.94,34.42,16.78,2.5,23.79
261,Nainital,Uttarakhand,5,2.22,6.38,6.82,13.15,32.91,49.88,141.19,33.13,2.72,36.41,20.38,2.17,26.76
261,Nainital,Uttarakhand,6,6.28,16.58,17.64,29.8,63.82,108.94,189.89,32.25,3.12,36.37,22.61,1.66,27.43
261,Nainital,Uttarakhand,7,13.2,23.93,35.27,51.08,120.12,314.02,476.97,28.89,2.04,31.42,23.13,1.18,26.01
261,Nainital,Uttarakhand,8,12.78,24.46,32.42,53.48,120.42,396.89,833.89,28.3,1.51,30.13,22.74,0.89,25.52
261,Nainital,Uttarakhand,9,8.38,21.68,21.04,37.04,123.06,327.81,1048.98,28.11,1.75,30.04,20.95,1.34,24.53
261,Nainital,Uttarakhand,10,1.37,7.61,1.45,4.85,33.48,130.62,851.73,26.9,1.86,29.07,16.19,2.38,21.55
261,Nainital,Uttarakhand,11,0.32,3.65,0.01,0.23,3.66,18.91,469.12,23.15,1.86,25.44,11.41,1.98,17.28
261,Nainital,Uttarakhand,12,0.55,3.49,0.29,1.2,15.27,10.1,152.71,19.14,2.41,21.71,7.32,2.01,13.23
262,Narainpur,Chhattisgarh,1,0.47,2.24,0.66,2.11,10.29,8.45,62.52,26.82,1.75,28.92,14.42,2.09,20.62
262,Narainpur,Chhattisgarh,2,0.35,2.01,0.61,1.61,5.32,12.9,28.47,29.89,2.05,32.48,16.91,1.91,23.4
262,Narainpur,Chhattisgarh,3,0.46,2.01,0.57,1.98,11.57,11.95,32.97,34.04,2.19,36.72,20.56,1.86,27.3
262,Narainpur,Chhattisgarh,4,1.05,3.55,2.33,6.6,18.34,22.13,46.98,37.09,1.87,39.26,24.34,1.58,30.71
262,Narainpur,Chhattisgarh,5,1.02,3.09,3.08,5.42,14.21,29.43,63.97,38.69,2.15,41.08,26.81,1.61,32.75
262,Narainpur,Chhattisgarh,6,6.16,10.38,16.71,26.84,49.85,96.32,148.38,33.68,3.97,39.21,25.81,1.91,29.74
262,Narainpur,Chhattisgarh,7,12.14,15.37,30.57,41.03,72.68,279.7,408.51,28.8,1.86,31.23,23.85,0.99,26.32
262,Narainpur,Chhattisgarh,8,16.34,21.19,41.23,54.55,90.35,461.02,851.42,28.16,1.49,30.08,23.36,0.79,25.76
262,Narainpur,Chhattisgarh,9,7.09,10.76,20.32,29.17,51.57,351.97,1104.33,29.6,1.47,31.35,23.19,0.63,26.39
262,Narainpur,Chhattisgarh,10,3.33,8.04,11.23,17.39,41.16,150.85,962.49,29.87,1.42,31.64,21.08,1.69,25.48
262,Narainpur,Chhattisgarh,11,0.74,3.39,1.28,3.9,13.82,49.68,541.7,28.24,1.34,29.85,17.23,2.36,22.73
262,Narainpur,Chhattisgarh,12,0.17,1.68,0.05,0.36,2.59,7.95,203.79,26.63,1.36,28.38,14.16,2.1,20.4
263,Narmada,Gujarat,1,0.01,0.1,0.0,0.0,0.13,0.28,13.58,27.05,2.03,29.67,14.24,1.93,20.64
263,Narmada,Gujarat,2,0.0,0.05,0.0,0.0,0.04,0.18,2.86,29.6,2.5,32.85,16.09,2.24,22.85
263,Narmada,Gujarat,3,0.02,0.3,0.0,0.0,0.1,0.43,0.88,34.26,2.56,37.42,20.09,2.17,27.18
263,Narmada,Gujarat,4,0.0,0.05,0.0,0.0,0.08,0.2,0.81,37.84,1.91,40.21,23.51,1.66,30.68
263,Narmada,Gujarat,5,0.27,2.88,0.0,0.08,4.09,2.07,2.7,38.63,1.56,40.53,26.14,1.11,32.39
263,Narmada,Gujarat,6,5.86,16.42,16.67,35.06,79.36,67.5,69.83,34.82,2.84,38.47,26.77,1.13,30.8
263,Narmada,Gujarat,7,10.8,19.79,30.64,47.6,94.56,266.56,340.24,30.18,1.85,32.66,25.5,0.92,27.84
263,Narmada,Gujarat,8,9.93,18.27,25.32,43.06,98.81,344.64,693.08,29.15,1.35,30.77,24.72,0.7,26.93
263,Narmada,Gujarat,9,6.29,17.41,16.76,29.45,91.25,233.35,852.37,30.69,1.71,32.91,24.48,0.84,27.59
263,Narmada,Gujarat,10,0.96,4.61,1.33,4.11,24.31,100.19,675.19,32.8,1.58,34.63,22.52,1.98,27.66
263,Narmada,Gujarat,11,0.22,1.87,0.09,0.35,5.8,11.46,338.74,30.72,1.61,32.75,18.67,2.25,24.69
263,Narmada,Gujarat,12,0.02,0.2,0.0,0.0,0.24,2.53,108.86,28.01,1.76,30.06,15.36,1.99,21.69
264,Narshimapura,Madhya Pradesh,1,0.78,2.92,1.69,4.53,17.31,17.89,46.57,24.65,2.45,27.89,11.47,2.37,18.06
264,Narshimapura,Madhya Pradesh,2,0.81,2.97,1.65,4.14,16.49,22.68,51.65,28.05,2.77,31.63,13.93,2.36,20.99
264,Narshimapura,Madhya Pradesh,3,0.78,4.03,1.02,2.85,20.43,27.11,67.32,33.33,2.95,36.97,18.26,2.36,25.79
264,Narshimapura,Madhya Pradesh,4,0.17,0.95,0.29,0.81,2.49,10.6,60.47,38.2,2.29,40.93,23.23,2.16,30.72
264,Narshimapura,Madhya Pradesh,5,0.41,1.76,0.87,1.88,7.46,5.84,43.1,40.47,1.92,42.84,27.4,1.84,33.93
264,Narshimapura,Madhya Pradesh,6,5.7,11.29,15.58,26.97,59.31,66.27,82.25,36.23,4.06,41.48,27.27,2.06,31.75
264,Narshimapura,Madhya Pradesh,7,14.4,19.59,38.95,52.32,85.87,329.91,406.02,30.14,2.41,33.29,24.91,1.16,27.52
264,Narshimapura,Madhya Pradesh,8,13.58,18.79,38.24,53.66,88.14,445.79,859.85,28.95,1.7,31.14,24.12,0.84,26.53
264,Narshimapura,Madhya Pradesh,9,6.82,12.16,20.63,31.37,53.63,308.45,1097.46,30.52,1.92,32.82,23.48,0.95,27.0
264,Narshimapura,Madhya Pradesh,10,1.13,3.8,2.74,7.02,18.45,98.01,847.32,31.29,1.71,33.41,20.07,2.25,25.68
264,Narshimapura,Madhya Pradesh,11,0.51,3.07,0.66,1.93,12.02,18.12,414.55,28.41,1.76,30.69,15.7,2.34,22.05
264,Narshimapura,Madhya Pradesh,12,0.29,1.85,0.28,1.06,6.45,11.01,121.73,25.41,1.96,27.88,12.03,2.11,18.72
265,Nayagarh,Odisha,1,0.37,2.49,0.01,0.63,10.51,7.67,79.58,27.16,1.75,29.28,16.39,2.09,21.78
265,Nayagarh,Odisha,2,1.05,5.47,0.48,4.11,27.12,17.34,32.24,30.5,2.15,33.23,18.69,1.99,24.6
265,Nayagarh,Odisha,3,0.8,3.56,1.09,3.96,16.55,30.99,55.76,34.53,1.85,36.7,21.91,1.7,28.22
265,Nayagarh,Odisha,4,1.08,4.28,1.98,6.86,19.75,24.15,72.71,36.97,1.52,38.72,24.74,1.48,30.85
265,Nayagarh,Odisha,5,1.85,6.07,5.36,10.49,28.4,45.3,100.56,37.54,1.82,39.65,26.66,1.52,32.1
265,Nayagarh,Odisha,6,7.13,14.06,23.88,36.71,67.42,121.54,191.67,34.29,2.92,38.12,26.9,1.43,30.6
265,Nayagarh,Odisha,7,10.98,17.85,31.62,47.55,81.68,284.29,454.99,31.33,1.57,33.22,25.99,0.93,28.66
265,Nayagarh,Odisha,8,12.19,17.52,34.97,53.21,74.33,359.04,777.33,31.05,1.34,32.71,25.84,0.88,28.44
265,Nayagarh,Odisha,9,7.72,13.67,23.25,35.54,69.11,303.75,953.56,31.56,1.34,33.13,25.67,0.79,28.62
265,Nayagarh,Odisha,10,3.35,10.75,8.17,18.51,62.64,162.26,823.37,31.06,1.47,32.87,23.82,1.56,27.44
265,Nayagarh,Odisha,11,1.14,6.67,0.26,3.01,32.35,65.72,525.22,29.05,1.42,30.81,20.01,2.22,24.53
265,Nayagarh,Odisha,12,0.09,0.85,0.0,0.0,2.04,8.75,231.48,26.86,1.38,28.52,16.69,1.97,21.77
266,Potti Sriramulu Nellore,Andhra Pradesh,1,0.21,1.19,0.23,0.65,5.76,21.83,378.71,29.46,1.06,30.78,20.05,1.23,24.76
266,Potti Sriramulu Nellore,Andhra Pradesh,2,0.1,0.57,0.01,0.24,2.81,3.43,121.09,32.1,1.4,33.94,21.05,1.41,26.58
266,Potti Sriramulu Nellore,Andhra Pradesh,3,0.12,0.88,0.03,0.26,3.39,3.36,29.72,35.21,1.41,36.98,23.13,1.45,29.17
266,Potti Sriramulu Nellore,Andhra Pradesh,4,0.36,1.96,0.34,1.19,7.83,7.29,14.17,37.34,1.35,39.01,25.92,1.1,31.63
266,Potti Sriramulu Nellore,Andhra Pradesh,5,1.03,4.74,1.42,5.05,19.41,24.21,35.02,38.52,1.85,40.65,28.09,1.04,33.3
266,Potti Sriramulu Nellore,Andhra Pradesh,6,1.7,5.47,4.33,8.13,20.86,38.66,70.85,36.41,1.84,38.5,27.88,0.93,32.15
266,Potti Sriramulu Nellore,Andhra Pradesh,7,2.73,5.53,8.1,13.15,25.73,64.99,128.91,34.34,1.68,36.39,26.75,0.83,30.55
266,Potti Sriramulu Nellore,Andhra Pradesh,8,3.34,6.74,9.84,16.24,34.04,92.17,198.0,33.53,1.41,35.11,26.28,0.69,29.91
266,Potti Sriramulu Nellore,Andhra Pradesh,9,3.41,6.37,10.73,15.8,34.4,95.31,254.23,33.4,1.4,35.04,25.84,0.61,29.62
266,Potti Sriramulu Nellore,Andhra Pradesh,10,7.9,15.31,23.52,42.71,73.81,153.09,341.35,31.81,1.61,33.71,24.57,0.78,28.19
266,Potti Sriramulu Nellore,Andhra Pradesh,11,6.45,12.5,20.95,31.62,63.54,265.12,515.33,29.64,1.19,31.02,22.59,1.34,26.12
266,Potti Sriramulu Nellore,Andhra Pradesh,12,1.83,5.33,4.7,11.67,28.09,107.51,527.68,28.67,0.93,29.76,20.86,1.31,24.76
267,New Delhi,Delhi,1,0.64,2.59,1.01,3.96,16.17,14.95,22.23,19.84,2.67,23.0,7.22,2.27,13.53
267,New Delhi,Delhi,2,0.78,2.87,1.77,4.74,15.73,20.52,39.44,23.28,2.89,26.93,10.18,2.61,16.73
267,New Delhi,Delhi,3,0.4,1.73,0.36,2.6,8.67,17.63,53.0,29.36,3.38,33.63,14.98,2.67,22.17
267,New Delhi,Delhi,4,0.32,1.62,0.1,2.02,6.36,10.32,48.35,36.11,3.22,40.14,20.55,2.77,28.33
267,New Delhi,Delhi,5,0.92,3.62,1.5,5.31,20.02,17.1,44.65,39.45,2.9,42.79,25.01,2.45,32.23
267,New Delhi,Delhi,6,3.08,10.88,9.44,18.97,52.23,43.83,71.46,38.59,3.12,42.53,27.55,1.92,33.07
267,New Delhi,Delhi,7,6.46,12.41,20.98,33.63,57.03,159.47,222.63,34.32,2.5,37.83,27.1,1.45,30.71
267,New Delhi,Delhi,8,8.27,15.28,25.94,41.37,75.06,225.74,436.48,32.94,1.77,35.12,26.4,1.02,29.67
267,New Delhi,Delhi,9,4.83,12.49,17.65,34.4,58.65,220.39,611.88,33.08,1.95,35.35,24.61,1.52,28.84
267,New Delhi,Delhi,10,0.31,1.87,0.27,1.69,5.57,51.99,496.83,32.06,2.11,34.62,19.18,2.54,25.62
267,New Delhi,Delhi,11,0.08,0.55,0.0,0.02,3.1,3.91,269.79,27.21,2.22,29.98,13.65,2.28,20.43
267,New Delhi,Delhi,12,0.22,0.97,0.23,1.19,6.15,3.98,55.75,22.03,2.63,24.99,8.81,2.32,15.42
269,Nimach,Madhya Pradesh,1,0.22,2.36,0.01,0.19,3.29,4.53,15.53,23.32,2.57,26.67,10.08,2.23,16.7
269,Nimach,Madhya Pradesh,2,0.08,0.67,0.0,0.04,2.34,4.24,11.8,26.61,3.04,30.65,12.5,2.65,19.55
269,Nimach,Madhya Pradesh,3,0.08,0.85,0.0,0.04,1.49,2.9,11.56,32.39,3.18,36.43,17.55,2.76,24.97
269,Nimach,Madhya Pradesh,4,0.05,0.5,0.0,0.03,1.04,1.7,8.89,37.44,2.56,40.54,22.67,2.48,30.05
269,Nimach,Madhya Pradesh,5,0.22,1.29,0.19,0.72,5.18,3.22,7.8,40.07,2.01,42.46,26.74,1.81,33.4
269,Nimach,Madhya Pradesh,6,2.94,8.15,8.71,17.2,41.53,35.21,40.17,37.23,3.13,41.4,26.98,1.68,32.11
269,Nimach,Madhya Pradesh,7,9.79,17.84,31.49,48.42,80.93,190.92,231.37,31.27,2.66,34.9,25.06,1.26,28.17
269,Nimach,Madhya Pradesh,8,9.63,16.67,30.4,48.86,75.08,324.56,562.09,29.42,1.65,31.48,24.07,0.87,26.75
269,Nimach,Madhya Pradesh,9,4.3,10.31,14.26,28.51,49.25,212.95,739.22,31.21,2.06,33.98,23.33,1.07,27.27
269,Nimach,Madhya Pradesh,10,0.62,3.77,0.15,1.44,17.84,54.31,588.66,32.17,1.97,34.57,20.1,2.21,26.13
269,Nimach,Madhya Pradesh,11,0.15,1.33,0.02,0.08,4.05,8.25,267.57,28.25,2.14,30.75,15.6,2.31,21.93
269,Nimach,Madhya Pradesh,12,0.07,0.94,0.0,0.04,0.98,3.06,62.23,24.58,2.24,27.29,11.43,2.28,18.01
270,North,Delhi,1,0.8,4.75,1.14,3.61,17.39,21.6,38.28,19.75,2.64,22.92,7.16,2.26,13.46
270,North,Delhi,2,0.91,4.11,1.47,4.71,20.72,25.22,53.47,23.11,2.89,26.76,10.1,2.59,16.6
270,North,Delhi,3,0.63,3.47,1.02,2.48,17.12,24.71,71.22,29.14,3.4,33.51,14.82,2.66,21.98
270,North,Delhi,4,0.28,1.53,0.34,1.25,6.42,11.04,60.98,35.9,3.26,39.96,20.3,2.77,28.1
270,North,Delhi,5,0.6,3.14,0.68,2.36,11.91,12.9,48.14,39.3,2.92,42.68,24.77,2.46,32.04
270,North,Delhi,6,2.92,10.36,7.75,15.55,46.13,36.26,60.17,38.47,3.12,42.39,27.31,1.92,32.89
270,North,Delhi,7,5.86,13.09,17.37,28.48,66.63,144.24,195.41,34.27,2.48,37.75,26.98,1.43,30.63
270,North,Delhi,8,8.32,19.13,22.54,41.51,82.0,221.94,409.6,32.93,1.78,35.12,26.33,1.02,29.63
270,North,Delhi,9,4.58,12.94,14.81,24.2,64.56,213.46,585.65,33.07,1.92,35.34,24.52,1.53,28.79
270,North,Delhi,10,0.53,3.5,0.61,1.75,9.59,54.48,489.42,32.01,2.12,34.57,19.06,2.55,25.54
270,North,Delhi,11,0.26,4.06,0.0,0.27,1.59,9.96,271.46,27.16,2.22,29.89,13.51,2.3,20.34
270,North,Delhi,12,0.38,3.27,0.19,0.95,4.87,6.81,67.44,21.98,2.63,24.96,8.7,2.32,15.34
271,North,Sikkim,1,0.86,3.99,0.53,4.45,23.12,17.26,46.47,8.36,1.88,10.77,3.12,1.74,5.74
271,North,Sikkim,2,0.79,3.7,1.37,3.9,13.8,20.89,42.45,10.04,2.08,12.71,4.65,1.99,7.34
271,North,Sikkim,3,1.8,6.43,3.42,9.6,37.98,31.95,70.04,13.71,2.16,16.43,8.02,2.02,10.86
271,North,Sikkim,4,2.59,6.1,8.22,13.71,31.65,74.43,127.73,16.67,1.74,18.84,11.19,1.67,13.93
271,North,Sikkim,5,3.31,7.15,9.85,17.71,36.29,84.09,191.69,18.67,1.45,20.47,13.86,1.46,16.27
271,North,Sikkim,6,6.41,8.71,18.72,25.02,35.75,138.62,298.08,20.4,1.13,21.8,16.18,0.92,18.29
271,North,Sikkim,7,10.01,13.53,26.35,36.02,64.62,267.75,493.17,20.92,1.21,22.39,16.68,0.77,18.8
271,North,Sikkim,8,7.44,9.8,19.3,26.36,46.09,255.18,670.28,21.34,1.18,22.74,16.55,0.8,18.95
271,North,Sikkim,9,5.87,10.13,18.5,24.68,52.89,215.82,742.42,20.48,1.26,21.99,15.46,0.92,17.97
271,North,Sikkim,10,1.7,6.0,4.15,9.5,27.3,99.92,566.97,17.54,1.88,19.86,12.22,1.92,14.88
271,North,Sikkim,11,0.36,2.55,0.17,0.51,9.03,26.91,338.61,13.61,1.61,15.65,8.27,1.65,10.94
271,North,Sikkim,12,0.15,1.08,0.11,0.31,3.83,5.52,127.97,10.39,1.9,12.65,5.09,1.87,7.74
273,North East,Delhi,1,0.94,7.19,0.0,1.07,30.81,21.38,30.18,19.75,2.69,22.98,7.17,2.28,13.46
273,North East,Delhi,2,1.07,6.26,0.03,2.96,30.46,28.33,53.02,23.11,2.89,26.71,10.13,2.62,16.62
273,North East,Delhi,3,0.68,4.38,0.0,1.26,24.11,28.8,77.92,29.18,3.4,33.5,14.91,2.68,22.04
273,North East,Delhi,4,0.33,2.19,0.0,0.6,8.95,12.29,69.46,36.01,3.26,40.09,20.46,2.79,28.24
273,North East,Delhi,5,0.58,3.76,0.08,1.09,18.56,13.88,54.28,39.39,2.91,42.76,24.95,2.45,32.17
273,North East,Delhi,6,2.91,12.4,5.02,19.49,59.88,38.8,64.98,38.57,3.14,42.54,27.47,1.93,33.02
273,North East,Delhi,7,7.47,21.75,24.51,46.07,99.96,163.23,217.81,34.32,2.51,37.82,27.1,1.45,30.71
273,North East,Delhi,8,9.69,31.11,28.72,58.34,171.33,266.35,477.18,32.98,1.79,35.15,26.44,1.03,29.71
273,North East,Delhi,9,5.07,20.38,10.64,30.33,104.43,248.1,685.75,33.12,1.95,35.37,24.69,1.52,28.91
273,North East,Delhi,10,0.45,3.65,0.0,0.34,13.12,56.85,569.66,32.1,2.13,34.66,19.27,2.58,25.69
273,North East,Delhi,11,0.09,1.03,0.0,0.0,1.38,5.29,302.7,27.25,2.27,30.09,13.67,2.35,20.46
273,North East,Delhi,12,0.23,1.82,0.0,0.0,8.01,3.58,61.31,22.02,2.68,25.05,8.78,2.36,15.4
274,North Goa,Goa,1,0.02,0.09,0.01,0.17,0.4,2.03,76.68,32.5,1.17,33.99,19.83,1.46,26.16
274,North Goa,Goa,2,0.01,0.14,0.0,0.0,0.18,0.44,13.67,33.57,1.31,35.2,20.34,1.49,26.96
274,North Goa,Goa,3,0.13,0.69,0.12,0.51,3.17,1.83,4.38,34.76,1.06,35.95,22.92,1.68,28.84
274,North Goa,Goa,4,0.49,1.74,1.04,3.13,9.07,8.12,10.44,35.41,0.84,36.44,25.52,1.32,30.46
274,North Goa,Goa,5,1.94,5.36,6.24,10.39,23.75,24.98,35.27,34.9,1.22,36.11,27.03,0.94,30.97
274,North Goa,Goa,6,25.53,38.34,67.55,106.17,198.28,404.02,437.82,30.42,1.92,33.36,26.54,0.95,28.48
274,North Goa,Goa,7,27.94,39.89,80.94,108.3,182.6,826.21,1269.22,28.73,1.03,30.04,25.84,0.69,27.28
274,North Goa,Goa,8,19.16,33.41,52.44,86.44,170.32,744.67,2012.26,28.75,1.01,30.0,25.42,0.57,27.08
274,North Goa,Goa,9,8.29,14.1,25.08,37.28,68.02,371.48,1942.02,29.92,1.11,31.26,25.14,0.59,27.53
274,North Goa,Goa,10,4.63,10.06,14.75,23.28,47.77,205.73,1308.79,31.77,1.43,33.56,24.69,1.0,28.23
274,North Goa,Goa,11,0.89,2.75,2.45,6.27,12.73,67.99,633.57,32.76,1.04,33.87,22.81,1.86,27.78
274,North Goa,Goa,12,0.17,0.88,0.2,0.6,3.58,11.78,280.33,32.5,0.98,33.67,20.89,1.7,26.69
275,North Tripura,Tripura,1,0.38,1.57,0.91,1.94,6.58,12.24,112.99,22.29,1.74,24.38,10.3,1.61,16.29
275,North Tripura,Tripura,2,0.95,3.04,2.69,5.12,15.23,18.15,45.95,25.04,2.15,27.71,12.36,1.98,18.7
275,North Tripura,Tripura,3,4.13,9.53,12.44,23.09,46.77,60.26,90.56,28.47,2.25,31.27,16.35,2.19,22.41
275,North Tripura,Tripura,4,9.43,12.75,25.78,35.8,57.11,217.15,296.77,29.6,2.13,32.2,19.62,1.59,24.61
275,North Tripura,Tripura,5,16.31,19.82,41.25,55.43,88.65,383.46,666.5,29.79,1.83,32.03,21.87,1.42,25.83
275,North Tripura,Tripura,6,20.85,19.94,46.57,62.48,88.99,582.9,1191.81,29.84,1.45,31.69,23.82,0.81,26.83
275,North Tripura,Tripura,7,15.88,14.48,34.37,44.3,68.18,551.18,1525.7,29.58,1.34,31.26,24.17,0.67,26.88
275,North Tripura,Tripura,8,16.73,15.81,36.38,47.06,74.36,484.9,1619.69,29.8,1.23,31.27,24.19,0.59,26.99
275,North Tripura,Tripura,9,14.29,14.22,32.43,40.09,65.87,471.84,1500.46,29.46,1.46,31.21,23.46,0.8,26.46
275,North Tripura,Tripura,10,7.29,12.99,24.01,33.69,60.33,337.19,1293.23,28.54,1.56,30.45,21.23,1.63,24.88
275,North Tripura,Tripura,11,0.92,3.29,2.22,5.22,17.03,92.24,896.01,26.23,1.5,28.08,16.55,2.09,21.39
275,North Tripura,Tripura,12,0.47,1.78,1.26,2.86,9.63,16.32,436.69,23.27,1.55,25.25,12.19,1.75,17.73
276,North West,Delhi,1,0.66,3.58,0.72,2.52,18.71,14.85,23.16,19.77,2.65,22.92,7.1,2.28,13.43
276,North West,Delhi,2,0.82,3.85,0.97,3.77,21.32,22.0,39.51,23.17,2.91,26.85,10.05,2.61,16.61
276,North West,Delhi,3,0.57,3.27,0.69,1.88,15.54,22.31,58.79,29.25,3.42,33.6,14.83,2.69,22.04
276,North West,Delhi,4,0.24,1.43,0.26,0.75,6.07,9.58,53.88,36.02,3.26,40.1,20.38,2.79,28.2
276,North West,Delhi,5,0.73,3.76,0.87,2.74,18.93,15.09,46.51,39.45,2.92,42.81,24.91,2.46,32.18
276,North West,Delhi,6,2.77,10.12,6.23,17.38,46.19,36.89,61.65,38.64,3.11,42.51,27.5,1.93,33.07
276,North West,Delhi,7,5.45,12.75,15.64,28.68,61.41,136.03,190.0,34.43,2.5,37.96,27.14,1.44,30.79
276,North West,Delhi,8,7.83,19.15,21.0,40.61,92.15,206.18,385.59,33.08,1.79,35.29,26.46,1.03,29.77
276,North West,Delhi,9,4.64,14.11,14.73,25.28,70.31,207.44,555.15,33.23,1.94,35.53,24.62,1.54,28.93
276,North West,Delhi,10,0.48,3.41,0.49,1.41,8.7,55.08,468.41,32.16,2.15,34.76,19.14,2.56,25.65
276,North West,Delhi,11,0.08,0.85,0.0,0.05,1.38,5.92,262.53,27.24,2.25,30.01,13.55,2.32,20.39
276,North West,Delhi,12,0.18,1.18,0.11,0.52,4.51,2.88,59.88,22.0,2.65,25.04,8.68,2.34,15.34
277,Nuaparha,Odisha,1,0.47,3.16,0.03,0.66,15.38,7.52,34.93,26.22,1.85,28.55,14.36,2.08,20.29
277,Nuaparha,Odisha,2,0.59,3.21,0.13,1.22,17.08,16.46,28.2,29.69,2.33,32.61,16.6,1.97,23.15
277,Nuaparha,Odisha,3,0.54,3.32,0.3,2.09,11.2,17.26,40.91,34.44,2.35,37.38,20.26,1.95,27.35
277,Nuaparha,Odisha,4,0.73,3.64,0.48,3.61,16.61,17.28,50.98,38.11,2.01,40.49,24.33,1.76,31.22
277,Nuaparha,Odisha,5,0.76,3.61,0.82,4.5,14.48,21.39,55.98,39.79,2.15,42.32,27.21,1.66,33.5
277,Nuaparha,Odisha,6,6.42,14.07,20.1,34.64,68.51,87.65,126.52,35.03,3.78,40.3,26.93,1.75,30.98
277,Nuaparha,Odisha,7,11.6,18.84,37.52,60.78,80.15,288.82,401.44,30.31,1.72,32.49,25.12,0.93,27.71
277,Nuaparha,Odisha,8,11.83,18.76,37.9,58.87,75.22,370.47,761.57,29.79,1.37,31.5,24.73,0.82,27.26
277,Nuaparha,Odisha,9,7.28,14.59,23.51,42.57,68.06,296.5,964.28,30.8,1.33,32.38,24.35,0.73,27.58
277,Nuaparha,Odisha,10,1.99,7.68,3.05,13.44,43.92,126.47,790.48,30.45,1.45,32.26,22.0,1.75,26.22
277,Nuaparha,Odisha,11,0.42,2.84,0.02,0.45,12.11,23.65,439.34,28.16,1.44,29.91,17.97,2.29,23.07
277,Nuaparha,Odisha,12,0.06,0.58,0.0,0.02,1.19,6.14,150.55,25.89,1.42,27.62,14.65,2.01,20.27
278,Pakur,Jharkhand,1,0.35,2.05,0.05,0.93,10.33,5.17,42.08,23.87,2.06,26.35,11.65,2.05,17.76
278,Pakur,Jharkhand,2,0.55,2.81,0.28,2.37,14.32,14.05,20.67,27.49,2.41,30.59,14.57,2.16,21.03
278,Pakur,Jharkhand,3,0.61,3.24,0.5,2.38,17.59,16.85,35.68,32.89,2.52,35.99,19.12,2.3,26.01
278,Pakur,Jharkhand,4,1.29,4.17,3.53,9.24,19.25,26.72,57.56,36.37,2.37,39.25,23.27,1.79,29.82
278,Pakur,Jharkhand,5,3.97,9.11,13.61,22.13,44.76,75.36,119.43,35.64,2.3,38.85,25.61,1.67,30.63
278,Pakur,Jharkhand,6,9.08,14.94,26.73,41.06,71.99,180.17,284.18,34.08,2.34,37.17,26.89,1.12,30.49
278,Pakur,Jharkhand,7,11.74,16.12,32.68,46.63,76.17,347.74,609.04,32.19,1.27,33.73,26.57,0.82,29.38
278,Pakur,Jharkhand,8,9.88,15.31,28.09,44.16,73.7,315.72,854.5,32.12,1.14,33.44,26.53,0.74,29.33
278,Pakur,Jharkhand,9,8.99,15.28,26.34,38.88,73.24,274.3,940.96,32.01,1.4,33.63,25.96,0.89,28.98
278,Pakur,Jharkhand,10,3.76,11.54,10.88,21.12,67.79,212.76,800.36,31.4,1.49,33.16,23.19,1.97,27.29
278,Pakur,Jharkhand,11,0.13,0.92,0.0,0.14,5.55,39.07,523.77,28.87,1.43,30.65,17.94,2.26,23.41
278,Pakur,Jharkhand,12,0.06,0.47,0.0,0.0,1.27,2.01,247.61,25.29,1.82,27.33,13.26,1.9,19.27
279,Palakkad,Kerala,1,0.52,1.94,1.34,2.62,8.97,25.91,320.48,29.35,0.83,30.33,17.77,1.21,23.56
279,Palakkad,Kerala,2,0.5,1.91,1.14,2.69,7.66,12.97,110.04,31.09,1.0,32.36,18.67,1.23,24.88
279,Palakkad,Kerala,3,1.05,2.86,3.17,6.03,14.8,21.92,61.49,32.64,1.06,33.72,20.69,1.28,26.66
279,Palakkad,Kerala,4,3.01,5.31,9.01,14.25,25.93,61.37,96.56,32.17,1.15,33.58,22.82,0.85,27.49
279,Palakkad,Kerala,5,4.87,7.96,13.96,21.6,36.27,121.24,206.21,30.65,1.4,32.13,23.51,0.82,27.08
279,Palakkad,Kerala,6,13.36,16.86,34.86,46.11,71.89,268.3,453.83,27.58,1.38,29.41,22.71,0.77,25.14
279,Palakkad,Kerala,7,13.33,13.96,32.0,41.59,64.66,408.85,804.67,26.96,1.1,28.41,22.07,0.59,24.52
279,Palakkad,Kerala,8,8.38,9.99,20.52,28.57,44.06,332.9,1022.47,27.14,1.02,28.31,21.94,0.53,24.54
279,Palakkad,Kerala,9,5.56,7.3,15.08,20.39,31.25,194.59,933.95,27.89,0.96,29.06,21.97,0.51,24.93
279,Palakkad,Kerala,10,8.96,10.68,22.09,30.45,47.38,214.44,736.04,28.1,0.99,29.29,21.49,0.7,24.79
279,Palakkad,Kerala,11,4.7,8.71,14.52,24.59,39.57,230.14,638.17,27.9,1.04,29.0,20.21,1.09,24.06
279,Palakkad,Kerala,12,1.41,4.54,3.85,8.52,20.01,75.02,519.96,28.23,0.99,29.32,18.7,1.42,23.46
280,Palamu,Jharkhand,1,0.39,2.26,0.25,1.08,12.08,6.69,25.03,23.29,2.32,26.2,10.06,2.37,16.68
280,Palamu,Jharkhand,2,0.58,2.44,0.61,3.89,11.09,15.08,23.11,27.07,2.7,30.57,12.79,2.32,19.93
280,Palamu,Jharkhand,3,0.38,2.64,0.33,1.47,7.56,16.09,37.42,32.78,2.91,36.33,17.14,2.43,24.96
280,Palamu,Jharkhand,4,0.24,1.34,0.35,1.1,3.95,6.7,37.77,37.96,2.44,40.93,22.16,1.99,30.06
280,Palamu,Jharkhand,5,0.63,2.67,1.18,3.11,12.35,11.35,33.85,39.37,2.33,42.24,25.58,1.65,32.47
280,Palamu,Jharkhand,6,4.61,10.18,13.87,23.41,52.92,57.8,75.97,36.25,3.6,41.16,27.15,1.53,31.7
280,Palamu,Jharkhand,7,9.27,12.24,26.14,36.95,53.21,235.86,308.19,31.84,1.68,33.92,26.13,0.98,28.99
280,Palamu,Jharkhand,8,10.1,13.69,28.77,41.35,57.36,295.72,600.9,31.41,1.2,32.89,25.79,0.73,28.6
280,Palamu,Jharkhand,9,5.82,10.6,17.55,27.39,56.13,243.4,782.82,31.52,1.45,33.23,25.0,1.0,28.26
280,Palamu,Jharkhand,10,1.75,6.07,4.08,11.61,30.24,109.56,647.02,30.83,1.54,32.76,21.17,2.45,26.0
280,Palamu,Jharkhand,11,0.13,0.85,0.0,0.18,4.0,18.11,364.62,27.98,1.57,29.94,15.68,2.53,21.83
280,Palamu,Jharkhand,12,0.06,0.38,0.0,0.11,1.92,2.19,125.43,24.42,1.83,26.39,11.18,2.1,17.8
281,Pali,Rajasthan,1,0.06,0.55,0.0,0.02,2.17,1.36,6.51,23.87,2.53,27.15,9.23,2.21,16.55
281,Pali,Rajasthan,2,0.09,0.83,0.0,0.03,2.52,2.05,5.07,26.97,3.1,31.08,11.9,2.83,19.43
281,Pali,Rajasthan,3,0.05,0.56,0.0,0.02,0.83,2.36,5.76,32.64,3.22,36.56,17.34,2.91,24.99
281,Pali,Rajasthan,4,0.09,0.57,0.03,0.3,2.6,1.9,6.32,37.51,2.67,40.73,22.4,2.58,29.95
281,Pali,Rajasthan,5,0.25,1.24,0.3,1.27,5.24,4.71,8.95,39.89,2.09,42.5,26.51,1.87,33.2
281,Pali,Rajasthan,6,1.62,4.43,5.04,9.23,23.32,23.29,30.01,38.03,2.57,41.47,27.41,1.53,32.72
281,Pali,Rajasthan,7,6.21,12.03,20.87,31.62,54.78,118.24,147.33,33.11,2.56,36.39,25.74,1.28,29.42
281,Pali,Rajasthan,8,5.1,9.85,17.68,26.4,46.45,187.13,335.5,31.06,1.72,33.23,24.72,0.99,27.89
281,Pali,Rajasthan,9,2.79,8.11,7.1,19.04,44.24,117.92,429.95,32.75,2.08,35.42,23.84,1.23,28.3
281,Pali,Rajasthan,10,0.2,1.36,0.05,0.58,5.79,33.89,336.42,33.66,1.94,36.03,20.17,2.41,26.92
281,Pali,Rajasthan,11,0.11,0.94,0.0,0.0,4.52,3.48,151.46,29.37,2.21,31.93,15.04,2.33,22.2
281,Pali,Rajasthan,12,0.02,0.26,0.0,0.0,0.3,1.73,36.65,25.36,2.33,28.13,10.67,2.25,18.02
282,Panch Mahals,Gujarat,1,0.01,0.23,0.0,0.0,0.12,0.29,11.79,26.7,2.23,29.61,13.63,2.0,20.16
282,Panch Mahals,Gujarat,2,0.01,0.13,0.0,0.0,0.02,0.31,2.62,29.48,2.71,33.02,15.53,2.42,22.51
282,Panch Mahals,Gujarat,3,0.0,0.09,0.0,0.0,0.08,0.24,0.83,34.51,2.79,38.02,19.79,2.34,27.15
282,Panch Mahals,Gujarat,4,0.01,0.15,0.0,0.0,0.25,0.3,0.85,38.33,2.09,40.86,23.6,1.78,30.96
282,Panch Mahals,Gujarat,5,0.4,4.76,0.0,0.01,5.88,6.14,6.68,39.47,1.68,41.48,26.54,1.18,33.0
282,Panch Mahals,Gujarat,6,3.27,9.71,9.57,19.24,55.18,38.75,45.39,36.09,2.9,39.78,27.09,1.22,31.59
282,Panch Mahals,Gujarat,7,12.59,23.11,36.72,59.7,120.38,243.69,291.17,30.98,2.14,33.91,25.66,1.02,28.32
282,Panch Mahals,Gujarat,8,9.19,18.32,24.72,40.31,100.27,363.19,660.07,29.7,1.51,31.49,24.81,0.77,27.26
282,Panch Mahals,Gujarat,9,5.43,15.42,15.59,28.76,80.79,213.6,833.46,31.48,1.96,34.15,24.51,0.91,28.0
282,Panch Mahals,Gujarat,10,0.57,3.38,0.41,2.81,12.42,73.52,644.44,33.72,1.76,35.77,22.04,2.08,27.88
282,Panch Mahals,Gujarat,11,0.24,3.26,0.0,0.04,2.6,9.46,290.35,31.05,1.84,33.32,18.34,2.22,24.69
282,Panch Mahals,Gujarat,12,0.01,0.09,0.0,0.0,0.18,2.27,80.52,27.87,1.97,30.21,14.94,2.09,21.4
283,Panna,Madhya Pradesh,1,0.87,5.27,0.28,2.31,24.46,17.99,40.34,22.69,2.69,26.33,10.0,2.53,16.34
283,Panna,Madhya Pradesh,2,0.94,4.56,0.47,4.34,24.2,26.92,54.47,26.45,3.02,30.41,12.76,2.58,19.61
283,Panna,Madhya Pradesh,3,0.51,3.75,0.12,0.66,15.56,23.62,67.94,32.37,3.19,36.24,17.45,2.65,24.91
283,Panna,Madhya Pradesh,4,0.11,0.7,0.04,0.32,2.69,6.35,56.7,37.98,2.65,41.09,22.7,2.41,30.34
283,Panna,Madhya Pradesh,5,0.23,1.47,0.11,0.5,7.85,4.88,34.15,40.88,2.06,43.39,27.05,2.02,33.96
283,Panna,Madhya Pradesh,6,4.03,10.65,11.93,24.12,52.42,38.54,49.59,37.65,3.92,42.31,28.02,2.03,32.83
283,Panna,Madhya Pradesh,7,10.44,16.87,31.65,47.41,69.15,244.78,291.4,31.78,2.6,35.36,25.89,1.39,28.84
283,Panna,Madhya Pradesh,8,10.78,17.23,35.16,51.71,72.5,338.6,635.17,30.43,1.66,32.53,25.09,0.94,27.76
283,Panna,Madhya Pradesh,9,6.06,13.74,18.03,34.51,69.64,260.54,854.05,31.14,1.91,33.5,24.24,1.12,27.69
283,Panna,Madhya Pradesh,10,1.04,5.5,0.68,3.87,30.52,83.37,680.06,31.25,1.89,33.62,20.32,2.42,25.78
283,Panna,Madhya Pradesh,11,0.36,3.97,0.01,0.08,6.91,13.84,349.62,27.67,2.02,30.2,15.32,2.41,21.5
283,Panna,Madhya Pradesh,12,0.25,2.82,0.02,0.13,3.92,9.58,102.23,23.88,2.2,26.53,11.16,2.22,17.52
284,West Singhbhum,Jharkhand,1,0.52,2.51,0.48,2.56,12.44,8.52,48.53,24.5,2.07,27.14,12.4,2.24,18.45
284,West Singhbhum,Jharkhand,2,0.89,3.72,1.2,5.1,21.79,21.8,33.76,28.0,2.67,31.31,15.18,2.19,21.59
284,West Singhbhum,Jharkhand,3,0.67,2.68,1.36,3.94,15.31,23.89,53.79,33.18,2.7,36.43,19.25,2.1,26.21
284,West Singhbhum,Jharkhand,4,0.97,2.9,2.67,6.51,14.98,21.57,67.16,37.09,2.34,39.95,23.28,1.76,30.18
284,West Singhbhum,Jharkhand,5,1.74,4.14,5.16,9.34,19.3,39.92,85.4,37.64,2.38,40.55,25.61,1.63,31.62
284,West Singhbhum,Jharkhand,6,6.94,12.01,18.89,31.59,62.6,116.13,178.32,33.99,3.36,38.49,26.09,1.43,30.04
284,West Singhbhum,Jharkhand,7,10.46,13.58,28.17,39.53,60.24,275.97,435.89,30.55,1.57,32.5,25.13,0.81,27.84
284,West Singhbhum,Jharkhand,8,10.37,13.18,27.24,38.58,63.59,332.55,736.54,30.32,1.28,31.87,24.83,0.67,27.58
284,West Singhbhum,Jharkhand,9,7.96,12.19,23.48,35.23,56.6,275.53,890.04,30.6,1.46,32.32,24.29,0.79,27.45
284,West Singhbhum,Jharkhand,10,2.7,7.65,8.27,14.55,46.05,151.85,758.13,29.93,1.56,31.94,21.53,2.0,25.73
284,West Singhbhum,Jharkhand,11,0.46,3.19,0.09,1.0,10.5,38.75,460.99,27.41,1.55,29.38,17.05,2.4,22.23
284,West Singhbhum,Jharkhand,12,0.08,0.54,0.0,0.09,2.59,4.67,189.33,24.65,1.53,26.48,13.04,1.99,18.84
285,Pattanamthitta,Kerala,1,0.82,2.97,1.99,4.8,13.65,38.46,499.13,31.19,0.81,32.13,20.29,1.09,25.74
285,Pattanamthitta,Kerala,2,1.15,3.54,3.14,6.27,20.35,26.31,203.67,32.7,0.89,33.78,20.67,1.1,26.69
285,Pattanamthitta,Kerala,3,2.52,6.65,7.55,13.84,27.7,51.53,117.08,33.91,0.96,34.87,22.13,1.13,28.02
285,Pattanamthitta,Kerala,4,6.25,9.14,18.39,24.31,40.81,132.3,210.85,33.09,1.09,34.32,24.08,0.86,28.59
285,Pattanamthitta,Kerala,5,9.11,14.49,25.68,36.34,69.22,224.91,412.22,31.99,1.25,33.23,25.05,0.85,28.52
285,Pattanamthitta,Kerala,6,14.56,22.36,41.35,60.91,111.9,384.91,746.95,29.61,1.25,31.13,24.56,0.79,27.08
285,Pattanamthitta,Kerala,7,13.83,18.23,36.45,51.13,91.45,412.43,1026.67,29.2,1.02,30.47,24.0,0.64,26.6
285,Pattanamthitta,Kerala,8,8.13,12.58,22.97,33.62,55.76,330.85,1134.04,29.39,0.95,30.47,23.79,0.57,26.59
285,Pattanamthitta,Kerala,9,8.19,11.96,21.43,31.08,55.9,235.17,974.46,30.02,0.94,31.15,23.61,0.52,26.82
285,Pattanamthitta,Kerala,10,11.32,14.79,30.28,40.86,70.31,287.89,848.42,29.97,1.02,31.2,23.04,0.61,26.51
285,Pattanamthitta,Kerala,11,8.7,14.44,23.37,35.42,71.81,329.65,854.34,29.57,1.06,30.72,22.28,0.7,25.93
285,Pattanamthitta,Kerala,12,2.17,7.33,5.33,11.68,36.32,145.37,763.57,29.98,0.94,30.98,21.24,1.1,25.61
286,Pauri Garhwal,Uttarakhand,1,1.57,6.2,2.9,8.84,28.51,37.46,61.23,17.38,2.52,20.48,5.39,1.98,11.39
286,Pauri Garhwal,Uttarakhand,2,1.73,5.59,4.55,10.49,29.49,49.18,95.53,19.69,2.78,23.08,7.66,2.31,13.67
286,Pauri Garhwal,Uttarakhand,3,1.43,5.21,2.93,8.88,26.44,48.97,134.58,24.87,3.21,28.97,11.82,2.57,18.34
286,Pauri Garhwal,Uttarakhand,4,0.82,3.53,1.38,4.24,13.41,30.65,128.63,30.28,3.03,34.07,16.51,2.56,23.4
286,Pauri Garhwal,Uttarakhand,5,1.8,5.37,5.32,9.3,25.37,43.03,122.08,32.94,2.78,36.22,20.16,2.22,26.55
286,Pauri Garhwal,Uttarakhand,6,5.31,13.52,14.05,25.58,54.43,87.59,161.43,32.18,3.05,36.16,22.5,1.71,27.34
286,Pauri Garhwal,Uttarakhand,7,10.82,14.84,26.25,40.62,70.25,256.3,390.3,28.95,2.0,31.48,23.11,1.17,26.03
286,Pauri Garhwal,Uttarakhand,8,10.9,17.5,28.34,40.38,73.76,349.17,704.85,28.29,1.53,30.13,22.71,0.92,25.5
286,Pauri Garhwal,Uttarakhand,9,6.55,15.18,19.61,31.73,80.17,268.33,882.82,28.22,1.72,30.13,20.75,1.37,24.49
286,Pauri Garhwal,Uttarakhand,10,0.91,4.07,1.25,3.85,22.75,88.0,702.41,26.87,1.88,29.04,16.11,2.3,21.49
286,Pauri Garhwal,Uttarakhand,11,0.26,3.02,0.15,0.54,3.34,14.43,362.95,23.23,1.79,25.38,11.34,1.99,17.29
286,Pauri Garhwal,Uttarakhand,12,0.63,3.45,0.62,2.36,14.34,9.39,106.43,19.47,2.4,21.99,7.21,2.03,13.34
287,Pilibhit,Uttar Pradesh,1,0.98,5.2,0.64,3.72,23.46,32.62,63.57,20.43,2.71,23.7,8.29,2.01,14.36
287,Pilibhit,Uttar Pradesh,2,1.25,5.97,1.29,3.81,31.11,31.71,77.21,23.76,2.7,27.08,10.79,2.23,17.28
287,Pilibhit,Uttar Pradesh,3,0.83,5.97,0.67,2.08,19.43,34.6,98.6,29.74,3.09,33.57,15.01,2.51,22.37
287,Pilibhit,Uttar Pradesh,4,0.85,6.36,0.49,1.29,20.91,18.7,85.0,35.87,2.85,39.35,20.09,2.44,27.98
287,Pilibhit,Uttar Pradesh,5,1.52,5.79,2.73,7.84,33.39,37.11,90.1,37.84,2.61,40.98,24.12,2.08,30.98
287,Pilibhit,Uttar Pradesh,6,6.33,15.95,19.0,33.66,69.3,91.47,147.82,36.55,3.3,41.04,26.33,1.58,31.44
287,Pilibhit,Uttar Pradesh,7,12.9,23.02,38.62,57.38,112.64,321.46,453.95,32.44,2.12,35.17,26.42,1.13,29.43
287,Pilibhit,Uttar Pradesh,8,12.15,22.49,38.51,57.27,99.56,376.24,804.27,31.81,1.5,33.58,26.1,0.84,28.95
287,Pilibhit,Uttar Pradesh,9,8.29,20.91,22.7,40.19,104.58,322.88,1030.75,31.58,1.76,33.58,24.59,1.26,28.09
287,Pilibhit,Uttar Pradesh,10,1.38,9.66,0.78,3.22,30.15,130.69,825.6,30.71,1.77,32.78,19.69,2.49,25.2
287,Pilibhit,Uttar Pradesh,11,0.35,6.5,0.0,0.1,1.62,18.2,464.25,27.09,1.92,29.5,14.38,2.13,20.73
287,Pilibhit,Uttar Pradesh,12,0.83,5.69,0.19,0.59,31.29,12.66,154.81,22.61,2.47,25.19,10.02,2.01,16.32
288,Prakasam,Andhra Pradesh,1,0.1,0.56,0.0,0.24,3.49,6.89,171.35,29.8,1.29,31.36,19.09,1.44,24.45
288,Prakasam,Andhra Pradesh,2,0.12,0.78,0.0,0.36,3.82,2.55,42.17,32.61,1.5,34.62,20.55,1.48,26.58
288,Prakasam,Andhra Pradesh,3,0.23,1.74,0.03,0.46,5.69,5.46,15.19,35.77,1.53,37.62,22.91,1.52,29.34
288,Prakasam,Andhra Pradesh,4,0.5,2.74,0.62,2.07,8.9,10.25,18.36,37.92,1.5,39.76,25.74,1.28,31.83
288,Prakasam,Andhra Pradesh,5,1.56,5.98,3.28,8.49,28.8,33.46,49.44,39.14,2.15,41.59,28.12,1.33,33.63
288,Prakasam,Andhra Pradesh,6,2.92,7.31,8.6,15.43,35.17,67.67,112.27,36.06,2.47,39.18,27.7,1.26,31.88
288,Prakasam,Andhra Pradesh,7,4.05,7.49,11.78,18.92,34.98,100.9,203.75,33.35,2.01,35.83,26.31,0.99,29.83
288,Prakasam,Andhra Pradesh,8,4.9,9.09,14.69,24.09,43.3,135.37,307.15,32.45,1.69,34.42,25.85,0.82,29.15
288,Prakasam,Andhra Pradesh,9,4.79,8.59,14.12,21.82,43.44,143.32,381.58,32.68,1.56,34.58,25.46,0.71,29.07
288,Prakasam,Andhra Pradesh,10,5.79,11.44,17.64,30.65,55.92,164.88,444.34,31.8,1.67,33.7,24.14,1.02,27.97
288,Prakasam,Andhra Pradesh,11,2.57,7.03,7.81,14.37,33.38,134.4,443.26,30.08,1.26,31.53,21.75,1.73,25.91
288,Prakasam,Andhra Pradesh,12,0.47,2.51,0.32,1.65,11.59,35.76,333.62,29.11,1.09,30.43,19.59,1.53,24.35
289,Pratapgarh,Rajasthan,1,0.2,2.25,0.0,0.0,3.55,3.95,13.16,24.0,2.46,27.2,10.54,2.13,17.27
289,Pratapgarh,Rajasthan,2,0.04,0.56,0.0,0.0,0.7,3.23,8.68,27.03,2.95,31.01,12.91,2.6,19.97
289,Pratapgarh,Rajasthan,3,0.05,0.81,0.0,0.0,0.7,1.91,9.01,32.61,3.1,36.54,17.79,2.67,25.2
289,Pratapgarh,Rajasthan,4,0.02,0.16,0.0,0.01,0.4,0.78,5.99,37.36,2.43,40.34,22.58,2.25,29.97
289,Pratapgarh,Rajasthan,5,0.15,0.98,0.1,0.53,3.62,2.18,4.85,39.49,1.91,41.82,26.17,1.55,32.83
289,Pratapgarh,Rajasthan,6,2.93,7.91,8.43,19.67,41.89,35.25,38.24,36.47,3.09,40.72,26.57,1.48,31.52
289,Pratapgarh,Rajasthan,7,10.04,19.75,34.44,51.53,98.11,187.52,226.96,30.57,2.46,33.89,24.89,1.18,27.73
289,Pratapgarh,Rajasthan,8,8.68,16.25,26.99,41.69,78.47,313.66,548.23,28.88,1.56,30.79,23.94,0.83,26.41
289,Pratapgarh,Rajasthan,9,4.25,10.54,14.17,25.16,55.62,200.78,712.39,30.81,2.05,33.66,23.22,1.03,27.02
289,Pratapgarh,Rajasthan,10,0.61,3.75,0.21,1.83,15.87,55.83,565.95,32.28,1.87,34.52,20.05,2.2,26.16
289,Pratapgarh,Rajasthan,11,0.11,1.09,0.0,0.01,2.45,8.06,257.79,28.81,2.06,31.22,15.72,2.3,22.26
289,Pratapgarh,Rajasthan,12,0.03,0.34,0.0,0.0,0.46,1.58,62.16,25.29,2.16,27.92,11.78,2.2,18.54
291,Pratapgarh,Uttar Pradesh,1,0.5,2.93,0.07,1.68,13.18,12.13,23.84,21.79,2.77,25.04,9.21,2.4,15.5
291,Pratapgarh,Uttar Pradesh,2,0.69,3.89,0.21,2.97,17.59,18.25,33.33,25.53,2.79,29.16,12.16,2.46,18.85
291,Pratapgarh,Uttar Pradesh,3,0.42,2.98,0.02,0.59,13.39,17.64,47.61,31.81,3.11,35.55,16.89,2.59,24.35
291,Pratapgarh,Uttar Pradesh,4,0.21,1.48,0.03,0.42,6.0,7.02,42.75,37.64,2.56,40.76,22.31,2.26,29.98
291,Pratapgarh,Uttar Pradesh,5,0.31,1.47,0.22,1.54,8.36,7.19,31.35,39.53,2.26,42.32,26.14,1.87,32.84
291,Pratapgarh,Uttar Pradesh,6,3.53,9.71,11.32,23.05,46.73,39.51,53.69,37.54,3.61,42.1,27.81,1.66,32.67
291,Pratapgarh,Uttar Pradesh,7,8.77,15.09,27.0,42.28,67.74,211.11,260.29,32.82,2.2,35.62,26.71,1.18,29.77
291,Pratapgarh,Uttar Pradesh,8,7.39,13.67,24.12,35.45,68.49,248.7,510.15,32.02,1.39,33.72,26.32,0.79,29.17
291,Pratapgarh,Uttar Pradesh,9,6.63,14.79,22.56,36.9,76.09,223.66,690.99,31.95,1.7,34.06,25.33,1.09,28.64
291,Pratapgarh,Uttar Pradesh,10,1.04,5.11,0.58,5.36,29.03,94.07,564.06,31.61,1.7,33.65,20.88,2.58,26.24
291,Pratapgarh,Uttar Pradesh,11,0.07,1.16,0.0,0.0,0.56,9.47,322.8,28.14,1.91,30.46,15.21,2.44,21.68
291,Pratapgarh,Uttar Pradesh,12,0.22,2.34,0.0,0.05,3.92,3.12,101.32,23.7,2.33,26.19,10.63,2.17,17.16
292,Puducherry,Puducherry,1,0.73,3.98,1.09,2.92,15.59,60.21,529.57,28.06,0.57,28.76,22.23,0.82,25.15
292,Puducherry,Puducherry,2,0.09,0.46,0.0,0.34,2.42,7.21,256.75,29.62,0.79,30.62,22.71,1.0,26.17
292,Puducherry,Puducherry,3,0.15,1.01,0.0,0.27,4.77,3.86,73.78,31.64,0.8,32.61,24.38,1.14,28.01
292,Puducherry,Puducherry,4,0.57,3.08,0.58,2.3,12.24,11.21,22.49,33.16,0.79,34.08,26.88,0.67,30.02
292,Puducherry,Puducherry,5,1.19,4.42,2.39,6.39,23.4,28.89,44.23,34.62,0.97,35.79,28.1,0.47,31.36
292,Puducherry,Puducherry,6,1.7,4.97,4.47,10.19,26.28,41.65,82.53,34.38,0.84,35.32,27.92,0.38,31.15
292,Puducherry,Puducherry,7,2.52,5.38,7.78,11.57,27.2,57.25,128.73,33.65,0.82,34.65,27.25,0.45,30.45
292,Puducherry,Puducherry,8,4.47,8.51,12.89,21.44,39.26,111.34,211.97,33.05,0.82,34.04,26.83,0.37,29.94
292,Puducherry,Puducherry,9,3.85,6.54,11.94,17.28,29.07,123.65,294.39,32.39,0.9,33.53,26.36,0.42,29.38
292,Puducherry,Puducherry,10,6.94,11.78,19.5,28.85,57.71,143.38,379.89,30.6,1.07,31.94,25.34,0.47,27.97
292,Puducherry,Puducherry,11,9.18,16.6,27.51,43.86,82.74,280.77,548.15,28.64,0.87,29.66,23.99,0.74,26.31
292,Puducherry,Puducherry,12,4.59,11.72,15.57,27.32,58.06,210.29,637.41,27.77,0.65,28.47,22.86,0.79,25.31
293,East Singhbhum,Jharkhand,1,0.44,2.17,0.18,1.94,12.52,7.75,53.75,25.49,2.07,28.16,12.91,2.27,19.2
293,East Singhbhum,Jharkhand,2,1.0,4.55,1.06,5.54,27.16,21.82,34.03,29.11,2.63,32.49,15.88,2.24,22.5
293,East Singhbhum,Jharkhand,3,0.86,3.24,1.58,5.29,16.93,26.15,55.22,34.34,2.62,37.42,19.96,2.17,27.15
293,East Singhbhum,Jharkhand,4,1.33,3.55,4.39,8.75,16.59,32.29,80.15,37.86,2.26,40.68,23.91,1.77,30.88
293,East Singhbhum,Jharkhand,5,3.39,7.57,11.16,16.27,29.93,68.37,126.97,37.75,2.29,40.65,26.15,1.72,31.95
293,East Singhbhum,Jharkhand,6,8.22,14.08,24.81,35.9,70.91,162.76,264.84,34.63,2.95,38.57,26.88,1.31,30.76
293,East Singhbhum,Jharkhand,7,10.98,14.77,30.77,40.79,61.53,305.8,541.77,31.78,1.43,33.53,26.21,0.78,28.99
293,East Singhbhum,Jharkhand,8,11.43,15.89,30.96,44.9,75.14,353.07,832.12,31.56,1.24,33.01,25.98,0.66,28.77
293,East Singhbhum,Jharkhand,9,9.23,15.13,26.65,39.61,75.73,303.45,967.45,31.76,1.52,33.48,25.47,0.81,28.61
293,East Singhbhum,Jharkhand,10,3.17,8.65,10.84,19.36,40.45,186.84,842.45,31.21,1.54,33.09,22.7,2.0,26.96
293,East Singhbhum,Jharkhand,11,0.51,3.64,0.03,1.18,12.19,43.14,528.4,28.93,1.5,30.83,17.9,2.45,23.41
293,East Singhbhum,Jharkhand,12,0.09,0.69,0.0,0.05,2.66,5.8,228.87,25.98,1.61,27.96,13.51,2.01,19.74
294,Puri,Odisha,1,0.2,1.43,0.09,0.42,4.92,4.47,81.25,27.15,1.05,28.34,17.81,1.31,22.48
294,Puri,Odisha,2,0.68,2.86,1.06,3.52,12.66,11.18,24.78,29.59,1.34,31.26,20.51,1.4,25.05
294,Puri,Odisha,3,0.52,2.18,0.87,2.88,9.47,19.56,35.07,32.57,1.07,33.81,24.04,1.2,28.31
294,Puri,Odisha,4,0.67,2.69,1.11,3.59,12.89,14.94,45.8,34.19,0.83,35.17,26.55,0.86,30.36
294,Puri,Odisha,5,2.11,6.34,5.37,10.05,40.6,42.02,76.58,34.72,0.93,35.79,28.02,0.77,31.37
294,Puri,Odisha,6,5.93,10.39,16.59,26.65,47.72,116.99,174.84,33.25,1.53,35.18,28.14,0.65,30.7
294,Puri,Odisha,7,8.72,12.81,21.41,35.48,64.26,223.98,386.69,31.32,0.88,32.37,27.38,0.48,29.35
294,Puri,Odisha,8,11.15,13.69,28.04,41.13,63.93,314.85,664.66,31.07,0.76,32.0,27.1,0.45,29.08
294,Puri,Odisha,9,7.07,10.03,17.98,27.53,52.28,272.33,816.31,31.26,0.81,32.22,26.81,0.45,29.04
294,Puri,Odisha,10,3.9,9.38,10.68,19.94,48.83,165.64,752.92,30.89,0.92,31.97,24.97,1.18,27.93
294,Puri,Odisha,11,1.17,5.41,1.85,5.14,26.37,70.33,502.9,29.32,0.9,30.44,21.33,1.62,25.32
294,Puri,Odisha,12,0.12,0.8,0.0,0.2,3.61,10.5,242.29,27.35,0.93,28.47,17.97,1.29,22.66
295,Raibeareli,Uttar Pradesh,1,0.62,4.45,0.17,1.78,13.06,20.13,36.41,21.58,2.87,24.96,9.06,2.38,15.32
295,Raibeareli,Uttar Pradesh,2,0.73,3.96,0.22,2.29,18.5,20.14,47.13,25.29,2.81,28.9,12.08,2.48,18.68
295,Raibeareli,Uttar Pradesh,3,0.74,6.27,0.08,0.78,25.64,21.62,61.56,31.56,3.14,35.35,16.82,2.61,24.19
295,Raibeareli,Uttar Pradesh,4,0.27,2.71,0.07,0.53,4.73,14.41,56.02,37.48,2.62,40.64,22.23,2.29,29.86
295,Raibeareli,Uttar Pradesh,5,0.47,2.22,0.45,2.14,11.34,10.85,46.52,39.53,2.28,42.31,26.1,1.91,32.82
295,Raibeareli,Uttar Pradesh,6,3.14,9.83,8.72,19.8,50.94,38.35,63.37,37.66,3.58,42.2,27.83,1.67,32.75
295,Raibeareli,Uttar Pradesh,7,8.49,15.29,29.28,41.01,71.67,195.73,247.13,32.97,2.29,35.95,26.77,1.2,29.87
295,Raibeareli,Uttar Pradesh,8,7.56,14.97,25.52,38.3,73.98,247.17,491.27,32.14,1.44,33.9,26.37,0.8,29.26
295,Raibeareli,Uttar Pradesh,9,6.48,15.87,18.77,39.51,81.06,221.25,671.97,32.08,1.75,34.27,25.33,1.13,28.7
295,Raibeareli,Uttar Pradesh,10,1.17,5.95,0.59,4.76,38.81,100.53,566.96,31.7,1.79,33.75,20.78,2.54,26.24
295,Raibeareli,Uttar Pradesh,11,0.08,1.26,0.0,0.02,0.48,10.19,327.62,28.05,1.95,30.41,15.17,2.41,21.61
295,Raibeareli,Uttar Pradesh,12,0.49,4.56,0.02,0.18,14.77,6.43,112.0,23.54,2.39,26.11,10.57,2.17,17.06
296,Raichur,Karnataka,1,0.01,0.12,0.0,0.02,0.38,1.12,51.4,30.01,1.51,31.92,17.59,1.68,23.8
296,Raichur,Karnataka,2,0.02,0.18,0.0,0.0,0.84,0.47,8.47,32.83,1.58,34.96,19.7,1.56,26.27
296,Raichur,Karnataka,3,0.1,0.7,0.01,0.27,2.36,1.72,3.34,36.13,1.76,38.15,22.96,1.62,29.55
296,Raichur,Karnataka,4,0.72,2.91,1.31,3.84,13.24,11.46,13.69,38.14,1.54,39.8,25.64,1.33,31.89
296,Raichur,Karnataka,5,1.72,5.03,4.68,10.17,28.49,33.31,46.91,38.35,1.95,40.59,26.42,1.22,32.39
296,Raichur,Karnataka,6,2.29,4.93,7.11,12.14,23.14,64.41,110.18,33.55,2.47,36.91,24.76,1.09,29.15
296,Raichur,Karnataka,7,2.96,5.67,9.39,15.55,29.47,76.99,175.85,30.96,1.83,33.22,23.7,0.75,27.33
296,Raichur,Karnataka,8,3.13,5.77,10.37,16.51,27.7,94.19,236.95,30.2,1.56,32.03,23.21,0.61,26.7
296,Raichur,Karnataka,9,4.87,8.33,15.58,24.77,35.79,121.22,293.57,30.84,1.55,32.76,23.05,0.65,26.95
296,Raichur,Karnataka,10,3.18,7.75,9.95,19.49,37.52,133.9,350.22,30.99,1.58,32.85,22.04,1.28,26.51
296,Raichur,Karnataka,11,0.66,2.94,0.94,4.02,13.87,45.27,301.7,30.12,1.32,31.63,19.42,2.11,24.77
296,Raichur,Karnataka,12,0.08,0.65,0.0,0.07,2.29,7.57,183.97,29.26,1.34,30.79,17.39,1.86,23.32
297,Raigarh,Chhattisgarh,1,0.62,3.04,0.34,3.12,16.89,10.9,34.24,25.6,2.12,28.33,12.09,2.35,18.85
297,Raigarh,Chhattisgarh,2,0.79,3.55,0.83,4.2,17.27,21.05,34.17,28.87,2.62,32.16,14.75,2.23,21.81
297,Raigarh,Chhattisgarh,3,0.63,2.93,0.66,4.0,14.46,24.59,56.04,33.8,2.73,37.09,18.77,2.2,26.28
297,Raigarh,Chhattisgarh,4,0.5,1.96,0.92,3.19,10.26,13.11,58.78,38.07,2.36,40.92,23.33,1.93,30.7
297,Raigarh,Chhattisgarh,5,0.58,2.0,1.47,3.59,10.78,15.74,53.22,39.8,2.36,42.72,26.51,1.7,33.15
297,Raigarh,Chhattisgarh,6,6.98,12.8,21.82,34.85,58.74,84.08,112.94,35.44,4.04,41.08,26.8,1.73,31.12
297,Raigarh,Chhattisgarh,7,14.03,16.97,35.14,48.52,78.43,344.48,448.76,30.55,1.78,32.84,25.13,0.91,27.84
297,Raigarh,Chhattisgarh,8,13.21,16.55,35.26,48.38,69.0,434.13,880.42,30.11,1.38,31.82,24.78,0.77,27.44
297,Raigarh,Chhattisgarh,9,8.39,13.72,24.05,36.96,61.94,333.35,1123.11,30.8,1.37,32.46,24.23,0.85,27.51
297,Raigarh,Chhattisgarh,10,2.12,7.4,4.79,11.35,36.46,134.42,897.99,30.62,1.43,32.34,21.06,2.16,25.84
297,Raigarh,Chhattisgarh,11,0.16,0.98,0.01,0.45,3.91,23.51,482.6,28.4,1.49,30.29,16.24,2.56,22.32
297,Raigarh,Chhattisgarh,12,0.08,0.52,0.0,0.12,2.88,2.6,153.92,25.91,1.62,27.8,12.31,2.17,19.11
298,Raipur,Chhattisgarh,1,0.29,2.12,0.12,0.51,7.4,5.54,33.75,25.59,2.07,28.17,13.08,2.28,19.33
298,Raipur,Chhattisgarh,2,0.44,3.08,0.25,0.79,9.35,12.08,23.03,28.82,2.49,32.01,15.5,2.16,22.16
298,Raipur,Chhattisgarh,3,0.72,4.68,0.21,1.5,21.09,17.85,35.18,33.7,2.68,37.02,19.47,2.17,26.58
298,Raipur,Chhattisgarh,4,0.47,3.25,0.21,0.96,13.38,18.29,48.34,37.91,2.27,40.68,24.02,1.93,30.97
298,Raipur,Chhattisgarh,5,0.72,4.84,0.57,2.01,16.02,16.37,52.48,40.1,2.21,42.75,27.4,1.78,33.75
298,Raipur,Chhattisgarh,6,6.05,14.83,18.1,32.06,78.0,72.39,106.99,35.63,4.07,41.05,27.05,1.95,31.34
298,Raipur,Chhattisgarh,7,12.23,21.72,39.26,59.09,85.47,300.8,393.52,30.39,1.92,32.87,24.93,0.93,27.66
298,Raipur,Chhattisgarh,8,11.44,19.69,36.26,58.92,85.55,375.44,763.95,29.77,1.5,31.66,24.57,0.8,27.17
298,Raipur,Chhattisgarh,9,7.7,16.81,28.1,44.97,81.33,302.14,987.98,30.78,1.43,32.48,24.18,0.79,27.48
298,Raipur,Chhattisgarh,10,1.91,8.05,2.86,9.42,52.05,121.35,795.55,30.6,1.43,32.42,21.36,2.04,25.98
298,Raipur,Chhattisgarh,11,0.32,2.98,0.01,0.15,7.33,23.93,440.08,28.29,1.48,30.14,16.86,2.4,22.57
298,Raipur,Chhattisgarh,12,0.12,1.16,0.0,0.08,3.42,5.8,145.2,25.83,1.58,27.82,13.25,2.14,19.54
299,Raisen,Madhya Pradesh,1,0.59,3.1,0.53,2.26,15.4,12.77,33.51,23.86,2.51,27.16,11.09,2.33,17.47
299,Raisen,Madhya Pradesh,2,0.56,2.96,0.54,2.25,14.61,17.95,39.0,27.18,2.84,30.83,13.48,2.43,20.33
299,Raisen,Madhya Pradesh,3,0.38,2.48,0.19,0.69,12.05,14.45,44.77,32.62,3.0,36.3,17.99,2.45,25.3
299,Raisen,Madhya Pradesh,4,0.07,0.53,0.03,0.16,1.39,4.9,37.16,37.64,2.35,40.44,23.05,2.21,30.35
299,Raisen,Madhya Pradesh,5,0.21,0.84,0.38,1.13,4.22,3.06,22.06,40.05,1.91,42.46,27.25,1.79,33.65
299,Raisen,Madhya Pradesh,6,4.9,11.23,13.16,21.17,59.08,54.0,61.73,36.01,3.9,41.06,26.98,2.03,31.49
299,Raisen,Madhya Pradesh,7,14.09,19.33,35.72,50.04,99.26,304.06,364.6,29.81,2.52,33.1,24.52,1.19,27.16
299,Raisen,Madhya Pradesh,8,12.49,18.81,34.65,50.05,89.76,428.55,804.04,28.49,1.71,30.73,23.6,0.8,26.05
299,Raisen,Madhya Pradesh,9,6.33,13.65,17.71,26.25,60.85,282.11,1028.27,30.18,1.98,32.65,22.98,0.96,26.58
299,Raisen,Madhya Pradesh,10,0.8,3.02,1.68,4.36,18.63,87.13,792.35,30.97,1.8,33.21,19.79,2.15,25.38
299,Raisen,Madhya Pradesh,11,0.34,2.58,0.18,0.62,7.84,12.61,372.53,27.92,1.82,30.24,15.48,2.31,21.7
299,Raisen,Madhya Pradesh,12,0.22,1.68,0.09,0.37,7.08,8.22,102.81,24.78,2.07,27.43,11.8,2.11,18.29
300,Raj Nandgaon,Chhattisgarh,1,0.5,2.35,0.75,1.82,12.02,11.31,46.82,26.05,2.08,28.61,13.41,2.26,19.73
300,Raj Nandgaon,Chhattisgarh,2,0.6,2.58,0.98,2.98,10.38,17.31,38.34,29.25,2.42,32.28,15.83,2.13,22.54
300,Raj Nandgaon,Chhattisgarh,3,0.66,2.82,0.93,3.45,16.49,19.68,47.88,33.99,2.64,37.16,19.82,2.16,26.91
300,Raj Nandgaon,Chhattisgarh,4,0.56,3.06,0.71,1.84,13.26,17.08,54.07,38.06,2.19,40.73,24.38,1.93,31.22
300,Raj Nandgaon,Chhattisgarh,5,0.42,1.63,0.78,1.7,7.74,13.54,50.24,40.26,2.13,42.74,27.67,1.77,33.97
300,Raj Nandgaon,Chhattisgarh,6,5.75,11.58,15.69,26.25,57.57,68.06,98.55,35.42,4.19,41.04,26.96,2.07,31.19
300,Raj Nandgaon,Chhattisgarh,7,12.7,16.69,32.87,48.11,78.53,299.71,385.0,29.85,1.96,32.28,24.69,0.96,27.27
300,Raj Nandgaon,Chhattisgarh,8,12.39,17.51,32.78,47.78,82.61,398.94,782.82,29.14,1.53,31.04,24.23,0.77,26.68
300,Raj Nandgaon,Chhattisgarh,9,7.37,13.97,19.52,33.2,75.43,302.6,1011.67,30.45,1.53,32.24,23.9,0.75,27.17
300,Raj Nandgaon,Chhattisgarh,10,2.16,7.0,5.69,12.15,34.0,129.38,827.51,30.54,1.49,32.44,21.24,2.01,25.89
300,Raj Nandgaon,Chhattisgarh,11,0.44,3.1,0.24,1.2,10.34,26.98,451.21,28.36,1.47,30.24,16.96,2.43,22.66
300,Raj Nandgaon,Chhattisgarh,12,0.26,1.82,0.15,0.67,6.43,9.82,160.72,26.2,1.58,28.25,13.53,2.16,19.86
301,Rajgarh,Madhya Pradesh,1,0.31,1.8,0.02,0.83,10.34,6.13,20.29,24.0,2.65,27.44,10.62,2.34,17.31
301,Rajgarh,Madhya Pradesh,2,0.1,0.57,0.0,0.18,3.45,5.79,16.81,27.26,3.02,31.16,13.04,2.57,20.15
301,Rajgarh,Madhya Pradesh,3,0.21,1.98,0.0,0.13,3.98,5.39,17.21,32.81,3.1,36.67,17.91,2.6,25.36
301,Rajgarh,Madhya Pradesh,4,0.03,0.41,0.0,0.02,0.26,2.91,14.17,37.83,2.42,40.69,23.2,2.38,30.52
301,Rajgarh,Madhya Pradesh,5,0.24,1.17,0.19,1.0,6.33,3.16,11.47,40.31,1.96,42.71,27.48,1.79,33.9
301,Rajgarh,Madhya Pradesh,6,3.2,8.9,9.64,15.67,36.28,34.9,40.88,36.9,3.53,41.5,27.25,1.91,32.08
301,Rajgarh,Madhya Pradesh,7,11.63,19.44,33.36,50.51,92.75,227.35,267.79,30.69,2.67,34.35,24.95,1.23,27.82
301,Rajgarh,Madhya Pradesh,8,10.56,17.54,30.82,43.91,82.81,360.96,636.83,29.03,1.7,31.25,24.01,0.83,26.52
301,Rajgarh,Madhya Pradesh,9,4.85,11.75,15.32,24.05,55.18,237.02,837.96,30.86,2.07,33.47,23.26,1.03,27.06
301,Rajgarh,Madhya Pradesh,10,0.63,3.72,0.45,2.89,11.91,65.73,659.17,31.99,1.96,34.42,19.78,2.23,25.88
301,Rajgarh,Madhya Pradesh,11,0.24,1.71,0.0,0.04,9.16,9.39,303.7,28.55,2.0,30.96,15.42,2.32,21.98
301,Rajgarh,Madhya Pradesh,12,0.08,0.71,0.0,0.0,1.82,4.92,76.21,25.18,2.22,27.94,11.58,2.23,18.38
302,Raj Samand,Rajasthan,1,0.09,0.88,0.0,0.02,1.86,2.16,9.97,22.23,2.48,25.44,8.47,2.17,15.35
302,Raj Samand,Rajasthan,2,0.11,1.11,0.0,0.02,2.96,2.56,7.31,25.3,3.01,29.31,11.04,2.75,18.17
302,Raj Samand,Rajasthan,3,0.06,0.81,0.0,0.02,0.74,2.88,7.56,30.95,3.14,34.92,16.34,2.84,23.64
302,Raj Samand,Rajasthan,4,0.07,0.47,0.02,0.24,1.72,1.64,7.11,35.8,2.59,38.97,21.32,2.47,28.56
302,Raj Samand,Rajasthan,5,0.33,1.45,0.29,1.49,7.98,5.94,10.42,38.33,2.04,40.82,25.13,1.76,31.73
302,Raj Samand,Rajasthan,6,2.37,6.35,8.16,14.85,29.16,32.45,40.18,36.18,2.72,39.75,25.68,1.53,30.93
302,Raj Samand,Rajasthan,7,7.89,15.25,27.8,43.02,67.4,155.37,195.35,30.83,2.56,34.22,24.03,1.26,27.43
302,Raj Samand,Rajasthan,8,7.36,13.92,23.57,39.06,60.88,251.9,448.55,28.97,1.68,31.05,23.03,0.94,26.0
302,Raj Samand,Rajasthan,9,3.65,10.28,11.58,23.86,53.66,162.73,578.56,30.7,2.06,33.42,22.23,1.17,26.47
302,Raj Samand,Rajasthan,10,0.36,2.08,0.07,0.94,10.55,49.24,461.28,31.38,1.94,33.74,19.16,2.21,25.27
302,Raj Samand,Rajasthan,11,0.15,1.21,0.0,0.0,5.84,5.23,211.61,27.15,2.13,29.69,14.54,2.27,20.85
302,Raj Samand,Rajasthan,12,0.04,0.68,0.0,0.0,0.28,2.62,53.94,23.5,2.19,26.08,10.1,2.26,16.8
303,Ramgarh,Jharkhand,1,0.54,2.93,0.41,2.04,13.5,9.27,40.31,24.09,2.19,26.94,11.1,2.33,17.6
303,Ramgarh,Jharkhand,2,0.9,4.84,0.57,4.55,23.78,20.62,32.39,27.63,2.72,31.06,14.05,2.27,20.84
303,Ramgarh,Jharkhand,3,0.71,3.74,0.66,3.54,17.55,24.53,53.9,33.0,2.83,36.44,18.32,2.29,25.66
303,Ramgarh,Jharkhand,4,0.7,2.97,0.85,4.04,17.17,17.95,63.11,37.61,2.47,40.73,22.48,1.76,30.05
303,Ramgarh,Jharkhand,5,1.24,5.1,3.16,5.97,20.65,29.09,71.42,38.23,2.5,41.34,25.13,1.61,31.68
303,Ramgarh,Jharkhand,6,7.2,13.92,22.12,32.29,68.1,107.09,154.48,34.74,3.46,39.56,26.23,1.38,30.49
303,Ramgarh,Jharkhand,7,11.65,16.07,33.34,43.84,74.88,311.62,452.19,31.07,1.53,32.91,25.51,0.83,28.29
303,Ramgarh,Jharkhand,8,10.33,16.26,30.71,44.39,79.99,339.37,772.37,30.73,1.16,32.17,25.28,0.67,28.0
303,Ramgarh,Jharkhand,9,8.5,15.14,26.7,40.65,72.1,279.11,936.33,30.9,1.43,32.58,24.6,0.9,27.75
303,Ramgarh,Jharkhand,10,2.6,8.77,6.35,16.05,47.21,165.81,781.77,30.33,1.5,32.2,21.27,2.23,25.8
303,Ramgarh,Jharkhand,11,0.25,2.03,0.0,0.18,8.67,30.16,470.55,27.75,1.5,29.66,16.2,2.48,21.98
303,Ramgarh,Jharkhand,12,0.06,0.5,0.0,0.02,2.19,3.43,192.95,24.76,1.63,26.6,11.85,2.03,18.3
304,Ramanagaram,Karnataka,1,0.11,1.33,0.0,0.08,1.29,6.74,129.38,28.21,1.17,29.67,15.86,1.53,22.03
304,Ramanagaram,Karnataka,2,0.15,1.2,0.0,0.17,3.44,2.66,30.83,30.66,1.43,32.47,17.35,1.62,24.01
304,Ramanagaram,Karnataka,3,0.41,2.05,0.42,2.17,9.67,9.18,18.73,33.16,1.44,34.88,19.75,1.63,26.46
304,Ramanagaram,Karnataka,4,1.8,5.62,5.15,10.37,27.46,28.56,40.62,34.02,1.37,35.57,22.05,1.0,28.03
304,Ramanagaram,Karnataka,5,4.42,9.46,14.97,22.58,49.38,94.37,133.34,32.96,1.66,34.75,22.59,0.82,27.78
304,Ramanagaram,Karnataka,6,3.11,8.78,8.45,16.67,42.79,137.88,263.52,29.37,1.66,31.39,21.93,0.67,25.65
304,Ramanagaram,Karnataka,7,2.78,6.88,8.28,12.77,36.26,67.4,300.53,28.14,1.32,29.9,21.48,0.57,24.81
304,Ramanagaram,Karnataka,8,4.02,9.67,11.02,19.16,46.42,101.04,302.74,27.87,1.15,29.31,21.08,0.53,24.47
304,Ramanagaram,Karnataka,9,5.26,10.08,17.78,27.41,45.37,141.86,310.48,28.63,1.18,30.16,20.71,0.58,24.67
304,Ramanagaram,Karnataka,10,6.23,12.4,18.83,32.04,59.17,190.01,434.92,28.22,1.25,29.66,20.15,0.82,24.18
304,Ramanagaram,Karnataka,11,1.66,5.48,5.05,9.52,20.73,109.04,443.17,27.24,1.32,28.67,18.36,1.6,22.8
304,Ramanagaram,Karnataka,12,0.41,2.2,0.42,1.73,8.85,23.88,320.93,26.9,1.27,28.37,16.46,1.71,21.68
305,Rampur,Uttar Pradesh,1,1.07,6.35,0.14,2.97,32.74,24.11,40.16,20.47,2.67,23.68,7.88,2.04,14.17
305,Rampur,Uttar Pradesh,2,1.47,7.19,0.58,7.26,40.35,36.55,65.9,23.54,2.74,26.83,10.39,2.3,16.96
305,Rampur,Uttar Pradesh,3,0.92,5.69,0.4,2.64,24.48,40.29,100.16,29.42,3.15,33.41,14.64,2.54,22.03
305,Rampur,Uttar Pradesh,4,0.47,3.25,0.2,1.33,12.47,15.93,92.75,35.51,2.96,39.14,19.74,2.53,27.62
305,Rampur,Uttar Pradesh,5,1.06,4.45,1.07,7.13,21.65,23.23,78.66,37.83,2.71,41.04,23.83,2.16,30.83
305,Rampur,Uttar Pradesh,6,3.66,10.74,11.28,20.6,41.5,57.29,96.45,36.77,3.23,41.06,26.08,1.68,31.43
305,Rampur,Uttar Pradesh,7,10.82,21.24,33.77,50.43,113.54,232.2,315.21,32.79,2.2,35.6,26.3,1.19,29.55
305,Rampur,Uttar Pradesh,8,10.84,22.64,33.6,58.9,117.13,336.06,637.45,31.99,1.57,33.91,25.95,0.88,28.97
305,Rampur,Uttar Pradesh,9,7.35,19.48,22.28,41.61,105.56,283.94,863.14,31.89,1.83,33.91,24.29,1.36,28.09
305,Rampur,Uttar Pradesh,10,1.1,7.02,0.12,2.72,30.99,110.09,727.3,31.21,1.85,33.29,19.01,2.56,25.11
305,Rampur,Uttar Pradesh,11,0.08,1.05,0.0,0.01,1.05,11.41,398.47,27.35,1.99,29.82,13.73,2.1,20.54
305,Rampur,Uttar Pradesh,12,0.35,2.69,0.0,0.17,10.56,5.43,120.73,22.73,2.53,25.4,9.45,2.07,16.09
306,Ranchi,Jharkhand,1,0.55,2.36,0.89,2.91,11.85,9.21,44.33,23.4,2.14,26.22,10.59,2.3,16.99
306,Ranchi,Jharkhand,2,0.96,4.41,1.59,4.42,24.75,22.14,33.65,26.9,2.69,30.36,13.49,2.24,20.19
306,Ranchi,Jharkhand,3,0.76,3.29,1.23,3.31,16.09,26.86,57.67,32.16,2.82,35.55,17.75,2.25,24.95
306,Ranchi,Jharkhand,4,0.86,3.01,1.94,4.91,15.91,20.8,69.79,36.68,2.45,39.7,21.96,1.75,29.32
306,Ranchi,Jharkhand,5,1.44,4.78,4.32,7.61,15.39,33.74,81.31,37.46,2.47,40.5,24.56,1.57,31.01
306,Ranchi,Jharkhand,6,7.65,13.83,20.9,30.96,70.43,116.3,171.3,33.87,3.52,38.72,25.49,1.38,29.68
306,Ranchi,Jharkhand,7,12.0,14.2,30.16,37.0,68.67,322.82,477.3,30.16,1.54,32.01,24.64,0.79,27.4
306,Ranchi,Jharkhand,8,10.96,14.11,28.92,40.12,66.0,357.46,811.1,29.81,1.17,31.29,24.38,0.62,27.09
306,Ranchi,Jharkhand,9,8.65,13.84,24.62,37.65,62.33,292.18,979.1,30.0,1.42,31.67,23.68,0.86,26.84
306,Ranchi,Jharkhand,10,2.84,9.23,7.28,15.78,48.48,168.83,815.87,29.36,1.53,31.26,20.37,2.2,24.87
306,Ranchi,Jharkhand,11,0.29,2.1,0.04,0.54,8.93,34.64,490.48,26.74,1.5,28.64,15.51,2.46,21.13
306,Ranchi,Jharkhand,12,0.07,0.45,0.0,0.12,2.44,3.8,200.79,23.87,1.58,25.69,11.31,2.0,17.59
307,Ratlam,Madhya Pradesh,1,0.2,1.72,0.0,0.04,4.88,4.25,17.68,24.55,2.44,27.66,11.11,2.14,17.83
307,Ratlam,Madhya Pradesh,2,0.03,0.42,0.0,0.0,0.43,3.08,10.08,27.48,2.85,31.15,13.39,2.49,20.44
307,Ratlam,Madhya Pradesh,3,0.06,0.55,0.0,0.0,1.66,1.73,9.04,32.8,2.96,36.52,18.11,2.55,25.46
307,Ratlam,Madhya Pradesh,4,0.01,0.15,0.0,0.01,0.33,0.74,5.59,37.4,2.3,40.17,22.89,2.14,30.14
307,Ratlam,Madhya Pradesh,5,0.14,0.67,0.05,0.72,3.29,2.27,4.73,39.34,1.85,41.64,26.17,1.41,32.75
307,Ratlam,Madhya Pradesh,6,3.26,7.45,10.82,19.12,37.67,37.85,40.89,35.92,3.29,40.4,26.17,1.49,31.05
307,Ratlam,Madhya Pradesh,7,10.25,19.35,31.8,51.04,99.83,196.8,239.09,29.94,2.42,33.26,24.51,1.1,27.22
307,Ratlam,Madhya Pradesh,8,8.62,16.87,25.0,40.16,92.74,316.4,563.35,28.3,1.53,30.18,23.61,0.77,25.96
307,Ratlam,Madhya Pradesh,9,5.2,13.24,16.58,29.2,69.59,214.74,738.25,30.26,2.01,33.06,22.94,0.97,26.6
307,Ratlam,Madhya Pradesh,10,0.94,5.47,0.48,3.65,21.94,75.68,602.47,31.97,1.82,34.16,20.05,2.11,26.01
307,Ratlam,Madhya Pradesh,11,0.15,1.37,0.0,0.05,3.7,11.33,295.77,28.92,1.91,31.2,16.01,2.28,22.47
307,Ratlam,Madhya Pradesh,12,0.06,0.61,0.0,0.0,0.93,2.84,85.84,25.72,2.08,28.15,12.25,2.15,18.98
308,Rayagarha,Odisha,1,0.35,1.99,0.04,1.14,9.37,7.0,81.77,26.97,1.56,28.85,15.54,1.95,21.25
308,Rayagarha,Odisha,2,0.96,3.69,1.66,6.08,20.36,17.74,31.07,30.03,1.95,32.51,17.73,1.79,23.88
308,Rayagarha,Odisha,3,0.71,2.39,2.02,4.75,12.49,24.71,49.11,33.94,1.77,35.98,20.87,1.59,27.4
308,Rayagarha,Odisha,4,1.25,3.08,4.15,7.94,14.76,29.34,71.82,36.41,1.48,38.14,23.68,1.36,30.05
308,Rayagarha,Odisha,5,2.04,6.15,6.25,10.24,21.11,50.4,104.58,37.38,1.89,39.48,25.67,1.38,31.53
308,Rayagarha,Odisha,6,7.21,13.45,20.61,35.04,68.72,128.85,209.53,33.51,3.12,37.9,25.75,1.37,29.63
308,Rayagarha,Odisha,7,11.76,18.2,31.89,47.66,90.28,287.8,470.76,29.98,1.61,31.88,24.56,0.85,27.27
308,Rayagarha,Odisha,8,11.98,17.33,33.61,47.59,81.08,371.67,800.92,29.61,1.32,31.32,24.31,0.76,26.96
308,Rayagarha,Odisha,9,8.03,13.3,21.03,32.47,68.8,305.24,971.95,30.31,1.3,31.85,24.03,0.66,27.17
308,Rayagarha,Odisha,10,4.29,10.52,13.13,22.94,56.13,190.04,864.81,29.94,1.39,31.58,22.2,1.47,26.07
308,Rayagarha,Odisha,11,1.09,4.96,1.3,5.95,23.61,70.8,560.44,28.2,1.29,29.74,18.52,2.2,23.36
308,Rayagarha,Odisha,12,0.07,0.57,0.0,0.05,1.94,8.08,263.87,26.6,1.26,28.2,15.46,1.96,21.03
309,Rewa,Madhya Pradesh,1,0.55,3.21,0.28,1.57,16.69,12.37,29.43,22.24,2.69,25.73,9.45,2.55,15.85
309,Rewa,Madhya Pradesh,2,0.73,3.62,0.37,2.71,21.87,20.16,37.71,26.06,2.96,29.91,12.21,2.53,19.13
309,Rewa,Madhya Pradesh,3,0.37,2.41,0.04,0.43,12.42,17.15,49.17,32.16,3.16,36.02,16.92,2.64,24.54
309,Rewa,Madhya Pradesh,4,0.16,1.56,0.02,0.22,2.47,6.11,43.21,37.93,2.65,41.12,22.29,2.34,30.11
309,Rewa,Madhya Pradesh,5,0.14,0.69,0.15,0.67,3.07,4.16,26.87,40.47,2.13,43.11,26.43,1.99,33.45
309,Rewa,Madhya Pradesh,6,3.43,8.66,11.07,20.93,45.71,31.41,41.57,37.71,3.84,42.49,27.98,1.87,32.85
309,Rewa,Madhya Pradesh,7,8.51,12.51,26.43,37.31,55.81,200.65,238.8,32.3,2.35,35.51,26.34,1.29,29.32
309,Rewa,Madhya Pradesh,8,8.06,12.13,25.66,34.79,52.79,264.7,507.64,31.24,1.49,33.06,25.72,0.86,28.48
309,Rewa,Madhya Pradesh,9,6.33,12.68,22.3,34.92,59.18,231.12,704.29,31.48,1.76,33.68,24.81,1.11,28.15
309,Rewa,Madhya Pradesh,10,1.01,5.05,0.9,4.22,25.65,85.09,579.05,31.29,1.79,33.48,20.57,2.56,25.93
309,Rewa,Madhya Pradesh,11,0.27,2.78,0.0,0.01,5.4,12.95,323.7,27.74,1.97,30.18,15.16,2.53,21.45
309,Rewa,Madhya Pradesh,12,0.19,2.52,0.0,0.2,3.35,5.52,98.6,23.7,2.19,26.14,10.72,2.24,17.21
310,Rudraprayag,Uttarakhand,1,1.2,4.19,2.61,7.24,23.35,30.1,55.98,17.16,2.48,20.18,5.95,1.97,11.56
310,Rudraprayag,Uttarakhand,2,1.47,4.47,4.5,8.62,21.25,38.97,78.84,19.08,2.82,22.57,8.34,2.33,13.71
310,Rudraprayag,Uttarakhand,3,1.69,5.58,3.96,9.86,33.04,48.29,116.68,24.13,3.24,28.19,12.47,2.72,18.3
310,Rudraprayag,Uttarakhand,4,0.96,3.66,1.98,4.87,16.21,38.81,126.23,29.09,2.95,32.62,17.05,2.6,23.07
310,Rudraprayag,Uttarakhand,5,2.05,6.23,5.1,11.87,31.45,49.36,136.31,31.63,2.64,34.82,20.7,2.07,26.17
310,Rudraprayag,Uttarakhand,6,3.78,8.6,12.05,18.16,37.22,69.5,157.74,31.58,2.76,35.13,22.73,1.62,27.15
310,Rudraprayag,Uttarakhand,7,8.36,10.58,22.46,30.16,47.16,192.76,314.06,28.87,1.88,31.21,23.72,1.15,26.29
310,Rudraprayag,Uttarakhand,8,7.69,10.92,21.26,28.59,46.98,261.62,531.94,28.15,1.42,29.84,23.29,0.9,25.72
310,Rudraprayag,Uttarakhand,9,4.94,11.33,16.24,24.63,44.49,191.19,652.7,27.97,1.54,29.65,21.2,1.43,24.59
310,Rudraprayag,Uttarakhand,10,0.88,3.13,1.85,5.59,16.19,70.14,520.47,26.25,1.76,28.32,16.42,2.11,21.34
310,Rudraprayag,Uttarakhand,11,0.3,2.17,0.52,1.13,5.82,15.88,271.9,22.93,1.63,24.75,11.63,1.96,17.28
310,Rudraprayag,Uttarakhand,12,0.58,2.6,1.16,3.04,11.54,10.33,92.43,19.45,2.37,21.95,7.67,1.94,13.56
311,Sabar Kantha,Gujarat,1,0.02,0.33,0.0,0.0,0.21,0.59,8.36,25.03,2.31,28.12,11.39,2.03,18.21
311,Sabar Kantha,Gujarat,2,0.03,0.38,0.0,0.0,0.32,0.66,3.37,27.93,2.84,31.63,13.46,2.59,20.69
311,Sabar Kantha,Gujarat,3,0.04,0.97,0.0,0.0,0.12,1.6,2.84,33.29,2.96,37.03,18.07,2.56,25.68
311,Sabar Kantha,Gujarat,4,0.04,0.44,0.0,0.0,0.75,0.71,3.01,37.53,2.3,40.36,22.22,2.02,29.87
311,Sabar Kantha,Gujarat,5,0.1,0.91,0.0,0.07,2.28,2.25,4.57,39.2,1.81,41.38,25.52,1.38,32.36
311,Sabar Kantha,Gujarat,6,2.53,8.72,8.06,15.1,36.0,28.69,31.71,36.44,2.76,40.11,26.57,1.27,31.51
311,Sabar Kantha,Gujarat,7,12.02,25.48,36.52,62.25,130.72,217.92,250.61,31.1,2.32,34.18,25.28,1.12,28.19
311,Sabar Kantha,Gujarat,8,9.72,20.84,29.28,49.05,111.6,367.25,627.9,29.59,1.56,31.48,24.38,0.87,26.99
311,Sabar Kantha,Gujarat,9,5.43,15.94,15.28,32.42,78.65,219.84,818.99,31.45,2.05,34.17,23.76,1.06,27.6
311,Sabar Kantha,Gujarat,10,0.31,2.09,0.07,0.67,9.39,66.28,647.73,33.17,1.82,35.36,20.65,2.21,26.91
311,Sabar Kantha,Gujarat,11,0.17,1.83,0.0,0.0,2.68,5.64,284.94,29.81,2.01,32.28,16.48,2.21,23.14
311,Sabar Kantha,Gujarat,12,0.02,0.33,0.0,0.0,0.14,2.21,69.33,26.34,2.09,28.78,12.77,2.17,19.56
312,Sagar,Madhya Pradesh,1,0.68,3.52,0.5,2.32,15.3,15.75,41.54,23.04,2.61,26.57,10.14,2.41,16.59
312,Sagar,Madhya Pradesh,2,0.9,4.47,0.87,3.59,20.96,23.7,51.5,26.6,2.96,30.44,12.71,2.52,19.65
312,Sagar,Madhya Pradesh,3,0.53,3.23,0.23,1.22,16.74,23.21,62.21,32.18,3.09,35.95,17.4,2.56,24.79
312,Sagar,Madhya Pradesh,4,0.14,1.23,0.05,0.2,3.47,7.3,54.06,37.42,2.5,40.4,22.63,2.32,30.03
312,Sagar,Madhya Pradesh,5,0.33,1.5,0.45,1.46,7.86,5.27,35.2,40.1,1.97,42.57,26.98,1.93,33.54
312,Sagar,Madhya Pradesh,6,4.64,11.74,12.26,20.87,55.32,51.91,64.21,36.49,3.83,41.23,27.19,2.03,31.84
312,Sagar,Madhya Pradesh,7,11.7,16.65,32.64,49.71,78.29,269.42,330.02,30.37,2.6,33.86,24.83,1.31,27.6
312,Sagar,Madhya Pradesh,8,11.18,16.29,33.28,47.98,74.53,373.11,709.11,29.0,1.72,31.25,23.89,0.9,26.44
312,Sagar,Madhya Pradesh,9,5.79,12.17,17.61,29.05,65.2,248.49,902.02,30.38,2.01,32.81,23.16,1.06,26.77
312,Sagar,Madhya Pradesh,10,0.82,3.38,1.19,4.32,17.18,80.15,698.0,30.96,1.88,33.31,19.62,2.22,25.29
312,Sagar,Madhya Pradesh,11,0.43,3.36,0.12,0.5,14.08,14.07,334.66,27.54,1.95,30.03,15.1,2.34,21.32
312,Sagar,Madhya Pradesh,12,0.33,2.85,0.07,0.56,7.33,11.87,101.44,24.1,2.16,26.81,11.1,2.17,17.6
313,Saharanpur,Uttar Pradesh,1,1.57,7.12,1.56,6.4,36.57,37.01,59.54,20.26,2.52,23.29,7.61,2.08,13.93
313,Saharanpur,Uttar Pradesh,2,1.53,6.29,2.11,7.53,32.99,50.27,95.17,23.04,2.87,26.68,9.92,2.34,16.48
313,Saharanpur,Uttar Pradesh,3,1.58,8.73,1.47,5.53,37.96,51.07,137.14,28.62,3.4,32.94,13.97,2.55,21.29
313,Saharanpur,Uttar Pradesh,4,0.61,3.43,0.57,1.51,15.5,27.42,128.66,34.85,3.28,39.07,18.81,2.66,26.83
313,Saharanpur,Uttar Pradesh,5,0.88,3.07,1.96,4.99,16.56,20.97,98.94,38.03,2.96,41.51,22.99,2.35,30.51
313,Saharanpur,Uttar Pradesh,6,3.35,9.61,10.52,16.53,42.44,51.93,99.73,37.1,3.21,41.27,25.63,1.87,31.36
313,Saharanpur,Uttar Pradesh,7,11.4,18.22,30.38,44.63,84.86,228.94,303.86,33.09,2.2,35.85,26.28,1.25,29.69
313,Saharanpur,Uttar Pradesh,8,11.37,17.25,30.68,44.77,83.83,366.3,659.73,32.2,1.64,34.14,25.88,0.94,29.04
313,Saharanpur,Uttar Pradesh,9,6.4,15.75,19.5,35.15,81.58,274.92,882.83,32.22,1.75,34.2,23.89,1.55,28.06
313,Saharanpur,Uttar Pradesh,10,0.93,5.16,0.84,2.85,23.85,87.07,724.43,31.27,1.91,33.49,18.22,2.52,24.75
313,Saharanpur,Uttar Pradesh,11,0.24,3.67,0.09,0.4,2.88,14.27,368.16,27.12,2.03,29.52,13.09,2.05,20.1
313,Saharanpur,Uttar Pradesh,12,0.68,4.51,0.42,1.74,16.3,8.52,104.58,22.44,2.52,25.13,9.02,2.13,15.73
314,Sahibganj,Jharkhand,1,0.36,2.12,0.0,0.66,12.88,5.27,36.48,23.02,2.02,25.41,11.65,1.88,17.33
314,Sahibganj,Jharkhand,2,0.48,2.52,0.15,2.15,13.45,13.09,19.23,26.54,2.31,29.35,14.38,2.03,20.46
314,Sahibganj,Jharkhand,3,0.52,3.16,0.07,1.92,12.81,14.48,32.48,31.9,2.47,35.04,18.78,2.21,25.34
314,Sahibganj,Jharkhand,4,1.24,4.27,3.51,8.4,21.98,23.75,51.27,35.39,2.34,38.23,22.73,1.76,29.06
314,Sahibganj,Jharkhand,5,3.49,8.54,11.89,20.8,39.38,69.28,108.04,34.72,2.19,37.81,25.11,1.6,29.91
314,Sahibganj,Jharkhand,6,8.74,16.03,26.16,41.02,82.38,164.71,259.56,33.49,2.08,36.3,26.59,1.05,30.04
314,Sahibganj,Jharkhand,7,12.86,18.23,34.93,52.62,85.14,368.54,608.1,31.91,1.2,33.36,26.51,0.81,29.21
314,Sahibganj,Jharkhand,8,10.32,17.27,30.74,43.6,86.38,333.69,879.64,31.98,1.15,33.4,26.53,0.76,29.25
314,Sahibganj,Jharkhand,9,8.81,16.12,26.15,39.52,77.6,278.67,985.81,31.73,1.38,33.38,25.91,0.9,28.82
314,Sahibganj,Jharkhand,10,3.4,11.87,8.65,18.31,61.66,202.72,811.79,30.97,1.5,32.72,23.18,1.94,27.08
314,Sahibganj,Jharkhand,11,0.12,0.89,0.0,0.09,3.73,33.62,511.89,28.34,1.45,30.12,17.96,2.18,23.15
314,Sahibganj,Jharkhand,12,0.04,0.31,0.0,0.0,0.98,1.49,231.56,24.62,1.85,26.7,13.3,1.81,18.96
316,Sambalpur,Odisha,1,0.5,2.65,0.16,2.04,15.0,8.96,41.8,26.03,1.98,28.54,13.24,2.28,19.64
316,Sambalpur,Odisha,2,0.87,3.95,0.97,4.92,20.83,19.94,32.47,29.36,2.46,32.46,15.93,2.14,22.65
316,Sambalpur,Odisha,3,0.59,2.45,0.73,3.22,12.92,24.17,52.59,34.15,2.45,37.11,19.76,2.03,26.96
316,Sambalpur,Odisha,4,0.62,2.24,1.36,4.15,13.15,14.69,58.82,37.84,2.07,40.43,23.89,1.76,30.87
316,Sambalpur,Odisha,5,1.04,2.78,3.34,6.65,13.65,24.17,62.86,38.85,2.24,41.56,26.44,1.63,32.64
316,Sambalpur,Odisha,6,7.29,13.86,22.24,35.32,70.26,101.56,140.67,34.38,3.74,39.57,26.45,1.66,30.41
316,Sambalpur,Odisha,7,13.62,18.37,37.65,55.72,81.55,336.58,466.72,30.07,1.68,32.25,24.99,0.97,27.53
316,Sambalpur,Odisha,8,13.3,19.06,36.09,57.3,80.67,428.79,883.61,29.7,1.31,31.32,24.7,0.86,27.2
316,Sambalpur,Odisha,9,8.28,14.08,22.01,39.35,68.17,334.57,1110.2,30.4,1.34,31.99,24.3,0.8,27.35
316,Sambalpur,Odisha,10,2.16,6.76,5.56,12.85,33.6,133.01,892.69,30.14,1.41,31.85,21.72,1.94,25.93
316,Sambalpur,Odisha,11,0.37,2.38,0.04,1.09,10.02,30.42,489.27,28.15,1.44,29.95,17.1,2.45,22.62
316,Sambalpur,Odisha,12,0.09,0.6,0.0,0.06,3.02,4.23,161.14,25.9,1.5,27.75,13.34,2.12,19.62
317,Sambhal,Uttar Pradesh,1,0.98,5.33,0.59,2.68,33.4,24.84,41.78,19.91,2.66,23.16,7.74,2.12,13.83
317,Sambhal,Uttar Pradesh,2,1.07,5.28,0.77,3.19,32.08,29.52,58.88,23.21,2.77,26.56,10.59,2.44,16.9
317,Sambhal,Uttar Pradesh,3,0.81,5.02,0.58,1.96,22.4,33.48,87.33,29.34,3.27,33.55,15.29,2.63,22.32
317,Sambhal,Uttar Pradesh,4,0.66,5.66,0.22,0.86,19.83,15.0,78.07,35.85,3.07,39.67,20.64,2.65,28.24
317,Sambhal,Uttar Pradesh,5,0.47,2.53,0.49,1.78,11.01,18.6,66.73,38.71,2.74,41.91,24.87,2.27,31.79
317,Sambhal,Uttar Pradesh,6,2.73,8.9,5.73,15.92,46.53,36.08,69.66,37.78,3.19,41.85,27.06,1.76,32.42
317,Sambhal,Uttar Pradesh,7,10.51,24.33,32.85,55.0,118.21,212.63,268.87,33.6,2.36,36.8,26.75,1.3,30.18
317,Sambhal,Uttar Pradesh,8,11.27,26.23,33.38,57.29,118.88,334.13,594.7,32.5,1.64,34.52,26.28,0.93,29.39
317,Sambhal,Uttar Pradesh,9,6.26,17.17,17.19,33.93,93.9,281.07,839.86,32.4,1.88,34.49,24.72,1.4,28.56
317,Sambhal,Uttar Pradesh,10,1.21,7.64,0.86,3.4,31.14,92.5,704.9,31.45,1.98,33.78,19.41,2.58,25.43
317,Sambhal,Uttar Pradesh,11,0.04,0.5,0.0,0.01,0.75,13.2,378.78,27.11,2.15,29.8,13.94,2.24,20.52
317,Sambhal,Uttar Pradesh,12,0.45,3.27,0.08,0.44,13.94,4.54,105.05,22.14,2.58,24.96,9.27,2.21,15.71
318,Santkabirnagar,Uttar Pradesh,1,0.79,4.99,0.37,1.31,25.48,21.29,45.16,21.74,2.8,24.84,9.81,2.27,15.77
318,Santkabirnagar,Uttar Pradesh,2,0.95,4.74,0.69,3.23,30.82,27.04,54.63,25.34,2.61,28.69,12.75,2.36,19.05
318,Santkabirnagar,Uttar Pradesh,3,0.91,6.22,0.35,1.87,20.68,24.96,72.68,31.49,2.98,35.07,17.32,2.59,24.4
318,Santkabirnagar,Uttar Pradesh,4,0.89,4.9,0.65,2.05,25.52,24.88,76.64,37.0,2.46,39.97,22.56,2.17,29.78
318,Santkabirnagar,Uttar Pradesh,5,0.98,3.92,2.18,5.48,18.18,29.32,79.23,38.12,2.43,41.18,25.89,1.81,32.01
318,Santkabirnagar,Uttar Pradesh,6,5.84,14.55,16.57,32.1,77.09,85.45,139.73,36.7,3.25,41.02,27.51,1.51,32.1
318,Santkabirnagar,Uttar Pradesh,7,12.65,20.75,41.79,58.82,93.14,307.05,425.1,32.96,1.88,35.14,27.17,1.08,30.06
318,Santkabirnagar,Uttar Pradesh,8,11.11,20.62,35.77,60.27,94.77,347.26,754.55,32.66,1.33,34.28,27.03,0.84,29.85
318,Santkabirnagar,Uttar Pradesh,9,7.65,17.39,22.55,41.82,81.94,303.79,967.41,32.34,1.6,34.27,26.09,1.14,29.22
318,Santkabirnagar,Uttar Pradesh,10,1.81,8.15,2.05,8.37,50.48,128.81,775.75,31.76,1.59,33.75,21.82,2.56,26.79
318,Santkabirnagar,Uttar Pradesh,11,0.12,2.03,0.0,0.0,0.63,18.71,444.35,28.53,1.83,30.78,16.11,2.41,22.32
318,Santkabirnagar,Uttar Pradesh,12,0.46,4.48,0.0,0.1,9.25,6.45,147.95,23.91,2.43,26.38,11.38,2.14,17.65
319,Saraikela-Kharsawan,Jharkhand,1,0.48,2.35,0.19,2.31,12.4,7.88,47.93,25.14,2.11,27.89,12.22,2.28,18.68
319,Saraikela-Kharsawan,Jharkhand,2,0.93,4.11,0.82,4.78,24.48,21.1,32.43,28.76,2.7,32.18,15.11,2.21,21.94
319,Saraikela-Kharsawan,Jharkhand,3,0.73,2.99,1.15,4.36,14.12,25.61,54.19,34.12,2.73,37.43,19.16,2.17,26.64
319,Saraikela-Kharsawan,Jharkhand,4,0.95,3.26,2.05,6.59,18.55,22.78,69.47,38.09,2.35,41.05,23.26,1.74,30.67
319,Saraikela-Kharsawan,Jharkhand,5,1.83,4.86,6.0,11.13,21.62,41.09,89.47,38.27,2.39,41.27,25.77,1.64,32.02
319,Saraikela-Kharsawan,Jharkhand,6,7.39,13.35,20.3,31.64,69.21,125.3,189.84,34.82,3.22,39.19,26.6,1.32,30.71
319,Saraikela-Kharsawan,Jharkhand,7,11.24,14.8,28.88,41.92,68.69,298.2,468.77,31.53,1.49,33.3,25.87,0.77,28.7
319,Saraikela-Kharsawan,Jharkhand,8,10.59,14.56,27.91,42.1,69.85,345.18,781.34,31.26,1.22,32.73,25.6,0.64,28.43
319,Saraikela-Kharsawan,Jharkhand,9,8.06,14.08,24.47,38.56,66.23,270.97,920.58,31.47,1.47,33.15,25.03,0.81,28.25
319,Saraikela-Kharsawan,Jharkhand,10,2.66,7.64,8.98,15.97,36.89,159.56,773.59,30.9,1.52,32.79,22.06,2.09,26.48
319,Saraikela-Kharsawan,Jharkhand,11,0.47,3.3,0.01,0.93,13.5,38.2,463.63,28.52,1.5,30.42,17.15,2.48,22.83
319,Saraikela-Kharsawan,Jharkhand,12,0.1,0.73,0.0,0.04,3.95,4.87,196.62,25.6,1.59,27.51,12.82,2.01,19.21
320,Satna,Madhya Pradesh,1,0.72,3.98,0.26,2.77,21.7,14.28,33.75,22.35,2.7,25.91,9.63,2.56,15.99
320,Satna,Madhya Pradesh,2,0.84,4.05,0.5,3.84,22.01,23.69,44.79,26.14,3.01,30.08,12.41,2.57,19.28
320,Satna,Madhya Pradesh,3,0.41,2.59,0.05,0.98,10.88,19.21,56.6,32.12,3.19,36.05,17.13,2.66,24.62
320,Satna,Madhya Pradesh,4,0.18,1.45,0.03,0.34,3.75,7.67,50.34,37.83,2.67,40.96,22.45,2.41,30.14
320,Satna,Madhya Pradesh,5,0.19,1.01,0.14,0.7,5.19,5.12,31.37,40.68,2.11,43.25,26.7,2.03,33.69
320,Satna,Madhya Pradesh,6,4.07,9.77,13.63,23.37,52.22,37.23,49.89,37.6,3.94,42.34,27.92,1.98,32.76
320,Satna,Madhya Pradesh,7,9.4,14.16,28.42,43.63,61.7,230.01,275.49,31.87,2.52,35.41,25.96,1.35,28.91
320,Satna,Madhya Pradesh,8,9.23,14.02,28.85,43.42,59.48,295.85,575.4,30.62,1.6,32.63,25.23,0.92,27.92
320,Satna,Madhya Pradesh,9,5.85,11.88,18.92,32.73,55.54,238.24,772.47,31.13,1.86,33.46,24.32,1.13,27.72
320,Satna,Madhya Pradesh,10,1.17,5.64,0.88,5.42,33.6,83.26,614.84,31.07,1.87,33.41,20.29,2.48,25.68
320,Satna,Madhya Pradesh,11,0.29,2.82,0.0,0.03,6.39,14.41,329.35,27.48,2.01,29.96,15.14,2.47,21.31
320,Satna,Madhya Pradesh,12,0.18,1.43,0.0,0.19,6.76,7.06,100.4,23.6,2.19,26.18,10.87,2.23,17.24
321,Sawai Madhopur,Rajasthan,1,0.26,2.15,0.01,0.3,7.81,5.24,11.61,22.28,2.61,25.58,8.72,2.34,15.5
321,Sawai Madhopur,Rajasthan,2,0.11,0.69,0.01,0.23,3.0,5.23,12.83,26.05,3.18,30.23,11.49,2.78,18.77
321,Sawai Madhopur,Rajasthan,3,0.1,0.74,0.01,0.19,2.73,3.59,13.93,32.32,3.39,36.57,16.78,2.81,24.55
321,Sawai Madhopur,Rajasthan,4,0.07,0.42,0.04,0.3,1.49,2.04,10.9,38.34,2.92,41.89,22.33,2.72,30.33
321,Sawai Madhopur,Rajasthan,5,0.34,1.4,0.62,2.03,6.38,5.97,11.55,41.42,2.39,44.18,27.15,2.33,34.29
321,Sawai Madhopur,Rajasthan,6,1.99,5.11,5.94,12.08,25.93,25.14,33.26,39.61,3.04,43.45,29.01,1.9,34.31
321,Sawai Madhopur,Rajasthan,7,7.32,11.65,21.83,33.58,52.64,145.08,177.79,34.13,2.78,38.03,27.28,1.51,30.7
321,Sawai Madhopur,Rajasthan,8,7.58,11.83,23.43,33.43,52.93,243.94,422.4,32.33,1.77,34.62,26.17,0.94,29.25
321,Sawai Madhopur,Rajasthan,9,3.24,7.67,10.59,19.24,38.83,165.15,562.6,33.64,2.02,36.24,24.99,1.28,29.31
321,Sawai Madhopur,Rajasthan,10,0.42,2.08,0.24,1.94,11.38,40.42,447.4,33.52,2.23,36.19,20.45,2.39,26.99
321,Sawai Madhopur,Rajasthan,11,0.09,0.73,0.0,0.02,3.3,4.48,203.84,28.76,2.38,31.68,15.11,2.44,21.93
321,Sawai Madhopur,Rajasthan,12,0.06,0.58,0.0,0.0,1.48,2.41,44.62,23.97,2.52,27.07,10.34,2.38,17.16
322,Sehore,Madhya Pradesh,1,0.46,2.44,0.08,1.49,15.14,9.69,27.38,23.87,2.5,27.14,11.19,2.3,17.53
322,Sehore,Madhya Pradesh,2,0.26,1.52,0.05,0.95,6.53,10.27,25.76,27.0,2.83,30.56,13.48,2.44,20.24
322,Sehore,Madhya Pradesh,3,0.18,1.24,0.03,0.46,5.46,6.62,26.41,32.34,2.96,36.01,18.06,2.48,25.2
322,Sehore,Madhya Pradesh,4,0.03,0.33,0.0,0.06,0.69,2.54,19.38,37.24,2.31,40.01,23.19,2.25,30.22
322,Sehore,Madhya Pradesh,5,0.21,0.88,0.31,1.13,5.78,2.85,11.84,39.55,1.88,41.91,27.18,1.68,33.37
322,Sehore,Madhya Pradesh,6,4.27,9.57,14.12,20.95,43.04,49.92,55.24,35.6,3.7,40.47,26.63,1.97,31.11
322,Sehore,Madhya Pradesh,7,12.88,20.64,37.0,51.37,100.25,262.11,317.86,29.57,2.5,32.86,24.21,1.16,26.89
322,Sehore,Madhya Pradesh,8,12.09,20.94,32.78,50.83,116.08,408.44,736.08,28.11,1.68,30.23,23.3,0.79,25.7
322,Sehore,Madhya Pradesh,9,6.14,13.42,18.27,29.11,64.88,279.31,962.81,29.91,1.96,32.41,22.67,0.95,26.29
322,Sehore,Madhya Pradesh,10,0.78,3.23,1.55,4.66,15.88,81.61,764.78,30.78,1.82,33.04,19.65,2.15,25.22
322,Sehore,Madhya Pradesh,11,0.26,1.72,0.0,0.59,7.17,12.23,363.77,27.78,1.81,29.99,15.48,2.3,21.63
322,Sehore,Madhya Pradesh,12,0.13,0.98,0.0,0.07,4.53,5.76,94.69,24.77,2.06,27.41,11.94,2.13,18.36
323,Seoni,Madhya Pradesh,1,0.79,2.44,2.16,4.67,10.39,18.31,45.96,24.29,2.33,27.18,11.77,2.36,18.03
323,Seoni,Madhya Pradesh,2,0.74,2.11,2.5,4.34,9.89,22.27,49.59,27.57,2.63,30.87,14.24,2.29,20.91
323,Seoni,Madhya Pradesh,3,0.77,2.45,2.0,4.29,13.31,24.13,64.35,32.51,2.84,35.96,18.39,2.3,25.45
323,Seoni,Madhya Pradesh,4,0.29,0.86,0.79,1.89,4.4,14.73,61.16,37.17,2.24,39.81,23.15,2.09,30.16
323,Seoni,Madhya Pradesh,5,0.36,1.05,1.09,2.2,5.3,6.7,45.3,39.36,1.98,41.83,27.01,1.83,33.19
323,Seoni,Madhya Pradesh,6,6.14,9.44,17.87,24.85,43.21,72.1,93.02,35.01,4.15,40.36,26.39,2.15,30.7
323,Seoni,Madhya Pradesh,7,13.63,15.14,32.26,42.56,70.13,321.55,404.39,29.26,2.22,32.09,24.03,1.07,26.64
323,Seoni,Madhya Pradesh,8,13.82,17.37,34.34,46.36,73.79,437.47,848.46,28.29,1.67,30.41,23.4,0.82,25.84
323,Seoni,Madhya Pradesh,9,6.78,10.77,20.01,27.74,49.25,312.06,1083.07,29.64,1.78,31.68,22.93,0.89,26.29
323,Seoni,Madhya Pradesh,10,1.58,4.27,4.68,8.98,21.17,109.86,855.29,30.02,1.64,32.09,19.79,2.24,24.9
323,Seoni,Madhya Pradesh,11,0.38,1.42,0.86,1.98,7.97,19.92,432.05,27.39,1.68,29.56,15.56,2.4,21.48
323,Seoni,Madhya Pradesh,12,0.31,1.02,0.93,1.98,4.85,9.06,133.65,24.75,1.81,27.04,12.15,2.13,18.45
324,Sepahijala,Tripura,1,0.47,3.16,0.18,0.91,16.18,9.47,104.95,22.4,1.67,24.42,10.41,1.69,16.41
324,Sepahijala,Tripura,2,0.7,3.91,0.54,2.99,15.51,16.85,38.85,25.08,2.07,27.55,12.78,2.08,18.93
324,Sepahijala,Tripura,3,2.54,8.28,6.36,15.98,46.72,36.39,62.59,28.6,2.09,31.17,17.16,2.29,22.88
324,Sepahijala,Tripura,4,7.37,17.21,23.76,38.37,72.47,159.4,213.17,29.59,2.0,32.02,20.66,1.65,25.12
324,Sepahijala,Tripura,5,12.03,20.48,36.79,52.19,92.12,300.1,500.05,29.77,1.67,31.92,22.69,1.42,26.23
324,Sepahijala,Tripura,6,18.11,28.13,48.72,74.96,131.6,458.44,925.15,29.64,1.3,31.33,24.46,0.79,27.05
324,Sepahijala,Tripura,7,15.98,26.94,43.14,65.92,128.86,518.58,1284.91,29.38,1.15,30.86,24.68,0.7,27.03
324,Sepahijala,Tripura,8,13.61,23.22,33.64,52.76,103.96,447.38,1430.68,29.72,1.08,31.07,24.66,0.61,27.19
324,Sepahijala,Tripura,9,10.97,20.02,31.82,44.74,99.35,352.86,1313.77,29.52,1.35,31.12,23.87,0.81,26.7
324,Sepahijala,Tripura,10,6.77,16.92,20.62,40.66,88.52,286.22,1083.23,28.78,1.49,30.55,21.49,1.75,25.13
324,Sepahijala,Tripura,11,0.97,5.31,0.69,2.78,28.1,88.69,724.37,26.53,1.46,28.4,16.68,2.15,21.61
324,Sepahijala,Tripura,12,0.18,1.22,0.08,0.26,7.57,13.76,382.54,23.5,1.54,25.4,12.23,1.85,17.87
325,Shahadra,Delhi,1,1.33,13.06,0.0,0.59,38.2,28.75,37.08,19.89,2.7,23.15,7.27,2.28,13.58
325,Shahadra,Delhi,2,0.99,5.71,0.02,2.46,28.81,31.37,63.14,23.27,2.89,26.86,10.27,2.62,16.77
325,Shahadra,Delhi,3,0.66,4.17,0.0,1.37,25.91,27.08,86.48,29.37,3.39,33.66,15.07,2.68,22.22
325,Shahadra,Delhi,4,0.35,2.45,0.0,0.5,9.83,12.77,71.28,36.21,3.24,40.28,20.65,2.77,28.43
325,Shahadra,Delhi,5,0.75,5.14,0.09,0.85,25.96,16.7,55.93,39.54,2.9,42.88,25.09,2.44,32.32
325,Shahadra,Delhi,6,3.06,15.11,2.79,18.03,69.37,43.09,72.66,38.68,3.15,42.65,27.59,1.92,33.13
325,Shahadra,Delhi,7,8.18,25.08,27.66,47.19,115.95,178.15,240.01,34.38,2.51,37.86,27.18,1.45,30.78
325,Shahadra,Delhi,8,10.45,35.5,30.67,55.66,169.23,284.64,515.29,33.04,1.77,35.21,26.52,1.03,29.78
325,Shahadra,Delhi,9,5.66,22.98,12.71,33.52,112.24,273.87,745.51,33.16,1.94,35.4,24.76,1.51,28.96
325,Shahadra,Delhi,10,0.45,3.45,0.0,0.2,15.23,62.12,618.66,32.16,2.11,34.68,19.32,2.57,25.74
325,Shahadra,Delhi,11,0.07,0.84,0.0,0.0,1.1,4.93,332.83,27.35,2.26,30.17,13.75,2.33,20.55
325,Shahadra,Delhi,12,0.22,1.85,0.0,0.0,7.69,3.38,65.48,22.14,2.68,25.12,8.87,2.35,15.5
326,Shahdol,Madhya Pradesh,1,0.82,3.61,1.34,3.38,18.84,17.03,42.75,23.03,2.51,26.43,9.98,2.52,16.51
326,Shahdol,Madhya Pradesh,2,0.81,3.58,1.19,3.47,18.73,24.89,50.03,26.58,2.87,30.3,12.61,2.48,19.59
326,Shahdol,Madhya Pradesh,3,0.64,3.22,0.83,2.75,16.53,24.07,65.46,32.07,3.12,35.89,16.97,2.52,24.52
326,Shahdol,Madhya Pradesh,4,0.34,1.87,0.44,0.97,8.34,11.65,60.53,37.38,2.57,40.38,22.04,2.29,29.71
326,Shahdol,Madhya Pradesh,5,0.27,1.18,0.59,1.41,4.05,8.34,43.67,40.05,2.1,42.69,26.08,1.97,33.07
326,Shahdol,Madhya Pradesh,6,4.7,9.6,14.53,23.13,47.72,45.49,65.22,36.42,4.09,41.52,27.12,1.91,31.77
326,Shahdol,Madhya Pradesh,7,11.04,14.38,29.75,41.02,62.73,267.82,325.1,30.83,2.26,33.78,25.26,1.17,28.05
326,Shahdol,Madhya Pradesh,8,11.29,13.58,31.3,41.59,59.75,352.73,680.18,29.94,1.57,31.87,24.62,0.84,27.28
326,Shahdol,Madhya Pradesh,9,6.55,11.5,17.63,28.59,56.13,279.36,910.02,30.56,1.75,32.67,23.69,1.08,27.13
326,Shahdol,Madhya Pradesh,10,1.3,4.87,3.09,6.6,21.79,93.5,722.91,30.37,1.75,32.52,19.83,2.48,25.1
326,Shahdol,Madhya Pradesh,11,0.41,2.66,0.19,1.0,13.63,19.11,383.73,27.17,1.84,29.46,14.88,2.46,21.02
326,Shahdol,Madhya Pradesh,12,0.26,1.61,0.17,0.93,6.53,8.63,116.25,23.84,1.98,26.17,10.89,2.18,17.37
327,Shahjahanpur,Uttar Pradesh,1,1.19,7.5,0.57,2.49,37.29,45.13,69.27,20.33,2.82,23.71,8.1,2.16,14.22
327,Shahjahanpur,Uttar Pradesh,2,0.86,4.53,0.7,2.72,22.39,29.3,85.78,23.73,2.71,27.07,11.0,2.38,17.37
327,Shahjahanpur,Uttar Pradesh,3,0.8,5.51,0.51,1.39,22.52,28.73,102.9,29.79,3.11,33.58,15.6,2.56,22.7
327,Shahjahanpur,Uttar Pradesh,4,0.86,5.59,0.46,1.88,19.73,18.4,76.46,36.08,2.79,39.47,20.9,2.45,28.49
327,Shahjahanpur,Uttar Pradesh,5,0.65,2.99,0.82,2.46,17.6,24.33,71.44,38.32,2.54,41.34,24.84,2.08,31.58
327,Shahjahanpur,Uttar Pradesh,6,5.13,14.43,11.68,31.25,79.94,65.71,108.63,37.08,3.26,41.34,26.82,1.62,31.95
327,Shahjahanpur,Uttar Pradesh,7,10.53,20.04,32.84,51.81,102.1,253.29,346.01,32.85,2.24,35.85,26.44,1.18,29.64
327,Shahjahanpur,Uttar Pradesh,8,10.83,22.49,32.92,54.86,111.66,320.64,652.78,31.99,1.5,33.79,26.13,0.84,29.06
327,Shahjahanpur,Uttar Pradesh,9,7.32,18.62,21.07,36.91,101.02,295.61,878.27,31.85,1.8,33.96,24.71,1.28,28.28
327,Shahjahanpur,Uttar Pradesh,10,1.4,9.5,0.86,3.66,37.33,119.24,732.39,31.17,1.85,33.3,19.66,2.53,25.41
327,Shahjahanpur,Uttar Pradesh,11,0.08,1.17,0.0,0.02,0.86,13.44,421.65,27.31,2.01,29.85,14.21,2.23,20.76
327,Shahjahanpur,Uttar Pradesh,12,1.13,9.32,0.11,0.52,31.94,10.22,136.93,22.58,2.54,25.26,9.67,2.11,16.13
328,Shajapur,Madhya Pradesh,1,0.39,2.43,0.0,0.67,15.36,8.08,21.68,24.33,2.55,27.66,10.96,2.31,17.64
328,Shajapur,Madhya Pradesh,2,0.11,0.73,0.0,0.14,3.19,6.51,18.62,27.39,2.89,31.1,13.26,2.49,20.33
328,Shajapur,Madhya Pradesh,3,0.15,1.17,0.0,0.11,3.85,4.18,18.67,32.77,2.98,36.43,18.08,2.56,25.43
328,Shajapur,Madhya Pradesh,4,0.03,0.21,0.0,0.03,0.75,2.11,12.83,37.62,2.31,40.39,23.36,2.31,30.49
328,Shajapur,Madhya Pradesh,5,0.21,1.18,0.22,0.71,5.44,2.62,8.88,39.95,1.89,42.32,27.35,1.65,33.65
328,Shajapur,Madhya Pradesh,6,4.0,9.88,12.79,20.49,50.0,45.57,50.23,36.29,3.62,41.12,26.84,1.88,31.56
328,Shajapur,Madhya Pradesh,7,12.92,23.36,37.46,59.49,115.04,255.1,306.1,30.17,2.61,33.61,24.52,1.14,27.35
328,Shajapur,Madhya Pradesh,8,11.05,20.07,31.81,52.29,96.2,393.43,709.55,28.54,1.65,30.67,23.62,0.78,26.08
328,Shajapur,Madhya Pradesh,9,5.34,13.62,16.21,28.9,58.06,253.29,914.83,30.42,2.02,33.03,22.9,0.98,26.66
328,Shajapur,Madhya Pradesh,10,0.69,3.32,0.52,3.61,14.98,71.15,712.23,31.61,1.88,34.01,19.74,2.16,25.67
328,Shajapur,Madhya Pradesh,11,0.22,1.58,0.0,0.18,6.36,9.88,325.69,28.5,1.88,30.78,15.55,2.3,22.03
328,Shajapur,Madhya Pradesh,12,0.06,0.57,0.0,0.0,2.37,4.04,80.85,25.39,2.13,28.0,11.83,2.18,18.61
329,Shamli,Uttar Pradesh,1,1.27,7.09,1.34,3.6,34.16,35.14,53.77,18.83,2.53,21.9,6.84,2.14,12.84
329,Shamli,Uttar Pradesh,2,1.35,5.89,1.56,6.8,36.22,42.08,83.76,21.86,2.82,25.42,9.45,2.41,15.66
329,Shamli,Uttar Pradesh,3,1.03,7.03,1.12,2.98,21.49,38.27,114.66,27.57,3.38,31.87,13.78,2.58,20.67
329,Shamli,Uttar Pradesh,4,0.54,4.13,0.43,1.22,14.59,18.36,98.47,34.2,3.3,38.37,18.84,2.74,26.52
329,Shamli,Uttar Pradesh,5,0.76,3.62,0.97,2.95,19.06,18.74,74.78,37.52,2.98,40.99,22.98,2.44,30.25
329,Shamli,Uttar Pradesh,6,2.9,9.12,8.06,17.15,50.87,46.42,83.36,36.67,3.2,40.88,25.35,1.89,31.01
329,Shamli,Uttar Pradesh,7,8.38,18.13,26.04,43.23,83.07,173.2,240.03,32.67,2.34,35.66,25.48,1.33,29.07
329,Shamli,Uttar Pradesh,8,9.25,21.39,25.21,51.31,98.53,282.05,510.97,31.61,1.74,33.69,25.03,0.98,28.32
329,Shamli,Uttar Pradesh,9,5.29,15.61,13.64,27.84,78.24,227.07,691.26,31.57,1.85,33.75,23.21,1.53,27.39
329,Shamli,Uttar Pradesh,10,0.96,6.52,0.83,1.85,24.35,77.87,584.75,30.47,2.01,32.81,17.77,2.53,24.12
329,Shamli,Uttar Pradesh,11,0.12,1.93,0.0,0.16,1.53,12.54,311.16,26.01,2.11,28.56,12.58,2.11,19.29
329,Shamli,Uttar Pradesh,12,0.7,5.88,0.26,0.71,24.12,6.72,92.79,21.07,2.56,23.88,8.25,2.2,14.66
330,Sheopur,Madhya Pradesh,1,0.25,1.61,0.03,0.49,6.56,4.84,14.64,21.74,2.63,25.11,8.82,2.36,15.28
330,Sheopur,Madhya Pradesh,2,0.19,1.09,0.02,0.55,5.99,6.73,14.43,25.53,3.15,29.61,11.65,2.78,18.59
330,Sheopur,Madhya Pradesh,3,0.11,1.16,0.01,0.17,2.22,5.01,16.44,31.75,3.36,35.93,16.82,2.81,24.29
330,Sheopur,Madhya Pradesh,4,0.05,0.37,0.01,0.14,1.27,2.12,13.83,37.67,2.87,41.06,22.25,2.67,29.96
330,Sheopur,Madhya Pradesh,5,0.23,0.95,0.33,1.43,4.74,3.86,10.89,40.82,2.3,43.52,27.0,2.27,33.91
330,Sheopur,Madhya Pradesh,6,2.45,5.68,7.46,13.62,29.15,28.63,34.65,38.8,3.21,42.83,28.59,1.94,33.69
330,Sheopur,Madhya Pradesh,7,8.78,12.71,24.25,34.73,62.04,180.39,214.77,33.01,2.8,36.94,26.66,1.52,29.84
330,Sheopur,Madhya Pradesh,8,8.54,12.46,24.14,34.11,56.58,278.59,497.89,31.24,1.73,33.49,25.53,0.94,28.39
330,Sheopur,Madhya Pradesh,9,3.81,8.18,12.05,20.41,43.8,183.58,652.21,32.43,2.0,34.98,24.49,1.24,28.46
330,Sheopur,Madhya Pradesh,10,0.78,3.36,0.65,5.63,17.31,58.76,518.05,32.38,2.18,35.0,20.11,2.39,26.25
330,Sheopur,Madhya Pradesh,11,0.09,0.91,0.0,0.01,1.8,7.92,243.8,27.86,2.34,30.74,14.92,2.41,21.39
330,Sheopur,Madhya Pradesh,12,0.1,0.99,0.0,0.05,2.1,2.94,66.71,23.31,2.43,26.32,10.34,2.36,16.83
331,Shimla,Himachal Pradesh,1,1.45,4.23,4.05,7.77,22.17,34.78,65.15,14.54,2.47,17.48,1.58,2.13,8.06
331,Shimla,Himachal Pradesh,2,1.51,3.37,4.92,8.87,15.68,46.26,93.19,16.4,2.89,19.98,3.88,2.41,10.14
331,Shimla,Himachal Pradesh,3,1.61,4.12,4.86,8.25,20.47,48.82,128.97,21.37,3.36,25.64,8.05,2.59,14.71
331,Shimla,Himachal Pradesh,4,0.96,2.64,2.55,4.75,13.84,37.52,132.58,26.38,3.08,30.23,12.85,2.5,19.62
331,Shimla,Himachal Pradesh,5,1.68,4.26,5.16,8.55,20.1,42.46,128.53,29.76,2.79,33.11,16.42,2.09,23.09
331,Shimla,Himachal Pradesh,6,3.62,10.82,8.96,15.55,44.95,69.26,149.18,30.09,2.62,33.51,19.06,1.69,24.58
331,Shimla,Himachal Pradesh,7,7.62,11.95,21.0,29.92,61.65,172.82,286.45,27.4,1.87,29.71,20.4,1.04,23.9
331,Shimla,Himachal Pradesh,8,7.26,10.71,19.9,27.9,48.72,242.57,492.26,26.65,1.41,28.26,19.85,0.93,23.25
331,Shimla,Himachal Pradesh,9,4.27,10.99,12.28,19.25,58.14,169.37,591.11,26.51,1.49,28.16,17.12,1.64,21.81
331,Shimla,Himachal Pradesh,10,0.91,3.92,1.81,3.48,17.45,64.61,474.19,24.32,1.87,26.59,12.41,1.99,18.37
331,Shimla,Himachal Pradesh,11,0.31,1.47,0.62,1.33,4.98,17.66,246.73,20.57,1.72,22.47,7.88,1.85,14.23
331,Shimla,Himachal Pradesh,12,0.76,2.84,1.4,3.94,16.04,13.1,92.03,16.79,2.31,19.27,3.93,2.06,10.36
332,Shivamogga,Karnataka,1,0.04,0.27,0.07,0.16,0.66,3.59,103.39,29.16,0.92,30.38,16.63,1.38,22.89
332,Shivamogga,Karnataka,2,0.01,0.1,0.01,0.03,0.26,0.68,23.14,30.97,1.13,32.49,17.43,1.33,24.2
332,Shivamogga,Karnataka,3,0.27,1.3,0.42,1.37,5.01,3.74,8.13,32.97,1.04,34.19,19.63,1.37,26.3
332,Shivamogga,Karnataka,4,1.3,3.54,3.61,7.03,14.41,20.38,24.91,33.32,0.94,34.37,21.77,1.06,27.54
332,Shivamogga,Karnataka,5,2.5,5.85,7.41,12.97,25.92,56.36,81.37,31.83,1.5,33.39,22.75,0.85,27.29
332,Shivamogga,Karnataka,6,13.57,17.65,35.2,47.49,78.63,236.0,314.31,26.96,1.8,29.67,22.3,0.78,24.63
332,Shivamogga,Karnataka,7,14.36,16.61,34.16,45.49,79.4,423.38,722.83,25.41,1.06,26.84,21.73,0.63,23.57
332,Shivamogga,Karnataka,8,13.71,17.18,33.02,47.48,87.51,467.89,1144.44,25.51,1.1,26.94,21.37,0.59,23.44
332,Shivamogga,Karnataka,9,5.3,9.4,14.82,25.76,42.27,243.4,1136.92,26.89,1.14,28.36,21.19,0.58,24.04
332,Shivamogga,Karnataka,10,4.84,9.45,14.46,23.26,46.31,167.82,874.86,28.13,1.18,29.54,20.79,0.85,24.46
332,Shivamogga,Karnataka,11,1.55,7.31,2.9,7.03,22.98,85.07,488.73,28.4,0.94,29.39,19.04,1.66,23.72
332,Shivamogga,Karnataka,12,0.22,1.24,0.25,0.85,4.56,20.14,270.95,28.4,0.89,29.42,17.33,1.67,22.86
333,Shivpuri,Madhya Pradesh,1,0.3,1.85,0.08,0.83,9.28,6.05,16.61,21.59,2.69,25.04,8.85,2.4,15.22
333,Shivpuri,Madhya Pradesh,2,0.24,1.33,0.09,0.97,6.94,8.42,17.84,25.42,3.12,29.48,11.72,2.75,18.57
333,Shivpuri,Madhya Pradesh,3,0.15,1.04,0.03,0.4,3.01,6.14,20.4,31.58,3.3,35.68,16.84,2.76,24.21
333,Shivpuri,Madhya Pradesh,4,0.06,0.55,0.01,0.06,1.5,2.61,17.1,37.37,2.82,40.7,22.42,2.63,29.89
333,Shivpuri,Madhya Pradesh,5,0.14,0.55,0.32,0.82,2.64,2.88,11.48,40.56,2.2,43.22,27.16,2.19,33.86
333,Shivpuri,Madhya Pradesh,6,2.51,6.28,7.31,13.8,29.86,27.18,32.64,38.35,3.38,42.56,28.54,1.96,33.44
333,Shivpuri,Madhya Pradesh,7,8.39,12.3,23.7,32.05,58.0,172.23,204.21,32.5,2.77,36.37,26.35,1.5,29.43
333,Shivpuri,Madhya Pradesh,8,8.66,12.58,24.58,34.87,60.83,278.39,487.9,30.77,1.69,32.95,25.27,0.92,28.02
333,Shivpuri,Madhya Pradesh,9,4.55,10.32,14.62,23.25,48.81,205.1,664.91,31.76,1.97,34.28,24.33,1.2,28.04
333,Shivpuri,Madhya Pradesh,10,0.74,3.67,0.37,3.0,21.77,60.25,541.36,31.73,2.09,34.25,20.03,2.37,25.88
333,Shivpuri,Madhya Pradesh,11,0.14,1.16,0.0,0.02,5.64,8.17,267.03,27.5,2.24,30.29,14.82,2.41,21.16
333,Shivpuri,Madhya Pradesh,12,0.1,0.95,0.0,0.07,3.0,3.38,68.19,23.1,2.38,26.07,10.34,2.33,16.72
334,Shrawasti,Uttar Pradesh,1,0.79,3.6,0.92,3.64,20.44,18.41,38.6,21.17,2.43,24.13,8.9,1.95,15.04
334,Shrawasti,Uttar Pradesh,2,0.9,3.94,1.58,4.58,17.69,25.46,47.34,24.71,2.61,28.19,11.38,2.17,18.05
334,Shrawasti,Uttar Pradesh,3,1.04,4.95,1.38,4.34,25.8,28.02,71.27,30.84,3.1,34.53,15.79,2.55,23.31
334,Shrawasti,Uttar Pradesh,4,0.83,3.47,1.02,4.7,19.4,26.73,80.17,36.5,2.6,39.73,20.95,2.31,28.73
334,Shrawasti,Uttar Pradesh,5,1.35,4.1,4.23,8.61,19.42,31.09,85.82,37.75,2.51,40.91,24.92,1.94,31.33
334,Shrawasti,Uttar Pradesh,6,7.46,15.82,21.45,37.46,82.48,106.82,164.7,36.27,3.4,40.93,26.85,1.45,31.56
334,Shrawasti,Uttar Pradesh,7,13.36,20.27,40.18,53.81,88.15,350.21,492.68,32.13,2.0,34.4,26.44,0.97,29.28
334,Shrawasti,Uttar Pradesh,8,11.34,18.33,33.27,50.08,82.6,365.48,838.71,31.76,1.4,33.45,26.15,0.7,28.95
334,Shrawasti,Uttar Pradesh,9,7.41,17.71,24.71,38.45,80.03,298.63,1022.4,31.42,1.56,33.35,24.86,1.16,28.14
334,Shrawasti,Uttar Pradesh,10,1.77,7.09,2.95,9.78,38.15,123.91,783.01,30.6,1.59,32.51,20.11,2.43,25.35
334,Shrawasti,Uttar Pradesh,11,0.03,0.31,0.0,0.0,0.89,18.36,433.75,27.32,1.74,29.62,14.72,2.12,21.02
334,Shrawasti,Uttar Pradesh,12,0.3,1.57,0.18,1.5,6.54,3.66,140.14,23.08,2.19,25.36,10.42,1.87,16.75
335,Siddharthnagar,Uttar Pradesh,1,0.71,4.57,0.74,2.31,11.16,19.82,42.94,22.14,2.78,25.29,9.96,2.2,16.05
335,Siddharthnagar,Uttar Pradesh,2,0.81,3.56,1.1,2.98,21.9,23.08,48.08,25.81,2.65,29.25,12.73,2.3,19.27
335,Siddharthnagar,Uttar Pradesh,3,0.73,4.69,0.85,2.25,10.28,20.63,63.03,31.97,2.99,35.58,17.19,2.62,24.58
335,Siddharthnagar,Uttar Pradesh,4,0.62,2.66,0.99,2.3,14.96,19.26,62.69,37.42,2.49,40.49,22.43,2.21,29.93
335,Siddharthnagar,Uttar Pradesh,5,1.52,3.58,4.94,9.08,18.22,31.13,71.0,38.32,2.46,41.4,26.04,1.85,32.18
335,Siddharthnagar,Uttar Pradesh,6,7.27,14.65,20.64,35.5,73.68,112.56,163.25,36.87,3.21,41.19,27.83,1.46,32.35
335,Siddharthnagar,Uttar Pradesh,7,14.91,21.78,41.14,61.6,94.92,369.75,518.13,33.19,1.86,35.32,27.56,1.06,30.38
335,Siddharthnagar,Uttar Pradesh,8,12.61,22.23,35.83,54.45,107.65,402.26,901.76,32.98,1.34,34.6,27.4,0.81,30.19
335,Siddharthnagar,Uttar Pradesh,9,8.46,17.59,25.83,39.84,84.92,335.86,1117.95,32.67,1.59,34.64,26.36,1.14,29.52
335,Siddharthnagar,Uttar Pradesh,10,1.94,7.25,4.35,9.99,36.49,144.01,876.83,32.07,1.58,34.01,21.96,2.53,27.01
335,Siddharthnagar,Uttar Pradesh,11,0.08,1.43,0.0,0.0,0.85,19.41,491.5,28.8,1.82,31.07,16.33,2.32,22.56
335,Siddharthnagar,Uttar Pradesh,12,0.44,3.57,0.21,0.53,14.84,5.52,162.11,24.24,2.43,26.71,11.65,2.1,17.95
336,Sidhi,Madhya Pradesh,1,0.71,4.4,0.19,1.76,20.03,13.55,33.2,22.57,2.58,25.99,9.88,2.53,16.22
336,Sidhi,Madhya Pradesh,2,0.75,3.72,0.25,2.93,20.36,24.28,43.92,26.25,2.9,30.04,12.62,2.5,19.44
336,Sidhi,Madhya Pradesh,3,0.62,4.07,0.09,0.62,23.69,23.31,60.49,32.09,3.12,35.93,17.22,2.59,24.65
336,Sidhi,Madhya Pradesh,4,0.24,2.01,0.05,0.34,5.7,9.18,56.66,37.68,2.6,40.77,22.48,2.31,30.08
336,Sidhi,Madhya Pradesh,5,0.28,1.49,0.26,1.15,7.76,7.24,39.28,40.29,2.12,42.93,26.5,1.94,33.4
336,Sidhi,Madhya Pradesh,6,3.77,9.39,12.98,22.53,47.61,37.23,53.45,37.23,3.89,42.02,27.81,1.87,32.52
336,Sidhi,Madhya Pradesh,7,9.27,14.46,31.92,44.01,57.05,221.88,269.18,31.82,2.24,34.83,26.06,1.23,28.94
336,Sidhi,Madhya Pradesh,8,8.97,14.75,30.55,46.18,59.85,280.73,551.57,30.9,1.48,32.69,25.45,0.83,28.17
336,Sidhi,Madhya Pradesh,9,6.03,13.12,18.86,38.93,58.77,244.39,755.16,31.23,1.72,33.34,24.54,1.08,27.88
336,Sidhi,Madhya Pradesh,10,1.05,5.0,0.92,5.35,24.58,82.85,605.51,30.86,1.77,33.06,20.57,2.5,25.72
336,Sidhi,Madhya Pradesh,11,0.3,2.89,0.0,0.04,9.1,14.65,335.48,27.45,1.9,29.79,15.36,2.51,21.41
336,Sidhi,Madhya Pradesh,12,0.21,1.6,0.0,0.05,8.52,7.22,100.11,23.71,2.05,26.07,11.06,2.2,17.38
337,Sikar,Rajasthan,1,0.21,1.27,0.02,0.66,6.69,4.06,10.62,20.73,2.59,23.95,7.23,2.39,13.98
337,Sikar,Rajasthan,2,0.24,1.16,0.18,1.27,6.39,7.03,12.24,24.31,3.21,28.59,10.17,2.84,17.24
337,Sikar,Rajasthan,3,0.13,0.63,0.13,0.64,3.17,6.05,16.99,30.48,3.55,34.95,15.45,2.91,22.97
337,Sikar,Rajasthan,4,0.14,0.7,0.16,0.68,3.39,4.09,17.14,36.54,3.23,40.53,21.02,2.87,28.78
337,Sikar,Rajasthan,5,0.66,2.5,1.29,3.78,14.31,11.09,21.1,39.81,2.76,43.01,25.64,2.57,32.72
337,Sikar,Rajasthan,6,1.49,4.14,4.74,7.86,18.71,27.86,43.3,38.92,2.81,42.37,28.05,1.94,33.48
337,Sikar,Rajasthan,7,5.87,9.91,18.89,28.29,45.51,112.78,152.87,34.75,2.66,38.41,27.06,1.53,30.91
337,Sikar,Rajasthan,8,4.28,8.22,13.48,20.78,43.8,164.05,310.51,33.17,1.89,35.62,25.9,1.03,29.53
337,Sikar,Rajasthan,9,2.12,5.4,7.41,12.19,27.88,96.32,379.16,33.92,2.0,36.37,24.35,1.41,29.13
337,Sikar,Rajasthan,10,0.5,2.49,0.13,1.39,13.18,32.9,290.43,32.99,2.3,35.78,19.48,2.51,26.24
337,Sikar,Rajasthan,11,0.07,0.56,0.0,0.06,2.44,5.98,132.1,27.74,2.44,30.74,13.87,2.42,20.81
337,Sikar,Rajasthan,12,0.05,0.42,0.0,0.0,1.24,1.29,38.46,22.66,2.59,25.81,8.84,2.44,15.75
338,Simdega,Jharkhand,1,0.59,2.57,0.84,3.35,13.67,11.68,45.47,24.89,2.19,27.64,11.23,2.38,18.06
338,Simdega,Jharkhand,2,0.89,3.72,1.17,4.79,19.02,20.9,35.96,28.32,2.75,31.74,14.01,2.27,21.16
338,Simdega,Jharkhand,3,0.61,2.46,1.23,3.36,12.47,25.14,57.39,33.44,2.8,36.82,18.18,2.25,25.81
338,Simdega,Jharkhand,4,0.65,2.0,1.97,4.13,9.42,15.05,61.13,37.53,2.44,40.48,22.6,1.87,30.07
338,Simdega,Jharkhand,5,1.41,3.38,4.58,7.89,18.15,30.55,70.51,38.44,2.46,41.48,25.37,1.62,31.91
338,Simdega,Jharkhand,6,7.28,12.48,19.78,31.42,66.79,105.74,151.84,34.3,3.82,39.57,25.9,1.54,30.1
338,Simdega,Jharkhand,7,12.18,15.23,31.64,41.92,76.34,317.33,458.25,30.16,1.67,32.34,24.8,0.86,27.48
338,Simdega,Jharkhand,8,11.94,13.81,29.76,40.16,64.17,384.49,822.24,29.85,1.3,31.46,24.48,0.69,27.17
338,Simdega,Jharkhand,9,7.87,11.61,23.02,31.29,55.25,299.15,1009.17,30.34,1.42,32.04,23.87,0.85,27.1
338,Simdega,Jharkhand,10,2.62,7.31,8.09,14.33,38.15,144.3,825.03,30.05,1.53,31.95,20.56,2.24,25.3
338,Simdega,Jharkhand,11,0.26,1.43,0.03,1.11,6.31,32.8,469.27,27.72,1.53,29.64,15.76,2.61,21.74
338,Simdega,Jharkhand,12,0.14,0.96,0.0,0.13,5.25,4.36,175.63,25.13,1.62,27.03,11.68,2.13,18.41
339,Singrauli,Madhya Pradesh,1,0.7,4.26,0.2,1.9,19.0,11.63,29.01,22.3,2.5,25.62,9.95,2.48,16.12
339,Singrauli,Madhya Pradesh,2,0.78,3.72,0.4,3.6,19.77,24.09,38.99,26.01,2.84,29.65,12.62,2.43,19.31
339,Singrauli,Madhya Pradesh,3,0.49,3.23,0.1,1.15,17.03,21.43,56.42,31.81,3.07,35.54,17.12,2.53,24.46
339,Singrauli,Madhya Pradesh,4,0.21,1.42,0.05,0.64,5.09,6.77,52.09,37.36,2.56,40.35,22.21,2.2,29.78
339,Singrauli,Madhya Pradesh,5,0.24,1.05,0.39,1.57,4.1,6.33,34.02,39.73,2.14,42.42,26.0,1.85,32.86
339,Singrauli,Madhya Pradesh,6,4.14,10.03,13.91,23.29,52.55,43.32,56.3,36.65,3.83,41.57,27.45,1.81,32.05
339,Singrauli,Madhya Pradesh,7,9.61,13.89,29.54,38.37,58.71,232.87,285.47,31.48,2.07,34.2,25.9,1.17,28.69
339,Singrauli,Madhya Pradesh,8,9.8,14.17,30.35,39.63,61.05,298.93,587.42,30.72,1.38,32.42,25.39,0.8,28.05
339,Singrauli,Madhya Pradesh,9,6.1,12.35,20.0,32.54,59.14,251.7,792.0,30.93,1.61,32.86,24.53,1.06,27.73
339,Singrauli,Madhya Pradesh,10,1.26,5.48,1.83,7.26,26.5,92.36,640.71,30.28,1.72,32.49,20.7,2.44,25.49
339,Singrauli,Madhya Pradesh,11,0.22,1.85,0.0,0.04,5.23,15.23,352.43,26.93,1.8,29.18,15.54,2.48,21.24
339,Singrauli,Madhya Pradesh,12,0.09,0.64,0.0,0.05,2.65,4.38,107.3,23.28,1.94,25.48,11.2,2.15,17.24
340,Sirmaur,Himachal Pradesh,1,1.91,7.72,2.68,11.37,44.01,40.62,66.0,14.65,2.48,17.64,2.65,2.03,8.65
340,Sirmaur,Himachal Pradesh,2,1.96,6.23,4.52,13.29,28.65,61.85,112.92,17.07,2.91,20.7,4.82,2.34,10.95
340,Sirmaur,Himachal Pradesh,3,1.55,5.43,3.53,8.4,29.31,56.11,157.03,22.28,3.43,26.63,9.06,2.62,15.67
340,Sirmaur,Himachal Pradesh,4,0.94,3.75,1.74,5.04,18.02,34.7,152.24,27.87,3.27,32.0,13.95,2.68,20.91
340,Sirmaur,Himachal Pradesh,5,1.73,5.66,4.35,9.74,28.52,41.66,131.69,31.16,2.97,34.65,17.88,2.34,24.52
340,Sirmaur,Himachal Pradesh,6,4.72,13.02,13.45,22.46,61.77,80.69,157.08,30.68,3.03,34.56,20.39,1.9,25.53
340,Sirmaur,Himachal Pradesh,7,11.64,17.25,32.87,49.2,80.66,257.2,382.38,27.24,2.06,29.8,21.17,1.23,24.21
340,Sirmaur,Himachal Pradesh,8,11.53,18.05,34.89,48.18,81.93,372.85,723.15,26.46,1.55,28.25,20.7,0.97,23.58
340,Sirmaur,Himachal Pradesh,9,5.3,13.82,16.27,28.9,63.86,249.34,890.39,26.43,1.64,28.3,18.46,1.59,22.45
340,Sirmaur,Himachal Pradesh,10,0.79,4.77,0.65,2.34,16.86,74.22,692.38,24.86,1.92,27.15,13.35,2.38,19.1
340,Sirmaur,Himachal Pradesh,11,0.25,2.07,0.1,0.46,6.14,13.92,328.84,20.86,1.91,23.08,8.32,2.04,14.59
340,Sirmaur,Himachal Pradesh,12,0.77,3.92,0.49,3.14,22.34,11.57,95.28,16.73,2.4,19.28,4.27,2.03,10.5
341,Sirohi,Rajasthan,1,0.03,0.28,0.0,0.06,0.69,0.84,8.71,23.97,2.41,27.1,9.23,2.13,16.6
341,Sirohi,Rajasthan,2,0.08,0.97,0.0,0.07,1.4,1.51,4.68,26.74,2.94,30.59,11.88,2.76,19.31
341,Sirohi,Rajasthan,3,0.06,0.77,0.0,0.03,0.7,2.27,4.6,32.11,3.06,36.03,17.22,2.83,24.67
341,Sirohi,Rajasthan,4,0.03,0.3,0.0,0.04,0.75,1.07,4.87,36.62,2.49,39.75,21.87,2.3,29.25
341,Sirohi,Rajasthan,5,0.13,0.64,0.1,0.6,2.99,2.63,5.95,38.78,1.94,41.19,25.14,1.55,31.96
341,Sirohi,Rajasthan,6,3.67,10.99,10.48,22.45,53.19,42.34,46.08,36.62,2.62,40.08,26.16,1.36,31.39
341,Sirohi,Rajasthan,7,14.77,29.98,44.31,73.68,152.54,279.24,326.79,31.5,2.43,34.65,24.87,1.2,28.19
341,Sirohi,Rajasthan,8,12.11,25.1,36.69,60.69,119.54,451.47,790.33,29.67,1.64,31.74,23.9,0.96,26.79
341,Sirohi,Rajasthan,9,6.21,17.99,16.85,38.54,93.29,262.27,1009.35,31.43,2.08,34.22,23.15,1.19,27.29
341,Sirohi,Rajasthan,10,0.31,2.01,0.09,1.11,7.81,76.05,783.41,32.67,1.83,34.9,20.04,2.33,26.35
341,Sirohi,Rajasthan,11,0.16,1.43,0.0,0.07,5.78,5.56,334.9,29.01,2.07,31.44,14.99,2.32,22.0
341,Sirohi,Rajasthan,12,0.03,0.47,0.0,0.0,0.33,2.37,78.43,25.47,2.21,28.11,10.6,2.22,18.03
342,Sitapur,Uttar Pradesh,1,1.16,6.79,0.12,3.02,32.26,32.83,51.12,21.13,2.92,24.58,8.85,2.21,14.99
342,Sitapur,Uttar Pradesh,2,0.79,4.15,0.56,3.78,17.36,27.95,67.25,24.74,2.7,28.09,11.85,2.37,18.29
342,Sitapur,Uttar Pradesh,3,0.7,4.75,0.19,1.26,19.57,22.52,82.77,30.79,3.08,34.51,16.47,2.58,23.63
342,Sitapur,Uttar Pradesh,4,0.62,4.05,0.28,1.84,15.62,17.18,67.57,36.77,2.66,39.99,21.77,2.32,29.27
342,Sitapur,Uttar Pradesh,5,0.52,2.49,0.86,2.78,10.82,18.1,57.62,38.59,2.48,41.56,25.49,1.99,32.04
342,Sitapur,Uttar Pradesh,6,6.07,16.49,18.62,40.0,87.84,70.04,105.33,37.24,3.36,41.65,27.31,1.55,32.28
342,Sitapur,Uttar Pradesh,7,10.63,21.22,34.58,52.61,103.72,288.77,380.52,33.02,2.17,35.8,26.86,1.15,29.94
342,Sitapur,Uttar Pradesh,8,9.31,18.26,31.6,48.08,84.15,294.21,667.15,32.42,1.46,34.16,26.63,0.82,29.53
342,Sitapur,Uttar Pradesh,9,7.03,19.59,18.75,38.06,101.04,256.51,846.42,32.23,1.74,34.32,25.38,1.21,28.81
342,Sitapur,Uttar Pradesh,10,1.42,8.94,0.3,3.89,41.11,118.9,666.07,31.59,1.76,33.66,20.59,2.54,26.09
342,Sitapur,Uttar Pradesh,11,0.04,0.84,0.0,0.0,0.61,12.82,383.01,27.93,1.92,30.31,15.04,2.28,21.49
342,Sitapur,Uttar Pradesh,12,0.59,4.55,0.01,0.11,19.69,5.86,131.93,23.31,2.52,25.92,10.45,2.1,16.88
343,Solan,Himachal Pradesh,1,1.83,6.3,4.49,10.85,31.18,38.4,65.77,17.69,2.38,20.53,4.98,2.01,11.33
343,Solan,Himachal Pradesh,2,1.83,5.29,5.71,10.49,21.03,57.09,107.43,19.98,2.83,23.54,7.2,2.3,13.59
343,Solan,Himachal Pradesh,3,1.94,6.0,5.12,10.6,27.32,62.21,156.65,25.05,3.4,29.41,11.27,2.56,18.16
343,Solan,Himachal Pradesh,4,0.94,3.01,2.09,5.51,16.38,39.43,158.74,30.83,3.34,35.1,16.13,2.62,23.48
343,Solan,Himachal Pradesh,5,1.46,4.15,4.43,7.78,22.44,37.89,139.03,34.55,2.99,38.07,20.18,2.25,27.36
343,Solan,Himachal Pradesh,6,4.48,11.2,12.9,22.71,52.71,76.78,153.68,34.27,2.9,38.02,23.22,1.88,28.74
343,Solan,Himachal Pradesh,7,10.72,18.34,31.11,46.14,87.96,247.72,364.79,30.68,1.97,33.19,24.31,1.1,27.49
343,Solan,Himachal Pradesh,8,9.71,18.4,25.05,41.96,87.6,322.47,658.43,29.79,1.42,31.42,23.83,0.92,26.81
343,Solan,Himachal Pradesh,9,5.54,19.27,15.54,27.65,83.17,219.12,798.92,29.76,1.53,31.49,21.26,1.72,25.51
343,Solan,Himachal Pradesh,10,0.68,3.3,1.24,3.24,13.56,77.82,615.88,28.2,1.91,30.53,15.7,2.44,21.95
343,Solan,Himachal Pradesh,11,0.37,2.09,0.66,1.32,8.08,14.79,304.95,24.07,1.92,26.35,10.57,2.0,17.32
343,Solan,Himachal Pradesh,12,0.71,3.07,1.2,3.8,14.53,12.95,100.91,19.9,2.35,22.49,6.5,1.98,13.2
344,Sonbhadra,Uttar Pradesh,1,0.51,2.47,0.31,2.21,15.41,10.16,26.86,22.27,2.44,25.32,10.07,2.4,16.17
344,Sonbhadra,Uttar Pradesh,2,0.68,3.2,0.73,3.52,13.68,19.22,31.84,26.07,2.75,29.66,12.79,2.38,19.43
344,Sonbhadra,Uttar Pradesh,3,0.42,2.49,0.23,1.35,11.57,17.9,46.72,31.89,3.0,35.51,17.26,2.51,24.57
344,Sonbhadra,Uttar Pradesh,4,0.24,1.35,0.15,0.96,6.04,7.11,44.07,37.42,2.49,40.38,22.37,2.11,29.89
344,Sonbhadra,Uttar Pradesh,5,0.33,1.39,0.61,1.88,5.43,8.44,33.05,39.47,2.19,42.15,25.98,1.75,32.73
344,Sonbhadra,Uttar Pradesh,6,4.07,8.76,13.6,23.26,42.94,44.02,59.55,36.63,3.66,41.47,27.54,1.68,32.08
344,Sonbhadra,Uttar Pradesh,7,9.49,12.44,25.75,36.57,54.44,229.93,285.27,31.81,1.88,34.24,26.25,1.1,29.03
344,Sonbhadra,Uttar Pradesh,8,10.51,13.81,31.0,40.64,60.12,312.23,598.18,31.18,1.27,32.73,25.85,0.77,28.51
344,Sonbhadra,Uttar Pradesh,9,6.31,12.01,18.71,30.37,62.61,259.82,811.09,31.25,1.53,33.05,25.02,1.05,28.14
344,Sonbhadra,Uttar Pradesh,10,1.44,5.04,3.76,8.34,24.8,101.17,671.7,30.48,1.66,32.57,21.22,2.44,25.85
344,Sonbhadra,Uttar Pradesh,11,0.13,1.3,0.0,0.06,3.06,15.5,369.2,27.21,1.74,29.39,15.91,2.49,21.56
344,Sonbhadra,Uttar Pradesh,12,0.15,1.12,0.0,0.18,4.86,3.17,114.89,23.4,1.94,25.52,11.45,2.11,17.43
345,South,Delhi,1,0.59,2.25,1.22,3.4,12.9,18.42,33.51,19.72,2.68,22.9,7.06,2.28,13.39
345,South,Delhi,2,0.84,3.04,2.06,5.79,15.65,20.6,48.77,23.18,2.9,26.83,10.04,2.62,16.61
345,South,Delhi,3,0.46,2.52,0.67,2.59,7.78,20.39,59.24,29.28,3.38,33.55,14.87,2.67,22.08
345,South,Delhi,4,0.75,7.89,0.18,1.87,10.26,16.35,57.26,36.02,3.21,40.05,20.46,2.78,28.24
345,South,Delhi,5,0.97,3.69,1.9,6.49,17.53,24.93,61.42,39.36,2.88,42.68,24.92,2.45,32.14
345,South,Delhi,6,3.18,11.08,8.87,17.62,50.28,47.09,88.85,38.49,3.12,42.39,27.44,1.92,32.96
345,South,Delhi,7,6.97,13.88,20.89,33.63,64.93,166.78,240.62,34.16,2.52,37.72,26.94,1.45,30.55
345,South,Delhi,8,8.63,16.25,25.74,39.18,76.57,239.06,460.87,32.75,1.77,34.93,26.22,1.02,29.49
345,South,Delhi,9,4.96,13.0,19.05,30.66,61.7,229.72,642.38,32.89,1.95,35.15,24.43,1.52,28.66
345,South,Delhi,10,0.31,1.78,0.33,1.28,5.95,52.5,519.57,31.89,2.11,34.43,18.99,2.54,25.44
345,South,Delhi,11,0.24,3.26,0.0,0.01,2.93,5.67,280.98,27.05,2.23,29.83,13.48,2.28,20.27
345,South,Delhi,12,0.45,4.49,0.32,1.38,5.12,9.33,63.49,21.89,2.62,24.84,8.64,2.32,15.27
346,South,Sikkim,1,0.53,2.09,0.88,3.13,10.13,10.42,37.96,24.37,1.82,26.61,18.46,1.54,21.41
346,South,Sikkim,2,0.7,3.95,1.5,3.23,10.21,15.77,28.44,26.93,2.12,29.5,20.21,1.83,23.57
346,South,Sikkim,3,1.66,5.21,4.42,9.37,25.55,29.24,55.4,31.29,2.33,34.21,23.36,1.87,27.33
346,South,Sikkim,4,2.98,7.63,9.04,15.75,28.92,75.89,121.32,34.28,2.1,37.02,26.11,1.56,30.19
346,South,Sikkim,5,4.89,9.55,14.23,22.32,51.13,112.09,218.73,35.0,1.79,37.35,28.29,1.44,31.64
346,South,Sikkim,6,10.29,13.09,27.7,36.02,57.23,224.09,414.05,35.24,1.43,37.09,30.02,0.96,32.63
346,South,Sikkim,7,16.83,21.7,42.38,62.19,100.58,446.82,788.28,34.73,1.28,36.31,30.42,0.93,32.58
346,South,Sikkim,8,13.61,18.06,35.44,50.27,79.75,432.72,1118.59,35.21,1.26,36.75,30.42,0.82,32.82
346,South,Sikkim,9,9.99,16.2,27.85,39.47,77.43,378.19,1264.73,34.84,1.38,36.51,29.59,0.92,32.22
346,South,Sikkim,10,2.33,7.6,6.31,13.37,35.25,165.16,970.28,33.49,1.66,35.5,27.1,1.53,30.29
346,South,Sikkim,11,0.16,1.11,0.1,0.58,4.04,27.86,563.22,29.88,1.76,32.23,23.51,1.5,26.7
346,South,Sikkim,12,0.09,0.55,0.05,0.26,2.29,2.69,187.8,26.14,1.67,28.14,20.23,1.65,23.19
348,South Garo Hills,Meghalaya,1,0.57,3.43,0.5,1.72,14.28,11.35,95.87,21.82,1.75,24.01,10.54,1.6,16.18
348,South Garo Hills,Meghalaya,2,0.49,2.13,0.68,2.67,10.79,14.79,34.99,24.37,2.08,26.98,12.67,2.02,18.52
348,South Garo Hills,Meghalaya,3,2.31,6.84,7.19,13.61,33.26,30.09,56.18,27.96,2.2,30.61,16.9,2.26,22.43
348,South Garo Hills,Meghalaya,4,7.9,16.01,21.16,32.21,80.41,153.79,199.2,28.97,2.23,31.79,20.42,1.62,24.69
348,South Garo Hills,Meghalaya,5,17.44,25.18,47.59,67.53,132.21,388.93,577.77,29.22,1.84,31.58,22.42,1.41,25.82
348,South Garo Hills,Meghalaya,6,21.2,30.31,55.75,86.93,157.68,577.18,1130.28,29.51,1.5,31.43,24.21,0.87,26.86
348,South Garo Hills,Meghalaya,7,21.19,29.88,55.19,90.23,147.6,681.51,1659.04,29.38,1.39,31.1,24.62,0.71,27.0
348,South Garo Hills,Meghalaya,8,19.23,30.78,52.65,84.78,165.93,564.45,1828.84,29.68,1.33,31.3,24.67,0.67,27.17
348,South Garo Hills,Meghalaya,9,15.54,26.57,43.94,68.12,140.16,549.13,1793.01,29.32,1.56,31.22,23.82,0.88,26.57
348,South Garo Hills,Meghalaya,10,7.61,22.66,20.59,39.23,134.53,359.91,1469.15,28.66,1.6,30.54,20.98,1.87,24.82
348,South Garo Hills,Meghalaya,11,0.45,2.87,0.31,0.95,10.08,83.15,984.67,26.33,1.52,28.25,16.29,1.87,21.31
348,South Garo Hills,Meghalaya,12,0.17,1.41,0.04,0.22,5.16,9.42,442.9,23.12,1.62,25.05,12.34,1.71,17.73
349,South Goa,Goa,1,0.06,0.2,0.14,0.39,0.89,4.28,81.19,32.15,1.06,33.52,19.71,1.36,25.93
349,South Goa,Goa,2,0.02,0.16,0.05,0.09,0.48,1.01,18.48,33.09,1.19,34.54,20.29,1.38,26.69
349,South Goa,Goa,3,0.13,0.76,0.11,0.35,3.34,2.01,7.47,34.12,0.95,35.17,22.87,1.58,28.5
349,South Goa,Goa,4,0.44,1.84,0.73,1.92,8.5,7.27,10.33,34.65,0.77,35.56,25.38,1.21,30.01
349,South Goa,Goa,5,1.99,5.38,6.05,10.25,23.27,25.31,34.88,34.07,1.15,35.23,26.73,0.85,30.4
349,South Goa,Goa,6,24.74,36.34,69.68,97.42,171.73,406.94,440.23,29.86,1.75,32.51,26.08,0.87,27.97
349,South Goa,Goa,7,26.2,37.86,76.41,108.66,171.0,780.0,1225.42,28.27,0.96,29.5,25.35,0.62,26.81
349,South Goa,Goa,8,18.29,31.52,54.6,81.74,162.92,697.66,1919.02,28.32,0.96,29.51,24.93,0.51,26.62
349,South Goa,Goa,9,7.62,12.86,22.13,34.36,64.86,350.39,1826.57,29.45,1.04,30.74,24.75,0.53,27.1
349,South Goa,Goa,10,4.47,10.16,13.57,22.58,51.79,191.88,1227.79,31.19,1.33,32.87,24.44,0.92,27.82
349,South Goa,Goa,11,0.91,2.79,2.62,5.35,15.25,68.31,599.36,32.29,0.98,33.34,22.57,1.78,27.43
349,South Goa,Goa,12,0.29,1.29,0.46,1.37,6.88,13.7,269.19,32.17,0.91,33.26,20.69,1.64,26.43
350,South Tripura,Tripura,1,0.2,1.25,0.39,0.79,2.94,6.6,95.26,23.94,1.26,25.48,12.18,1.24,18.06
350,South Tripura,Tripura,2,0.56,2.24,1.53,2.9,8.13,10.36,32.08,26.68,1.72,28.83,14.46,1.62,20.57
350,South Tripura,Tripura,3,2.04,5.21,6.09,12.3,27.41,29.67,46.73,29.99,1.68,32.02,18.76,1.87,24.38
350,South Tripura,Tripura,4,5.36,9.19,16.78,25.11,37.17,117.76,158.31,30.74,1.61,32.76,22.04,1.25,26.39
350,South Tripura,Tripura,5,9.92,12.39,26.78,34.98,56.08,230.53,381.03,30.63,1.27,32.21,23.66,0.95,27.15
350,South Tripura,Tripura,6,16.85,17.71,39.94,50.53,80.36,406.36,760.1,29.83,1.14,31.32,24.78,0.51,27.3
350,South Tripura,Tripura,7,16.98,17.73,38.75,52.87,79.05,527.85,1173.04,29.32,0.95,30.52,24.77,0.39,27.04
350,South Tripura,Tripura,8,14.22,16.06,31.34,42.05,72.44,464.12,1408.61,29.65,0.89,30.71,24.73,0.35,27.19
350,South Tripura,Tripura,9,10.63,11.92,24.38,33.73,56.83,362.21,1351.89,29.67,1.06,30.97,24.12,0.53,26.89
350,South Tripura,Tripura,10,5.86,10.77,18.47,27.46,55.08,263.62,1085.84,29.21,1.14,30.46,22.11,1.39,25.66
350,South Tripura,Tripura,11,0.98,3.64,1.92,5.74,19.13,79.1,700.09,27.31,1.12,28.79,17.84,1.77,22.57
350,South Tripura,Tripura,12,0.27,1.01,0.63,1.62,4.78,15.87,352.17,24.68,1.14,26.13,13.75,1.43,19.22
351,South West,Delhi,1,0.57,3.13,0.45,1.53,18.92,19.71,33.75,19.95,2.66,23.1,7.18,2.3,13.57
351,South West,Delhi,2,0.75,3.76,0.69,2.89,17.23,19.28,47.71,23.43,2.94,27.17,10.17,2.64,16.8
351,South West,Delhi,3,0.5,3.31,0.54,1.61,13.91,20.63,59.53,29.54,3.43,33.83,15.01,2.71,22.28
351,South West,Delhi,4,0.24,2.58,0.12,0.45,5.24,8.7,48.63,36.26,3.26,40.32,20.6,2.8,28.43
351,South West,Delhi,5,0.93,5.27,0.89,2.74,26.76,17.72,46.62,39.7,2.91,43.02,25.16,2.48,32.43
351,South West,Delhi,6,2.47,9.79,4.55,13.03,52.55,38.4,65.07,38.88,3.1,42.7,27.77,1.94,33.32
351,South West,Delhi,7,5.24,14.16,14.93,27.06,69.07,128.11,186.06,34.67,2.53,38.29,27.32,1.47,30.99
351,South West,Delhi,8,7.82,21.12,20.24,44.59,99.51,199.5,371.82,33.24,1.81,35.48,26.58,1.04,29.91
351,South West,Delhi,9,4.83,15.33,13.16,28.56,70.87,213.95,547.2,33.44,1.95,35.73,24.73,1.55,29.09
351,South West,Delhi,10,0.38,2.49,0.26,0.83,12.31,53.4,466.59,32.41,2.16,35.04,19.22,2.56,25.82
351,South West,Delhi,11,0.13,1.63,0.0,0.0,2.29,5.41,266.87,27.43,2.27,30.25,13.67,2.32,20.55
351,South West,Delhi,12,0.54,5.51,0.1,0.33,7.04,8.3,62.92,22.15,2.65,25.22,8.78,2.36,15.47
352,Srikakulam,Andhra Pradesh,1,0.14,0.96,0.02,0.43,4.11,4.6,138.73,27.91,1.25,29.4,17.53,1.66,22.72
352,Srikakulam,Andhra Pradesh,2,0.5,2.24,0.5,2.97,11.61,8.15,26.35,30.57,1.64,32.67,19.65,1.62,25.11
352,Srikakulam,Andhra Pradesh,3,0.41,1.55,0.62,2.73,7.69,14.08,26.8,33.76,1.32,35.3,22.89,1.56,28.32
352,Srikakulam,Andhra Pradesh,4,0.71,2.4,1.89,3.8,11.97,15.94,38.28,35.6,1.06,36.82,25.7,1.15,30.65
352,Srikakulam,Andhra Pradesh,5,1.81,6.11,4.64,8.28,24.58,40.23,70.41,36.52,1.46,38.16,27.43,1.12,31.97
352,Srikakulam,Andhra Pradesh,6,5.34,11.25,15.55,26.03,54.06,101.16,158.25,34.14,2.44,37.4,27.29,1.12,30.71
352,Srikakulam,Andhra Pradesh,7,7.41,11.75,19.69,29.41,54.79,193.33,337.79,31.33,1.41,33.01,26.17,0.74,28.75
352,Srikakulam,Andhra Pradesh,8,7.4,11.25,20.05,28.37,55.0,233.42,535.62,31.01,1.15,32.47,25.87,0.65,28.44
352,Srikakulam,Andhra Pradesh,9,7.51,12.35,20.1,30.34,57.89,221.2,651.07,31.32,1.12,32.66,25.69,0.57,28.5
352,Srikakulam,Andhra Pradesh,10,6.99,16.81,21.98,35.51,93.15,237.79,692.6,30.88,1.22,32.32,24.05,1.27,27.46
352,Srikakulam,Andhra Pradesh,11,1.98,8.39,3.13,9.88,43.49,125.05,584.51,29.34,1.06,30.61,20.64,1.94,24.99
352,Srikakulam,Andhra Pradesh,12,0.2,1.46,0.02,0.37,5.77,16.04,375.76,27.79,1.05,29.05,17.61,1.69,22.7
353,Subarnapur,Odisha,1,0.51,3.42,0.0,0.66,16.92,9.26,39.87,27.16,1.9,29.58,14.75,2.23,20.95
353,Subarnapur,Odisha,2,0.71,3.76,0.23,2.91,18.97,18.68,31.4,30.54,2.32,33.47,17.25,2.1,23.9
353,Subarnapur,Odisha,3,0.51,2.58,0.32,1.91,15.02,19.59,47.04,35.11,2.26,37.84,20.97,1.92,28.04
353,Subarnapur,Odisha,4,0.71,3.27,0.81,3.6,13.49,15.18,53.37,38.66,1.91,40.99,25.01,1.71,31.83
353,Subarnapur,Odisha,5,1.16,4.49,2.12,6.65,22.69,27.0,61.82,39.94,2.13,42.42,27.58,1.62,33.76
353,Subarnapur,Odisha,6,6.97,14.57,23.54,38.79,71.52,100.88,143.47,35.52,3.62,40.56,27.38,1.63,31.45
353,Subarnapur,Odisha,7,12.12,19.35,36.06,58.39,82.08,299.31,431.17,31.11,1.67,33.23,25.83,0.96,28.47
353,Subarnapur,Odisha,8,12.56,19.83,38.84,64.44,84.98,397.2,812.04,30.71,1.33,32.36,25.58,0.88,28.14
353,Subarnapur,Odisha,9,7.82,15.09,23.96,37.48,75.93,316.48,1021.8,31.5,1.33,33.09,25.22,0.79,28.36
353,Subarnapur,Odisha,10,2.0,7.09,5.24,12.44,35.5,129.63,840.56,31.21,1.45,32.95,22.83,1.86,27.02
353,Subarnapur,Odisha,11,0.38,2.7,0.01,0.49,10.2,28.01,466.05,29.16,1.46,30.97,18.49,2.41,23.82
353,Subarnapur,Odisha,12,0.1,0.83,0.0,0.0,3.91,4.18,155.61,26.94,1.47,28.72,14.87,2.1,20.9
354,Sukma,Chhattisgarh,1,0.26,1.93,0.0,0.27,8.94,5.67,87.46,29.02,1.38,30.66,17.46,1.78,23.24
354,Sukma,Chhattisgarh,2,0.2,1.24,0.06,0.49,5.74,7.12,24.77,31.71,1.63,33.78,19.55,1.56,25.63
354,Sukma,Chhattisgarh,3,0.33,2.31,0.28,1.14,7.16,7.04,19.64,34.96,1.65,36.85,22.39,1.46,28.67
354,Sukma,Chhattisgarh,4,0.72,3.24,1.1,3.86,14.49,14.84,29.0,37.07,1.51,38.85,25.15,1.29,31.11
354,Sukma,Chhattisgarh,5,2.34,9.02,5.57,11.17,41.54,49.15,71.43,38.39,2.2,40.91,27.12,1.42,32.76
354,Sukma,Chhattisgarh,6,5.91,13.54,16.35,28.7,66.29,110.64,175.92,34.52,3.32,39.15,26.8,1.56,30.66
354,Sukma,Chhattisgarh,7,11.76,16.18,31.69,44.48,72.9,267.74,431.31,30.72,1.91,33.09,25.31,1.0,28.01
354,Sukma,Chhattisgarh,8,14.61,21.38,38.79,55.17,100.31,430.49,820.85,30.22,1.59,32.17,24.87,0.79,27.54
354,Sukma,Chhattisgarh,9,7.02,13.18,19.35,30.33,64.48,320.38,1029.56,31.26,1.45,33.02,24.69,0.63,27.97
354,Sukma,Chhattisgarh,10,3.82,11.47,11.34,20.46,53.94,161.41,910.98,31.39,1.48,33.07,23.04,1.33,27.21
354,Sukma,Chhattisgarh,11,1.51,9.05,1.37,5.74,35.57,71.89,544.65,30.25,1.24,31.68,19.82,2.19,25.04
354,Sukma,Chhattisgarh,12,0.12,1.39,0.0,0.07,1.53,13.85,242.94,28.96,1.18,30.49,17.25,1.93,23.1
355,Sultanpur,Uttar Pradesh,1,0.53,3.3,0.23,1.26,12.4,14.16,29.24,21.64,2.81,24.87,9.12,2.35,15.38
355,Sultanpur,Uttar Pradesh,2,0.66,3.54,0.31,2.01,17.34,18.36,36.63,25.29,2.69,28.72,12.15,2.42,18.72
355,Sultanpur,Uttar Pradesh,3,0.56,4.31,0.15,0.63,20.14,19.19,51.33,31.51,3.06,35.24,16.88,2.56,24.19
355,Sultanpur,Uttar Pradesh,4,0.49,3.45,0.16,0.48,20.84,13.87,51.32,37.25,2.53,40.28,22.25,2.23,29.75
355,Sultanpur,Uttar Pradesh,5,0.83,3.64,0.68,4.33,20.1,17.79,50.67,38.82,2.35,41.72,25.81,1.83,32.31
355,Sultanpur,Uttar Pradesh,6,4.5,11.79,12.74,28.56,59.9,65.39,97.17,37.12,3.46,41.62,27.48,1.57,32.3
355,Sultanpur,Uttar Pradesh,7,9.65,16.64,33.14,48.3,73.67,240.61,326.58,32.74,2.07,35.31,26.71,1.13,29.73
355,Sultanpur,Uttar Pradesh,8,8.64,15.75,28.85,46.52,71.73,275.85,593.17,32.19,1.35,33.81,26.46,0.79,29.32
355,Sultanpur,Uttar Pradesh,9,6.65,15.07,23.68,41.89,72.34,238.6,762.52,31.96,1.66,33.98,25.46,1.12,28.71
355,Sultanpur,Uttar Pradesh,10,1.33,6.93,1.05,4.58,42.46,105.35,617.38,31.54,1.65,33.52,20.96,2.59,26.25
355,Sultanpur,Uttar Pradesh,11,0.06,0.9,0.0,0.0,0.43,12.14,350.9,28.17,1.85,30.45,15.26,2.42,21.72
355,Sultanpur,Uttar Pradesh,12,0.32,3.43,0.0,0.19,4.04,4.59,116.77,23.67,2.39,26.15,10.61,2.14,17.14
356,Sundargarh,Odisha,1,0.55,2.62,0.35,2.85,14.54,9.47,40.46,25.54,2.07,28.17,12.61,2.3,19.08
356,Sundargarh,Odisha,2,0.77,3.42,0.91,4.95,14.98,19.74,31.74,28.89,2.6,32.16,15.38,2.19,22.13
356,Sundargarh,Odisha,3,0.59,2.39,1.11,3.39,13.6,22.28,51.02,33.85,2.64,37.09,19.41,2.12,26.63
356,Sundargarh,Odisha,4,0.65,1.84,2.0,4.0,9.13,15.84,57.88,37.78,2.27,40.54,23.65,1.79,30.71
356,Sundargarh,Odisha,5,1.41,3.16,4.51,7.77,15.68,30.68,68.69,38.76,2.34,41.62,26.24,1.6,32.5
356,Sundargarh,Odisha,6,7.17,12.24,20.5,31.05,63.92,107.19,154.2,34.62,3.71,39.7,26.51,1.57,30.57
356,Sundargarh,Odisha,7,12.11,14.7,30.13,44.12,67.9,309.48,451.81,30.51,1.66,32.66,25.22,0.88,27.87
356,Sundargarh,Odisha,8,12.1,14.19,30.72,42.82,63.94,385.74,816.85,30.19,1.29,31.82,24.91,0.74,27.55
356,Sundargarh,Odisha,9,8.11,11.64,21.98,33.66,50.99,308.63,1012.07,30.71,1.37,32.37,24.44,0.79,27.57
356,Sundargarh,Odisha,10,2.32,6.22,7.09,11.31,34.72,140.69,832.45,30.34,1.46,32.14,21.55,2.07,25.95
356,Sundargarh,Odisha,11,0.27,1.69,0.15,0.77,7.17,30.31,472.23,28.13,1.48,30.0,16.84,2.49,22.48
356,Sundargarh,Odisha,12,0.09,0.61,0.0,0.11,3.2,3.38,168.11,25.65,1.55,27.48,12.9,2.1,19.27
357,Surajpur,Chhattisgarh,1,0.7,3.59,0.29,3.22,16.68,11.15,29.54,23.52,2.26,26.51,10.78,2.39,17.15
357,Surajpur,Chhattisgarh,2,1.0,4.54,0.86,5.32,22.46,27.12,39.86,26.99,2.69,30.47,13.43,2.31,20.21
357,Surajpur,Chhattisgarh,3,0.6,2.92,0.48,3.01,13.75,25.31,62.78,32.27,2.93,35.86,17.69,2.36,24.98
357,Surajpur,Chhattisgarh,4,0.45,2.52,0.28,2.08,11.0,12.76,64.96,37.24,2.48,40.16,22.38,2.04,29.81
357,Surajpur,Chhattisgarh,5,0.36,1.37,0.72,2.09,6.4,12.55,50.09,39.43,2.22,42.28,25.77,1.72,32.6
357,Surajpur,Chhattisgarh,6,6.06,12.5,18.84,31.45,63.2,64.49,89.72,35.6,4.01,40.91,26.6,1.76,31.1
357,Surajpur,Chhattisgarh,7,11.47,15.11,33.89,43.13,65.41,298.75,379.7,30.54,1.92,32.98,24.99,0.99,27.76
357,Surajpur,Chhattisgarh,8,11.9,15.63,36.46,46.4,64.61,368.74,747.27,29.95,1.36,31.65,24.55,0.69,27.25
357,Surajpur,Chhattisgarh,9,6.91,12.56,20.42,31.73,64.17,289.3,966.15,30.41,1.5,32.17,23.8,0.95,27.11
357,Surajpur,Chhattisgarh,10,1.76,6.01,4.27,12.29,30.27,110.44,765.65,29.93,1.61,31.94,20.29,2.31,25.11
357,Surajpur,Chhattisgarh,11,0.14,0.92,0.0,0.18,4.56,19.06,410.7,27.04,1.61,29.05,15.59,2.39,21.31
357,Surajpur,Chhattisgarh,12,0.08,0.45,0.0,0.05,2.59,2.32,126.46,24.07,1.72,26.06,11.59,2.07,17.83
358,Surguja,Chhattisgarh,1,0.79,3.64,0.52,4.46,20.53,12.49,36.26,23.3,2.21,26.21,9.97,2.37,16.63
358,Surguja,Chhattisgarh,2,1.06,4.97,0.99,4.55,30.1,28.91,42.73,26.59,2.67,30.0,12.7,2.3,19.65
358,Surguja,Chhattisgarh,3,0.6,2.93,0.71,2.92,13.93,26.61,67.23,31.65,2.84,35.1,16.89,2.33,24.27
358,Surguja,Chhattisgarh,4,0.58,2.66,0.67,2.96,13.48,14.29,69.55,36.24,2.45,39.14,21.58,1.98,28.91
358,Surguja,Chhattisgarh,5,0.42,1.44,1.0,2.55,6.81,15.66,56.07,38.2,2.3,41.08,24.76,1.68,31.48
358,Surguja,Chhattisgarh,6,7.26,13.93,22.05,36.36,68.65,78.15,108.14,34.07,4.11,39.66,25.3,1.73,29.69
358,Surguja,Chhattisgarh,7,12.75,15.85,33.4,46.62,70.83,339.72,438.17,29.09,1.82,31.48,23.72,0.91,26.41
358,Surguja,Chhattisgarh,8,12.47,15.59,33.92,45.61,69.02,398.03,833.09,28.59,1.35,30.31,23.32,0.68,25.95
358,Surguja,Chhattisgarh,9,7.67,13.01,24.31,36.01,60.26,309.37,1056.26,29.18,1.42,30.86,22.66,0.88,25.92
358,Surguja,Chhattisgarh,10,2.44,7.6,7.76,14.64,40.53,133.63,837.69,28.92,1.49,30.75,19.22,2.28,24.07
358,Surguja,Chhattisgarh,11,0.13,0.72,0.0,0.18,3.9,25.89,461.0,26.44,1.54,28.34,14.38,2.44,20.41
358,Surguja,Chhattisgarh,12,0.06,0.39,0.0,0.05,2.37,2.05,155.84,23.81,1.67,25.74,10.38,2.1,17.09
359,Tapi,Gujarat,1,0.0,0.05,0.0,0.0,0.06,0.7,19.52,28.02,1.88,30.42,15.47,1.87,21.74
359,Tapi,Gujarat,2,0.0,0.06,0.0,0.0,0.04,0.11,4.69,30.45,2.37,33.49,17.13,2.14,23.79
359,Tapi,Gujarat,3,0.01,0.09,0.0,0.0,0.18,0.22,1.05,34.92,2.43,37.92,20.72,2.06,27.82
359,Tapi,Gujarat,4,0.01,0.12,0.0,0.0,0.19,0.25,0.58,38.12,1.76,40.32,23.98,1.63,31.05
359,Tapi,Gujarat,5,0.19,1.78,0.0,0.12,5.08,1.59,2.07,38.48,1.44,40.24,26.72,1.13,32.6
359,Tapi,Gujarat,6,6.96,19.06,18.82,40.18,98.95,79.55,81.44,34.73,2.67,38.19,27.34,1.08,31.04
359,Tapi,Gujarat,7,12.51,20.95,37.15,55.09,105.92,311.03,396.85,30.47,1.68,32.69,26.15,0.86,28.31
359,Tapi,Gujarat,8,7.62,13.3,21.98,33.69,63.3,328.21,735.53,29.56,1.26,31.1,25.41,0.67,27.49
359,Tapi,Gujarat,9,6.55,15.42,19.6,34.27,65.0,206.03,851.71,31.05,1.6,33.13,25.1,0.8,28.07
359,Tapi,Gujarat,10,1.24,4.75,1.91,7.71,26.58,111.72,640.58,33.34,1.51,35.11,23.22,1.93,28.28
359,Tapi,Gujarat,11,0.28,2.16,0.11,0.32,6.67,15.58,329.56,31.49,1.53,33.45,19.73,2.25,25.61
359,Tapi,Gujarat,12,0.05,0.7,0.0,0.0,0.63,4.02,125.93,28.92,1.64,30.85,16.63,1.97,22.78
360,Tehri Garhwal,Uttarakhand,1,1.71,8.2,1.69,9.71,33.04,39.82,69.96,17.09,2.52,20.14,4.84,2.0,10.97
360,Tehri Garhwal,Uttarakhand,2,1.62,5.4,4.41,10.85,29.76,53.11,104.76,19.16,2.88,22.63,7.09,2.33,13.13
360,Tehri Garhwal,Uttarakhand,3,1.82,7.2,3.0,11.75,35.52,52.9,144.46,24.16,3.3,28.28,11.33,2.64,17.74
360,Tehri Garhwal,Uttarakhand,4,0.95,3.74,1.49,6.13,22.04,39.87,145.79,29.35,3.1,33.2,15.93,2.57,22.64
360,Tehri Garhwal,Uttarakhand,5,1.65,4.89,5.3,10.52,22.56,41.3,133.8,32.14,2.78,35.47,19.66,2.22,25.9
360,Tehri Garhwal,Uttarakhand,6,3.83,9.24,11.99,17.77,43.29,67.82,148.69,31.53,2.93,35.34,22.09,1.71,26.81
360,Tehri Garhwal,Uttarakhand,7,10.47,15.78,29.08,40.27,75.1,221.77,333.1,28.44,1.93,30.83,22.77,1.15,25.6
360,Tehri Garhwal,Uttarakhand,8,10.51,16.52,28.93,42.97,71.66,342.36,642.75,27.73,1.48,29.51,22.29,0.91,25.01
360,Tehri Garhwal,Uttarakhand,9,5.56,19.13,15.42,26.43,69.32,248.36,823.21,27.69,1.59,29.46,20.26,1.4,23.98
360,Tehri Garhwal,Uttarakhand,10,0.86,4.27,0.72,3.79,22.24,70.59,657.95,26.25,1.8,28.3,15.49,2.16,20.87
360,Tehri Garhwal,Uttarakhand,11,0.42,5.39,0.11,0.58,6.61,16.86,327.88,22.76,1.73,24.73,10.8,1.92,16.78
360,Tehri Garhwal,Uttarakhand,12,0.77,4.53,0.27,2.54,24.34,12.92,95.82,19.14,2.37,21.6,6.77,2.03,12.95
361,Thiruvananthapuram,Kerala,1,0.59,1.89,1.64,3.58,8.75,32.35,467.36,30.96,0.74,31.81,22.03,0.98,26.5
361,Thiruvananthapuram,Kerala,2,1.31,4.04,3.66,8.08,18.93,26.63,189.54,32.11,0.75,32.99,22.61,1.01,27.36
361,Thiruvananthapuram,Kerala,3,1.48,4.39,4.51,8.0,18.47,41.61,100.98,32.97,0.84,33.84,24.23,1.07,28.6
361,Thiruvananthapuram,Kerala,4,5.45,10.56,15.28,25.0,51.49,101.87,170.36,32.56,0.98,33.64,25.89,0.81,29.22
361,Thiruvananthapuram,Kerala,5,5.94,13.66,16.62,26.62,54.26,172.87,318.71,31.83,1.12,32.98,26.54,0.82,29.19
361,Thiruvananthapuram,Kerala,6,10.12,15.12,27.85,38.04,72.5,258.45,537.42,29.95,1.11,31.32,25.81,0.77,27.88
361,Thiruvananthapuram,Kerala,7,6.83,11.31,18.58,29.61,49.48,241.13,674.42,29.62,0.94,30.79,25.28,0.64,27.45
361,Thiruvananthapuram,Kerala,8,3.94,8.88,11.97,19.25,42.25,154.4,655.98,29.72,0.86,30.72,25.13,0.56,27.42
361,Thiruvananthapuram,Kerala,9,5.99,10.27,16.42,26.6,47.65,146.26,534.83,30.09,0.84,31.06,25.05,0.52,27.57
361,Thiruvananthapuram,Kerala,10,10.22,14.28,28.53,39.33,62.15,231.99,530.92,29.91,0.93,31.04,24.55,0.61,27.23
361,Thiruvananthapuram,Kerala,11,8.3,11.15,21.61,28.93,48.69,312.94,694.97,29.58,0.97,30.62,23.75,0.64,26.66
361,Thiruvananthapuram,Kerala,12,1.96,4.47,6.11,10.36,22.29,139.34,686.36,29.99,0.84,30.88,22.82,0.95,26.4
362,Trissur,Kerala,1,0.34,1.45,0.83,1.9,4.82,18.75,300.46,29.81,0.73,30.65,19.1,1.07,24.45
362,Trissur,Kerala,2,0.43,1.66,0.96,2.18,8.23,9.3,88.55,31.12,0.84,32.13,20.03,1.11,25.58
362,Trissur,Kerala,3,0.95,2.78,2.62,5.3,14.68,18.61,47.1,32.12,0.88,32.99,21.93,1.16,27.03
362,Trissur,Kerala,4,3.58,6.48,10.49,16.26,30.19,68.83,97.05,31.41,0.97,32.6,23.74,0.72,27.57
362,Trissur,Kerala,5,6.25,10.38,17.7,28.05,50.92,144.99,234.38,30.07,1.21,31.35,24.17,0.74,27.12
362,Trissur,Kerala,6,20.26,22.75,50.78,68.47,100.41,393.25,610.91,27.41,1.21,29.0,23.22,0.71,25.31
362,Trissur,Kerala,7,18.67,18.92,43.86,58.84,79.59,599.9,1148.09,26.85,0.97,28.11,22.56,0.52,24.71
362,Trissur,Kerala,8,11.98,14.02,30.05,40.24,62.82,473.63,1485.71,27.01,0.89,28.04,22.45,0.47,24.73
362,Trissur,Kerala,9,7.04,9.09,18.42,25.07,40.96,266.69,1334.78,27.71,0.85,28.73,22.49,0.44,25.1
362,Trissur,Kerala,10,9.56,11.43,24.85,32.01,51.29,243.49,975.17,28.04,0.87,29.08,22.03,0.61,25.04
362,Trissur,Kerala,11,4.36,7.99,13.21,20.08,38.23,229.49,736.15,28.11,0.93,29.09,21.0,0.91,24.56
362,Trissur,Kerala,12,1.07,3.21,2.95,6.13,16.8,64.15,536.32,28.69,0.89,29.68,19.79,1.25,24.24
363,Tikamgarh,Madhya Pradesh,1,0.46,2.51,0.06,1.85,13.25,9.49,19.08,22.42,2.73,26.05,9.53,2.47,15.97
363,Tikamgarh,Madhya Pradesh,2,0.47,2.26,0.15,2.46,11.72,13.82,26.96,26.25,3.09,30.27,12.28,2.62,19.26
363,Tikamgarh,Madhya Pradesh,3,0.27,1.56,0.01,0.87,7.4,11.72,34.69,32.41,3.23,36.38,17.17,2.68,24.79
363,Tikamgarh,Madhya Pradesh,4,0.05,0.36,0.0,0.11,1.91,3.75,29.22,38.06,2.71,41.29,22.6,2.49,30.33
363,Tikamgarh,Madhya Pradesh,5,0.19,0.89,0.22,0.99,4.29,2.91,18.05,41.05,2.08,43.6,27.23,2.08,34.14
363,Tikamgarh,Madhya Pradesh,6,3.3,8.57,9.97,16.17,42.25,32.68,39.22,38.3,3.66,42.73,28.37,2.0,33.33
363,Tikamgarh,Madhya Pradesh,7,10.29,15.66,30.96,46.41,69.39,217.02,255.2,32.33,2.74,36.2,26.2,1.46,29.27
363,Tikamgarh,Madhya Pradesh,8,10.12,15.97,28.52,41.19,85.89,337.42,599.59,30.7,1.68,32.85,25.27,0.96,27.99
363,Tikamgarh,Madhya Pradesh,9,5.83,13.8,18.85,31.27,72.73,247.48,812.96,31.62,1.98,34.13,24.39,1.17,28.0
363,Tikamgarh,Madhya Pradesh,10,0.7,3.62,0.49,3.05,17.71,71.06,653.01,31.87,1.96,34.29,20.24,2.36,26.05
363,Tikamgarh,Madhya Pradesh,11,0.11,0.83,0.0,0.01,4.53,6.63,317.5,28.08,2.12,30.69,15.1,2.4,21.59
363,Tikamgarh,Madhya Pradesh,12,0.12,1.13,0.0,0.04,2.91,3.91,76.79,23.88,2.34,26.76,10.84,2.24,17.36
364,Tonk,Rajasthan,1,0.17,1.33,0.0,0.14,4.82,3.51,10.14,22.86,2.6,26.23,8.66,2.3,15.76
364,Tonk,Rajasthan,2,0.1,0.61,0.0,0.16,2.94,3.52,9.98,26.42,3.19,30.73,11.35,2.77,18.89
364,Tonk,Rajasthan,3,0.06,0.57,0.0,0.09,1.61,2.74,9.71,32.5,3.38,36.75,16.68,2.84,24.59
364,Tonk,Rajasthan,4,0.07,0.51,0.02,0.2,1.66,1.74,8.03,38.13,2.86,41.59,22.2,2.75,30.16
364,Tonk,Rajasthan,5,0.35,1.6,0.41,1.7,8.57,5.82,10.27,41.03,2.36,43.79,27.0,2.3,34.01
364,Tonk,Rajasthan,6,1.3,3.77,3.76,7.74,18.63,18.31,26.01,39.18,2.9,42.97,28.49,1.82,33.84
364,Tonk,Rajasthan,7,6.11,10.29,19.26,27.36,48.67,111.03,136.23,33.81,2.76,37.52,26.62,1.45,30.22
364,Tonk,Rajasthan,8,6.78,11.24,22.18,31.53,50.07,213.55,349.42,31.89,1.74,34.14,25.5,0.92,28.7
364,Tonk,Rajasthan,9,2.89,7.11,10.26,18.16,34.42,148.41,480.86,33.43,2.03,36.11,24.47,1.21,28.95
364,Tonk,Rajasthan,10,0.23,1.19,0.05,0.87,6.37,33.09,393.53,33.68,2.15,36.28,20.17,2.4,26.93
364,Tonk,Rajasthan,11,0.14,1.31,0.0,0.01,5.41,3.71,179.49,29.05,2.34,31.93,14.84,2.41,21.94
364,Tonk,Rajasthan,12,0.04,0.52,0.0,0.0,1.13,2.97,37.35,24.47,2.48,27.53,10.2,2.34,17.33
365,Tumakuru,Karnataka,1,0.06,0.45,0.0,0.07,2.47,2.79,97.19,28.59,1.18,30.14,15.43,1.53,22.01
365,Tumakuru,Karnataka,2,0.06,0.35,0.0,0.13,1.66,1.65,16.82,30.99,1.36,32.79,17.12,1.54,24.05
365,Tumakuru,Karnataka,3,0.18,1.01,0.17,0.89,4.24,3.93,8.41,33.54,1.38,35.17,19.61,1.46,26.57
365,Tumakuru,Karnataka,4,1.35,4.28,3.57,7.24,18.92,20.28,25.94,34.41,1.29,35.85,21.71,0.93,28.06
365,Tumakuru,Karnataka,5,2.62,6.21,8.24,14.65,31.99,58.52,83.6,33.25,1.71,35.07,22.14,0.81,27.7
365,Tumakuru,Karnataka,6,1.66,3.89,5.09,8.72,20.92,76.3,156.85,29.12,1.8,31.44,21.45,0.66,25.29
365,Tumakuru,Karnataka,7,1.85,3.91,5.92,9.79,19.67,44.43,179.53,27.53,1.34,29.34,21.02,0.53,24.28
365,Tumakuru,Karnataka,8,2.15,4.71,5.89,10.79,23.4,58.81,177.76,27.26,1.18,28.7,20.68,0.49,23.97
365,Tumakuru,Karnataka,9,4.76,9.17,16.22,26.43,42.01,104.31,207.95,28.27,1.21,29.81,20.36,0.54,24.32
365,Tumakuru,Karnataka,10,5.01,9.69,16.09,25.0,42.71,160.64,325.36,28.27,1.24,29.75,19.83,0.86,24.05
365,Tumakuru,Karnataka,11,1.34,4.31,3.9,7.44,18.44,88.9,357.04,27.45,1.22,28.74,17.87,1.72,22.66
365,Tumakuru,Karnataka,12,0.14,0.81,0.12,0.56,2.96,15.09,262.81,27.27,1.2,28.69,15.9,1.73,21.58
366,Udaipur,Rajasthan,1,0.12,1.55,0.0,0.02,1.27,2.63,11.26,23.8,2.4,26.98,9.97,2.09,16.89
366,Udaipur,Rajasthan,2,0.07,1.0,0.0,0.01,1.4,2.42,7.5,26.75,2.9,30.58,12.37,2.66,19.56
366,Udaipur,Rajasthan,3,0.06,1.08,0.0,0.01,0.27,2.54,7.54,32.26,3.04,36.15,17.36,2.71,24.81
366,Udaipur,Rajasthan,4,0.04,0.29,0.02,0.1,1.37,1.12,6.15,36.88,2.44,39.9,21.95,2.23,29.42
366,Udaipur,Rajasthan,5,0.19,0.85,0.27,0.91,4.47,3.36,7.0,38.96,1.91,41.31,25.43,1.54,32.19
366,Udaipur,Rajasthan,6,3.29,9.71,9.34,18.71,47.19,38.08,42.65,36.31,2.82,40.05,26.2,1.4,31.26
366,Udaipur,Rajasthan,7,9.69,18.88,32.44,48.08,91.77,196.71,240.37,30.79,2.42,34.04,24.76,1.19,27.78
366,Udaipur,Rajasthan,8,8.47,16.11,26.43,40.95,75.33,302.66,549.2,29.17,1.6,31.13,23.79,0.9,26.48
366,Udaipur,Rajasthan,9,4.87,12.42,14.56,27.34,62.61,198.69,707.85,31.08,2.08,33.9,23.04,1.1,27.06
366,Udaipur,Rajasthan,10,0.34,2.08,0.19,1.11,8.04,63.7,561.27,32.3,1.85,34.53,20.0,2.2,26.15
366,Udaipur,Rajasthan,11,0.17,1.51,0.0,0.01,5.5,6.16,262.45,28.61,2.04,31.05,15.5,2.27,22.06
366,Udaipur,Rajasthan,12,0.04,0.74,0.0,0.0,0.09,2.53,68.18,25.14,2.14,27.62,11.36,2.2,18.25
367,Udham Singh Nagar,Uttarakhand,1,1.23,5.92,0.7,7.09,31.08,27.45,49.87,21.16,2.6,24.31,8.5,1.94,14.83
367,Udham Singh Nagar,Uttarakhand,2,1.72,7.37,2.4,10.21,34.57,41.65,76.17,24.21,2.73,27.51,10.72,2.19,17.46
367,Udham Singh Nagar,Uttarakhand,3,1.2,6.53,1.01,5.15,30.34,49.35,117.66,30.01,3.13,33.92,14.75,2.49,22.38
367,Udham Singh Nagar,Uttarakhand,4,0.56,2.83,0.64,2.62,11.93,20.19,111.31,35.89,2.93,39.53,19.73,2.45,27.81
367,Udham Singh Nagar,Uttarakhand,5,1.7,5.23,4.74,9.51,28.54,35.16,103.87,38.09,2.71,41.33,23.69,2.12,30.89
367,Udham Singh Nagar,Uttarakhand,6,6.01,14.97,17.96,28.71,55.91,93.57,149.1,36.87,3.3,41.32,26.2,1.63,31.54
367,Udham Singh Nagar,Uttarakhand,7,12.41,21.39,34.3,50.46,114.88,303.46,436.31,32.82,2.1,35.4,26.79,1.13,29.8
367,Udham Singh Nagar,Uttarakhand,8,12.51,22.43,33.6,54.33,104.23,381.93,792.96,32.16,1.51,34.03,26.44,0.86,29.3
367,Udham Singh Nagar,Uttarakhand,9,8.04,19.88,20.8,38.91,106.74,321.08,1016.56,32.08,1.76,34.03,24.65,1.35,28.36
367,Udham Singh Nagar,Uttarakhand,10,1.25,7.53,0.62,4.63,30.11,120.12,819.86,31.28,1.8,33.35,19.46,2.47,25.37
367,Udham Singh Nagar,Uttarakhand,11,0.23,2.9,0.0,0.19,2.14,15.58,448.44,27.52,1.9,29.93,14.42,1.99,20.97
367,Udham Singh Nagar,Uttarakhand,12,0.4,2.79,0.08,0.73,10.65,7.6,136.68,23.21,2.42,25.76,10.3,1.96,16.76
368,Udupi,Karnataka,1,0.25,0.92,0.79,1.53,2.96,8.17,134.39,30.74,0.74,31.71,18.64,1.1,24.69
368,Udupi,Karnataka,2,0.1,0.37,0.24,0.6,2.02,4.76,38.02,31.72,0.87,32.87,19.38,1.07,25.55
368,Udupi,Karnataka,3,0.2,0.83,0.42,0.99,3.24,4.04,17.07,32.54,0.67,33.29,21.64,1.16,27.09
368,Udupi,Karnataka,4,1.07,2.88,3.45,5.54,11.67,17.62,26.47,32.4,0.64,33.13,23.72,0.77,28.06
368,Udupi,Karnataka,5,2.5,5.77,6.54,10.2,25.69,46.29,68.54,31.12,1.16,32.33,24.29,0.59,27.7
368,Udupi,Karnataka,6,27.18,25.93,60.73,80.19,114.23,424.8,490.03,27.1,1.33,29.08,23.29,0.51,25.19
368,Udupi,Karnataka,7,29.8,24.11,64.3,77.15,100.13,892.72,1378.73,25.87,0.78,26.95,22.6,0.38,24.23
368,Udupi,Karnataka,8,26.39,24.35,60.93,77.1,108.32,907.48,2264.92,26.07,0.84,27.18,22.3,0.37,24.19
368,Udupi,Karnataka,9,8.02,11.68,19.66,28.28,56.06,461.93,2266.26,27.32,0.88,28.45,22.28,0.4,24.8
368,Udupi,Karnataka,10,5.63,9.19,15.61,24.01,44.37,197.49,1554.69,28.7,0.99,29.93,22.06,0.64,25.38
368,Udupi,Karnataka,11,1.93,5.97,5.26,9.0,22.32,107.11,747.83,29.79,0.86,30.75,20.63,1.29,25.21
368,Udupi,Karnataka,12,0.38,1.48,0.9,1.8,5.86,26.82,327.48,30.32,0.73,31.18,19.23,1.35,24.77
369,Ujjain,Madhya Pradesh,1,0.21,1.53,0.0,0.4,6.46,4.8,18.94,24.7,2.51,27.89,11.1,2.23,17.9
369,Ujjain,Madhya Pradesh,2,0.05,0.41,0.0,0.02,1.57,3.12,11.83,27.67,2.86,31.41,13.37,2.47,20.52
369,Ujjain,Madhya Pradesh,3,0.13,1.1,0.0,0.01,3.17,3.05,10.98,32.94,2.94,36.59,18.12,2.55,25.53
369,Ujjain,Madhya Pradesh,4,0.02,0.18,0.0,0.02,0.49,1.77,8.0,37.6,2.29,40.38,23.13,2.2,30.36
369,Ujjain,Madhya Pradesh,5,0.15,0.77,0.15,0.67,3.78,2.13,6.97,39.7,1.86,42.05,26.52,1.48,33.11
369,Ujjain,Madhya Pradesh,6,3.84,8.91,12.44,23.87,43.36,45.23,49.07,36.06,3.47,40.65,26.27,1.63,31.16
369,Ujjain,Madhya Pradesh,7,10.31,20.14,31.04,46.58,111.18,209.04,258.93,29.98,2.5,33.32,24.45,1.11,27.21
369,Ujjain,Madhya Pradesh,8,9.09,17.77,27.71,44.83,86.02,323.37,590.36,28.31,1.57,30.25,23.56,0.78,25.93
369,Ujjain,Madhya Pradesh,9,5.2,14.01,15.78,28.58,60.97,221.83,763.93,30.29,2.03,33.03,22.84,0.97,26.57
369,Ujjain,Madhya Pradesh,10,0.65,3.15,0.42,3.07,14.93,69.83,610.84,31.92,1.84,34.2,19.88,2.14,25.9
369,Ujjain,Madhya Pradesh,11,0.23,1.79,0.0,0.2,7.53,10.48,295.5,28.92,1.89,31.2,15.83,2.27,22.37
369,Ujjain,Madhya Pradesh,12,0.07,0.56,0.0,0.0,2.45,3.98,80.12,25.82,2.1,28.33,12.08,2.18,18.95
370,Umaria,Madhya Pradesh,1,1.03,5.5,0.36,2.2,32.18,23.49,55.66,23.31,2.53,26.69,10.45,2.53,16.88
370,Umaria,Madhya Pradesh,2,1.03,5.94,0.43,2.76,29.9,30.67,66.78,26.84,2.88,30.56,13.09,2.5,19.97
370,Umaria,Madhya Pradesh,3,0.81,5.83,0.19,1.41,31.81,32.85,86.42,32.28,3.1,36.09,17.5,2.55,24.89
370,Umaria,Madhya Pradesh,4,0.21,1.68,0.08,0.35,4.17,9.08,72.63,37.56,2.53,40.5,22.63,2.32,30.09
370,Umaria,Madhya Pradesh,5,0.25,1.82,0.17,0.56,5.34,6.62,47.86,40.26,2.07,42.83,26.75,1.99,33.5
370,Umaria,Madhya Pradesh,6,4.67,12.51,14.31,31.88,62.77,42.23,57.6,36.6,4.08,41.57,27.44,2.0,32.02
370,Umaria,Madhya Pradesh,7,11.22,19.61,34.84,55.8,83.65,275.85,328.3,30.88,2.33,33.94,25.39,1.21,28.13
370,Umaria,Madhya Pradesh,8,11.89,19.61,39.24,55.89,81.74,364.37,696.94,29.91,1.64,31.99,24.69,0.88,27.3
370,Umaria,Madhya Pradesh,9,6.43,14.86,20.76,37.47,75.88,285.11,936.12,30.67,1.81,32.89,23.83,1.08,27.25
370,Umaria,Madhya Pradesh,10,1.13,5.77,0.95,4.71,26.08,86.95,733.83,30.6,1.79,32.84,20.08,2.45,25.34
370,Umaria,Madhya Pradesh,11,0.57,4.89,0.02,0.2,22.66,20.76,383.76,27.36,1.87,29.68,15.27,2.44,21.31
370,Umaria,Madhya Pradesh,12,0.44,3.39,0.03,0.23,17.79,13.09,115.86,24.07,2.0,26.5,11.35,2.19,17.71
371,Una,Himachal Pradesh,1,1.87,7.74,2.33,9.98,42.78,41.27,62.16,17.41,2.31,20.27,5.86,1.91,11.63
371,Una,Himachal Pradesh,2,1.82,5.27,5.16,12.24,26.49,54.28,105.98,20.06,2.93,23.78,7.82,2.24,13.94
371,Una,Himachal Pradesh,3,1.91,6.93,3.75,13.74,35.89,62.51,156.9,25.39,3.57,29.98,11.55,2.52,18.47
371,Una,Himachal Pradesh,4,0.91,4.05,0.67,4.64,22.13,38.92,155.81,31.72,3.57,36.3,16.14,2.59,23.93
371,Una,Himachal Pradesh,5,1.1,4.63,1.85,5.96,25.72,29.98,130.91,36.01,3.16,39.82,20.28,2.31,28.14
371,Una,Himachal Pradesh,6,3.47,8.5,11.1,22.95,40.26,53.37,121.62,36.0,2.91,39.72,23.68,2.06,29.84
371,Una,Himachal Pradesh,7,12.86,20.64,36.7,51.98,98.25,257.24,342.61,31.89,2.09,34.41,25.04,1.18,28.47
371,Una,Himachal Pradesh,8,11.0,18.14,29.98,44.31,77.43,380.74,705.06,30.92,1.53,32.62,24.63,1.0,27.77
371,Una,Himachal Pradesh,9,6.77,19.55,20.18,38.54,82.79,274.79,926.54,30.73,1.62,32.54,22.2,1.77,26.46
371,Una,Himachal Pradesh,10,0.53,2.71,0.23,2.17,15.09,83.32,734.05,29.29,2.01,31.71,16.19,2.59,22.74
371,Una,Himachal Pradesh,11,0.27,1.56,0.08,0.94,7.91,9.47,359.4,24.62,2.16,27.28,11.02,1.94,17.82
371,Una,Himachal Pradesh,12,0.67,3.47,0.36,2.22,17.75,11.05,98.04,19.74,2.37,22.49,7.17,1.88,13.45
372,Unnao,Uttar Pradesh,1,0.69,4.33,0.11,1.73,20.69,16.79,29.55,21.31,2.95,24.8,8.84,2.36,15.08
372,Unnao,Uttar Pradesh,2,0.62,3.12,0.19,2.11,19.54,19.51,39.56,25.05,2.84,28.69,11.89,2.51,18.47
372,Unnao,Uttar Pradesh,3,0.36,2.67,0.08,0.8,9.19,14.15,49.97,31.27,3.15,35.11,16.66,2.65,23.96
372,Unnao,Uttar Pradesh,4,0.16,1.1,0.06,0.44,3.68,6.89,40.28,37.26,2.65,40.45,22.01,2.31,29.63
372,Unnao,Uttar Pradesh,5,0.75,3.69,0.51,3.16,23.1,12.22,32.86,39.37,2.32,42.16,25.85,1.98,32.61
372,Unnao,Uttar Pradesh,6,2.98,8.49,9.87,18.08,45.48,41.78,61.01,37.68,3.49,42.11,27.67,1.68,32.67
372,Unnao,Uttar Pradesh,7,8.54,14.6,26.87,39.3,72.16,187.67,243.99,33.09,2.32,36.21,26.78,1.21,29.94
372,Unnao,Uttar Pradesh,8,7.77,14.98,25.43,40.3,73.31,248.58,487.53,32.25,1.48,34.09,26.42,0.85,29.34
372,Unnao,Uttar Pradesh,9,5.6,13.34,16.35,31.42,74.74,218.44,662.74,32.29,1.81,34.57,25.29,1.21,28.79
372,Unnao,Uttar Pradesh,10,1.27,6.61,0.36,4.84,38.19,91.71,556.15,31.89,1.85,33.99,20.62,2.52,26.25
372,Unnao,Uttar Pradesh,11,0.05,0.62,0.0,0.0,0.63,10.58,315.93,28.06,2.0,30.48,15.07,2.38,21.57
372,Unnao,Uttar Pradesh,12,0.24,1.78,0.0,0.17,7.81,3.09,100.99,23.38,2.47,26.09,10.4,2.2,16.89
373,Unokoti,Tripura,1,0.61,3.79,0.58,2.16,16.1,12.5,103.96,23.08,1.71,25.23,11.11,1.63,17.1
373,Unokoti,Tripura,2,0.96,3.57,1.98,5.8,16.66,22.81,45.99,25.8,2.16,28.48,13.16,2.01,19.48
373,Unokoti,Tripura,3,4.23,10.91,14.05,25.09,50.56,61.9,97.1,29.22,2.33,32.14,17.25,2.26,23.24
373,Unokoti,Tripura,4,9.96,16.5,29.7,41.04,76.87,229.82,315.67,30.27,2.21,32.94,20.59,1.6,25.43
373,Unokoti,Tripura,5,15.09,20.16,41.51,55.52,94.3,374.41,671.99,30.41,1.86,32.67,22.73,1.36,26.57
373,Unokoti,Tripura,6,19.83,23.81,45.78,62.17,110.51,547.76,1159.89,30.49,1.52,32.36,24.54,0.76,27.52
373,Unokoti,Tripura,7,13.86,15.89,31.04,41.27,77.79,495.57,1424.15,30.22,1.4,31.87,24.82,0.64,27.52
373,Unokoti,Tripura,8,14.87,16.73,33.65,46.4,80.39,435.28,1478.44,30.46,1.25,31.99,24.8,0.55,27.63
373,Unokoti,Tripura,9,11.77,14.32,31.93,40.99,60.15,399.05,1321.53,30.1,1.46,31.83,24.08,0.76,27.09
373,Unokoti,Tripura,10,7.69,16.58,24.8,39.19,76.84,318.44,1152.18,29.19,1.54,31.06,21.88,1.64,25.54
373,Unokoti,Tripura,11,0.77,3.25,1.26,3.49,18.16,88.32,801.79,26.95,1.49,28.82,17.18,2.09,22.07
373,Unokoti,Tripura,12,0.32,1.75,0.55,1.35,7.64,12.03,412.26,24.03,1.55,25.97,12.94,1.72,18.49
374,Uttara  Kannada,Karnataka,1,0.04,0.21,0.09,0.21,0.63,3.46,88.37,30.67,0.99,31.99,17.89,1.34,24.28
374,Uttara  Kannada,Karnataka,2,0.01,0.1,0.01,0.02,0.28,0.63,20.03,32.16,1.17,33.68,18.33,1.32,25.25
374,Uttara  Kannada,Karnataka,3,0.2,0.89,0.4,1.04,3.46,2.82,7.05,33.77,0.97,34.88,20.59,1.48,27.18
374,Uttara  Kannada,Karnataka,4,0.87,1.91,2.83,4.73,8.31,14.59,18.12,34.26,0.79,35.17,22.95,1.17,28.6
374,Uttara  Kannada,Karnataka,5,2.18,4.24,6.09,9.07,16.79,40.44,58.45,33.12,1.33,34.47,24.28,0.84,28.7
374,Uttara  Kannada,Karnataka,6,18.09,20.17,45.07,56.51,87.72,293.02,349.18,28.21,1.77,30.98,23.96,0.77,26.09
374,Uttara  Kannada,Karnataka,7,19.11,18.78,44.1,59.24,83.33,576.95,920.3,26.63,0.98,27.9,23.29,0.6,24.96
374,Uttara  Kannada,Karnataka,8,15.37,17.53,37.29,50.66,80.87,557.28,1451.94,26.74,1.01,28.01,22.9,0.52,24.82
374,Uttara  Kannada,Karnataka,9,7.19,9.36,18.62,26.05,44.33,298.31,1433.35,28.02,1.09,29.4,22.69,0.54,25.35
374,Uttara  Kannada,Karnataka,10,4.36,7.38,13.23,19.15,33.91,185.07,1033.75,29.62,1.27,31.19,22.33,0.88,25.97
374,Uttara  Kannada,Karnataka,11,1.22,3.99,3.13,6.87,16.11,72.77,547.41,30.33,0.95,31.35,20.61,1.71,25.47
374,Uttara  Kannada,Karnataka,12,0.23,1.3,0.38,0.86,4.21,16.8,270.42,30.23,0.86,31.23,18.92,1.63,24.58
375,Vadodara,Gujarat,1,0.01,0.13,0.0,0.0,0.06,0.24,17.69,27.95,2.15,30.74,14.32,1.96,21.13
375,Vadodara,Gujarat,2,0.0,0.05,0.0,0.0,0.0,0.16,3.56,30.61,2.63,34.05,16.14,2.34,23.38
375,Vadodara,Gujarat,3,0.0,0.14,0.0,0.0,0.02,0.19,0.59,35.44,2.67,38.72,20.23,2.23,27.83
375,Vadodara,Gujarat,4,0.01,0.15,0.0,0.0,0.37,0.27,0.63,38.9,1.99,41.28,23.91,1.68,31.41
375,Vadodara,Gujarat,5,0.28,3.28,0.0,0.01,4.54,3.67,4.14,39.72,1.61,41.66,26.88,1.16,33.3
375,Vadodara,Gujarat,6,4.17,13.54,11.6,23.93,77.29,45.16,49.22,36.3,2.77,39.82,27.64,1.15,31.97
375,Vadodara,Gujarat,7,12.32,23.1,37.9,62.42,111.61,262.2,314.26,31.54,2.01,34.31,26.28,0.96,28.91
375,Vadodara,Gujarat,8,9.1,19.15,24.85,44.95,99.78,353.75,675.97,30.38,1.45,32.07,25.48,0.73,27.93
375,Vadodara,Gujarat,9,6.12,18.53,17.26,35.09,101.0,220.13,847.41,32.04,1.85,34.54,25.22,0.87,28.63
375,Vadodara,Gujarat,10,0.73,4.63,0.1,2.44,18.55,89.34,658.24,34.46,1.71,36.43,22.78,2.09,28.62
375,Vadodara,Gujarat,11,0.38,4.74,0.0,0.0,7.82,14.14,317.87,32.17,1.78,34.36,18.94,2.23,25.55
375,Vadodara,Gujarat,12,0.01,0.12,0.0,0.0,0.03,3.59,101.8,29.12,1.91,31.34,15.61,2.06,22.37
376,Varanasi,Uttar Pradesh,1,0.46,2.55,0.06,1.06,15.65,9.38,24.77,22.03,2.67,25.11,9.6,2.39,15.82
376,Varanasi,Uttar Pradesh,2,0.59,3.45,0.11,1.75,15.49,15.96,28.32,25.81,2.71,29.37,12.42,2.41,19.12
376,Varanasi,Uttar Pradesh,3,0.33,2.64,0.0,0.37,10.17,15.33,40.25,31.99,3.02,35.58,16.98,2.55,24.48
376,Varanasi,Uttar Pradesh,4,0.1,0.74,0.01,0.17,3.34,4.12,35.27,37.66,2.46,40.57,22.25,2.17,29.96
376,Varanasi,Uttar Pradesh,5,0.63,3.33,0.21,2.04,18.5,10.96,29.92,39.2,2.27,42.04,25.89,1.76,32.54
376,Varanasi,Uttar Pradesh,6,3.19,9.07,9.81,17.94,49.78,40.12,55.37,37.09,3.47,41.58,27.63,1.6,32.36
376,Varanasi,Uttar Pradesh,7,9.47,18.08,31.16,51.3,86.67,217.44,270.91,32.64,1.95,35.07,26.82,1.13,29.73
376,Varanasi,Uttar Pradesh,8,8.47,16.44,26.56,43.23,80.9,263.2,531.59,32.08,1.29,33.69,26.54,0.81,29.31
376,Varanasi,Uttar Pradesh,9,7.7,18.45,25.51,47.23,89.7,265.29,755.09,31.97,1.58,33.88,25.67,1.09,28.82
376,Varanasi,Uttar Pradesh,10,0.95,5.29,0.29,3.42,24.23,108.14,634.44,31.47,1.6,33.45,21.49,2.57,26.48
376,Varanasi,Uttar Pradesh,11,0.23,3.31,0.0,0.02,3.17,12.98,381.08,28.28,1.78,30.5,15.74,2.52,22.01
376,Varanasi,Uttar Pradesh,12,0.1,0.96,0.0,0.04,2.54,3.39,118.19,23.9,2.23,26.27,11.02,2.18,17.46
377,Vidisha,Madhya Pradesh,1,0.4,2.15,0.05,1.34,12.97,8.41,25.71,23.44,2.65,26.96,10.35,2.37,16.9
377,Vidisha,Madhya Pradesh,2,0.33,1.69,0.06,1.25,8.49,11.26,26.98,26.84,3.01,30.76,12.87,2.55,19.86
377,Vidisha,Madhya Pradesh,3,0.29,2.01,0.0,0.37,7.36,10.15,29.59,32.46,3.1,36.28,17.64,2.57,25.05
377,Vidisha,Madhya Pradesh,4,0.05,0.5,0.0,0.04,1.33,3.82,25.22,37.64,2.46,40.56,22.93,2.35,30.28
377,Vidisha,Madhya Pradesh,5,0.19,1.11,0.09,0.58,5.13,2.69,16.5,40.22,1.96,42.65,27.34,1.87,33.78
377,Vidisha,Madhya Pradesh,6,3.92,10.16,10.85,18.87,46.99,41.06,47.4,36.72,3.67,41.47,27.34,1.99,32.03
377,Vidisha,Madhya Pradesh,7,11.94,18.72,33.32,46.99,94.67,252.92,299.6,30.54,2.67,34.14,24.9,1.28,27.72
377,Vidisha,Madhya Pradesh,8,10.01,16.05,29.17,43.96,79.8,356.31,664.99,29.05,1.74,31.3,23.91,0.84,26.48
377,Vidisha,Madhya Pradesh,9,5.65,12.86,17.34,27.25,57.97,239.55,860.29,30.69,2.06,33.18,23.17,1.04,26.93
377,Vidisha,Madhya Pradesh,10,0.69,3.32,0.69,2.95,18.59,74.37,665.23,31.5,1.94,33.88,19.69,2.2,25.6
377,Vidisha,Madhya Pradesh,11,0.28,2.18,0.0,0.07,10.04,10.33,316.93,28.03,1.98,30.44,15.23,2.32,21.63
377,Vidisha,Madhya Pradesh,12,0.19,1.56,0.0,0.01,7.84,7.27,87.45,24.58,2.21,27.39,11.29,2.19,17.93
378,Vijayapura,Karnataka,1,0.02,0.18,0.0,0.01,0.35,1.18,52.87,29.21,1.43,30.92,17.23,1.57,23.22
378,Vijayapura,Karnataka,2,0.02,0.16,0.0,0.01,0.39,0.43,9.6,31.79,1.45,33.76,19.08,1.49,25.43
378,Vijayapura,Karnataka,3,0.08,0.49,0.03,0.36,2.1,1.43,3.07,35.02,1.68,36.95,22.27,1.59,28.64
378,Vijayapura,Karnataka,4,0.71,2.59,1.65,3.75,15.73,10.96,12.85,37.18,1.49,38.89,24.69,1.31,30.93
378,Vijayapura,Karnataka,5,1.65,4.93,4.75,8.9,28.58,31.7,44.49,37.59,1.81,39.6,25.09,1.09,31.34
378,Vijayapura,Karnataka,6,1.94,4.01,6.29,9.88,17.5,60.6,104.22,32.2,2.55,35.82,23.81,0.94,28.01
378,Vijayapura,Karnataka,7,2.44,4.94,7.46,12.18,26.22,64.08,157.2,29.53,1.66,31.58,22.9,0.66,26.21
378,Vijayapura,Karnataka,8,2.43,4.75,8.29,12.45,23.44,72.16,197.56,29.06,1.46,30.8,22.4,0.55,25.73
378,Vijayapura,Karnataka,9,5.83,9.89,18.66,26.18,46.42,124.18,261.12,29.95,1.48,31.91,22.29,0.63,26.12
378,Vijayapura,Karnataka,10,3.29,8.15,10.83,18.08,39.35,153.36,351.36,30.5,1.5,32.26,21.5,1.29,26.0
378,Vijayapura,Karnataka,11,0.71,3.55,0.72,3.64,14.35,45.36,325.54,29.69,1.21,31.14,19.09,2.03,24.39
378,Vijayapura,Karnataka,12,0.07,0.52,0.0,0.01,2.53,8.64,203.73,28.68,1.28,30.19,17.07,1.83,22.88
379,Visakhapatnam,Andhra Pradesh,1,0.2,1.16,0.04,0.72,5.09,6.1,135.5,27.14,1.27,28.64,16.65,1.64,21.89
379,Visakhapatnam,Andhra Pradesh,2,0.47,1.95,0.53,2.97,9.78,8.97,31.16,29.65,1.56,31.63,18.35,1.51,24.0
379,Visakhapatnam,Andhra Pradesh,3,0.43,1.6,0.89,2.64,8.32,12.79,27.74,32.62,1.34,34.2,21.16,1.51,26.89
379,Visakhapatnam,Andhra Pradesh,4,1.2,3.05,3.73,6.98,15.45,23.58,45.4,34.37,1.19,35.72,23.86,1.19,29.12
379,Visakhapatnam,Andhra Pradesh,5,2.05,6.56,5.18,7.85,19.14,52.72,89.52,35.36,1.84,37.58,25.75,1.29,30.55
379,Visakhapatnam,Andhra Pradesh,6,6.04,11.84,16.88,25.23,66.61,117.67,195.29,32.55,2.74,36.31,25.64,1.36,29.09
379,Visakhapatnam,Andhra Pradesh,7,9.1,12.6,24.76,33.62,57.44,227.66,401.05,29.53,1.7,31.65,24.41,0.89,26.97
379,Visakhapatnam,Andhra Pradesh,8,10.45,15.46,25.35,38.11,74.72,306.39,660.94,29.12,1.4,30.8,24.11,0.73,26.62
379,Visakhapatnam,Andhra Pradesh,9,7.39,11.53,19.83,26.14,57.14,259.8,799.19,29.77,1.29,31.29,23.95,0.59,26.86
379,Visakhapatnam,Andhra Pradesh,10,6.67,15.14,18.51,31.99,73.08,232.73,798.89,29.53,1.36,31.07,22.47,1.17,26.0
379,Visakhapatnam,Andhra Pradesh,11,1.97,7.61,3.85,10.89,34.09,118.21,608.14,28.24,1.13,29.56,19.4,1.95,23.82
379,Visakhapatnam,Andhra Pradesh,12,0.18,1.66,0.02,0.24,3.7,18.17,365.91,26.98,1.07,28.33,16.81,1.75,21.9
380,Vizianagaram,Andhra Pradesh,1,0.19,1.31,0.01,0.5,4.75,5.04,125.1,28.6,1.4,30.26,17.23,1.85,22.91
380,Vizianagaram,Andhra Pradesh,2,0.57,2.27,0.99,3.19,11.95,9.77,27.67,31.38,1.75,33.6,19.18,1.68,25.28
380,Vizianagaram,Andhra Pradesh,3,0.53,2.0,1.12,3.33,10.37,16.4,31.11,34.77,1.47,36.46,22.2,1.59,28.48
380,Vizianagaram,Andhra Pradesh,4,1.04,2.93,3.2,6.93,16.02,22.58,48.86,36.76,1.25,38.2,25.0,1.31,30.88
380,Vizianagaram,Andhra Pradesh,5,2.16,6.63,5.65,10.03,25.48,51.13,90.42,37.74,1.82,39.84,26.88,1.39,32.31
380,Vizianagaram,Andhra Pradesh,6,6.45,12.61,20.04,28.6,59.87,124.39,199.26,34.62,2.9,38.61,26.78,1.41,30.7
380,Vizianagaram,Andhra Pradesh,7,9.71,14.78,27.15,39.56,66.44,242.36,421.35,31.47,1.72,33.57,25.57,0.9,28.52
380,Vizianagaram,Andhra Pradesh,8,9.37,13.74,24.65,34.02,60.38,300.15,676.74,31.13,1.42,32.92,25.33,0.79,28.23
380,Vizianagaram,Andhra Pradesh,9,8.29,13.0,21.47,29.7,65.75,263.23,810.51,31.72,1.35,33.36,25.2,0.67,28.46
380,Vizianagaram,Andhra Pradesh,10,6.15,14.47,17.06,33.69,71.06,234.05,796.63,31.43,1.41,33.06,23.59,1.35,27.51
380,Vizianagaram,Andhra Pradesh,11,1.91,7.93,2.96,9.57,40.11,110.51,606.17,29.92,1.2,31.33,20.15,2.15,25.03
380,Vizianagaram,Andhra Pradesh,12,0.16,1.25,0.0,0.22,4.75,15.15,355.5,28.45,1.19,29.9,17.2,1.94,22.82
381,Wayanad,Kerala,1,0.32,2.0,0.27,0.73,9.36,14.04,235.16,28.21,0.82,29.26,15.32,1.35,21.77
381,Wayanad,Kerala,2,0.13,0.55,0.27,0.63,2.68,5.32,63.0,29.8,0.98,31.08,16.52,1.4,23.16
381,Wayanad,Kerala,3,0.81,2.53,2.2,4.29,12.32,11.76,31.45,31.24,1.03,32.36,18.77,1.35,25.0
381,Wayanad,Kerala,4,3.23,5.29,9.37,13.78,26.4,58.61,75.97,30.91,1.09,32.27,21.01,0.87,25.96
381,Wayanad,Kerala,5,5.07,6.87,13.95,20.12,30.24,128.78,201.16,29.4,1.46,30.93,21.68,0.8,25.54
381,Wayanad,Kerala,6,14.0,19.63,39.62,56.95,79.22,299.03,489.85,25.69,1.56,27.85,21.02,0.77,23.35
381,Wayanad,Kerala,7,14.87,18.41,41.0,55.47,80.69,425.51,859.26,24.85,1.09,26.31,20.33,0.6,22.59
381,Wayanad,Kerala,8,10.4,13.71,28.55,40.12,60.7,389.09,1126.62,25.13,1.08,26.43,20.03,0.56,22.58
381,Wayanad,Kerala,9,5.73,8.03,15.72,21.89,39.39,226.15,1040.19,26.23,1.03,27.54,19.9,0.55,23.07
381,Wayanad,Kerala,10,7.98,10.91,21.29,29.59,49.32,208.38,817.03,26.78,1.0,27.95,19.49,0.75,23.13
381,Wayanad,Kerala,11,3.33,7.15,10.66,17.3,34.25,185.09,616.48,26.8,0.98,27.85,18.04,1.35,22.42
381,Wayanad,Kerala,12,0.79,2.88,1.63,5.1,13.3,47.55,440.23,27.2,0.98,28.35,16.12,1.65,21.66
382,West,Sikkim,1,0.98,3.82,0.93,7.71,19.87,19.87,57.62,14.1,1.81,16.38,8.19,1.56,11.14
382,West,Sikkim,2,0.83,4.39,1.62,3.82,14.54,22.98,48.72,16.28,2.09,18.86,9.72,1.86,13.0
382,West,Sikkim,3,1.67,4.98,4.42,9.48,27.35,32.34,75.14,20.35,2.26,23.19,12.96,1.96,16.65
382,West,Sikkim,4,2.8,6.16,8.21,14.01,29.59,72.54,128.29,23.3,1.93,25.75,15.88,1.6,19.59
382,West,Sikkim,5,4.75,9.42,14.68,22.69,47.45,108.88,215.07,24.62,1.67,26.86,18.12,1.44,21.37
382,West,Sikkim,6,9.09,11.25,25.31,33.45,47.37,197.3,380.61,25.44,1.29,27.13,20.06,0.94,22.75
382,West,Sikkim,7,15.97,20.3,40.3,52.18,87.61,407.88,718.88,25.11,1.17,26.52,20.7,0.79,22.9
382,West,Sikkim,8,12.91,16.86,32.34,44.25,86.1,421.26,1040.54,25.46,1.15,26.84,20.65,0.74,23.05
382,West,Sikkim,9,9.49,14.94,27.66,39.31,69.18,361.45,1198.54,24.92,1.26,26.41,19.52,0.91,22.22
382,West,Sikkim,10,2.25,7.45,5.64,10.85,30.8,155.52,932.46,23.06,1.71,25.16,16.63,1.58,19.85
382,West,Sikkim,11,0.46,3.13,0.35,0.82,11.84,34.53,543.87,19.41,1.65,21.6,13.25,1.47,16.33
382,West,Sikkim,12,0.18,1.11,0.12,0.37,5.34,6.97,189.61,15.95,1.73,18.0,10.16,1.7,13.05
383,West,Delhi,1,0.61,3.96,0.0,0.71,23.27,19.67,35.99,19.79,2.67,22.97,7.13,2.28,13.46
383,West,Delhi,2,0.8,4.39,0.19,3.09,25.79,19.94,49.45,23.23,2.91,26.92,10.1,2.62,16.67
383,West,Delhi,3,0.48,3.21,0.18,1.05,16.09,21.36,60.66,29.33,3.41,33.66,14.91,2.69,22.12
383,West,Delhi,4,0.26,2.37,0.01,0.37,5.94,8.69,50.03,36.1,3.25,40.14,20.48,2.79,28.29
383,West,Delhi,5,0.76,4.87,0.26,1.51,24.71,16.4,45.94,39.49,2.91,42.85,25.0,2.46,32.25
383,West,Delhi,6,2.98,14.11,3.18,15.56,60.57,39.54,64.86,38.65,3.11,42.51,27.59,1.93,33.12
383,West,Delhi,7,6.22,18.39,17.94,38.75,91.75,152.17,210.28,34.42,2.5,37.94,27.18,1.45,30.8
383,West,Delhi,8,8.62,28.24,23.69,47.1,126.81,225.66,424.74,33.07,1.79,35.26,26.49,1.03,29.78
383,West,Delhi,9,4.97,18.12,12.28,31.73,89.05,230.61,614.7,33.23,1.95,35.51,24.68,1.54,28.95
383,West,Delhi,10,0.32,2.47,0.0,0.47,8.29,53.5,508.91,32.18,2.14,34.77,19.23,2.56,25.7
383,West,Delhi,11,0.25,4.08,0.0,0.0,1.35,6.32,283.78,27.25,2.25,30.06,13.64,2.33,20.45
383,West,Delhi,12,0.48,5.71,0.0,0.08,4.76,9.41,64.92,22.01,2.65,25.03,8.74,2.34,15.38
384,West Garo Hills,Meghalaya,1,0.35,1.83,0.21,1.27,11.07,7.17,87.2,20.91,1.79,23.2,10.64,1.53,15.77
384,West Garo Hills,Meghalaya,2,0.51,2.49,0.32,2.03,14.84,11.94,24.94,23.65,2.11,26.27,12.64,1.9,18.15
384,West Garo Hills,Meghalaya,3,1.85,6.33,4.24,14.02,32.49,25.43,44.35,27.69,2.21,30.46,16.64,2.11,22.16
384,West Garo Hills,Meghalaya,4,7.07,12.98,21.61,32.8,66.92,129.14,166.9,29.08,2.22,31.9,19.92,1.65,24.5
384,West Garo Hills,Meghalaya,5,16.06,24.26,44.77,61.59,104.0,356.98,516.0,29.22,1.82,31.56,22.14,1.45,25.68
384,West Garo Hills,Meghalaya,6,20.59,31.29,53.87,77.39,147.49,557.13,1053.03,29.64,1.46,31.5,24.02,0.9,26.83
384,West Garo Hills,Meghalaya,7,19.64,29.76,55.11,83.88,138.8,642.41,1567.55,29.58,1.4,31.38,24.45,0.76,27.02
384,West Garo Hills,Meghalaya,8,16.93,31.91,49.48,79.12,157.53,503.81,1708.83,29.86,1.35,31.51,24.53,0.7,27.2
384,West Garo Hills,Meghalaya,9,14.49,29.35,42.21,66.72,144.56,480.21,1621.94,29.34,1.55,31.32,23.71,0.89,26.53
384,West Garo Hills,Meghalaya,10,7.89,26.12,21.05,43.94,131.18,371.99,1352.75,28.28,1.62,30.2,21.05,1.75,24.67
384,West Garo Hills,Meghalaya,11,0.38,2.61,0.18,0.65,9.6,82.11,929.65,25.63,1.55,27.62,16.45,1.85,21.04
384,West Garo Hills,Meghalaya,12,0.09,0.83,0.0,0.05,2.67,6.27,451.52,22.36,1.66,24.38,12.43,1.68,17.39
385,West Godavari,Andhra Pradesh,1,0.1,0.63,0.02,0.18,2.87,4.26,146.75,29.26,1.24,30.68,18.79,1.54,24.03
385,West Godavari,Andhra Pradesh,2,0.32,1.66,0.07,1.31,9.99,5.22,23.68,31.65,1.46,33.55,20.42,1.48,26.04
385,West Godavari,Andhra Pradesh,3,0.25,1.42,0.16,1.06,5.81,8.25,17.74,34.43,1.38,36.07,22.9,1.51,28.67
385,West Godavari,Andhra Pradesh,4,0.4,1.35,1.12,2.42,5.89,8.88,22.4,36.34,1.4,38.02,25.68,1.24,31.01
385,West Godavari,Andhra Pradesh,5,1.87,8.18,4.22,8.52,28.53,38.4,55.62,38.05,2.21,40.89,27.84,1.33,32.94
385,West Godavari,Andhra Pradesh,6,5.23,11.35,16.74,25.62,48.75,97.74,146.05,35.17,2.9,39.06,27.67,1.45,31.42
385,West Godavari,Andhra Pradesh,7,8.36,12.8,23.74,31.42,50.27,208.73,348.33,31.84,1.95,34.34,26.2,1.04,29.02
385,West Godavari,Andhra Pradesh,8,8.73,14.92,23.77,33.44,78.55,272.53,587.49,31.18,1.6,33.05,25.77,0.82,28.48
385,West Godavari,Andhra Pradesh,9,6.34,10.69,16.41,25.85,45.19,215.59,702.06,31.66,1.41,33.29,25.59,0.68,28.63
385,West Godavari,Andhra Pradesh,10,7.76,15.84,22.11,37.64,88.55,227.46,715.17,31.18,1.52,32.86,24.2,1.11,27.69
385,West Godavari,Andhra Pradesh,11,1.69,6.88,3.55,8.92,27.81,134.67,576.49,29.98,1.19,31.33,21.5,1.88,25.74
385,West Godavari,Andhra Pradesh,12,0.19,1.55,0.06,0.22,4.69,16.29,376.51,28.94,1.05,30.24,19.11,1.66,24.03
386,West Khasi Hills,Meghalaya,1,0.39,2.34,0.3,1.34,10.65,8.76,93.64,18.01,1.81,20.24,7.67,1.55,12.84
386,West Khasi Hills,Meghalaya,2,0.56,2.15,0.84,3.16,11.54,13.42,31.47,20.38,2.12,23.01,9.82,1.95,15.1
386,West Khasi Hills,Meghalaya,3,2.29,6.35,7.84,14.24,31.95,31.92,53.93,23.8,2.18,26.53,13.69,2.09,18.74
386,West Khasi Hills,Meghalaya,4,8.01,13.84,24.12,36.98,65.97,150.45,196.35,25.16,2.11,27.78,16.9,1.64,21.03
386,West Khasi Hills,Meghalaya,5,13.47,19.71,37.04,50.17,82.72,336.49,523.76,25.8,1.83,28.02,19.29,1.48,22.55
386,West Khasi Hills,Meghalaya,6,19.5,24.8,49.77,67.69,111.08,479.26,974.81,26.34,1.42,28.16,21.4,0.93,23.87
386,West Khasi Hills,Meghalaya,7,21.95,29.89,59.26,80.32,139.93,675.75,1500.83,26.28,1.38,28.0,21.88,0.77,24.08
386,West Khasi Hills,Meghalaya,8,19.02,25.2,46.49,64.18,123.96,576.34,1743.34,26.55,1.31,28.21,21.92,0.71,24.24
386,West Khasi Hills,Meghalaya,9,14.81,23.13,39.04,56.53,115.05,537.31,1790.43,26.19,1.52,28.1,21.03,0.92,23.61
386,West Khasi Hills,Meghalaya,10,6.66,18.07,17.93,33.64,102.17,316.39,1424.5,25.26,1.67,27.26,18.13,1.76,21.69
386,West Khasi Hills,Meghalaya,11,0.47,2.46,0.39,2.0,10.93,82.53,927.75,22.56,1.64,24.63,13.47,1.88,18.01
386,West Khasi Hills,Meghalaya,12,0.2,1.2,0.11,0.59,4.79,9.87,398.95,19.33,1.63,21.4,9.46,1.72,14.39
387,West Nimar,Madhya Pradesh,1,0.21,1.91,0.06,0.18,4.7,4.78,22.25,26.56,2.27,29.47,13.32,2.17,19.94
387,West Nimar,Madhya Pradesh,2,0.2,1.53,0.08,0.2,6.93,5.74,16.11,29.49,2.62,32.78,15.33,2.31,22.41
387,West Nimar,Madhya Pradesh,3,0.14,1.36,0.0,0.07,2.88,5.87,16.31,34.49,2.73,37.78,19.54,2.33,27.02
387,West Nimar,Madhya Pradesh,4,0.02,0.24,0.0,0.02,0.35,1.53,13.15,38.8,2.05,41.22,24.06,1.99,31.43
387,West Nimar,Madhya Pradesh,5,0.26,1.65,0.22,0.81,6.46,3.61,10.86,40.25,1.74,42.46,27.0,1.28,33.63
387,West Nimar,Madhya Pradesh,6,4.57,10.37,13.62,25.16,53.95,59.37,64.52,35.83,3.5,40.41,26.47,1.52,31.15
387,West Nimar,Madhya Pradesh,7,8.59,14.94,23.68,39.89,76.97,201.77,267.65,30.2,2.26,33.18,24.69,0.98,27.45
387,West Nimar,Madhya Pradesh,8,7.3,14.04,21.35,33.18,76.26,258.86,531.09,28.74,1.55,30.6,23.86,0.74,26.3
387,West Nimar,Madhya Pradesh,9,5.08,11.39,14.89,25.63,57.75,188.57,654.96,30.49,1.84,32.96,23.46,0.88,26.98
387,West Nimar,Madhya Pradesh,10,0.95,3.71,1.82,6.11,16.63,81.45,526.04,32.02,1.66,34.1,21.14,2.09,26.58
387,West Nimar,Madhya Pradesh,11,0.26,1.76,0.09,0.58,8.04,12.59,278.04,29.64,1.63,31.78,17.39,2.31,23.52
387,West Nimar,Madhya Pradesh,12,0.12,1.09,0.0,0.07,2.78,5.59,95.63,27.18,1.83,29.44,14.05,2.13,20.61
388,West Tripura,Tripura,1,0.46,3.19,0.18,1.11,12.9,9.57,101.35,22.52,1.64,24.53,10.69,1.63,16.6
388,West Tripura,Tripura,2,0.7,3.16,0.58,4.31,16.66,16.66,38.37,25.14,2.04,27.62,12.99,2.01,19.07
388,West Tripura,Tripura,3,2.66,7.77,8.68,17.26,38.6,37.79,63.83,28.65,2.12,31.33,17.26,2.24,22.96
388,West Tripura,Tripura,4,7.79,15.2,25.64,37.36,65.81,167.48,222.51,29.66,2.04,32.07,20.66,1.62,25.16
388,West Tripura,Tripura,5,12.94,20.48,38.37,52.29,101.04,319.09,528.77,29.86,1.71,32.03,22.67,1.41,26.27
388,West Tripura,Tripura,6,18.29,29.75,50.07,73.26,130.8,493.18,987.51,29.86,1.36,31.63,24.45,0.78,27.15
388,West Tripura,Tripura,7,15.06,23.65,37.85,57.6,120.24,479.67,1298.77,29.64,1.24,31.22,24.69,0.67,27.16
388,West Tripura,Tripura,8,13.12,21.16,32.48,47.58,102.31,439.79,1415.71,29.98,1.14,31.36,24.69,0.59,27.33
388,West Tripura,Tripura,9,11.15,17.86,36.87,49.07,76.35,348.05,1261.87,29.74,1.38,31.33,23.93,0.78,26.83
388,West Tripura,Tripura,10,6.71,16.89,20.8,38.31,86.41,288.63,1073.7,28.95,1.49,30.72,21.62,1.7,25.28
388,West Tripura,Tripura,11,0.94,5.15,0.37,3.51,27.63,85.31,719.16,26.67,1.45,28.51,16.88,2.1,21.77
388,West Tripura,Tripura,12,0.2,1.38,0.02,0.4,6.33,13.34,380.89,23.62,1.54,25.52,12.49,1.79,18.06
389,Yadgir,Karnataka,1,0.03,0.29,0.0,0.01,0.65,1.35,52.89,29.71,1.56,31.6,17.49,1.7,23.6
389,Yadgir,Karnataka,2,0.02,0.14,0.0,0.0,0.62,0.69,9.41,32.56,1.63,34.8,19.62,1.56,26.09
389,Yadgir,Karnataka,3,0.11,0.88,0.02,0.25,2.71,1.82,3.88,35.95,1.84,38.06,22.96,1.64,29.45
389,Yadgir,Karnataka,4,0.73,2.98,1.31,4.08,12.54,11.29,13.83,38.14,1.6,39.9,25.8,1.41,31.97
389,Yadgir,Karnataka,5,1.72,5.18,4.99,9.47,26.95,34.55,48.11,38.6,1.98,40.87,26.87,1.28,32.73
389,Yadgir,Karnataka,6,2.51,5.23,7.96,12.29,23.45,65.71,112.58,33.6,2.63,37.21,25.02,1.2,29.31
389,Yadgir,Karnataka,7,3.73,6.7,11.59,18.34,31.33,92.3,193.83,30.77,1.86,33.05,23.84,0.81,27.3
389,Yadgir,Karnataka,8,5.24,9.06,17.05,26.76,41.22,140.79,301.29,29.97,1.58,31.8,23.31,0.64,26.64
389,Yadgir,Karnataka,9,5.55,9.24,17.2,25.67,40.65,161.22,397.01,30.63,1.55,32.59,23.17,0.68,26.9
389,Yadgir,Karnataka,10,3.35,8.32,10.45,20.85,40.58,147.97,451.3,30.94,1.61,32.82,21.94,1.37,26.44
389,Yadgir,Karnataka,11,0.66,3.18,0.91,3.29,15.79,46.05,355.03,30.07,1.35,31.67,19.22,2.15,24.65
389,Yadgir,Karnataka,12,0.07,0.62,0.0,0.02,2.3,7.98,198.73,29.11,1.39,30.67,17.17,1.9,23.14
390,Yanam,Puducherry,1,0.06,0.42,0.0,0.15,1.54,3.7,96.64,26.82,0.5,27.42,21.75,0.5,24.28
390,Yanam,Puducherry,2,0.02,0.1,0.0,0.07,0.44,0.8,18.11,28.56,0.78,29.62,22.62,0.58,25.59
390,Yanam,Puducherry,3,0.07,0.46,0.0,0.15,2.28,1.09,5.71,31.06,0.64,31.84,24.58,0.76,27.82
390,Yanam,Puducherry,4,0.13,0.58,0.18,0.75,2.64,2.84,4.76,32.94,0.51,33.56,26.91,0.61,29.93
390,Yanam,Puducherry,5,1.07,4.71,2.54,5.16,17.69,20.72,24.75,34.29,0.59,35.05,28.43,0.44,31.36
390,Yanam,Puducherry,6,2.1,4.69,7.12,10.62,20.98,44.11,68.29,33.26,0.83,34.38,28.04,0.49,30.65
390,Yanam,Puducherry,7,2.87,4.8,8.53,11.28,20.29,76.95,143.37,31.09,0.62,31.9,26.96,0.44,29.02
390,Yanam,Puducherry,8,3.06,5.4,8.76,12.11,22.12,92.73,216.18,30.51,0.42,31.03,26.61,0.38,28.56
390,Yanam,Puducherry,9,3.18,5.5,9.55,12.54,23.73,89.52,260.51,30.38,0.42,30.89,26.32,0.4,28.35
390,Yanam,Puducherry,10,3.54,6.93,11.34,16.53,31.92,105.57,288.26,29.54,0.59,30.29,25.55,0.46,27.54
390,Yanam,Puducherry,11,1.53,5.76,4.27,9.67,23.28,81.75,277.25,28.05,0.48,28.63,24.18,0.64,26.12
390,Yanam,Puducherry,12,0.21,1.64,0.0,0.24,6.14,15.52,201.88,26.79,0.44,27.37,22.56,0.51,24.67
391,Baudh (Bauda),Odisha,1,0.51,3.2,0.01,0.54,20.1,9.84,54.48,27.35,1.84,29.67,15.44,2.2,21.39
391,Baudh (Bauda),Odisha,2,0.97,4.92,0.44,3.9,25.46,19.52,34.4,30.74,2.21,33.51,17.89,2.07,24.31
391,Baudh (Bauda),Odisha,3,0.62,2.86,0.46,3.2,14.16,26.33,55.34,35.11,2.07,37.56,21.38,1.81,28.25
391,Baudh (Bauda),Odisha,4,0.76,2.77,1.63,4.75,13.65,18.59,64.48,38.29,1.73,40.34,24.95,1.6,31.62
391,Baudh (Bauda),Odisha,5,1.27,4.33,3.33,8.07,17.65,30.65,75.47,39.33,2.01,41.61,27.23,1.59,33.28
391,Baudh (Bauda),Odisha,6,6.83,12.85,22.11,34.95,63.47,102.38,152.01,35.02,3.43,39.7,27.22,1.57,31.12
391,Baudh (Bauda),Odisha,7,11.38,17.46,33.52,53.3,73.97,284.88,421.78,30.99,1.64,33.01,25.84,0.98,28.41
391,Baudh (Bauda),Odisha,8,11.73,17.03,34.11,51.67,73.93,368.26,769.24,30.62,1.34,32.31,25.63,0.91,28.12
391,Baudh (Bauda),Odisha,9,7.78,13.69,22.27,37.75,65.64,299.72,960.45,31.41,1.35,33.02,25.31,0.79,28.36
391,Baudh (Bauda),Odisha,10,2.44,7.61,7.66,14.66,38.95,143.06,808.71,31.08,1.47,32.86,23.18,1.68,27.13
391,Baudh (Bauda),Odisha,11,0.64,4.06,0.04,1.48,17.86,40.43,476.45,29.0,1.44,30.72,19.17,2.33,24.09
391,Baudh (Bauda),Odisha,12,0.11,0.93,0.0,0.01,5.66,6.08,183.62,26.94,1.43,28.66,15.64,2.07,21.29
392,Lawngtlai,Mizoram,1,0.03,0.19,0.01,0.16,0.39,1.05,16.64,2.4,0.18,2.62,0.85,0.18,1.62
392,Lawngtlai,Mizoram,2,0.04,0.22,0.04,0.23,0.74,0.97,4.68,2.69,0.23,2.97,1.08,0.22,1.89
392,Lawngtlai,Mizoram,3,0.11,0.42,0.24,0.66,2.53,1.72,3.76,3.09,0.23,3.38,1.5,0.24,2.29
392,Lawngtlai,Mizoram,4,0.5,1.36,1.66,3.28,7.19,9.24,11.95,3.25,0.21,3.49,1.86,0.17,2.56
392,Lawngtlai,Mizoram,5,1.12,2.31,3.59,5.74,11.05,24.74,35.98,3.21,0.18,3.43,2.16,0.16,2.68
392,Lawngtlai,Mizoram,6,1.8,2.74,5.23,7.05,10.75,44.64,79.32,3.11,0.14,3.29,2.42,0.09,2.77
392,Lawngtlai,Mizoram,7,1.68,2.58,4.83,6.5,12.96,52.69,123.05,3.07,0.12,3.23,2.48,0.06,2.78
392,Lawngtlai,Mizoram,8,1.46,2.22,3.91,5.67,10.79,47.65,145.85,3.11,0.12,3.25,2.48,0.06,2.79
392,Lawngtlai,Mizoram,9,1.34,2.01,3.76,5.04,9.31,41.44,141.43,3.1,0.15,3.27,2.37,0.09,2.73
392,Lawngtlai,Mizoram,10,0.87,2.17,3.05,5.09,9.96,34.89,123.64,3.0,0.17,3.21,2.11,0.18,2.56
392,Lawngtlai,Mizoram,11,0.18,0.86,0.29,0.89,5.17,13.78,89.87,2.74,0.17,2.96,1.62,0.25,2.18
392,Lawngtlai,Mizoram,12,0.05,0.18,0.08,0.36,0.73,2.77,50.71,2.46,0.16,2.66,1.1,0.21,1.78
393,Serchhip,Mizoram,1,0.56,2.94,0.54,2.81,13.16,14.88,148.46,22.2,1.77,24.34,8.16,1.64,15.18
393,Serchhip,Mizoram,2,0.67,2.36,1.66,4.1,12.42,17.52,56.86,24.62,2.15,27.33,10.47,1.97,17.54
393,Serchhip,Mizoram,3,2.12,5.46,6.91,11.65,25.59,34.76,67.03,28.08,2.21,30.82,14.33,2.07,21.2
393,Serchhip,Mizoram,4,5.27,9.02,17.33,24.52,38.59,114.08,166.84,29.66,2.1,32.16,17.54,1.51,23.6
393,Serchhip,Mizoram,5,11.13,17.11,32.72,47.96,70.82,245.17,397.01,29.48,1.79,31.65,20.19,1.44,24.84
393,Serchhip,Mizoram,6,15.79,21.45,41.92,57.28,95.57,419.88,785.02,29.01,1.42,30.8,22.52,0.81,25.76
393,Serchhip,Mizoram,7,12.17,15.17,31.2,43.79,68.36,420.73,1093.58,28.59,1.28,30.25,23.01,0.62,25.8
393,Serchhip,Mizoram,8,10.41,11.62,25.34,32.99,51.37,335.82,1178.92,28.85,1.2,30.28,23.06,0.57,25.96
393,Serchhip,Mizoram,9,11.53,14.37,29.67,40.54,62.7,332.77,1082.53,28.76,1.44,30.51,22.14,0.81,25.45
393,Serchhip,Mizoram,10,7.43,15.87,25.5,39.15,66.45,298.67,966.01,28.0,1.58,29.89,19.66,1.63,23.83
393,Serchhip,Mizoram,11,1.7,5.98,4.33,9.76,33.38,115.46,746.54,25.63,1.49,27.47,14.97,2.14,20.3
393,Serchhip,Mizoram,12,0.48,1.88,1.1,3.47,8.72,25.81,433.72,22.97,1.48,24.81,10.23,1.88,16.6
394,Kolasib,Mizoram,1,0.72,4.58,0.97,2.26,21.16,15.73,126.41,23.48,1.87,25.71,10.87,1.63,17.17
394,Kolasib,Mizoram,2,1.11,5.63,2.12,5.22,17.69,25.37,58.49,26.2,2.23,29.05,12.96,1.97,19.58
394,Kolasib,Mizoram,3,4.67,11.39,15.19,26.67,57.07,71.65,112.52,29.74,2.32,32.61,16.77,2.13,23.26
394,Kolasib,Mizoram,4,8.73,13.92,25.47,38.08,66.03,215.14,313.48,31.09,2.22,33.79,20.02,1.6,25.56
394,Kolasib,Mizoram,5,15.38,21.16,42.94,55.64,97.46,360.07,652.17,31.2,1.97,33.52,22.58,1.52,26.89
394,Kolasib,Mizoram,6,19.33,20.93,47.13,62.39,88.42,535.83,1118.01,31.24,1.54,33.19,24.81,0.87,28.03
394,Kolasib,Mizoram,7,14.25,15.21,34.11,44.64,68.9,507.73,1411.68,31.0,1.42,32.84,25.32,0.68,28.16
394,Kolasib,Mizoram,8,16.09,17.24,36.82,50.1,76.81,456.95,1500.43,31.12,1.33,32.72,25.48,0.64,28.3
394,Kolasib,Mizoram,9,15.3,17.78,38.32,48.73,73.39,483.64,1441.77,30.81,1.58,32.81,24.71,0.86,27.76
394,Kolasib,Mizoram,10,7.44,14.89,24.8,37.69,66.26,348.37,1289.86,29.93,1.69,31.99,22.29,1.67,26.11
394,Kolasib,Mizoram,11,1.24,4.66,2.38,8.08,24.04,99.61,927.13,27.48,1.61,29.46,17.52,2.12,22.5
394,Kolasib,Mizoram,12,0.39,1.86,0.91,1.96,6.91,18.68,456.9,24.47,1.61,26.56,12.93,1.86,18.7
395,Mamit,Mizoram,1,0.33,1.17,0.74,2.59,5.2,10.71,117.67,21.42,1.72,23.49,8.76,1.57,15.09
395,Mamit,Mizoram,2,0.82,2.92,1.96,4.76,14.99,15.46,43.43,24.07,2.06,26.66,10.96,1.92,17.51
395,Mamit,Mizoram,3,3.33,9.28,9.19,17.22,47.05,50.15,76.25,27.52,2.12,30.13,14.93,2.07,21.22
395,Mamit,Mizoram,4,7.23,13.13,21.37,32.14,67.55,167.08,233.7,28.92,2.0,31.31,18.19,1.51,23.55
395,Mamit,Mizoram,5,14.25,22.68,44.31,60.67,104.22,321.97,543.52,29.06,1.75,31.15,20.61,1.42,24.83
395,Mamit,Mizoram,6,18.76,24.08,47.33,70.58,110.71,518.32,1014.48,28.88,1.37,30.59,22.78,0.8,25.83
395,Mamit,Mizoram,7,14.34,17.74,36.47,48.13,88.17,498.76,1347.76,28.58,1.23,30.13,23.24,0.64,25.91
395,Mamit,Mizoram,8,14.51,16.44,34.29,46.08,77.2,425.2,1443.58,28.8,1.16,30.2,23.3,0.58,26.05
395,Mamit,Mizoram,9,14.66,17.91,37.26,48.31,85.53,441.01,1357.49,28.54,1.42,30.29,22.49,0.8,25.51
395,Mamit,Mizoram,10,7.11,15.9,22.98,36.9,69.78,340.3,1206.7,27.65,1.54,29.49,20.12,1.61,23.89
395,Mamit,Mizoram,11,1.08,4.48,1.84,4.71,23.66,96.56,874.94,25.28,1.48,27.12,15.4,2.09,20.34
395,Mamit,Mizoram,12,0.43,1.61,1.02,2.44,6.82,18.13,445.45,22.36,1.49,24.28,10.8,1.8,16.58
396,Lunglei,Mizoram,1,0.37,2.46,0.66,1.13,9.05,12.2,132.09,21.96,1.58,23.9,8.46,1.49,15.21
396,Lunglei,Mizoram,2,0.5,1.79,1.25,2.78,7.95,11.85,46.66,24.57,1.96,27.07,10.49,1.84,17.53
396,Lunglei,Mizoram,3,1.67,4.29,5.2,8.8,22.2,26.7,50.82,28.03,1.97,30.47,14.28,2.03,21.15
396,Lunglei,Mizoram,4,4.77,8.79,14.06,22.05,42.68,98.12,137.1,29.36,1.81,31.49,17.61,1.41,23.48
396,Lunglei,Mizoram,5,10.06,14.77,27.25,37.33,70.16,223.59,351.15,29.04,1.54,30.93,20.1,1.29,24.57
396,Lunglei,Mizoram,6,17.04,17.85,41.77,51.61,80.3,413.23,740.59,28.21,1.24,29.79,22.18,0.7,25.2
396,Lunglei,Mizoram,7,16.34,17.27,39.27,50.29,78.01,507.06,1152.68,27.76,1.06,29.13,22.58,0.52,25.17
396,Lunglei,Mizoram,8,12.97,12.84,31.58,38.63,56.43,444.3,1373.7,28.02,1.0,29.22,22.58,0.48,25.3
396,Lunglei,Mizoram,9,11.49,13.5,27.88,35.16,63.11,364.68,1313.04,27.93,1.24,29.44,21.71,0.7,24.82
396,Lunglei,Mizoram,10,6.95,13.34,20.84,32.56,68.05,291.05,1095.88,27.2,1.41,28.88,19.47,1.51,23.34
396,Lunglei,Mizoram,11,1.46,5.21,3.34,8.48,21.04,103.49,756.29,25.0,1.37,26.73,15.13,2.02,20.07
396,Lunglei,Mizoram,12,0.45,2.24,1.09,1.8,7.82,23.44,411.44,22.52,1.32,24.13,10.62,1.75,16.57
397,Mirpur,Jammu And Kashmir,1,1.97,4.22,6.48,10.97,20.93,45.33,82.84,15.73,2.32,18.72,3.2,2.13,9.47
397,Mirpur,Jammu And Kashmir,2,1.9,3.72,5.89,8.96,18.51,60.44,124.86,17.68,2.92,21.39,5.27,2.34,11.47
397,Mirpur,Jammu And Kashmir,3,2.13,4.23,6.43,10.61,19.96,60.42,165.2,22.59,3.73,27.4,9.34,2.6,15.97
397,Mirpur,Jammu And Kashmir,4,1.8,3.77,5.54,9.16,18.51,60.86,181.47,28.39,3.78,33.28,13.97,2.56,21.18
397,Mirpur,Jammu And Kashmir,5,1.31,2.96,4.18,6.58,14.76,46.93,168.29,33.39,3.53,37.67,18.29,2.28,25.84
397,Mirpur,Jammu And Kashmir,6,2.14,4.02,6.84,10.54,18.64,42.9,150.12,35.17,2.74,38.64,22.23,2.19,28.7
397,Mirpur,Jammu And Kashmir,7,10.81,16.13,30.31,39.65,67.08,187.02,277.22,31.98,2.18,34.8,24.13,1.25,28.05
397,Mirpur,Jammu And Kashmir,8,9.41,13.02,24.57,35.24,60.16,339.85,580.44,30.96,1.52,32.75,23.66,1.18,27.31
397,Mirpur,Jammu And Kashmir,9,5.27,14.23,13.78,25.27,75.58,224.03,763.6,30.5,1.75,32.53,20.41,2.14,25.45
397,Mirpur,Jammu And Kashmir,10,0.95,2.92,2.78,5.57,16.03,69.79,629.29,28.0,2.38,30.97,14.23,2.58,21.12
397,Mirpur,Jammu And Kashmir,11,0.44,1.53,1.17,2.22,7.3,19.02,306.11,22.94,2.36,25.96,8.96,2.13,15.95
397,Mirpur,Jammu And Kashmir,12,1.03,3.06,2.95,6.35,14.98,20.45,105.07,18.0,2.44,21.02,4.94,1.95,11.47
398,Muzaffarabad,Jammu And Kashmir,1,1.57,2.96,4.76,7.75,14.05,44.16,108.96,5.16,2.22,8.03,-3.33,2.08,0.92
398,Muzaffarabad,Jammu And Kashmir,2,2.49,3.98,7.7,10.83,18.97,60.86,136.54,6.84,2.69,10.4,-1.09,2.32,2.87
398,Muzaffarabad,Jammu And Kashmir,3,3.07,4.61,9.09,13.19,19.97,84.11,188.4,11.86,3.45,16.4,2.86,2.62,7.36
398,Muzaffarabad,Jammu And Kashmir,4,3.21,4.93,9.23,13.79,22.59,97.77,243.06,17.62,3.48,22.12,6.83,2.38,12.22
398,Muzaffarabad,Jammu And Kashmir,5,2.58,4.28,7.66,11.05,20.56,88.18,270.78,22.5,3.16,26.42,10.41,2.04,16.46
398,Muzaffarabad,Jammu And Kashmir,6,4.05,6.62,11.84,17.9,29.74,99.94,285.67,25.66,2.47,28.52,13.53,2.1,19.59
398,Muzaffarabad,Jammu And Kashmir,7,4.9,8.66,14.03,19.76,38.81,120.65,308.61,25.33,1.98,27.79,16.02,1.49,20.67
398,Muzaffarabad,Jammu And Kashmir,8,4.91,7.91,14.33,20.67,37.96,163.96,387.5,24.68,1.68,26.53,15.6,1.47,20.14
398,Muzaffarabad,Jammu And Kashmir,9,4.5,9.7,12.98,22.77,48.1,140.77,427.07,23.11,1.94,25.26,12.12,2.08,17.61
398,Muzaffarabad,Jammu And Kashmir,10,1.34,3.34,4.08,7.14,17.11,79.47,383.68,18.89,2.45,22.09,6.11,2.52,12.5
398,Muzaffarabad,Jammu And Kashmir,11,0.99,2.42,3.37,6.15,12.12,35.0,253.07,13.42,2.61,16.76,1.4,1.92,7.41
398,Muzaffarabad,Jammu And Kashmir,12,1.34,3.66,3.92,7.08,17.03,32.05,143.42,8.02,2.54,11.26,-1.85,1.84,3.09
399,Punch,Jammu And Kashmir,1,2.93,6.46,8.77,13.8,29.59,73.45,152.28,11.07,2.34,14.12,0.59,2.08,5.83
399,Punch,Jammu And Kashmir,2,2.73,5.14,7.91,12.87,25.12,88.33,205.36,12.6,2.84,16.28,2.98,2.27,7.79
399,Punch,Jammu And Kashmir,3,3.41,5.82,9.32,15.38,28.51,90.29,251.45,17.55,3.59,22.23,7.13,2.51,12.34
399,Punch,Jammu And Kashmir,4,3.58,6.54,9.86,15.09,32.81,107.29,285.82,23.4,3.61,28.07,11.44,2.49,17.42
399,Punch,Jammu And Kashmir,5,2.37,4.83,6.92,10.94,25.79,92.38,290.7,28.08,3.32,32.1,15.57,2.25,21.82
399,Punch,Jammu And Kashmir,6,3.61,7.29,10.39,16.87,34.7,78.92,278.23,30.25,2.54,33.38,19.05,2.12,24.65
399,Punch,Jammu And Kashmir,7,7.5,13.2,20.12,33.5,68.32,163.05,334.09,28.46,1.98,30.92,20.98,1.32,24.72
399,Punch,Jammu And Kashmir,8,7.73,12.65,21.88,31.34,57.65,245.28,493.55,27.69,1.54,29.43,20.49,1.28,24.09
399,Punch,Jammu And Kashmir,9,4.68,10.38,14.6,23.96,51.75,193.43,608.0,26.73,1.8,28.76,17.19,2.01,21.96
399,Punch,Jammu And Kashmir,10,1.36,3.94,3.89,7.74,17.49,78.26,514.89,23.46,2.35,26.46,11.54,2.42,17.5
399,Punch,Jammu And Kashmir,11,1.15,3.49,3.27,6.56,17.68,35.71,302.41,18.74,2.35,21.66,6.3,2.08,12.52
399,Punch,Jammu And Kashmir,12,1.99,5.75,4.97,10.94,32.36,44.92,155.89,13.9,2.51,17.02,2.32,1.9,8.11
400,Anantnag,Jammu And Kashmir,1,1.37,3.06,4.37,6.83,15.28,34.71,70.01,7.74,2.25,10.7,-1.12,1.98,3.31
400,Anantnag,Jammu And Kashmir,2,1.79,3.57,5.5,8.61,16.01,46.44,99.27,9.49,2.85,13.15,1.36,2.26,5.43
400,Anantnag,Jammu And Kashmir,3,3.2,6.93,8.91,16.12,33.16,76.1,156.61,14.63,3.66,19.36,5.32,2.57,9.97
400,Anantnag,Jammu And Kashmir,4,1.27,2.39,3.93,6.24,11.44,69.14,192.42,20.36,3.54,25.01,9.45,2.39,14.91
400,Anantnag,Jammu And Kashmir,5,1.59,3.54,5.2,7.85,17.48,44.28,189.93,25.1,3.16,28.9,12.8,2.08,18.95
400,Anantnag,Jammu And Kashmir,6,1.18,2.61,4.06,6.01,13.32,39.14,150.87,28.08,2.46,31.06,15.76,1.92,21.92
400,Anantnag,Jammu And Kashmir,7,2.09,4.57,6.65,10.89,24.59,46.83,130.29,27.43,1.98,29.89,18.51,1.36,22.97
400,Anantnag,Jammu And Kashmir,8,2.27,4.93,7.3,11.6,22.16,70.67,157.19,26.77,1.63,28.55,18.13,1.31,22.45
400,Anantnag,Jammu And Kashmir,9,3.43,11.2,8.99,17.99,44.11,92.43,211.45,25.49,1.85,27.54,14.21,2.02,19.85
400,Anantnag,Jammu And Kashmir,10,0.73,2.3,1.96,4.79,14.06,52.27,215.75,21.5,2.3,24.34,8.29,2.24,14.9
400,Anantnag,Jammu And Kashmir,11,0.47,1.58,1.34,3.0,7.8,17.57,161.75,16.01,2.5,19.15,3.53,1.74,9.77
400,Anantnag,Jammu And Kashmir,12,0.87,2.52,2.54,4.98,12.88,18.26,85.45,10.55,2.52,13.73,0.28,1.77,5.42
401,Baramula,Jammu And Kashmir,1,1.79,3.61,5.69,9.73,16.41,52.99,120.7,12.35,2.15,15.18,4.59,1.92,8.47
401,Baramula,Jammu And Kashmir,2,2.18,3.71,6.89,10.27,16.95,59.37,151.08,13.88,2.68,17.37,7.18,2.13,10.53
401,Baramula,Jammu And Kashmir,3,2.84,4.53,9.11,13.12,18.89,76.17,188.35,18.77,3.48,23.35,11.27,2.44,15.02
401,Baramula,Jammu And Kashmir,4,2.5,4.22,7.62,11.1,19.2,82.04,217.94,25.28,3.67,30.13,14.87,2.31,20.07
401,Baramula,Jammu And Kashmir,5,1.62,3.0,5.21,7.88,13.11,62.32,221.02,29.95,3.16,33.73,18.84,2.27,24.4
401,Baramula,Jammu And Kashmir,6,2.24,5.3,6.57,12.62,23.04,54.25,197.84,32.62,2.56,35.71,21.87,1.95,27.25
401,Baramula,Jammu And Kashmir,7,2.94,6.81,9.44,14.79,31.32,73.22,189.23,32.37,2.13,34.92,23.21,1.39,27.79
401,Baramula,Jammu And Kashmir,8,2.96,6.39,9.38,16.45,31.96,97.08,226.35,31.71,1.78,33.63,22.74,1.34,27.22
401,Baramula,Jammu And Kashmir,9,2.51,6.79,7.3,13.88,36.94,86.93,258.51,30.05,2.03,32.31,19.68,1.87,24.87
401,Baramula,Jammu And Kashmir,10,0.95,2.87,3.05,6.44,12.76,44.55,227.98,25.8,2.35,28.82,14.68,2.22,20.24
401,Baramula,Jammu And Kashmir,11,1.0,3.09,3.15,6.38,15.91,28.53,158.54,20.78,2.34,23.67,9.65,1.87,15.22
401,Baramula,Jammu And Kashmir,12,1.74,4.92,5.13,10.45,26.58,39.65,111.4,15.48,2.42,18.48,5.87,1.74,10.68
402,Kathua,Jammu And Kashmir,1,2.28,7.28,5.88,10.43,38.91,56.54,100.56,15.43,2.37,18.51,3.4,2.01,9.42
402,Kathua,Jammu And Kashmir,2,2.54,7.49,6.26,11.8,40.44,74.13,157.28,17.4,2.92,21.23,5.71,2.24,11.56
402,Kathua,Jammu And Kashmir,3,2.25,5.89,6.16,11.26,29.9,71.21,201.77,22.44,3.65,27.12,9.58,2.48,16.01
402,Kathua,Jammu And Kashmir,4,1.61,4.14,4.68,8.32,21.3,57.77,202.74,28.25,3.58,32.88,14.2,2.49,21.22
402,Kathua,Jammu And Kashmir,5,1.77,5.04,4.73,9.71,23.94,54.29,182.78,32.55,3.24,36.4,18.31,2.22,25.43
402,Kathua,Jammu And Kashmir,6,2.95,8.85,7.29,13.33,53.32,56.68,168.31,33.49,2.58,36.65,21.74,2.11,27.61
402,Kathua,Jammu And Kashmir,7,11.05,21.13,32.98,53.44,101.69,210.34,322.68,30.34,1.96,32.72,23.57,1.26,26.95
402,Kathua,Jammu And Kashmir,8,10.67,19.28,30.94,52.81,94.25,360.48,638.27,29.5,1.47,31.13,23.2,1.15,26.35
402,Kathua,Jammu And Kashmir,9,5.19,14.95,12.66,29.44,80.21,238.58,821.66,29.04,1.72,30.9,20.19,1.94,24.62
402,Kathua,Jammu And Kashmir,10,1.03,4.08,2.18,4.99,20.54,71.81,667.23,26.93,2.19,29.65,14.41,2.47,20.67
402,Kathua,Jammu And Kashmir,11,0.42,1.53,0.86,2.48,7.66,19.42,321.69,22.48,2.2,25.08,9.19,2.01,15.84
402,Kathua,Jammu And Kashmir,12,1.54,5.39,3.85,8.05,27.7,27.41,114.73,17.85,2.46,20.77,5.12,1.87,11.48
403,Udhampur,Jammu And Kashmir,1,2.6,6.65,7.44,14.18,32.27,66.21,111.71,12.7,2.34,15.86,1.1,2.07,6.9
403,Udhampur,Jammu And Kashmir,2,2.38,5.37,6.8,11.22,28.6,76.93,171.6,14.45,2.84,18.15,3.44,2.26,8.95
403,Udhampur,Jammu And Kashmir,3,2.43,4.98,7.63,12.75,22.38,71.48,214.44,19.42,3.59,24.02,7.39,2.45,13.41
403,Udhampur,Jammu And Kashmir,4,1.84,4.0,5.6,9.25,20.04,64.71,212.81,25.16,3.52,29.72,11.98,2.49,18.57
403,Udhampur,Jammu And Kashmir,5,1.66,3.87,4.76,8.49,17.69,56.83,192.86,29.5,3.2,33.33,16.36,2.25,22.93
403,Udhampur,Jammu And Kashmir,6,2.52,6.1,7.47,11.01,36.63,52.25,173.28,31.08,2.46,34.19,19.78,2.06,25.43
403,Udhampur,Jammu And Kashmir,7,10.59,21.05,31.64,48.78,93.35,194.45,304.21,28.69,1.86,30.95,21.69,1.26,25.19
403,Udhampur,Jammu And Kashmir,8,9.56,18.66,25.36,44.94,87.82,330.2,587.04,27.89,1.4,29.46,21.28,1.21,24.59
403,Udhampur,Jammu And Kashmir,9,4.64,14.08,11.23,23.6,84.99,215.7,752.08,27.13,1.68,29.01,18.05,1.98,22.59
403,Udhampur,Jammu And Kashmir,10,0.9,3.04,2.36,5.53,15.06,63.76,605.52,24.41,2.2,27.19,12.44,2.38,18.42
403,Udhampur,Jammu And Kashmir,11,0.41,1.21,1.53,3.03,6.23,18.19,290.44,20.0,2.19,22.59,7.08,2.04,13.54
403,Udhampur,Jammu And Kashmir,12,1.76,5.27,5.28,10.61,25.59,29.42,107.85,15.38,2.51,18.43,2.87,1.9,9.13
404,Prayagraj,Uttar Pradesh,1,0.47,2.59,0.12,1.47,14.32,11.28,24.16,22.11,2.76,25.38,9.59,2.48,15.85
404,Prayagraj,Uttar Pradesh,2,0.65,3.45,0.42,2.29,19.57,17.32,31.65,25.99,2.87,29.65,12.38,2.49,19.19
404,Prayagraj,Uttar Pradesh,3,0.36,2.54,0.01,0.49,9.27,16.72,44.93,32.22,3.12,35.99,17.0,2.61,24.61
404,Prayagraj,Uttar Pradesh,4,0.22,1.62,0.01,0.25,6.86,5.65,39.54,38.03,2.57,41.15,22.35,2.27,30.19
404,Prayagraj,Uttar Pradesh,5,0.19,0.96,0.1,0.88,4.88,6.17,28.06,40.06,2.19,42.76,26.32,1.9,33.19
404,Prayagraj,Uttar Pradesh,6,3.26,9.53,9.68,19.57,54.02,32.05,43.9,37.74,3.67,42.43,28.05,1.73,32.9
404,Prayagraj,Uttar Pradesh,7,8.69,14.61,27.25,40.96,65.29,202.2,242.73,32.84,2.21,35.77,26.84,1.22,29.84
404,Prayagraj,Uttar Pradesh,8,7.35,13.27,24.12,35.44,62.37,248.65,493.7,31.97,1.4,33.68,26.39,0.82,29.18
404,Prayagraj,Uttar Pradesh,9,6.18,13.83,20.15,36.56,67.17,218.4,677.09,32.0,1.7,34.12,25.49,1.09,28.74
404,Prayagraj,Uttar Pradesh,10,1.01,5.11,0.56,4.58,27.57,87.25,551.78,31.68,1.71,33.76,21.17,2.59,26.42
404,Prayagraj,Uttar Pradesh,11,0.13,1.76,0.0,0.0,1.42,10.53,311.57,28.23,1.92,30.56,15.52,2.52,21.87
404,Prayagraj,Uttar Pradesh,12,0.18,2.02,0.0,0.02,2.79,3.19,96.02,23.87,2.28,26.32,10.95,2.2,17.41
405,Ri-Bhoi,Meghalaya,1,0.35,2.38,0.17,1.49,7.41,8.78,76.28,20.53,1.83,22.79,9.95,1.52,15.24
405,Ri-Bhoi,Meghalaya,2,0.68,2.75,1.14,4.17,12.39,14.64,33.48,23.04,2.23,25.89,11.9,1.86,17.47
405,Ri-Bhoi,Meghalaya,3,2.0,6.51,5.61,13.24,37.97,30.14,53.36,26.73,2.29,29.61,15.49,2.03,21.11
405,Ri-Bhoi,Meghalaya,4,6.44,12.39,21.44,31.39,59.4,127.31,172.5,28.1,2.23,30.88,18.68,1.68,23.39
405,Ri-Bhoi,Meghalaya,5,11.21,20.4,34.09,45.1,73.63,272.97,434.17,28.61,1.92,30.92,21.38,1.52,25.0
405,Ri-Bhoi,Meghalaya,6,13.9,19.92,38.53,55.06,93.57,358.91,766.07,29.2,1.52,31.16,23.69,0.93,26.45
405,Ri-Bhoi,Meghalaya,7,15.19,19.04,40.75,53.47,81.13,470.49,1109.02,29.17,1.47,31.06,24.17,0.75,26.67
405,Ri-Bhoi,Meghalaya,8,14.15,18.13,38.12,49.42,81.24,433.46,1269.31,29.47,1.4,31.22,24.22,0.7,26.84
405,Ri-Bhoi,Meghalaya,9,10.46,17.15,31.16,42.17,84.21,375.85,1280.73,29.02,1.61,31.1,23.32,0.9,26.17
405,Ri-Bhoi,Meghalaya,10,4.88,14.03,15.64,27.16,78.97,233.75,1039.91,27.95,1.74,30.04,20.4,1.77,24.18
405,Ri-Bhoi,Meghalaya,11,0.52,2.55,0.51,2.72,12.54,61.93,665.52,25.18,1.71,27.38,15.58,1.9,20.38
405,Ri-Bhoi,Meghalaya,12,0.22,1.32,0.03,0.58,8.67,10.62,299.46,21.9,1.66,24.02,11.6,1.73,16.75
406,South East,Delhi,1,0.78,4.69,1.1,3.16,17.5,17.67,25.16,19.95,2.71,23.18,7.33,2.28,13.64
406,South East,Delhi,2,0.99,4.77,1.71,5.08,19.74,24.97,46.1,23.38,2.9,26.99,10.32,2.63,16.85
406,South East,Delhi,3,0.61,3.99,0.5,2.63,10.48,26.52,68.88,29.52,3.39,33.8,15.16,2.68,22.34
406,South East,Delhi,4,0.57,5.39,0.08,1.24,9.61,15.12,66.64,36.32,3.22,40.35,20.76,2.77,28.54
406,South East,Delhi,5,1.29,8.13,1.47,4.41,32.0,29.07,70.18,39.64,2.89,42.96,25.2,2.44,32.42
406,South East,Delhi,6,2.89,10.91,7.73,17.2,43.07,46.59,91.35,38.75,3.16,42.73,27.71,1.93,33.23
406,South East,Delhi,7,8.16,20.86,22.54,38.84,98.59,177.27,255.03,34.4,2.54,37.95,27.22,1.47,30.81
406,South East,Delhi,8,9.21,22.53,26.44,41.01,98.21,265.55,497.94,33.04,1.78,35.23,26.53,1.04,29.78
406,South East,Delhi,9,5.06,13.78,17.07,31.02,72.95,242.2,693.64,33.21,1.97,35.48,24.82,1.52,29.01
406,South East,Delhi,10,0.38,1.99,0.43,1.65,11.3,55.07,560.17,32.28,2.11,34.82,19.44,2.56,25.86
406,South East,Delhi,11,0.07,0.62,0.0,0.0,1.62,4.37,294.39,27.44,2.27,30.31,13.88,2.33,20.66
406,South East,Delhi,12,0.21,1.31,0.11,0.75,4.35,3.56,58.67,22.2,2.68,25.22,8.97,2.36,15.59
407,South West Khasi Hills,Meghalaya,1,0.62,3.92,0.51,1.5,15.84,13.05,104.44,18.6,1.73,20.75,7.97,1.57,13.29
407,South West Khasi Hills,Meghalaya,2,0.74,3.67,0.98,4.15,14.54,17.88,42.42,20.81,2.04,23.34,10.21,1.96,15.51
407,South West Khasi Hills,Meghalaya,3,3.53,9.01,12.31,20.23,43.11,47.92,78.96,23.94,2.12,26.63,14.25,2.13,19.1
407,South West Khasi Hills,Meghalaya,4,10.67,18.19,33.5,47.09,89.58,216.45,283.25,25.07,2.05,27.68,17.56,1.57,21.32
407,South West Khasi Hills,Meghalaya,5,16.62,23.81,43.91,63.94,109.44,417.27,688.15,25.81,1.8,28.07,19.74,1.42,22.78
407,South West Khasi Hills,Meghalaya,6,26.63,33.95,72.12,99.67,159.37,642.13,1285.86,26.24,1.45,28.08,21.7,0.92,23.97
407,South West Khasi Hills,Meghalaya,7,26.99,37.46,77.81,112.64,172.22,869.06,1939.9,26.16,1.38,27.92,22.13,0.76,24.14
407,South West Khasi Hills,Meghalaya,8,23.04,31.98,57.37,94.79,159.96,696.44,2222.93,26.51,1.3,28.12,22.16,0.69,24.34
407,South West Khasi Hills,Meghalaya,9,17.31,27.53,46.08,72.55,142.65,636.05,2198.86,26.23,1.52,28.13,21.31,0.91,23.77
407,South West Khasi Hills,Meghalaya,10,7.23,20.45,18.38,39.02,120.26,365.35,1690.39,25.59,1.6,27.51,18.37,1.85,21.98
407,South West Khasi Hills,Meghalaya,11,0.49,2.83,0.45,1.5,12.32,87.66,1078.22,23.2,1.59,25.28,13.69,1.9,18.45
407,South West Khasi Hills,Meghalaya,12,0.28,2.47,0.08,0.33,9.19,11.91,453.23,19.95,1.63,21.97,9.74,1.71,14.84
408,South West Garo Hills,Meghalaya,1,0.48,2.51,0.65,2.2,9.87,9.41,88.59,22.31,1.76,24.59,11.8,1.58,17.05
408,South West Garo Hills,Meghalaya,2,0.46,2.3,0.57,2.17,9.39,12.59,28.77,25.09,2.19,27.87,13.93,1.92,19.51
408,South West Garo Hills,Meghalaya,3,1.7,5.53,5.21,10.94,25.19,23.63,45.54,29.29,2.42,32.3,18.06,2.12,23.68
408,South West Garo Hills,Meghalaya,4,6.34,11.14,20.08,30.63,50.57,114.62,151.22,30.46,2.68,33.98,21.18,1.59,25.82
408,South West Garo Hills,Meghalaya,5,16.26,20.71,43.04,53.71,84.24,345.75,488.16,30.09,1.96,32.64,22.92,1.38,26.51
408,South West Garo Hills,Meghalaya,6,19.22,25.36,50.73,69.12,112.21,542.46,1012.44,30.26,1.53,32.19,24.56,0.85,27.41
408,South West Garo Hills,Meghalaya,7,18.99,25.04,50.53,71.78,117.87,601.02,1500.0,30.13,1.37,31.81,24.92,0.71,27.53
408,South West Garo Hills,Meghalaya,8,15.93,23.75,41.78,62.1,124.46,493.63,1641.1,30.36,1.32,31.95,24.99,0.66,27.67
408,South West Garo Hills,Meghalaya,9,15.13,26.6,42.15,63.96,121.43,479.62,1571.06,29.92,1.53,31.79,24.23,0.84,27.07
408,South West Garo Hills,Meghalaya,10,7.62,22.52,22.07,45.39,116.86,370.99,1340.96,29.04,1.57,30.92,21.64,1.76,25.34
408,South West Garo Hills,Meghalaya,11,0.49,3.04,0.44,1.49,16.74,79.95,926.86,26.78,1.43,28.58,17.23,1.75,22.01
408,South West Garo Hills,Meghalaya,12,0.11,0.89,0.0,0.16,1.88,7.25,448.7,23.73,1.63,25.66,13.4,1.65,18.57
409,North Garo Hills,Meghalaya,1,0.35,1.99,0.18,1.51,9.0,9.22,83.86,21.95,1.8,24.29,11.46,1.51,16.71
409,North Garo Hills,Meghalaya,2,0.56,2.44,0.48,3.02,14.6,12.82,29.15,24.72,2.14,27.35,13.34,1.89,19.03
409,North Garo Hills,Meghalaya,3,2.05,6.75,6.04,15.19,30.95,27.71,49.53,28.62,2.2,31.32,17.29,2.12,22.96
409,North Garo Hills,Meghalaya,4,7.37,12.9,22.85,34.28,55.89,135.7,176.64,29.81,2.18,32.52,20.63,1.67,25.22
409,North Garo Hills,Meghalaya,5,16.39,24.39,46.08,63.04,113.55,378.15,546.28,30.09,1.83,32.35,23.01,1.47,26.55
409,North Garo Hills,Meghalaya,6,16.88,23.66,48.95,63.6,105.93,493.7,1017.83,30.59,1.47,32.46,25.05,0.92,27.82
409,North Garo Hills,Meghalaya,7,20.6,27.97,56.82,79.33,119.65,601.09,1482.25,30.57,1.43,32.42,25.48,0.77,28.03
409,North Garo Hills,Meghalaya,8,17.56,30.02,48.42,73.74,159.17,538.35,1638.34,30.89,1.37,32.6,25.54,0.71,28.21
409,North Garo Hills,Meghalaya,9,11.59,21.94,32.93,50.69,93.71,452.08,1593.83,30.41,1.57,32.4,24.66,0.89,27.53
409,North Garo Hills,Meghalaya,10,6.67,22.58,16.92,37.4,119.98,289.05,1273.69,29.32,1.66,31.27,21.96,1.7,25.64
409,North Garo Hills,Meghalaya,11,0.34,2.03,0.15,1.2,8.47,73.94,807.3,26.58,1.58,28.59,17.33,1.85,21.95
409,North Garo Hills,Meghalaya,12,0.23,1.87,0.02,0.24,5.16,7.65,363.72,23.31,1.64,25.29,13.29,1.7,18.3
410,West Jaintia Hills,Meghalaya,1,0.44,2.25,0.47,1.73,11.45,11.84,94.12,18.79,1.79,20.97,8.96,1.53,13.88
410,West Jaintia Hills,Meghalaya,2,1.13,4.04,2.14,7.84,20.39,20.22,46.7,21.09,2.15,23.82,10.97,1.86,16.03
410,West Jaintia Hills,Meghalaya,3,3.01,7.88,9.98,16.98,39.29,51.26,83.42,24.26,2.18,27.02,14.58,1.99,19.42
410,West Jaintia Hills,Meghalaya,4,8.43,15.02,24.88,36.46,71.0,174.47,246.78,25.52,2.07,28.04,17.65,1.55,21.58
410,West Jaintia Hills,Meghalaya,5,12.56,22.96,32.94,47.86,86.18,313.55,543.99,26.39,1.87,28.66,20.03,1.45,23.21
410,West Jaintia Hills,Meghalaya,6,18.07,25.25,46.34,65.31,127.67,464.12,959.21,27.07,1.49,28.97,22.09,0.91,24.58
410,West Jaintia Hills,Meghalaya,7,19.11,25.16,49.75,67.95,118.04,571.26,1355.88,27.02,1.45,28.93,22.47,0.75,24.75
410,West Jaintia Hills,Meghalaya,8,15.06,20.58,41.14,56.02,95.9,518.85,1563.5,27.35,1.37,29.06,22.54,0.69,24.95
410,West Jaintia Hills,Meghalaya,9,12.81,20.45,34.8,50.17,88.77,415.37,1504.6,27.0,1.57,29.04,21.75,0.89,24.38
410,West Jaintia Hills,Meghalaya,10,6.17,16.39,19.45,33.91,80.32,302.55,1231.44,26.04,1.68,28.1,19.08,1.7,22.56
410,West Jaintia Hills,Meghalaya,11,0.75,4.17,0.63,2.76,17.39,73.71,787.08,23.35,1.64,25.42,14.53,1.86,18.94
410,West Jaintia Hills,Meghalaya,12,0.33,1.88,0.15,0.61,11.48,15.06,383.26,20.13,1.65,22.23,10.63,1.68,15.38
411,Aizawl,Mizoram,1,0.58,2.7,0.81,3.39,12.2,14.62,135.87,22.32,1.87,24.55,9.18,1.67,15.75
411,Aizawl,Mizoram,2,0.88,3.15,2.26,5.16,15.09,20.27,56.53,24.87,2.23,27.71,11.41,2.0,18.14
411,Aizawl,Mizoram,3,3.26,8.28,9.76,17.06,40.36,50.66,85.43,28.38,2.32,31.27,15.21,2.1,21.8
411,Aizawl,Mizoram,4,6.58,11.02,19.72,28.71,53.07,157.2,229.02,29.94,2.22,32.69,18.35,1.58,24.14
411,Aizawl,Mizoram,5,12.73,19.1,39.15,51.84,85.59,288.71,500.38,29.96,1.95,32.27,20.99,1.54,25.48
411,Aizawl,Mizoram,6,15.9,20.05,39.27,51.55,95.16,446.15,898.19,29.86,1.52,31.77,23.35,0.87,26.61
411,Aizawl,Mizoram,7,10.93,13.02,27.33,36.09,62.66,404.28,1146.43,29.59,1.4,31.42,23.88,0.68,26.73
411,Aizawl,Mizoram,8,11.76,12.33,27.67,34.62,57.61,336.35,1185.76,29.75,1.32,31.34,24.02,0.63,26.89
411,Aizawl,Mizoram,9,13.21,15.7,32.29,44.7,71.07,380.8,1113.87,29.54,1.57,31.48,23.17,0.86,26.35
411,Aizawl,Mizoram,10,7.29,15.44,22.68,37.49,69.81,321.64,1040.19,28.69,1.7,30.77,20.69,1.67,24.69
411,Aizawl,Mizoram,11,1.43,5.28,3.34,7.47,28.17,106.39,807.93,26.21,1.62,28.21,15.92,2.15,21.07
411,Aizawl,Mizoram,12,0.48,2.03,1.09,3.26,7.37,22.96,443.09,23.29,1.6,25.37,11.23,1.9,17.26
412,Badgam,Jammu And Kashmir,1,2.1,5.93,6.49,13.4,29.67,57.66,136.43,12.57,2.15,15.47,4.67,1.92,8.62
412,Badgam,Jammu And Kashmir,2,2.57,6.64,8.01,14.66,34.43,70.91,171.96,14.1,2.71,17.58,7.2,2.16,10.65
412,Badgam,Jammu And Kashmir,3,3.77,8.34,11.82,19.47,42.17,96.3,224.64,19.06,3.55,23.71,11.15,2.49,15.1
412,Badgam,Jammu And Kashmir,4,3.34,7.41,10.46,18.81,37.8,108.23,276.03,25.03,3.56,29.67,15.24,2.47,20.14
412,Badgam,Jammu And Kashmir,5,1.88,4.76,5.73,9.65,25.0,79.94,285.45,29.58,3.15,33.36,19.09,2.29,24.33
412,Badgam,Jammu And Kashmir,6,2.45,7.41,6.1,14.64,38.67,56.97,244.03,32.26,2.49,35.26,22.0,1.92,27.13
412,Badgam,Jammu And Kashmir,7,3.46,10.12,9.41,20.88,46.55,85.47,221.29,31.91,2.03,34.42,23.48,1.35,27.7
412,Badgam,Jammu And Kashmir,8,3.31,8.77,10.81,17.63,44.14,112.04,256.69,31.18,1.68,33.05,23.07,1.28,27.12
412,Badgam,Jammu And Kashmir,9,2.1,7.04,5.39,10.89,35.33,82.41,281.74,29.6,1.89,31.73,19.89,1.86,24.75
412,Badgam,Jammu And Kashmir,10,1.16,4.62,1.97,7.79,21.34,45.26,238.62,25.44,2.31,28.44,14.79,2.17,20.11
412,Badgam,Jammu And Kashmir,11,1.24,4.85,2.39,6.42,25.0,34.94,160.89,20.53,2.31,23.45,9.86,1.89,15.19
412,Badgam,Jammu And Kashmir,12,1.8,6.58,3.69,9.27,39.52,44.11,123.62,15.51,2.41,18.52,6.1,1.75,10.8
413,Bandipura,Jammu And Kashmir,1,1.06,2.36,3.29,5.63,12.61,29.07,64.77,8.32,2.13,11.06,1.11,1.88,4.72
413,Bandipura,Jammu And Kashmir,2,1.96,3.92,5.96,9.11,19.06,43.51,90.0,10.34,2.8,13.98,3.19,2.17,6.76
413,Bandipura,Jammu And Kashmir,3,2.52,5.08,7.47,13.26,24.13,68.46,140.47,15.38,3.56,19.98,7.18,2.61,11.28
413,Bandipura,Jammu And Kashmir,4,1.65,3.25,4.97,8.39,16.59,64.89,177.31,20.8,3.43,25.28,11.59,2.44,16.2
413,Bandipura,Jammu And Kashmir,5,1.68,3.65,5.58,8.4,17.43,50.14,183.64,25.33,3.03,29.02,15.23,2.11,20.28
413,Bandipura,Jammu And Kashmir,6,1.38,3.28,4.24,7.59,15.47,45.65,159.83,28.67,2.41,31.62,17.76,1.81,23.22
413,Bandipura,Jammu And Kashmir,7,0.85,1.73,2.9,4.2,7.07,30.58,126.09,28.66,1.98,31.1,20.12,1.37,24.39
413,Bandipura,Jammu And Kashmir,8,1.25,2.76,4.18,6.28,13.57,34.19,109.51,28.08,1.66,29.92,19.72,1.28,23.9
413,Bandipura,Jammu And Kashmir,9,2.62,8.0,7.32,14.32,33.31,64.05,128.36,26.32,1.86,28.4,16.42,1.85,21.37
413,Bandipura,Jammu And Kashmir,10,0.72,2.27,1.8,4.58,11.73,42.48,141.49,22.07,2.17,24.72,10.4,2.29,16.23
413,Bandipura,Jammu And Kashmir,11,0.53,1.73,1.33,3.47,10.73,18.28,124.99,16.3,2.48,19.55,5.7,1.64,11.0
413,Bandipura,Jammu And Kashmir,12,0.8,2.61,2.21,4.4,11.38,18.07,76.97,10.76,2.35,13.71,2.62,1.65,6.69
414,Ganderbal,Jammu And Kashmir,1,1.16,2.47,3.7,5.6,12.77,32.19,72.76,7.51,2.09,10.25,0.38,1.85,3.94
414,Ganderbal,Jammu And Kashmir,2,1.93,3.7,6.08,8.38,18.76,44.96,97.16,9.37,2.72,12.84,2.55,2.16,5.96
414,Ganderbal,Jammu And Kashmir,3,2.75,5.44,8.48,13.15,26.5,71.19,147.83,14.31,3.49,18.85,6.58,2.58,10.45
414,Ganderbal,Jammu And Kashmir,4,1.76,3.31,5.53,8.22,16.64,70.22,186.9,19.77,3.4,24.19,11.07,2.49,15.42
414,Ganderbal,Jammu And Kashmir,5,1.4,2.84,4.52,7.09,13.02,47.06,188.77,24.3,3.04,27.96,14.66,2.18,19.48
414,Ganderbal,Jammu And Kashmir,6,1.84,4.37,5.85,10.11,21.11,47.9,164.01,27.48,2.4,30.44,17.35,1.8,22.41
414,Ganderbal,Jammu And Kashmir,7,1.88,3.83,6.1,8.58,17.42,53.25,148.0,27.37,1.93,29.75,19.29,1.32,23.33
414,Ganderbal,Jammu And Kashmir,8,1.74,3.62,5.77,8.92,18.06,58.4,160.29,26.71,1.6,28.49,18.87,1.23,22.79
414,Ganderbal,Jammu And Kashmir,9,3.3,10.23,9.25,16.98,39.49,82.3,194.09,25.05,1.79,27.04,15.68,1.81,20.36
414,Ganderbal,Jammu And Kashmir,10,0.85,2.68,2.6,5.35,14.79,53.44,194.41,20.97,2.16,23.61,9.89,2.21,15.43
414,Ganderbal,Jammu And Kashmir,11,0.6,1.91,1.75,3.77,11.06,20.74,156.52,15.46,2.34,18.45,5.17,1.7,10.31
414,Ganderbal,Jammu And Kashmir,12,0.9,2.67,2.67,5.26,12.66,20.5,92.31,10.13,2.34,13.08,1.88,1.64,6.01
415,Kulgam,Jammu And Kashmir,1,2.63,6.49,8.02,14.19,33.12,69.55,155.1,10.17,2.11,13.0,2.63,1.89,6.4
415,Kulgam,Jammu And Kashmir,2,3.09,6.92,9.2,15.21,38.55,86.84,202.64,11.8,2.69,15.28,5.11,2.21,8.45
415,Kulgam,Jammu And Kashmir,3,4.88,9.36,14.54,22.13,43.25,120.46,276.35,16.68,3.51,21.29,9.29,2.59,12.98
415,Kulgam,Jammu And Kashmir,4,3.74,7.9,10.96,17.57,36.41,132.21,340.3,22.58,3.55,27.18,13.42,2.52,18.0
415,Kulgam,Jammu And Kashmir,5,2.75,5.49,8.58,12.44,28.64,101.15,355.02,27.2,3.09,30.86,17.25,2.3,22.23
415,Kulgam,Jammu And Kashmir,6,2.54,6.48,7.0,14.03,32.05,70.88,302.68,29.78,2.4,32.68,20.14,1.88,24.96
415,Kulgam,Jammu And Kashmir,7,4.48,9.73,13.55,21.23,50.09,102.16,273.15,29.28,1.93,31.67,21.66,1.3,25.47
415,Kulgam,Jammu And Kashmir,8,4.07,8.81,12.43,19.89,41.67,136.77,311.97,28.55,1.59,30.33,21.19,1.24,24.87
415,Kulgam,Jammu And Kashmir,9,3.45,8.81,9.46,17.41,47.19,119.57,361.32,26.98,1.84,29.1,18.06,1.8,22.52
415,Kulgam,Jammu And Kashmir,10,1.5,4.77,3.72,8.85,25.38,66.21,321.39,22.91,2.26,25.84,12.93,2.24,17.92
415,Kulgam,Jammu And Kashmir,11,1.24,4.3,2.91,7.62,18.67,39.55,223.43,18.11,2.32,21.03,7.84,1.91,12.97
415,Kulgam,Jammu And Kashmir,12,2.05,6.58,4.9,10.27,36.43,47.12,151.16,13.07,2.39,16.1,4.18,1.74,8.62
416,Kupwara,Jammu And Kashmir,1,1.2,2.56,3.94,6.35,12.58,35.52,77.31,11.61,2.24,14.49,2.85,1.96,7.23
416,Kupwara,Jammu And Kashmir,2,2.18,3.92,7.08,10.15,20.21,48.93,108.51,13.32,2.83,17.06,5.28,2.15,9.3
416,Kupwara,Jammu And Kashmir,3,2.59,4.51,8.03,13.46,20.28,72.68,156.65,18.14,3.55,22.72,9.46,2.55,13.8
416,Kupwara,Jammu And Kashmir,4,1.75,3.26,5.37,8.7,14.97,67.46,189.45,24.13,3.71,29.05,13.4,2.27,18.76
416,Kupwara,Jammu And Kashmir,5,1.86,3.78,5.99,9.49,18.32,54.64,194.83,29.5,3.35,33.53,16.49,2.12,23.0
416,Kupwara,Jammu And Kashmir,6,1.47,3.5,4.67,8.36,18.09,49.15,170.45,32.28,2.57,35.39,19.51,2.0,25.9
416,Kupwara,Jammu And Kashmir,7,1.83,4.58,6.11,10.01,21.66,44.27,147.81,31.46,2.15,34.05,21.7,1.41,26.58
416,Kupwara,Jammu And Kashmir,8,1.82,4.89,5.75,10.25,22.64,62.12,155.43,30.8,1.79,32.66,21.23,1.38,26.01
416,Kupwara,Jammu And Kashmir,9,2.65,7.8,7.21,15.32,44.15,69.72,176.85,29.44,2.0,31.59,17.79,1.94,23.61
416,Kupwara,Jammu And Kashmir,10,0.6,1.83,1.58,3.86,9.95,42.09,174.06,25.54,2.34,28.39,12.23,2.27,18.89
416,Kupwara,Jammu And Kashmir,11,0.6,1.7,2.03,4.39,8.43,17.93,129.37,20.05,2.53,23.18,7.59,1.78,13.82
416,Kupwara,Jammu And Kashmir,12,1.13,3.44,3.43,6.31,15.56,24.34,82.43,14.5,2.5,17.6,4.16,1.76,9.33
417,Pulwama,Jammu And Kashmir,1,1.39,3.13,4.53,7.7,16.24,35.46,73.65,11.58,2.25,14.54,2.1,1.99,6.84
417,Pulwama,Jammu And Kashmir,2,1.86,3.72,5.95,9.04,17.02,47.79,103.3,13.05,2.81,16.67,4.69,2.22,8.87
417,Pulwama,Jammu And Kashmir,3,3.06,6.26,9.5,14.83,29.01,74.42,157.05,18.1,3.69,22.92,8.56,2.49,13.33
417,Pulwama,Jammu And Kashmir,4,1.79,3.28,5.72,8.75,14.87,75.42,198.24,23.91,3.6,28.59,12.81,2.46,18.36
417,Pulwama,Jammu And Kashmir,5,1.79,3.74,5.97,9.29,17.69,55.26,205.62,28.41,3.18,32.22,16.49,2.17,22.45
417,Pulwama,Jammu And Kashmir,6,1.41,3.13,4.92,7.34,16.34,44.92,174.4,31.1,2.46,34.1,19.52,1.93,25.31
417,Pulwama,Jammu And Kashmir,7,2.25,4.79,7.73,11.89,22.06,52.78,152.73,30.28,1.98,32.72,21.96,1.35,26.12
417,Pulwama,Jammu And Kashmir,8,2.32,4.94,7.29,12.19,22.54,74.5,172.72,29.56,1.62,31.36,21.58,1.29,25.57
417,Pulwama,Jammu And Kashmir,9,2.99,9.37,9.11,17.7,36.99,84.27,212.97,28.24,1.84,30.25,17.9,1.98,23.07
417,Pulwama,Jammu And Kashmir,10,0.69,2.18,2.22,4.73,11.33,46.7,205.56,24.47,2.25,27.25,12.02,2.32,18.25
417,Pulwama,Jammu And Kashmir,11,0.58,1.89,1.79,3.91,10.46,18.49,148.7,19.58,2.38,22.53,7.02,1.85,13.3
417,Pulwama,Jammu And Kashmir,12,0.88,2.46,2.64,5.54,11.69,20.02,83.04,14.48,2.53,17.67,3.55,1.79,9.01
418,Rajauri,Jammu And Kashmir,1,2.15,6.35,5.75,11.54,31.87,55.63,116.81,14.66,2.36,17.67,4.19,2.04,9.42
418,Rajauri,Jammu And Kashmir,2,1.87,4.63,5.21,11.11,25.33,61.96,151.0,16.64,2.98,20.53,6.28,2.23,11.46
418,Rajauri,Jammu And Kashmir,3,2.67,6.03,8.16,14.38,30.54,67.3,185.0,21.54,3.67,26.33,10.37,2.54,15.95
418,Rajauri,Jammu And Kashmir,4,2.25,5.13,6.87,11.84,25.01,74.18,203.57,27.25,3.63,31.94,14.95,2.53,21.1
418,Rajauri,Jammu And Kashmir,5,3.06,7.47,9.26,16.57,36.6,86.35,228.47,32.03,3.38,36.09,19.03,2.31,25.53
418,Rajauri,Jammu And Kashmir,6,3.16,8.27,9.31,18.12,40.2,79.65,240.38,33.84,2.6,37.04,22.55,2.2,28.19
418,Rajauri,Jammu And Kashmir,7,9.85,19.36,29.96,46.46,107.13,198.57,365.83,31.47,2.01,33.91,24.56,1.35,28.02
418,Rajauri,Jammu And Kashmir,8,8.65,17.0,26.47,43.93,79.38,291.96,577.83,30.65,1.55,32.4,24.15,1.25,27.4
418,Rajauri,Jammu And Kashmir,9,6.34,16.48,17.41,36.91,91.14,239.15,739.23,29.89,1.86,31.94,20.86,2.04,25.38
418,Rajauri,Jammu And Kashmir,10,1.23,4.48,2.58,6.39,21.75,93.2,620.87,26.9,2.47,29.96,15.2,2.42,21.05
418,Rajauri,Jammu And Kashmir,11,0.9,3.29,2.02,5.17,16.74,28.48,355.42,21.87,2.41,24.93,10.16,2.08,16.01
418,Rajauri,Jammu And Kashmir,12,1.56,5.45,3.25,8.45,29.37,34.84,151.93,17.03,2.45,19.99,6.14,1.9,11.58
419,Ramban,Jammu And Kashmir,1,3.24,7.18,10.63,18.55,32.86,83.59,144.54,12.34,2.27,15.36,2.52,2.02,7.43
419,Ramban,Jammu And Kashmir,2,2.85,5.38,9.81,14.28,24.52,91.49,211.91,13.9,2.82,17.6,5.23,2.22,9.57
419,Ramban,Jammu And Kashmir,3,4.6,8.86,14.18,23.36,41.47,113.81,288.5,19.26,3.69,24.13,9.05,2.43,14.16
419,Ramban,Jammu And Kashmir,4,2.08,4.01,5.9,10.66,20.04,101.68,307.67,25.51,3.63,30.23,12.99,2.4,19.25
419,Ramban,Jammu And Kashmir,5,2.55,5.24,7.28,12.53,27.22,74.95,291.01,29.81,3.19,33.55,17.17,2.27,23.49
419,Ramban,Jammu And Kashmir,6,1.87,4.29,6.26,9.86,20.6,59.06,233.62,31.86,2.51,34.84,20.53,2.04,26.19
419,Ramban,Jammu And Kashmir,7,5.22,10.91,15.59,25.56,55.82,103.28,237.4,30.38,1.98,32.78,22.5,1.32,26.44
419,Ramban,Jammu And Kashmir,8,4.8,10.79,13.99,20.05,50.77,163.0,328.26,29.68,1.58,31.45,21.96,1.25,25.82
419,Ramban,Jammu And Kashmir,9,3.72,12.27,8.72,16.76,65.75,132.62,403.86,28.67,1.83,30.69,18.58,1.91,23.63
419,Ramban,Jammu And Kashmir,10,1.06,3.27,3.41,6.35,16.78,59.93,354.12,25.31,2.28,28.15,13.18,2.38,19.24
419,Ramban,Jammu And Kashmir,11,0.67,2.04,2.22,4.66,11.11,24.63,214.43,20.89,2.32,23.72,7.37,2.09,14.13
419,Ramban,Jammu And Kashmir,12,2.14,6.01,6.72,13.33,30.39,38.12,120.11,15.75,2.66,19.09,3.47,1.82,9.61
420,Riasi,Jammu And Kashmir,1,2.73,7.61,7.46,13.24,41.12,72.08,144.14,14.61,2.32,17.7,4.31,2.02,9.46
420,Riasi,Jammu And Kashmir,2,2.82,6.62,8.6,14.73,32.76,84.66,196.79,16.4,2.92,20.24,6.64,2.22,11.52
420,Riasi,Jammu And Kashmir,3,3.79,8.4,11.15,19.51,47.03,98.64,255.3,21.43,3.65,26.17,10.68,2.51,16.06
420,Riasi,Jammu And Kashmir,4,3.24,7.06,9.29,17.73,32.75,106.59,290.16,27.15,3.57,31.75,15.15,2.52,21.15
420,Riasi,Jammu And Kashmir,5,3.47,8.44,10.28,17.17,43.24,108.51,314.55,31.54,3.26,35.46,19.44,2.31,25.49
420,Riasi,Jammu And Kashmir,6,2.92,7.22,8.53,15.2,37.33,82.29,297.19,33.57,2.54,36.63,22.78,2.11,28.18
420,Riasi,Jammu And Kashmir,7,9.92,19.94,30.8,44.2,104.96,193.68,384.67,31.79,1.99,34.21,24.75,1.35,28.27
420,Riasi,Jammu And Kashmir,8,8.74,16.97,24.06,40.68,90.13,298.64,581.74,31.04,1.58,32.81,24.34,1.26,27.69
420,Riasi,Jammu And Kashmir,9,5.76,15.04,15.53,33.05,78.17,224.57,727.01,30.05,1.87,32.09,21.03,2.02,25.54
420,Riasi,Jammu And Kashmir,10,1.39,4.93,3.35,7.8,27.19,89.59,609.29,26.83,2.4,29.86,15.44,2.45,21.14
420,Riasi,Jammu And Kashmir,11,1.01,3.34,2.82,6.75,15.82,33.17,341.7,22.21,2.34,25.12,9.97,2.16,16.09
420,Riasi,Jammu And Kashmir,12,2.0,6.78,4.79,9.51,37.46,41.42,160.25,17.44,2.53,20.56,5.86,1.9,11.65
421,Shupiyan,Jammu And Kashmir,1,2.1,5.99,6.04,13.61,30.76,56.68,119.69,13.51,2.19,16.45,4.81,1.94,9.16
421,Shupiyan,Jammu And Kashmir,2,2.18,5.42,6.98,12.19,28.93,64.49,158.78,15.08,2.74,18.64,7.35,2.17,11.22
421,Shupiyan,Jammu And Kashmir,3,3.41,7.57,10.29,17.73,35.86,84.89,205.98,20.1,3.63,24.86,11.32,2.52,15.71
421,Shupiyan,Jammu And Kashmir,4,2.73,6.35,8.07,13.12,32.21,93.39,243.34,26.07,3.64,30.82,15.64,2.55,20.86
421,Shupiyan,Jammu And Kashmir,5,1.72,4.21,5.76,9.2,21.06,69.63,248.79,30.54,3.16,34.29,19.5,2.28,25.02
421,Shupiyan,Jammu And Kashmir,6,1.9,5.93,4.88,11.69,31.62,46.77,208.68,33.04,2.47,36.06,22.3,1.88,27.67
421,Shupiyan,Jammu And Kashmir,7,3.92,10.88,10.7,22.12,54.77,84.27,199.87,32.41,2.0,34.9,23.91,1.31,28.16
421,Shupiyan,Jammu And Kashmir,8,3.21,8.79,9.87,16.46,44.63,116.23,249.99,31.69,1.63,33.52,23.48,1.25,27.59
421,Shupiyan,Jammu And Kashmir,9,2.52,7.95,6.19,13.08,45.34,89.53,292.84,30.34,1.84,32.42,20.23,1.83,25.29
421,Shupiyan,Jammu And Kashmir,10,0.86,3.45,1.48,4.76,17.14,45.1,249.45,26.36,2.29,29.28,15.07,2.21,20.72
421,Shupiyan,Jammu And Kashmir,11,0.93,3.55,1.52,5.77,17.38,25.16,158.11,21.57,2.36,24.51,10.01,1.94,15.79
421,Shupiyan,Jammu And Kashmir,12,1.68,6.1,3.69,9.41,35.55,37.98,106.91,16.5,2.5,19.63,6.31,1.8,11.4
422,Srinagar,Jammu And Kashmir,1,1.48,3.01,4.92,8.4,13.63,39.11,90.25,17.26,2.2,20.14,8.78,1.95,13.02
422,Srinagar,Jammu And Kashmir,2,2.36,4.33,7.12,11.5,20.45,56.74,122.54,18.74,2.74,22.27,11.35,2.17,15.04
422,Srinagar,Jammu And Kashmir,3,3.26,5.66,10.17,15.44,24.37,85.66,180.97,23.72,3.55,28.4,15.33,2.46,19.53
422,Srinagar,Jammu And Kashmir,4,2.33,4.07,6.84,10.74,19.26,85.73,228.7,29.62,3.49,34.18,19.64,2.43,24.63
422,Srinagar,Jammu And Kashmir,5,1.94,3.94,6.24,9.24,19.42,65.44,237.31,34.06,3.11,37.81,23.5,2.25,28.78
422,Srinagar,Jammu And Kashmir,6,1.51,4.32,4.24,7.46,21.58,48.07,198.14,36.83,2.52,39.89,26.63,1.97,31.73
422,Srinagar,Jammu And Kashmir,7,2.15,5.83,6.16,10.65,23.13,52.39,165.22,36.55,2.04,38.99,28.27,1.38,32.41
422,Srinagar,Jammu And Kashmir,8,1.9,4.2,6.04,9.73,20.76,67.0,167.66,35.86,1.7,37.73,27.84,1.31,31.85
422,Srinagar,Jammu And Kashmir,9,1.4,4.05,4.5,7.62,19.84,50.71,171.2,34.19,1.92,36.34,24.76,1.89,29.47
422,Srinagar,Jammu And Kashmir,10,0.85,2.6,2.7,5.75,12.65,30.01,146.97,30.25,2.22,33.05,19.16,2.37,24.71
422,Srinagar,Jammu And Kashmir,11,0.81,2.67,2.56,5.63,11.41,24.04,103.92,25.41,2.29,28.23,13.86,1.89,19.64
422,Srinagar,Jammu And Kashmir,12,1.12,3.17,3.52,5.98,16.55,27.55,81.16,20.3,2.49,23.42,10.12,1.75,15.21
423,Leh,Ladakh,1,0.71,1.38,2.33,3.4,6.52,19.15,40.78,6.8,2.0,9.36,-1.28,1.7,2.76
423,Leh,Ladakh,2,0.9,1.49,2.67,3.9,6.99,23.21,53.76,8.51,2.55,11.87,0.61,1.95,4.56
423,Leh,Ladakh,3,1.26,2.18,3.95,6.05,11.3,32.72,74.78,13.18,3.25,17.43,4.01,2.27,8.6
423,Leh,Ladakh,4,0.94,1.59,2.75,4.29,7.54,34.73,90.86,17.97,3.01,21.86,7.76,2.07,12.87
423,Leh,Ladakh,5,0.82,1.47,2.59,3.84,7.07,26.52,94.16,21.63,2.57,24.74,11.24,1.82,16.43
423,Leh,Ladakh,6,0.87,1.53,2.46,3.92,7.59,25.17,86.03,24.58,2.12,27.19,13.71,1.45,19.14
423,Leh,Ladakh,7,1.01,1.65,2.64,4.02,8.02,25.71,77.23,25.66,1.75,27.79,15.61,1.19,20.63
423,Leh,Ladakh,8,0.74,1.17,1.91,2.77,5.28,28.96,80.08,25.14,1.54,26.88,15.63,1.14,20.38
423,Leh,Ladakh,9,0.74,1.62,2.0,3.38,8.24,22.38,77.17,23.02,1.71,25.03,12.49,1.62,17.75
423,Leh,Ladakh,10,0.41,1.11,1.13,2.52,5.93,15.82,66.83,18.35,1.95,20.87,7.36,1.74,12.86
423,Leh,Ladakh,11,0.29,0.87,0.64,1.75,5.38,9.99,48.0,13.54,2.04,16.08,3.08,1.43,8.31
423,Leh,Ladakh,12,0.51,1.4,1.42,2.84,7.36,11.3,36.78,9.09,2.11,11.73,0.25,1.52,4.67
424,Kargil,Ladakh,1,1.14,2.98,3.24,6.56,14.68,29.84,59.63,7.64,2.16,10.49,-0.47,1.87,3.59
424,Kargil,Ladakh,2,1.61,3.64,5.01,8.87,19.61,39.0,84.45,9.57,2.81,13.22,1.85,2.17,5.71
424,Kargil,Ladakh,3,2.29,4.96,7.26,13.11,26.01,58.59,126.86,14.77,3.56,19.41,5.56,2.55,10.16
424,Kargil,Ladakh,4,1.31,2.82,4.18,6.97,12.7,57.51,155.5,20.22,3.31,24.45,9.75,2.37,14.99
424,Kargil,Ladakh,5,1.13,2.58,3.69,6.37,11.91,37.11,153.38,24.15,2.81,27.49,13.48,2.05,18.82
424,Kargil,Ladakh,6,1.39,3.32,4.3,8.27,16.27,36.6,130.15,27.39,2.3,30.26,16.03,1.52,21.71
424,Kargil,Ladakh,7,1.46,2.85,4.39,7.09,12.62,39.58,113.17,28.49,1.93,30.8,17.79,1.23,23.14
424,Kargil,Ladakh,8,0.88,1.78,2.49,3.54,7.99,39.09,115.79,28.08,1.68,29.98,17.35,1.25,22.72
424,Kargil,Ladakh,9,0.85,2.34,2.25,4.09,9.68,26.13,104.69,26.09,1.83,28.22,13.87,1.72,19.98
424,Kargil,Ladakh,10,0.63,2.19,1.19,4.16,11.2,20.72,85.26,21.14,2.09,23.82,8.68,1.89,14.91
424,Kargil,Ladakh,11,0.37,1.48,0.48,2.11,9.61,13.81,60.52,15.65,2.21,18.42,3.86,1.63,9.76
424,Kargil,Ladakh,12,0.71,2.44,1.63,3.53,14.4,15.19,49.45,10.45,2.41,13.5,0.72,1.62,5.58
425,Kishtwar,Jammu And Kashmir,1,1.23,2.61,4.07,6.53,13.42,30.12,60.57,7.06,2.11,9.88,-0.24,1.84,3.41
425,Kishtwar,Jammu And Kashmir,2,1.6,3.01,4.8,8.06,15.1,41.22,86.3,9.13,2.77,12.7,1.97,2.18,5.55
425,Kishtwar,Jammu And Kashmir,3,2.37,4.75,7.34,11.72,22.53,61.1,131.84,14.35,3.53,18.9,5.78,2.6,10.06
425,Kishtwar,Jammu And Kashmir,4,1.2,2.35,3.55,5.83,11.99,54.68,157.44,19.95,3.42,24.33,9.94,2.43,14.94
425,Kishtwar,Jammu And Kashmir,5,1.19,2.82,3.58,5.91,10.82,37.57,153.57,24.55,3.05,28.22,13.25,2.08,18.9
425,Kishtwar,Jammu And Kashmir,6,1.48,2.94,4.76,7.55,14.42,37.57,128.73,27.52,2.36,30.42,15.93,1.79,21.73
425,Kishtwar,Jammu And Kashmir,7,2.86,5.09,8.42,11.98,26.48,61.35,136.6,27.29,1.9,29.64,18.2,1.27,22.74
425,Kishtwar,Jammu And Kashmir,8,3.23,6.68,8.97,13.42,28.79,102.88,203.83,26.75,1.6,28.52,17.79,1.26,22.27
425,Kishtwar,Jammu And Kashmir,9,3.84,12.09,9.58,16.66,60.66,108.95,275.65,25.32,1.77,27.3,13.99,1.91,19.66
425,Kishtwar,Jammu And Kashmir,10,0.68,2.08,1.65,4.12,10.61,57.12,269.14,21.09,2.27,23.96,8.39,2.0,14.74
425,Kishtwar,Jammu And Kashmir,11,0.42,1.41,0.93,2.42,8.21,15.47,180.39,15.24,2.41,18.26,4.15,1.61,9.7
425,Kishtwar,Jammu And Kashmir,12,0.7,2.0,2.03,3.96,10.8,15.23,84.76,9.76,2.37,12.79,1.08,1.65,5.42
426,Doda,Jammu And Kashmir,1,1.84,4.34,5.53,9.91,20.05,49.53,92.75,14.12,2.21,17.05,4.94,1.91,9.53
426,Doda,Jammu And Kashmir,2,1.89,3.7,5.8,9.22,16.21,55.77,130.82,15.99,2.78,19.61,7.41,2.18,11.7
426,Doda,Jammu And Kashmir,3,2.36,4.54,7.11,12.59,20.99,64.28,169.49,21.05,3.49,25.64,11.35,2.47,16.2
426,Doda,Jammu And Kashmir,4,1.62,3.34,5.05,8.27,17.77,60.18,180.37,27.25,3.58,31.95,15.34,2.28,21.3
426,Doda,Jammu And Kashmir,5,1.38,3.06,4.63,6.49,15.37,48.35,173.0,31.99,3.1,35.64,19.03,2.15,25.51
426,Doda,Jammu And Kashmir,6,1.77,4.33,5.27,8.18,19.79,40.72,148.51,33.94,2.44,36.88,22.37,2.0,28.16
426,Doda,Jammu And Kashmir,7,5.44,10.9,14.58,26.69,52.86,104.84,194.04,32.57,1.97,34.99,24.45,1.31,28.51
426,Doda,Jammu And Kashmir,8,5.16,9.6,14.34,23.23,44.44,177.47,327.76,31.92,1.61,33.7,23.95,1.27,27.94
426,Doda,Jammu And Kashmir,9,3.64,10.52,9.17,16.75,57.02,133.51,421.37,30.72,1.84,32.78,20.62,1.9,25.67
426,Doda,Jammu And Kashmir,10,0.85,2.78,2.54,5.38,13.78,55.45,364.97,27.37,2.18,30.11,15.17,2.31,21.27
426,Doda,Jammu And Kashmir,11,0.48,1.41,1.61,3.48,7.23,18.51,204.28,22.7,2.31,25.51,9.82,1.92,16.26
426,Doda,Jammu And Kashmir,12,1.4,4.08,3.87,8.41,21.4,26.11,97.4,17.32,2.58,20.58,6.03,1.71,11.68
427,Samba,Jammu And Kashmir,1,1.73,4.43,5.1,10.04,23.49,42.0,67.89,17.83,2.32,20.85,5.41,2.02,11.62
427,Samba,Jammu And Kashmir,2,1.7,3.7,5.94,8.99,16.67,53.2,111.46,19.97,2.91,23.73,7.51,2.23,13.74
427,Samba,Jammu And Kashmir,3,2.01,4.34,6.43,11.44,22.17,56.27,151.16,25.0,3.68,29.67,11.36,2.5,18.18
427,Samba,Jammu And Kashmir,4,1.06,2.62,3.16,6.06,12.92,46.51,155.91,30.96,3.67,35.74,16.02,2.5,23.49
427,Samba,Jammu And Kashmir,5,0.82,2.2,2.74,4.61,11.14,28.66,131.28,35.65,3.34,39.66,20.23,2.22,27.94
427,Samba,Jammu And Kashmir,6,2.42,5.48,7.46,12.65,29.65,39.7,113.82,36.79,2.69,40.23,23.87,2.15,30.33
427,Samba,Jammu And Kashmir,7,10.26,15.84,27.5,40.88,66.72,187.17,256.58,33.22,2.1,35.8,25.8,1.25,29.51
427,Samba,Jammu And Kashmir,8,10.03,15.02,29.72,41.52,66.21,336.4,574.17,32.21,1.49,33.9,25.52,1.13,28.87
427,Samba,Jammu And Kashmir,9,6.0,18.28,17.11,28.59,79.57,246.44,781.98,31.82,1.74,33.76,22.54,2.04,27.18
427,Samba,Jammu And Kashmir,10,0.53,1.93,1.03,3.47,9.41,73.05,652.73,29.86,2.25,32.63,16.31,2.56,23.08
427,Samba,Jammu And Kashmir,11,0.24,0.89,0.49,1.72,4.44,9.78,321.86,24.94,2.3,27.73,11.13,2.05,18.03
427,Samba,Jammu And Kashmir,12,1.06,3.14,3.4,6.47,16.81,17.42,95.23,20.04,2.41,22.93,7.06,1.9,13.55
428,Imphal East,Manipur,1,0.34,2.15,0.08,0.49,10.62,6.99,71.77,17.67,1.55,19.55,8.13,1.28,12.9
428,Imphal East,Manipur,2,1.06,4.93,0.68,8.22,20.15,19.3,34.82,19.55,1.87,21.89,9.98,1.53,14.77
428,Imphal East,Manipur,3,1.67,5.72,4.63,12.55,26.87,36.09,62.19,22.19,1.91,24.65,12.74,1.52,17.46
428,Imphal East,Manipur,4,2.79,6.61,10.22,16.0,31.87,71.16,126.89,23.5,1.85,25.76,14.92,1.21,19.21
428,Imphal East,Manipur,5,5.24,11.3,17.75,27.56,57.9,124.35,232.75,23.82,1.69,25.85,17.06,1.27,20.44
428,Imphal East,Manipur,6,8.2,16.15,25.39,39.39,66.04,195.33,393.24,23.83,1.31,25.48,19.11,0.78,21.47
428,Imphal East,Manipur,7,6.37,11.78,17.94,28.89,53.03,228.36,552.14,23.6,1.19,25.16,19.57,0.59,21.59
428,Imphal East,Manipur,8,6.14,11.27,18.21,29.55,55.99,186.35,612.98,23.8,1.14,25.2,19.66,0.57,21.73
428,Imphal East,Manipur,9,5.18,11.35,17.4,25.15,56.06,170.15,581.75,23.71,1.34,25.41,18.91,0.72,21.31
428,Imphal East,Manipur,10,3.88,10.98,11.88,26.95,55.81,142.07,497.9,23.1,1.43,24.81,16.78,1.4,19.94
428,Imphal East,Manipur,11,0.73,3.54,0.15,3.85,18.36,60.34,371.12,20.99,1.39,22.68,12.86,1.61,16.92
428,Imphal East,Manipur,12,0.09,0.66,0.0,0.06,2.65,9.08,209.06,18.46,1.34,20.21,9.54,1.44,14.0
429,Jiribam,Manipur,1,0.44,2.88,0.0,0.28,16.18,13.32,137.14,25.29,1.97,27.69,12.25,1.63,18.77
429,Jiribam,Manipur,2,1.38,7.03,0.57,9.06,28.79,25.65,57.53,27.8,2.34,30.72,14.34,1.98,21.07
429,Jiribam,Manipur,3,5.33,17.87,15.75,37.33,81.81,81.99,120.77,31.08,2.39,34.11,18.19,2.11,24.63
429,Jiribam,Manipur,4,11.27,28.69,36.41,57.42,134.76,272.62,381.81,32.29,2.24,35.07,21.65,1.55,26.97
429,Jiribam,Manipur,5,14.73,32.61,49.26,72.2,144.14,388.61,749.59,32.56,2.0,34.94,24.33,1.51,28.44
429,Jiribam,Manipur,6,17.46,30.98,52.17,82.58,135.58,470.18,1138.6,32.86,1.61,34.87,26.5,0.86,29.68
429,Jiribam,Manipur,7,11.8,22.01,34.42,51.23,94.42,463.27,1327.12,32.67,1.53,34.67,26.96,0.7,29.81
429,Jiribam,Manipur,8,12.62,27.78,39.11,66.58,137.85,357.27,1289.87,32.78,1.43,34.57,27.14,0.66,29.96
429,Jiribam,Manipur,9,12.3,33.07,36.88,62.8,142.04,382.99,1195.17,32.51,1.66,34.67,26.32,0.88,29.42
429,Jiribam,Manipur,10,7.34,23.61,21.49,51.89,114.63,306.7,1047.91,31.78,1.76,33.87,23.59,1.8,27.69
429,Jiribam,Manipur,11,1.47,7.99,0.06,5.51,40.46,112.11,799.17,29.4,1.68,31.44,18.6,2.09,24.0
429,Jiribam,Manipur,12,0.42,3.51,0.0,0.19,13.62,19.3,430.72,26.34,1.67,28.51,14.18,1.81,20.26
430,Nivari,Madhya Pradesh,1,0.43,2.61,0.13,1.44,12.81,11.78,24.72,21.97,2.75,25.49,9.16,2.45,15.57
430,Nivari,Madhya Pradesh,2,0.51,2.99,0.11,1.3,13.38,12.63,29.55,25.88,3.13,30.0,12.01,2.69,18.94
430,Nivari,Madhya Pradesh,3,0.33,2.28,0.07,0.58,7.56,13.59,37.8,32.23,3.28,36.29,16.98,2.72,24.61
430,Nivari,Madhya Pradesh,4,0.08,1.04,0.0,0.05,1.52,5.55,31.73,38.05,2.78,41.34,22.49,2.56,30.27
430,Nivari,Madhya Pradesh,5,0.22,1.13,0.25,0.87,5.56,3.63,22.46,41.15,2.15,43.75,27.22,2.15,34.19
430,Nivari,Madhya Pradesh,6,3.22,10.09,8.55,18.7,50.67,32.37,41.38,38.72,3.56,43.11,28.7,1.99,33.71
430,Nivari,Madhya Pradesh,7,9.59,16.98,30.56,47.23,81.92,206.17,244.75,32.81,2.77,36.81,26.55,1.5,29.68
430,Nivari,Madhya Pradesh,8,9.12,16.67,27.3,44.6,81.63,307.77,557.94,31.12,1.69,33.26,25.57,0.97,28.34
430,Nivari,Madhya Pradesh,9,5.56,14.49,18.22,30.4,79.45,229.06,752.72,31.95,1.98,34.42,24.66,1.19,28.3
430,Nivari,Madhya Pradesh,10,0.94,5.21,0.29,3.28,24.09,74.6,608.69,32.02,2.01,34.44,20.31,2.38,26.16
430,Nivari,Madhya Pradesh,11,0.12,1.46,0.0,0.02,2.3,8.79,305.92,28.01,2.17,30.7,15.02,2.4,21.52
430,Nivari,Madhya Pradesh,12,0.23,2.6,0.0,0.08,4.48,4.78,83.76,23.56,2.4,26.46,10.55,2.27,17.05
431,Amreli,Gujarat,1,0.0,0.04,0.0,0.0,0.01,0.1,17.64,27.5,1.78,29.82,14.28,1.74,20.89
431,Amreli,Gujarat,2,0.0,0.02,0.0,0.0,0.0,0.06,2.59,29.68,2.24,32.68,15.72,2.04,22.7
431,Amreli,Gujarat,3,0.02,0.25,0.0,0.0,0.02,0.39,0.56,33.79,2.33,36.71,19.13,1.78,26.46
431,Amreli,Gujarat,4,0.01,0.14,0.0,0.0,0.01,0.23,0.69,36.81,1.85,39.14,21.88,1.36,29.34
431,Amreli,Gujarat,5,0.1,1.82,0.0,0.01,0.7,2.21,2.83,37.93,1.35,39.58,24.12,1.1,31.03
431,Amreli,Gujarat,6,3.36,10.11,8.7,18.59,55.71,39.78,42.28,35.07,2.12,37.66,26.2,0.9,30.64
431,Amreli,Gujarat,7,8.37,18.25,25.84,49.1,88.76,191.96,236.15,31.18,1.55,33.23,25.83,0.74,28.51
431,Amreli,Gujarat,8,4.33,10.59,13.66,22.47,54.27,191.13,433.22,30.23,1.25,31.78,25.04,0.65,27.64
431,Amreli,Gujarat,9,3.11,8.61,9.45,18.1,38.09,107.11,495.73,31.71,1.46,33.57,24.27,0.74,27.99
431,Amreli,Gujarat,10,0.77,3.62,0.68,3.94,19.68,59.31,353.01,34.03,1.59,35.9,22.7,1.59,28.36
431,Amreli,Gujarat,11,0.3,3.15,0.0,0.02,7.18,15.33,179.51,31.89,1.67,33.88,19.55,2.04,25.72
431,Amreli,Gujarat,12,0.0,0.08,0.0,0.0,0.01,2.7,74.93,28.91,1.78,31.0,15.97,1.94,22.44
432,Diu,Dadra & Nagar Haveli & Daman & Diu,1,0.0,0.1,0.0,0.0,0.0,0.09,15.15,28.21,0.59,29.01,18.31,0.59,23.26
432,Diu,Dadra & Nagar Haveli & Daman & Diu,2,0.0,0.01,0.0,0.0,0.0,0.08,1.21,29.57,0.79,30.61,19.4,0.8,24.49
432,Diu,Dadra & Nagar Haveli & Daman & Diu,3,0.01,0.14,0.0,0.0,0.0,0.24,0.41,32.44,0.86,33.59,22.11,0.76,27.28
432,Diu,Dadra & Nagar Haveli & Daman & Diu,4,0.01,0.25,0.0,0.0,0.0,0.23,0.55,34.28,0.71,35.19,24.25,0.69,29.26
432,Diu,Dadra & Nagar Haveli & Daman & Diu,5,0.06,0.87,0.0,0.0,0.81,1.15,1.62,34.23,0.7,35.19,26.02,0.61,30.12
432,Diu,Dadra & Nagar Haveli & Daman & Diu,6,4.68,14.8,15.0,29.72,73.75,55.65,57.06,32.07,0.87,33.26,27.07,0.47,29.57
432,Diu,Dadra & Nagar Haveli & Daman & Diu,7,9.66,23.49,31.43,53.39,95.37,229.87,289.73,29.52,0.51,30.23,26.35,0.32,27.93
432,Diu,Dadra & Nagar Haveli & Daman & Diu,8,3.72,9.25,14.39,22.94,43.17,207.56,505.5,28.77,0.43,29.34,25.61,0.32,27.19
432,Diu,Dadra & Nagar Haveli & Daman & Diu,9,4.16,11.79,14.08,27.04,55.55,111.41,553.32,29.82,0.65,30.68,25.13,0.43,27.48
432,Diu,Dadra & Nagar Haveli & Daman & Diu,10,0.86,5.76,0.0,2.7,25.54,74.76,388.22,32.13,0.84,33.21,24.21,0.77,28.17
432,Diu,Dadra & Nagar Haveli & Daman & Diu,11,0.15,1.9,0.0,0.0,0.98,14.58,199.65,31.25,0.7,32.06,22.24,0.86,26.75
432,Diu,Dadra & Nagar Haveli & Daman & Diu,12,0.0,0.01,0.0,0.0,0.0,1.23,87.13,29.25,0.61,30.02,19.66,0.68,24.46
433,Porbandar,Gujarat,1,0.0,0.01,0.0,0.0,0.01,0.07,22.41,27.41,1.5,29.44,15.33,1.54,21.37
433,Porbandar,Gujarat,2,0.0,0.05,0.0,0.0,0.02,0.06,4.55,29.21,1.98,31.86,16.74,1.86,22.97
433,Porbandar,Gujarat,3,0.01,0.07,0.0,0.0,0.07,0.17,0.31,32.61,2.07,35.21,19.87,1.69,26.24
433,Porbandar,Gujarat,4,0.0,0.03,0.0,0.0,0.0,0.04,0.28,34.56,1.56,36.54,22.92,1.44,28.74
433,Porbandar,Gujarat,5,0.09,1.18,0.0,0.0,0.59,1.34,1.56,34.63,1.04,35.97,26.12,1.13,30.38
433,Porbandar,Gujarat,6,3.46,12.44,7.28,18.82,62.24,43.2,44.62,33.31,1.42,34.94,27.84,0.68,30.57
433,Porbandar,Gujarat,7,9.24,17.32,29.11,44.55,83.28,201.7,248.47,30.63,1.23,32.22,27.19,0.69,28.91
433,Porbandar,Gujarat,8,4.26,11.63,10.31,25.42,65.86,217.78,474.0,29.66,0.93,30.79,26.3,0.56,27.98
433,Porbandar,Gujarat,9,2.32,6.49,6.96,13.1,31.47,85.92,511.79,30.82,1.2,32.41,25.45,0.72,28.14
433,Porbandar,Gujarat,10,0.5,2.75,0.62,1.87,8.73,39.79,337.73,33.58,1.47,35.4,23.36,1.55,28.47
433,Porbandar,Gujarat,11,0.57,5.23,0.0,0.16,19.13,17.58,140.6,32.03,1.64,34.0,20.33,1.83,26.18
433,Porbandar,Gujarat,12,0.01,0.13,0.0,0.0,0.2,4.84,60.48,28.95,1.71,31.05,16.93,1.8,22.94
434,Rajkot,Gujarat,1,0.0,0.03,0.0,0.0,0.03,0.17,14.08,27.26,1.89,29.73,13.62,1.89,20.44
434,Rajkot,Gujarat,2,0.01,0.13,0.0,0.0,0.02,0.09,3.7,29.62,2.41,32.87,15.1,2.24,22.36
434,Rajkot,Gujarat,3,0.0,0.06,0.0,0.0,0.0,0.17,0.44,33.91,2.49,37.09,18.37,1.89,26.14
434,Rajkot,Gujarat,4,0.01,0.08,0.0,0.0,0.1,0.09,0.35,37.06,1.98,39.54,21.09,1.49,29.07
434,Rajkot,Gujarat,5,0.18,2.4,0.0,0.0,2.57,3.68,3.94,38.08,1.45,39.84,23.72,1.24,30.9
434,Rajkot,Gujarat,6,3.38,11.09,8.3,18.18,62.26,39.56,43.45,35.57,2.15,38.1,26.06,0.95,30.82
434,Rajkot,Gujarat,7,8.15,17.66,26.39,44.03,92.0,183.26,228.81,31.49,1.71,33.73,25.88,0.77,28.69
434,Rajkot,Gujarat,8,5.08,12.98,16.0,30.21,69.33,212.72,445.67,30.37,1.33,32.03,25.08,0.69,27.72
434,Rajkot,Gujarat,9,2.84,8.35,8.58,17.18,35.21,109.89,511.82,31.98,1.56,33.93,24.15,0.84,28.06
434,Rajkot,Gujarat,10,0.48,2.56,0.31,1.77,10.04,48.98,367.5,34.4,1.67,36.41,22.32,1.68,28.36
434,Rajkot,Gujarat,11,0.32,3.28,0.0,0.0,3.34,10.38,165.93,32.04,1.84,34.24,19.12,2.12,25.58
434,Rajkot,Gujarat,12,0.01,0.15,0.0,0.0,0.37,3.64,60.74,28.76,1.94,31.03,15.38,2.1,22.07
435,Surendranagar,Gujarat,1,0.0,0.05,0.0,0.0,0.07,0.12,6.29,27.14,2.07,29.81,13.19,1.92,20.17
435,Surendranagar,Gujarat,2,0.01,0.13,0.0,0.0,0.01,0.14,1.71,29.73,2.58,33.11,15.1,2.37,22.42
435,Surendranagar,Gujarat,3,0.0,0.05,0.0,0.0,0.05,0.21,0.47,34.4,2.59,37.63,19.2,2.16,26.8
435,Surendranagar,Gujarat,4,0.02,0.21,0.0,0.0,0.42,0.3,0.65,38.03,2.06,40.53,22.44,1.53,30.24
435,Surendranagar,Gujarat,5,0.09,0.93,0.0,0.01,1.7,1.7,2.21,39.7,1.63,41.67,24.76,1.07,32.23
435,Surendranagar,Gujarat,6,2.43,7.92,5.75,13.84,41.55,25.79,27.84,37.02,2.51,40.02,26.42,0.93,31.72
435,Surendranagar,Gujarat,7,8.38,17.18,26.43,49.0,83.73,170.41,199.69,32.36,2.08,35.15,25.74,0.83,29.05
435,Surendranagar,Gujarat,8,5.56,12.07,18.44,32.09,56.47,228.22,434.46,31.07,1.53,32.9,24.89,0.7,27.98
435,Surendranagar,Gujarat,9,3.3,8.98,9.94,17.31,46.48,124.99,531.36,32.7,1.81,35.05,24.32,0.85,28.51
435,Surendranagar,Gujarat,10,0.26,1.66,0.08,0.86,6.42,46.8,396.11,34.69,1.74,36.68,22.42,1.85,28.55
435,Surendranagar,Gujarat,11,0.13,1.24,0.0,0.0,3.02,4.74,172.69,31.87,1.87,34.05,18.61,2.18,25.24
435,Surendranagar,Gujarat,12,0.01,0.18,0.0,0.0,0.01,1.53,50.23,28.59,1.97,30.91,14.67,2.08,21.63
436,Botad,Gujarat,1,0.0,0.02,0.0,0.0,0.01,0.07,14.77,27.85,2.0,30.44,14.11,1.89,20.98
436,Botad,Gujarat,2,0.0,0.03,0.0,0.0,0.0,0.04,3.42,30.34,2.49,33.66,15.83,2.26,23.09
436,Botad,Gujarat,3,0.01,0.1,0.0,0.0,0.04,0.16,0.28,34.84,2.52,37.97,19.68,2.01,27.26
436,Botad,Gujarat,4,0.02,0.24,0.0,0.0,0.06,0.25,0.45,38.35,2.03,40.84,22.62,1.44,30.49
436,Botad,Gujarat,5,0.18,1.82,0.0,0.0,6.5,3.76,4.18,40.0,1.6,41.88,24.67,1.04,32.34
436,Botad,Gujarat,6,3.09,10.51,6.97,16.92,61.32,32.9,37.02,36.99,2.52,40.01,26.41,0.93,31.7
436,Botad,Gujarat,7,9.65,23.58,29.13,60.03,99.47,214.14,253.13,32.41,1.93,35.02,25.87,0.79,29.14
436,Botad,Gujarat,8,5.32,13.78,15.02,27.57,81.97,230.47,489.01,31.29,1.49,33.09,25.09,0.68,28.19
436,Botad,Gujarat,9,2.91,9.72,6.38,18.98,49.03,113.66,565.78,32.88,1.73,35.1,24.52,0.8,28.7
436,Botad,Gujarat,10,0.59,4.19,0.24,1.24,14.48,51.61,390.97,34.94,1.73,36.91,22.95,1.77,28.95
436,Botad,Gujarat,11,0.33,3.55,0.0,0.08,7.03,11.29,173.01,32.37,1.79,34.53,19.43,2.17,25.9
436,Botad,Gujarat,12,0.01,0.15,0.0,0.0,0.02,3.59,64.28,29.24,1.9,31.48,15.69,2.04,22.46
437,Kheda,Gujarat,1,0.01,0.16,0.0,0.0,0.05,0.35,13.95,27.05,2.21,29.98,13.48,1.97,20.27
437,Kheda,Gujarat,2,0.0,0.06,0.0,0.0,0.02,0.21,3.42,29.81,2.7,33.42,15.29,2.4,22.55
437,Kheda,Gujarat,3,0.01,0.11,0.0,0.0,0.15,0.21,0.77,34.79,2.74,38.2,19.49,2.3,27.14
437,Kheda,Gujarat,4,0.05,0.92,0.0,0.0,0.68,1.15,1.59,38.48,2.08,40.92,23.19,1.73,30.83
437,Kheda,Gujarat,5,0.55,5.26,0.0,0.09,16.44,9.06,10.44,39.72,1.68,41.73,26.2,1.18,32.96
437,Kheda,Gujarat,6,2.75,7.9,6.7,16.42,38.66,34.14,44.64,36.59,2.73,40.04,27.19,1.15,31.89
437,Kheda,Gujarat,7,13.69,22.2,39.1,58.76,102.78,250.36,296.0,31.64,2.16,34.56,25.92,0.99,28.78
437,Kheda,Gujarat,8,9.2,16.07,25.09,39.41,90.44,378.88,678.42,30.36,1.53,32.11,25.1,0.76,27.73
437,Kheda,Gujarat,9,4.82,11.99,14.28,24.9,52.46,202.82,846.39,32.09,1.94,34.72,24.75,0.92,28.42
437,Kheda,Gujarat,10,0.33,1.99,0.3,1.65,5.95,62.76,637.65,34.27,1.77,36.32,22.15,2.08,28.21
437,Kheda,Gujarat,11,0.35,4.03,0.0,0.0,4.59,10.37,269.21,31.57,1.88,33.86,18.32,2.19,24.94
437,Kheda,Gujarat,12,0.02,0.3,0.0,0.0,0.26,3.19,72.1,28.32,1.99,30.63,14.88,2.1,21.6
438,Mahesana,Gujarat,1,0.03,0.25,0.0,0.02,0.98,0.85,11.15,25.27,2.24,28.26,11.63,1.99,18.45
438,Mahesana,Gujarat,2,0.02,0.22,0.0,0.0,0.13,0.57,4.14,28.13,2.79,31.89,13.61,2.55,20.87
438,Mahesana,Gujarat,3,0.01,0.22,0.0,0.0,0.06,0.56,1.97,33.43,2.89,37.13,18.14,2.5,25.79
438,Mahesana,Gujarat,4,0.02,0.16,0.0,0.0,0.31,0.32,1.47,37.61,2.25,40.37,22.21,1.93,29.91
438,Mahesana,Gujarat,5,0.16,1.4,0.0,0.06,4.11,2.82,3.69,39.38,1.77,41.51,25.32,1.28,32.35
438,Mahesana,Gujarat,6,2.05,6.99,5.24,13.55,32.26,23.2,26.43,36.7,2.68,40.22,26.48,1.17,31.59
438,Mahesana,Gujarat,7,10.84,22.67,32.0,55.0,117.96,194.54,222.15,31.54,2.33,34.8,25.24,1.05,28.39
438,Mahesana,Gujarat,8,9.03,19.48,27.5,46.62,99.12,336.94,567.16,30.0,1.56,31.82,24.37,0.83,27.19
438,Mahesana,Gujarat,9,4.49,13.24,13.36,28.08,68.47,191.68,736.17,31.75,2.0,34.39,23.83,1.03,27.79
438,Mahesana,Gujarat,10,0.26,1.87,0.05,0.74,7.5,54.39,578.12,33.46,1.82,35.67,20.84,2.17,27.15
438,Mahesana,Gujarat,11,0.26,3.09,0.0,0.01,5.04,7.3,246.8,30.12,2.0,32.52,16.69,2.19,23.4
438,Mahesana,Gujarat,12,0.02,0.35,0.0,0.0,0.13,2.92,60.66,26.6,2.05,28.99,13.02,2.14,19.81
439,Gandhinagar,Gujarat,1,0.01,0.27,0.0,0.0,0.06,0.34,12.41,25.95,2.17,28.84,12.56,1.93,19.26
439,Gandhinagar,Gujarat,2,0.01,0.09,0.0,0.0,0.07,0.34,3.53,28.73,2.69,32.31,14.37,2.42,21.55
439,Gandhinagar,Gujarat,3,0.01,0.13,0.0,0.0,0.0,0.27,0.94,33.88,2.79,37.42,18.74,2.39,26.31
439,Gandhinagar,Gujarat,4,0.05,0.74,0.0,0.0,0.81,0.7,1.31,37.87,2.15,40.45,22.67,1.84,30.27
439,Gandhinagar,Gujarat,5,0.28,3.49,0.0,0.0,2.25,6.3,7.3,39.53,1.71,41.61,25.72,1.21,32.62
439,Gandhinagar,Gujarat,6,2.46,9.41,6.76,14.18,35.16,27.66,34.86,36.68,2.72,40.21,26.8,1.12,31.74
439,Gandhinagar,Gujarat,7,11.49,24.91,35.61,60.49,119.88,211.58,247.52,31.51,2.28,34.77,25.49,1.0,28.5
439,Gandhinagar,Gujarat,8,9.6,20.95,29.1,48.33,110.11,355.78,608.31,30.07,1.52,31.82,24.63,0.77,27.35
439,Gandhinagar,Gujarat,9,4.16,12.2,13.57,25.46,52.12,193.23,773.88,31.78,1.98,34.4,24.17,0.99,27.98
439,Gandhinagar,Gujarat,10,0.25,1.92,0.0,0.51,6.83,52.36,595.99,33.61,1.81,35.82,21.38,2.09,27.5
439,Gandhinagar,Gujarat,11,0.32,4.46,0.0,0.0,3.39,8.81,247.2,30.58,1.92,32.98,17.46,2.16,24.02
439,Gandhinagar,Gujarat,12,0.02,0.24,0.0,0.0,0.39,3.14,60.68,27.2,1.97,29.51,13.96,2.07,20.58
440,Patan,Gujarat,1,0.01,0.07,0.0,0.0,0.37,0.35,8.51,25.62,2.2,28.53,11.73,1.99,18.67
440,Patan,Gujarat,2,0.01,0.16,0.0,0.0,0.17,0.22,3.07,28.46,2.76,32.11,13.81,2.55,21.14
440,Patan,Gujarat,3,0.01,0.06,0.0,0.0,0.11,0.37,0.94,33.57,2.79,37.19,18.36,2.44,25.97
440,Patan,Gujarat,4,0.02,0.27,0.0,0.0,0.17,0.4,1.01,37.6,2.2,40.35,22.22,1.81,29.91
440,Patan,Gujarat,5,0.1,0.96,0.0,0.02,2.35,2.11,2.89,39.47,1.75,41.58,24.94,1.22,32.21
440,Patan,Gujarat,6,1.44,5.25,3.32,8.38,29.38,18.28,20.86,37.05,2.52,40.26,26.34,1.07,31.69
440,Patan,Gujarat,7,7.32,16.46,23.97,42.21,82.9,126.88,148.23,32.23,2.26,35.25,25.38,0.97,28.8
440,Patan,Gujarat,8,5.86,13.94,18.19,34.29,72.17,227.63,381.09,30.7,1.6,32.6,24.44,0.81,27.57
440,Patan,Gujarat,9,3.18,10.19,7.67,20.3,61.23,127.64,490.91,32.45,1.96,35.07,23.86,1.02,28.15
440,Patan,Gujarat,10,0.18,1.33,0.0,0.3,5.83,39.16,391.16,34.16,1.79,36.34,21.31,2.07,27.74
440,Patan,Gujarat,11,0.21,2.23,0.0,0.0,2.26,5.49,168.03,30.72,2.0,33.07,17.06,2.19,23.89
440,Patan,Gujarat,12,0.02,0.27,0.0,0.0,0.09,2.61,44.5,27.07,2.09,29.52,13.12,2.13,20.09
441,Adilabad,Telangana,1,0.46,3.11,0.08,0.72,15.82,8.71,46.17,28.01,1.9,30.18,16.11,2.16,22.06
441,Adilabad,Telangana,2,0.54,3.78,0.07,0.7,14.3,16.74,32.94,31.14,2.12,33.91,18.35,1.99,24.75
441,Adilabad,Telangana,3,0.83,5.16,0.19,2.02,29.71,21.73,46.75,35.26,2.36,38.08,21.87,1.94,28.57
441,Adilabad,Telangana,4,0.49,2.62,0.39,1.62,13.1,18.14,56.76,38.71,1.98,41.1,25.79,1.78,32.25
441,Adilabad,Telangana,5,0.55,3.15,0.54,2.44,12.25,16.05,55.98,40.27,2.07,42.59,28.66,1.65,34.46
441,Adilabad,Telangana,6,6.45,17.26,18.97,36.12,97.35,77.46,111.4,35.11,3.92,40.44,26.97,2.1,31.04
441,Adilabad,Telangana,7,10.69,20.39,34.31,49.56,98.65,280.19,377.75,30.15,2.05,32.77,24.78,1.06,27.47
441,Adilabad,Telangana,8,11.79,27.69,34.75,68.39,144.77,353.92,725.85,29.05,1.62,31.02,24.13,0.82,26.59
441,Adilabad,Telangana,9,6.42,17.32,19.55,38.14,86.19,282.25,923.89,30.48,1.55,32.35,23.96,0.73,27.22
441,Adilabad,Telangana,10,2.16,9.64,2.65,12.09,52.37,116.03,749.88,30.81,1.61,32.74,21.95,1.81,26.38
441,Adilabad,Telangana,11,0.53,4.0,0.07,0.5,15.71,30.95,421.32,28.98,1.45,30.82,18.59,2.37,23.79
441,Adilabad,Telangana,12,0.12,1.21,0.0,0.02,2.14,8.11,150.46,27.51,1.57,29.46,15.85,2.18,21.68
442,Ahamadnagar,Maharashtra,1,0.02,0.13,0.0,0.01,0.5,1.37,45.17,27.87,1.53,29.74,14.67,1.71,21.27
442,Ahamadnagar,Maharashtra,2,0.01,0.09,0.0,0.01,0.23,0.34,11.78,30.28,1.85,32.75,16.1,1.83,23.19
442,Ahamadnagar,Maharashtra,3,0.05,0.36,0.0,0.05,2.28,1.17,2.95,33.98,2.0,36.46,19.41,1.88,26.69
442,Ahamadnagar,Maharashtra,4,0.14,0.7,0.09,0.57,3.9,2.9,4.45,37.17,1.51,38.97,22.31,1.55,29.74
442,Ahamadnagar,Maharashtra,5,0.47,2.06,0.92,2.55,7.55,7.5,11.66,37.93,1.47,39.55,23.68,1.05,30.8
442,Ahamadnagar,Maharashtra,6,3.83,7.63,10.9,19.66,38.89,65.54,76.14,32.39,2.97,36.63,23.65,0.91,28.02
442,Ahamadnagar,Maharashtra,7,3.76,7.32,12.08,19.18,32.79,117.46,192.51,28.5,1.56,30.55,22.83,0.65,25.67
442,Ahamadnagar,Maharashtra,8,3.9,8.32,11.69,22.93,41.15,108.38,296.29,27.73,1.24,29.23,22.16,0.57,24.94
442,Ahamadnagar,Maharashtra,9,5.72,9.44,17.77,27.48,41.97,147.46,372.86,29.09,1.4,30.88,21.67,0.71,25.38
442,Ahamadnagar,Maharashtra,10,2.43,6.36,7.26,14.95,33.2,133.1,389.94,30.45,1.4,32.19,20.37,1.63,25.41
442,Ahamadnagar,Maharashtra,11,0.67,3.08,0.97,3.0,17.21,34.93,315.89,29.03,1.2,30.58,17.61,2.14,23.32
442,Ahamadnagar,Maharashtra,12,0.11,0.82,0.0,0.1,3.46,10.91,175.22,27.62,1.3,29.21,15.01,1.89,21.32
443,Akola,Maharashtra,1,0.54,3.63,0.33,0.98,15.51,12.72,44.71,28.33,2.1,30.9,15.29,2.22,21.81
443,Akola,Maharashtra,2,0.28,1.88,0.19,0.71,7.64,10.19,34.64,31.28,2.34,34.31,17.33,2.15,24.31
443,Akola,Maharashtra,3,0.51,3.74,0.35,1.4,11.34,15.08,37.97,35.81,2.58,38.94,21.1,2.16,28.46
443,Akola,Maharashtra,4,0.1,0.91,0.12,0.3,1.33,6.58,32.15,39.62,1.95,41.94,25.33,1.91,32.48
443,Akola,Maharashtra,5,0.31,1.68,0.4,1.25,6.75,4.25,25.81,40.92,1.82,43.12,28.37,1.44,34.65
443,Akola,Maharashtra,6,4.76,10.36,14.69,24.03,56.79,65.41,75.96,35.82,3.77,40.74,27.05,1.85,31.44
443,Akola,Maharashtra,7,6.94,12.35,20.9,33.53,64.32,183.2,255.74,30.54,2.17,33.46,25.04,1.0,27.79
443,Akola,Maharashtra,8,6.42,12.38,18.87,33.49,61.54,218.64,476.52,29.23,1.63,31.21,24.29,0.78,26.76
443,Akola,Maharashtra,9,4.81,10.15,14.32,25.69,53.02,168.68,573.97,30.95,1.76,33.21,24.02,0.78,27.48
443,Akola,Maharashtra,10,1.39,5.38,2.75,7.16,23.85,86.38,472.13,32.02,1.67,34.27,21.67,2.06,26.85
443,Akola,Maharashtra,11,0.55,3.47,0.39,1.37,12.27,20.37,271.95,30.11,1.53,32.07,18.19,2.41,24.15
443,Akola,Maharashtra,12,0.2,1.48,0.07,0.38,5.28,11.79,115.04,28.28,1.7,30.39,15.29,2.19,21.78
444,Alipur Duar,West Bengal,1,0.73,4.18,0.53,1.62,21.65,13.24,52.7,21.66,1.85,24.03,12.36,1.48,17.01
444,Alipur Duar,West Bengal,2,0.74,2.86,1.32,4.81,14.32,19.72,36.03,24.0,2.17,26.66,14.24,1.77,19.12
444,Alipur Duar,West Bengal,3,1.35,5.05,2.71,8.42,23.94,24.6,57.36,28.35,2.33,31.39,17.32,1.93,22.84
444,Alipur Duar,West Bengal,4,5.22,11.1,17.34,26.11,51.89,96.53,141.01,30.2,2.26,33.02,20.48,1.71,25.34
444,Alipur Duar,West Bengal,5,11.77,19.43,34.05,50.36,99.58,247.98,372.01,30.07,1.69,32.27,23.25,1.41,26.66
444,Alipur Duar,West Bengal,6,20.68,26.05,59.14,78.54,118.01,497.64,848.86,30.26,1.34,31.99,25.14,0.88,27.7
444,Alipur Duar,West Bengal,7,25.47,31.29,69.66,92.77,140.16,748.07,1504.66,30.06,1.3,31.75,25.53,0.8,27.8
444,Alipur Duar,West Bengal,8,18.34,26.82,54.9,79.32,119.86,597.58,1860.49,30.44,1.28,32.04,25.57,0.72,28.01
444,Alipur Duar,West Bengal,9,14.45,24.02,44.39,66.16,114.89,532.01,1879.72,29.98,1.43,31.8,24.72,0.92,27.35
444,Alipur Duar,West Bengal,10,3.86,10.66,11.65,22.1,57.72,264.52,1384.39,29.27,1.49,30.95,21.44,2.07,25.36
444,Alipur Duar,West Bengal,11,0.24,1.69,0.11,0.53,6.27,40.06,827.1,26.86,1.69,29.1,16.91,1.62,21.89
444,Alipur Duar,West Bengal,12,0.08,0.53,0.01,0.2,2.33,3.84,297.0,23.52,1.75,25.58,13.76,1.7,18.64
445,Amaravati,Maharashtra,1,0.54,2.39,1.01,2.29,9.69,11.91,47.76,26.9,2.14,29.52,14.18,2.23,20.54
445,Amaravati,Maharashtra,2,0.31,1.07,0.81,1.64,4.73,12.2,36.4,29.95,2.43,33.09,16.28,2.16,23.11
445,Amaravati,Maharashtra,3,0.5,2.51,0.83,2.73,8.66,14.3,38.23,34.63,2.69,37.92,20.2,2.17,27.41
445,Amaravati,Maharashtra,4,0.17,0.69,0.41,0.74,3.19,7.93,34.57,38.78,2.03,41.21,24.5,1.96,31.64
445,Amaravati,Maharashtra,5,0.34,1.24,0.75,1.86,5.82,5.37,27.53,40.28,1.84,42.53,27.93,1.53,34.11
445,Amaravati,Maharashtra,6,5.51,9.72,15.75,23.82,47.0,71.28,84.32,35.21,3.89,40.31,26.69,2.02,30.95
445,Amaravati,Maharashtra,7,9.24,12.05,24.62,33.21,54.92,233.18,313.26,29.66,2.19,32.54,24.46,1.05,27.06
445,Amaravati,Maharashtra,8,8.79,11.8,24.87,32.7,54.22,291.87,608.52,28.46,1.63,30.43,23.68,0.79,26.07
445,Amaravati,Maharashtra,9,5.87,9.5,16.16,24.55,43.92,222.56,753.43,30.26,1.79,32.47,23.3,0.78,26.78
445,Amaravati,Maharashtra,10,1.57,4.18,4.84,8.89,21.74,102.35,614.48,31.18,1.66,33.35,20.79,2.07,25.98
445,Amaravati,Maharashtra,11,0.64,3.02,1.13,2.4,13.31,23.94,343.52,29.11,1.55,31.09,17.15,2.4,23.13
445,Amaravati,Maharashtra,12,0.19,1.05,0.25,0.76,4.15,12.43,134.49,27.09,1.74,29.31,14.21,2.14,20.65
446,Ambala,Haryana,1,1.5,7.95,0.35,7.31,43.88,29.88,57.29,19.26,2.42,22.1,7.24,2.04,13.25
446,Ambala,Haryana,2,1.49,7.1,1.75,7.14,39.6,47.54,86.45,22.07,2.84,25.73,9.54,2.31,15.8
446,Ambala,Haryana,3,1.47,9.93,0.79,4.74,33.56,51.46,127.59,27.64,3.4,31.96,13.69,2.53,20.66
446,Ambala,Haryana,4,0.64,3.81,0.27,1.47,16.87,22.95,121.95,34.06,3.35,38.27,18.62,2.68,26.34
446,Ambala,Haryana,5,0.8,3.6,1.03,4.95,14.33,23.95,97.79,37.62,3.0,41.15,22.81,2.36,30.21
446,Ambala,Haryana,6,3.65,10.71,11.06,24.54,47.39,50.59,97.29,36.99,3.11,40.99,25.51,1.9,31.25
446,Ambala,Haryana,7,9.88,18.96,33.65,49.69,90.79,218.25,294.94,33.05,2.22,35.84,26.01,1.25,29.53
446,Ambala,Haryana,8,9.76,19.7,31.35,50.48,96.78,312.28,592.58,32.03,1.65,33.97,25.58,0.96,28.81
446,Ambala,Haryana,9,6.18,19.7,13.58,40.75,103.69,247.27,787.74,32.07,1.73,34.03,23.44,1.67,27.76
446,Ambala,Haryana,10,0.69,5.53,0.05,1.54,16.76,79.2,635.59,31.01,1.98,33.38,17.74,2.53,24.38
446,Ambala,Haryana,11,0.52,5.29,0.0,0.11,13.12,16.99,336.63,26.47,2.1,29.0,12.62,2.04,19.54
446,Ambala,Haryana,12,0.43,2.79,0.02,0.7,13.38,10.46,101.56,21.54,2.47,24.28,8.54,2.06,15.04
447,Amritsar,Punjab,1,1.1,4.36,2.51,6.71,19.45,23.36,41.24,17.87,2.13,20.58,5.91,1.94,11.89
447,Amritsar,Punjab,2,1.33,4.22,3.86,8.38,21.85,36.73,65.85,20.38,2.74,23.85,8.23,2.27,14.3
447,Amritsar,Punjab,3,1.56,5.52,3.7,8.83,28.79,46.06,105.45,25.79,3.59,30.44,12.5,2.62,19.14
447,Amritsar,Punjab,4,0.76,3.69,1.27,3.8,14.46,33.05,115.94,32.67,3.87,37.71,17.42,2.65,25.04
447,Amritsar,Punjab,5,0.83,3.63,1.58,3.8,19.72,24.56,103.49,37.74,3.33,41.73,22.19,2.36,29.96
447,Amritsar,Punjab,6,1.85,5.22,5.92,10.99,23.53,29.78,86.75,38.18,2.9,41.84,25.61,1.95,31.9
447,Amritsar,Punjab,7,7.89,15.65,23.61,38.62,74.81,151.58,206.99,33.88,2.3,36.93,26.0,1.16,29.94
447,Amritsar,Punjab,8,6.17,13.25,18.7,32.3,64.44,233.8,423.51,32.61,1.57,34.46,25.49,0.97,29.05
447,Amritsar,Punjab,9,2.94,10.3,7.73,15.22,47.47,130.24,524.11,32.34,1.69,34.29,23.21,1.79,27.78
447,Amritsar,Punjab,10,0.7,3.94,0.79,3.0,15.97,44.31,404.68,30.5,2.09,33.09,17.36,2.56,23.93
447,Amritsar,Punjab,11,0.21,1.54,0.08,0.63,4.67,11.78,181.87,25.42,2.2,28.14,11.79,2.13,18.6
447,Amritsar,Punjab,12,0.37,1.85,0.47,1.39,11.45,6.89,60.82,20.13,2.3,23.01,7.28,1.9,13.71
448,Anjaw,Arunachal Pradesh,1,0.83,3.88,1.25,3.06,19.05,15.71,88.43,14.37,2.12,17.1,3.71,1.91,9.04
448,Anjaw,Arunachal Pradesh,2,1.32,4.58,3.03,7.1,28.41,34.25,61.14,15.78,2.43,18.83,5.87,2.2,10.83
448,Anjaw,Arunachal Pradesh,3,2.47,6.62,7.02,15.44,33.07,49.29,98.35,18.21,2.45,21.38,9.7,1.99,13.96
448,Anjaw,Arunachal Pradesh,4,6.19,11.81,19.73,31.09,53.12,147.01,230.75,20.48,2.4,23.65,12.31,1.57,16.4
448,Anjaw,Arunachal Pradesh,5,5.05,12.35,14.78,26.63,62.18,163.43,362.12,23.25,2.44,26.31,15.38,1.78,19.32
448,Anjaw,Arunachal Pradesh,6,9.9,20.85,28.24,49.32,93.0,200.39,513.49,24.69,1.88,27.09,19.13,1.37,21.91
448,Anjaw,Arunachal Pradesh,7,12.2,19.07,34.7,54.24,95.89,348.38,714.6,24.67,1.81,26.98,19.91,1.19,22.29
448,Anjaw,Arunachal Pradesh,8,7.66,12.8,21.63,32.54,59.98,306.69,865.84,25.27,1.65,27.33,19.92,1.0,22.6
448,Anjaw,Arunachal Pradesh,9,4.55,10.06,13.45,25.44,47.6,189.8,846.47,24.45,1.87,27.02,18.63,1.21,21.54
448,Anjaw,Arunachal Pradesh,10,3.93,12.35,9.6,21.93,64.8,122.06,612.18,23.04,2.14,25.7,14.43,2.32,18.74
448,Anjaw,Arunachal Pradesh,11,0.77,3.21,1.21,4.38,16.47,64.44,372.8,19.52,2.04,21.9,9.41,1.86,14.47
448,Anjaw,Arunachal Pradesh,12,0.33,1.55,0.74,1.49,4.3,13.09,197.59,15.74,2.11,18.19,5.44,2.2,10.59
449,Araria,Bihar,1,0.48,2.77,0.4,1.61,12.66,9.81,38.31,22.3,1.98,24.78,10.23,1.71,16.26
449,Araria,Bihar,2,0.5,2.72,0.42,1.74,13.47,14.79,29.73,25.32,2.26,28.18,12.43,1.9,18.87
449,Araria,Bihar,3,0.63,3.2,0.62,3.04,14.84,13.66,37.93,30.49,2.44,33.52,16.77,2.25,23.63
449,Araria,Bihar,4,1.78,6.1,4.81,10.4,27.16,34.57,62.92,33.43,2.51,36.53,20.82,1.79,27.12
449,Araria,Bihar,5,5.9,13.31,18.31,29.57,54.79,104.4,153.44,32.67,2.2,35.7,23.4,1.57,28.03
449,Araria,Bihar,6,10.97,18.84,32.61,48.89,96.46,244.31,386.11,31.84,1.8,34.3,25.05,0.98,28.44
449,Araria,Bihar,7,18.93,24.48,50.34,70.03,110.29,512.73,868.73,30.95,1.33,32.53,25.29,0.82,28.12
449,Araria,Bihar,8,11.99,18.88,35.68,51.96,85.24,426.55,1199.47,31.2,1.29,32.77,25.31,0.75,28.26
449,Araria,Bihar,9,10.96,20.5,30.49,53.52,103.46,361.52,1308.54,30.72,1.5,32.51,24.54,0.95,27.63
449,Araria,Bihar,10,2.37,8.87,5.34,13.51,46.8,192.84,973.06,30.09,1.49,31.77,21.3,2.07,25.69
449,Araria,Bihar,11,0.26,2.28,0.02,0.27,8.77,25.1,574.27,27.84,1.52,29.75,16.04,2.03,21.94
449,Araria,Bihar,12,0.16,1.36,0.0,0.03,7.15,5.55,214.56,24.22,1.87,26.38,11.79,1.79,18.0
450,Arwal,Bihar,1,0.36,1.96,0.1,1.4,10.66,6.33,29.17,22.31,2.42,25.1,9.73,2.3,16.02
450,Arwal,Bihar,2,0.5,2.52,0.2,1.99,13.45,12.25,20.44,25.89,2.54,29.23,12.5,2.29,19.2
450,Arwal,Bihar,3,0.31,2.14,0.03,0.64,10.85,14.45,32.78,31.8,2.85,35.19,16.96,2.46,24.38
450,Arwal,Bihar,4,0.27,1.43,0.18,1.31,6.69,6.38,33.05,36.91,2.38,39.8,21.96,1.94,29.44
450,Arwal,Bihar,5,0.7,3.39,1.13,3.92,13.08,12.46,33.04,37.91,2.4,41.03,25.12,1.68,31.52
450,Arwal,Bihar,6,4.75,12.24,14.91,29.6,67.96,63.89,82.94,36.04,3.22,40.43,26.75,1.43,31.39
450,Arwal,Bihar,7,10.0,17.61,31.93,51.21,84.72,258.56,338.12,32.36,1.64,34.34,26.32,0.97,29.34
450,Arwal,Bihar,8,8.7,15.91,26.23,42.74,75.48,263.61,597.95,32.04,1.22,33.53,26.2,0.8,29.12
450,Arwal,Bihar,9,6.1,12.97,18.77,34.06,64.71,238.45,767.73,31.72,1.47,33.45,25.54,1.05,28.63
450,Arwal,Bihar,10,1.8,7.35,3.58,11.43,39.3,110.47,609.52,30.98,1.52,32.9,21.7,2.48,26.34
450,Arwal,Bihar,11,0.17,1.97,0.0,0.01,3.19,22.47,366.29,28.18,1.61,30.25,15.92,2.49,22.05
450,Arwal,Bihar,12,0.07,0.61,0.0,0.04,1.33,2.35,130.69,24.14,2.05,26.36,11.16,2.15,17.65
451,Aurangabad,Bihar,1,0.41,2.52,0.36,1.91,8.19,6.88,27.69,22.65,2.37,25.49,9.82,2.35,16.23
451,Aurangabad,Bihar,2,0.51,2.41,0.44,2.44,14.75,14.2,22.36,26.34,2.62,29.73,12.63,2.33,19.48
451,Aurangabad,Bihar,3,0.34,1.95,0.21,1.47,9.55,13.83,34.53,32.21,2.89,35.7,17.16,2.47,24.68
451,Aurangabad,Bihar,4,0.27,1.31,0.32,1.14,7.38,7.47,35.37,37.47,2.4,40.4,22.23,1.99,29.85
451,Aurangabad,Bihar,5,0.66,2.62,1.4,4.16,9.76,11.71,32.77,38.72,2.36,41.72,25.52,1.67,32.12
451,Aurangabad,Bihar,6,4.46,10.47,14.37,23.23,58.55,57.9,77.22,36.37,3.38,40.93,27.16,1.49,31.76
451,Aurangabad,Bihar,7,9.0,13.13,26.46,37.95,59.4,233.73,306.42,32.32,1.67,34.35,26.4,0.99,29.36
451,Aurangabad,Bihar,8,9.7,13.82,28.95,41.15,60.35,276.72,579.39,31.93,1.21,33.43,26.16,0.79,29.04
451,Aurangabad,Bihar,9,6.0,11.18,18.79,29.02,56.14,244.8,762.61,31.74,1.47,33.49,25.47,1.03,28.6
451,Aurangabad,Bihar,10,1.72,6.33,3.28,11.68,32.43,107.53,627.35,30.95,1.53,32.86,21.61,2.48,26.28
451,Aurangabad,Bihar,11,0.12,1.09,0.0,0.03,2.86,20.72,366.9,28.1,1.6,30.11,15.9,2.54,22.0
451,Aurangabad,Bihar,12,0.05,0.31,0.0,0.13,2.1,1.91,125.64,24.24,1.95,26.32,11.13,2.15,17.68
452,Aurangabad,Maharashtra,1,0.2,1.64,0.03,0.1,6.28,5.02,44.86,27.53,1.8,29.74,14.57,2.0,21.05
452,Aurangabad,Maharashtra,2,0.18,1.73,0.02,0.1,3.23,5.38,22.47,30.16,2.15,32.94,16.43,2.05,23.3
452,Aurangabad,Maharashtra,3,0.17,1.1,0.01,0.2,7.19,6.61,17.03,34.3,2.3,37.12,20.07,2.09,27.18
452,Aurangabad,Maharashtra,4,0.09,0.78,0.0,0.1,2.18,3.11,15.19,37.89,1.76,39.97,23.42,1.72,30.66
452,Aurangabad,Maharashtra,5,0.47,2.59,0.38,1.61,10.68,5.48,15.16,39.01,1.65,41.02,25.15,1.17,32.08
452,Aurangabad,Maharashtra,6,4.56,10.34,13.92,22.89,45.83,72.27,80.88,33.87,3.29,38.33,24.59,1.18,29.23
452,Aurangabad,Maharashtra,7,5.04,9.52,14.86,23.56,44.48,150.26,230.61,29.34,1.88,31.7,23.42,0.75,26.38
452,Aurangabad,Maharashtra,8,5.5,12.68,15.98,25.98,59.79,164.31,393.55,28.24,1.43,29.96,22.71,0.64,25.48
452,Aurangabad,Maharashtra,9,4.93,10.14,15.06,25.11,49.09,157.58,473.18,29.61,1.54,31.63,22.33,0.77,25.97
452,Aurangabad,Maharashtra,10,1.83,5.89,5.23,10.92,31.03,101.51,423.46,30.79,1.51,32.74,20.66,1.95,25.72
452,Aurangabad,Maharashtra,11,0.62,3.44,0.29,2.4,17.73,28.12,284.96,29.16,1.37,30.89,17.49,2.42,23.32
452,Aurangabad,Maharashtra,12,0.2,1.69,0.0,0.06,7.76,12.59,138.99,27.48,1.54,29.41,14.73,2.14,21.11
453,Banka,Bihar,1,0.35,2.29,0.14,0.78,12.04,6.26,34.62,23.33,2.09,25.79,11.36,2.03,17.35
453,Banka,Bihar,2,0.43,2.09,0.27,2.07,11.83,10.97,18.16,26.98,2.43,30.03,14.22,2.14,20.6
453,Banka,Bihar,3,0.41,2.33,0.31,1.76,9.41,12.11,29.06,32.48,2.63,35.73,18.77,2.24,25.63
453,Banka,Bihar,4,0.79,2.68,1.95,5.02,15.05,17.4,40.45,36.45,2.38,39.31,22.95,1.72,29.7
453,Banka,Bihar,5,2.31,5.93,6.99,11.36,25.29,41.19,70.91,36.27,2.39,39.56,25.21,1.62,30.74
453,Banka,Bihar,6,7.16,12.14,21.8,32.79,60.12,126.29,185.87,34.43,2.57,38.01,26.61,1.14,30.52
453,Banka,Bihar,7,11.0,14.04,28.84,39.47,65.3,311.27,483.44,32.08,1.31,33.65,26.38,0.81,29.23
453,Banka,Bihar,8,8.75,13.63,24.0,37.46,68.97,285.05,734.33,32.0,1.12,33.36,26.31,0.73,29.16
453,Banka,Bihar,9,8.3,15.05,24.01,37.49,77.96,253.13,854.15,31.86,1.41,33.52,25.72,0.91,28.79
453,Banka,Bihar,10,2.85,9.65,7.39,14.62,61.88,178.51,714.07,31.18,1.5,32.93,22.69,2.06,26.93
453,Banka,Bihar,11,0.11,1.02,0.0,0.06,2.37,29.73,458.8,28.46,1.47,30.3,17.5,2.23,22.98
453,Banka,Bihar,12,0.05,0.47,0.0,0.01,1.12,1.52,203.61,24.7,1.83,26.72,12.88,1.89,18.79
454,Bankura,West Bengal,1,0.37,1.84,0.07,1.47,10.52,6.62,58.66,24.84,2.03,27.39,12.36,2.19,18.6
454,Bankura,West Bengal,2,0.85,3.46,1.16,5.51,17.0,18.59,29.2,28.51,2.56,31.85,15.28,2.26,21.9
454,Bankura,West Bengal,3,0.9,3.52,1.75,5.51,16.85,24.27,49.11,33.73,2.57,36.83,19.61,2.28,26.67
454,Bankura,West Bengal,4,1.69,5.3,5.36,10.51,26.13,37.79,80.63,37.08,2.26,39.95,23.74,1.75,30.41
454,Bankura,West Bengal,5,3.28,7.66,10.65,18.12,33.47,72.77,135.35,36.65,2.26,39.65,25.98,1.66,31.32
454,Bankura,West Bengal,6,7.8,13.13,21.69,34.35,63.7,154.02,266.13,34.24,2.68,37.89,26.78,1.23,30.51
454,Bankura,West Bengal,7,11.32,15.54,31.69,41.94,67.49,310.24,541.39,31.8,1.34,33.41,26.18,0.77,28.99
454,Bankura,West Bengal,8,10.26,15.12,27.53,40.33,73.83,332.92,808.1,31.61,1.16,32.98,25.99,0.64,28.8
454,Bankura,West Bengal,9,9.5,15.52,28.07,40.57,73.46,287.03,935.35,31.67,1.46,33.32,25.51,0.81,28.59
454,Bankura,West Bengal,10,4.2,11.11,14.99,24.32,60.78,216.72,835.02,31.18,1.49,32.96,22.84,1.97,27.01
454,Bankura,West Bengal,11,0.41,2.68,0.02,0.86,11.9,51.13,552.18,28.88,1.45,30.71,18.0,2.37,23.44
454,Bankura,West Bengal,12,0.07,0.69,0.0,0.01,1.7,5.01,266.28,25.65,1.64,27.59,13.51,1.99,19.58
455,Purba Barddhaman,West Bengal,1,0.33,1.71,0.01,0.98,8.81,6.68,71.68,24.81,1.99,27.28,12.58,2.14,18.7
455,Purba Barddhaman,West Bengal,2,0.7,3.24,0.53,3.96,15.31,16.05,30.96,28.39,2.48,31.61,15.56,2.28,21.98
455,Purba Barddhaman,West Bengal,3,0.95,4.47,1.01,5.62,23.18,21.05,43.35,33.37,2.44,36.34,20.09,2.38,26.73
455,Purba Barddhaman,West Bengal,4,1.94,6.72,5.17,13.73,35.62,41.86,78.95,36.31,2.2,39.11,24.17,1.77,30.24
455,Purba Barddhaman,West Bengal,5,3.81,9.01,13.74,21.24,41.23,84.0,147.68,35.74,2.13,38.46,26.25,1.65,31.0
455,Purba Barddhaman,West Bengal,6,8.49,14.79,25.45,38.95,72.45,176.74,304.47,33.91,2.38,37.14,26.99,1.19,30.45
455,Purba Barddhaman,West Bengal,7,11.43,17.53,33.9,47.4,86.9,330.07,595.57,32.02,1.27,33.53,26.4,0.77,29.21
455,Purba Barddhaman,West Bengal,8,9.33,15.8,28.24,44.52,75.51,305.53,822.59,31.88,1.13,33.24,26.25,0.65,29.07
455,Purba Barddhaman,West Bengal,9,8.19,16.62,24.14,40.94,90.66,251.09,889.91,31.9,1.43,33.51,25.77,0.8,28.83
455,Purba Barddhaman,West Bengal,10,4.84,13.66,16.15,30.07,73.82,214.37,768.67,31.43,1.48,33.16,23.37,1.88,27.4
455,Purba Barddhaman,West Bengal,11,0.51,4.04,0.01,0.53,13.46,61.37,524.93,29.16,1.44,30.95,18.56,2.33,23.86
455,Purba Barddhaman,West Bengal,12,0.12,1.14,0.0,0.0,3.97,8.58,279.38,25.81,1.68,27.78,14.0,2.02,19.91
456,Barnala,Punjab,1,0.87,4.24,1.2,3.15,21.96,18.15,38.89,18.44,2.37,21.25,6.04,2.1,12.24
456,Barnala,Punjab,2,1.19,5.52,2.09,6.57,19.68,32.33,56.79,21.58,2.91,25.34,8.62,2.45,15.1
456,Barnala,Punjab,3,0.93,4.3,1.24,4.14,22.92,34.51,84.58,27.34,3.5,31.85,13.08,2.68,20.21
456,Barnala,Punjab,4,0.32,1.56,0.47,1.09,8.39,17.03,83.71,34.49,3.64,39.16,18.57,2.87,26.53
456,Barnala,Punjab,5,0.58,2.52,0.92,2.49,10.87,13.26,64.17,38.76,3.12,42.33,23.27,2.51,31.01
456,Barnala,Punjab,6,1.66,5.16,4.24,9.34,26.4,26.13,56.06,38.57,3.04,42.5,26.35,2.05,32.46
456,Barnala,Punjab,7,4.48,10.46,13.01,23.66,50.77,99.99,140.55,34.61,2.36,37.6,26.56,1.32,30.58
456,Barnala,Punjab,8,4.81,10.54,14.55,24.9,54.48,150.59,281.75,33.28,1.73,35.29,25.98,1.01,29.63
456,Barnala,Punjab,9,3.71,11.98,9.33,20.1,60.59,128.15,383.3,33.13,1.79,35.19,23.61,1.76,28.37
456,Barnala,Punjab,10,0.44,2.87,0.33,1.07,10.51,51.22,329.18,31.38,2.18,34.08,17.77,2.59,24.58
456,Barnala,Punjab,11,0.38,5.49,0.02,0.41,1.87,13.73,190.22,26.08,2.19,28.81,11.96,2.24,19.02
456,Barnala,Punjab,12,0.39,2.76,0.4,1.18,10.49,7.48,69.34,20.66,2.49,23.55,7.27,2.09,13.97
457,Bathinda,Punjab,1,0.55,2.94,0.52,1.81,15.85,12.63,30.41,18.79,2.42,21.63,6.04,2.17,12.41
457,Bathinda,Punjab,2,1.06,5.39,1.04,5.45,22.28,25.17,43.29,22.01,2.96,25.81,8.71,2.54,15.36
457,Bathinda,Punjab,3,0.91,4.83,1.06,3.47,22.06,31.0,68.27,27.74,3.53,32.22,13.38,2.77,20.56
457,Bathinda,Punjab,4,0.49,2.77,0.33,1.18,15.86,21.19,77.32,34.76,3.63,39.34,18.99,2.92,26.88
457,Bathinda,Punjab,5,0.39,1.83,0.5,1.59,10.17,11.75,63.47,38.98,3.1,42.53,23.8,2.55,31.39
457,Bathinda,Punjab,6,1.72,5.94,4.05,11.34,25.1,24.96,57.51,38.8,2.99,42.62,26.87,2.05,32.83
457,Bathinda,Punjab,7,3.47,8.82,10.46,19.71,39.12,86.24,123.82,35.09,2.41,38.08,26.87,1.35,30.98
457,Bathinda,Punjab,8,3.53,10.28,9.17,19.54,48.87,116.53,231.94,33.82,1.78,35.93,26.17,1.02,29.99
457,Bathinda,Punjab,9,3.16,12.0,5.32,17.52,68.51,97.36,303.06,33.63,1.82,35.76,23.8,1.71,28.72
457,Bathinda,Punjab,10,0.56,5.28,0.13,0.65,12.48,48.5,261.92,31.68,2.2,34.41,18.09,2.56,24.88
457,Bathinda,Punjab,11,0.27,4.41,0.01,0.13,1.42,11.67,155.88,26.31,2.18,29.0,12.25,2.28,19.28
457,Bathinda,Punjab,12,0.34,2.69,0.09,0.38,6.45,6.1,63.67,20.98,2.52,23.94,7.35,2.2,14.16
458,Begusarai,Bihar,1,0.3,2.21,0.04,0.75,7.4,6.11,27.9,22.35,2.2,24.92,10.73,2.02,16.54
458,Begusarai,Bihar,2,0.35,1.81,0.24,1.4,9.13,9.84,17.79,25.91,2.42,28.98,13.37,2.12,19.64
458,Begusarai,Bihar,3,0.46,3.3,0.14,1.04,11.6,11.86,27.6,31.72,2.7,35.08,17.84,2.34,24.78
458,Begusarai,Bihar,4,0.91,4.03,1.1,5.16,20.37,17.27,38.96,36.22,2.38,39.13,22.27,1.82,29.25
458,Begusarai,Bihar,5,2.04,6.02,6.67,12.82,23.8,42.51,71.99,36.49,2.4,39.85,24.89,1.63,30.69
458,Begusarai,Bihar,6,6.29,13.25,19.62,33.86,63.48,109.87,170.7,35.0,2.64,38.69,26.55,1.2,30.77
458,Begusarai,Bihar,7,11.31,17.44,32.06,52.55,81.24,302.0,458.36,32.34,1.39,34.06,26.6,0.85,29.47
458,Begusarai,Bihar,8,8.02,14.57,23.79,36.68,75.04,275.5,699.35,32.3,1.19,33.74,26.59,0.76,29.45
458,Begusarai,Bihar,9,6.97,13.76,22.15,34.68,67.12,230.45,813.55,31.99,1.46,33.74,25.92,0.98,28.96
458,Begusarai,Bihar,10,1.91,7.01,4.58,12.17,37.25,133.75,635.66,31.2,1.52,33.03,22.63,2.21,26.92
458,Begusarai,Bihar,11,0.17,1.79,0.0,0.12,2.92,21.29,382.2,28.37,1.58,30.34,17.08,2.3,22.72
458,Begusarai,Bihar,12,0.09,0.74,0.0,0.09,1.55,2.29,151.89,24.15,1.97,26.37,12.36,1.94,18.25
459,Kaimur,Bihar,1,0.47,2.65,0.28,1.2,11.52,8.84,25.53,21.53,2.47,24.52,9.43,2.36,15.48
459,Kaimur,Bihar,2,0.62,3.2,0.35,2.24,16.16,17.01,27.94,25.27,2.64,28.69,12.21,2.37,18.74
459,Kaimur,Bihar,3,0.41,2.74,0.1,1.29,10.18,16.88,42.3,31.28,2.97,34.88,16.75,2.5,24.01
459,Kaimur,Bihar,4,0.25,1.39,0.19,1.02,6.3,7.59,41.35,36.87,2.42,39.75,21.89,2.06,29.38
459,Kaimur,Bihar,5,0.58,2.01,1.59,3.82,11.18,11.84,35.9,38.44,2.28,41.28,25.29,1.7,31.86
459,Kaimur,Bihar,6,4.36,10.42,13.69,23.06,55.7,54.35,73.93,36.2,3.41,40.62,26.97,1.56,31.58
459,Kaimur,Bihar,7,9.11,13.15,24.91,36.11,59.86,230.69,299.89,31.93,1.79,34.22,26.13,1.06,29.03
459,Kaimur,Bihar,8,9.58,14.38,28.28,42.6,64.67,280.13,576.43,31.43,1.24,32.97,25.87,0.8,28.65
459,Kaimur,Bihar,9,6.32,12.32,19.89,30.8,61.7,251.32,769.76,31.24,1.5,33.03,25.1,1.08,28.17
459,Kaimur,Bihar,10,1.45,5.6,2.42,8.15,28.59,105.13,634.88,30.47,1.6,32.49,21.12,2.51,25.8
459,Kaimur,Bihar,11,0.13,1.38,0.0,0.0,2.95,15.6,365.81,27.32,1.73,29.49,15.56,2.52,21.44
459,Kaimur,Bihar,12,0.12,0.99,0.0,0.05,3.51,2.81,118.58,23.19,2.06,25.41,10.88,2.15,17.04
460,Bhagalpur,Bihar,1,0.38,2.35,0.07,0.67,12.94,7.32,33.23,23.01,2.06,25.45,11.49,1.89,17.25
460,Bhagalpur,Bihar,2,0.4,2.27,0.23,1.28,12.69,11.56,20.64,26.55,2.34,29.45,14.15,2.03,20.35
460,Bhagalpur,Bihar,3,0.35,2.37,0.24,1.43,7.63,10.32,28.89,32.07,2.56,35.31,18.55,2.21,25.31
460,Bhagalpur,Bihar,4,0.94,3.21,2.29,6.02,19.57,17.8,39.62,35.88,2.38,38.73,22.6,1.75,29.24
460,Bhagalpur,Bihar,5,3.03,7.36,10.08,15.72,29.14,53.43,81.83,35.48,2.29,38.61,25.02,1.6,30.25
460,Bhagalpur,Bihar,6,6.89,12.63,20.27,32.02,59.42,138.12,210.82,34.12,2.25,37.24,26.63,1.09,30.37
460,Bhagalpur,Bihar,7,11.56,16.14,32.4,48.94,72.81,317.4,513.59,32.25,1.27,33.75,26.65,0.82,29.45
460,Bhagalpur,Bihar,8,9.08,14.72,25.75,42.87,73.79,291.4,757.76,32.32,1.17,33.75,26.67,0.76,29.5
460,Bhagalpur,Bihar,9,8.26,15.54,24.2,39.46,74.32,261.48,875.78,32.03,1.42,33.69,26.03,0.92,29.03
460,Bhagalpur,Bihar,10,2.41,9.45,5.21,11.91,61.95,169.33,719.14,31.25,1.51,33.01,23.1,2.02,27.18
460,Bhagalpur,Bihar,11,0.21,2.27,0.0,0.09,2.8,25.74,453.41,28.58,1.48,30.42,17.79,2.2,23.18
460,Bhagalpur,Bihar,12,0.08,0.76,0.0,0.01,2.71,2.47,191.21,24.69,1.89,26.79,13.12,1.83,18.9
461,Bhandara,Maharashtra,1,0.65,2.47,1.68,3.83,11.16,15.18,50.86,26.51,2.11,29.07,14.16,2.29,20.33
461,Bhandara,Maharashtra,2,0.58,1.77,1.57,3.85,7.52,18.49,44.01,29.67,2.4,32.64,16.51,2.16,23.09
461,Bhandara,Maharashtra,3,0.78,2.98,1.73,4.04,16.39,21.81,55.17,34.36,2.67,37.59,20.41,2.13,27.39
461,Bhandara,Maharashtra,4,0.32,1.0,0.85,2.07,4.35,15.4,55.84,38.58,2.12,41.16,24.9,1.95,31.74
461,Bhandara,Maharashtra,5,0.44,1.34,1.3,2.62,6.68,8.93,46.04,40.62,2.05,43.04,28.39,1.78,34.51
461,Bhandara,Maharashtra,6,6.09,9.95,17.6,25.88,43.84,76.25,100.15,35.76,4.2,41.24,27.29,2.21,31.52
461,Bhandara,Maharashtra,7,12.65,14.74,32.36,42.46,59.49,297.18,386.15,30.11,2.09,32.82,24.85,1.03,27.48
461,Bhandara,Maharashtra,8,12.5,16.18,33.0,44.01,73.84,401.98,791.47,29.28,1.63,31.28,24.27,0.79,26.78
461,Bhandara,Maharashtra,9,7.46,12.23,19.99,30.31,60.83,304.46,1014.03,30.78,1.67,32.77,23.97,0.78,27.38
461,Bhandara,Maharashtra,10,2.01,5.89,6.14,11.54,29.44,131.95,834.79,31.22,1.55,33.11,21.29,2.09,26.26
461,Bhandara,Maharashtra,11,0.51,2.64,0.52,1.8,12.25,26.57,455.22,29.12,1.53,31.1,17.15,2.48,23.13
461,Bhandara,Maharashtra,12,0.31,1.53,0.5,1.57,5.67,10.55,163.44,26.87,1.65,29.02,14.06,2.19,20.46
462,Bhiwani,Haryana,1,0.31,1.88,0.07,0.98,9.95,6.43,15.03,20.33,2.63,23.48,6.89,2.37,13.61
462,Bhiwani,Haryana,2,0.73,3.44,0.56,3.79,17.11,15.52,24.17,23.96,3.11,28.11,9.8,2.73,16.88
462,Bhiwani,Haryana,3,0.51,2.75,0.34,2.23,13.26,21.01,42.75,30.05,3.57,34.53,14.78,2.8,22.41
462,Bhiwani,Haryana,4,0.24,1.44,0.09,0.91,5.96,9.84,46.39,36.62,3.38,40.84,20.38,2.87,28.5
462,Bhiwani,Haryana,5,0.85,3.84,1.26,4.94,16.63,14.08,44.53,40.21,2.99,43.62,25.07,2.59,32.64
462,Bhiwani,Haryana,6,1.35,4.37,4.24,8.48,18.37,30.09,54.08,39.43,3.03,43.12,27.93,2.03,33.68
462,Bhiwani,Haryana,7,4.64,10.73,15.79,25.78,51.87,99.19,144.33,35.39,2.61,38.88,27.47,1.5,31.43
462,Bhiwani,Haryana,8,5.03,11.5,17.8,28.75,57.01,150.26,283.84,33.93,1.92,36.36,26.53,1.04,30.23
462,Bhiwani,Haryana,9,2.78,9.63,7.98,15.49,52.9,118.19,373.01,34.32,1.98,36.74,24.53,1.59,29.42
462,Bhiwani,Haryana,10,0.53,3.89,0.0,0.47,15.78,41.78,309.09,33.12,2.27,35.96,18.98,2.55,26.05
462,Bhiwani,Haryana,11,0.06,0.77,0.0,0.01,0.79,6.76,163.28,27.8,2.32,30.64,13.31,2.34,20.55
462,Bhiwani,Haryana,12,0.12,0.89,0.0,0.13,4.39,2.37,48.65,22.47,2.66,25.63,8.34,2.41,15.4
463,Bhojpur,Bihar,1,0.38,1.95,0.18,1.66,9.34,7.1,24.47,21.7,2.5,24.53,9.68,2.3,15.69
463,Bhojpur,Bihar,2,0.5,2.58,0.26,1.97,11.11,13.04,21.85,25.32,2.55,28.59,12.4,2.3,18.86
463,Bhojpur,Bihar,3,0.35,2.2,0.1,1.01,10.31,14.73,34.56,31.27,2.89,34.77,16.83,2.5,24.05
463,Bhojpur,Bihar,4,0.31,1.48,0.38,1.4,6.85,7.03,34.76,36.46,2.39,39.39,21.83,1.98,29.15
463,Bhojpur,Bihar,5,0.76,3.02,1.67,5.16,12.01,14.22,35.78,37.42,2.4,40.56,25.06,1.72,31.24
463,Bhojpur,Bihar,6,4.46,10.59,13.92,22.97,56.69,60.76,82.23,35.81,3.19,40.08,26.69,1.47,31.25
463,Bhojpur,Bihar,7,8.76,14.64,26.5,42.28,67.78,232.87,310.93,32.23,1.68,34.23,26.39,1.02,29.31
463,Bhojpur,Bihar,8,8.33,14.96,25.77,42.0,73.29,239.34,543.4,31.93,1.25,33.45,26.29,0.84,29.11
463,Bhojpur,Bihar,9,6.27,12.52,19.09,36.5,59.87,239.93,718.15,31.59,1.51,33.38,25.58,1.1,28.58
463,Bhojpur,Bihar,10,1.52,6.23,2.49,7.9,29.63,107.02,584.32,30.84,1.55,32.8,21.75,2.5,26.29
463,Bhojpur,Bihar,11,0.14,1.36,0.0,0.02,3.72,17.14,359.19,27.9,1.68,30.03,15.99,2.49,21.95
463,Bhojpur,Bihar,12,0.08,0.74,0.0,0.06,1.61,2.07,121.29,23.63,2.14,25.91,11.22,2.15,17.42
464,Bid,Maharashtra,1,0.07,0.59,0.0,0.03,2.37,3.26,48.01,28.33,1.67,30.28,15.42,1.89,21.88
464,Bid,Maharashtra,2,0.04,0.23,0.0,0.06,1.04,1.31,16.48,31.01,1.91,33.51,17.22,1.86,24.12
464,Bid,Maharashtra,3,0.13,0.76,0.01,0.27,4.4,3.02,7.74,34.79,2.1,37.42,20.68,1.94,27.74
464,Bid,Maharashtra,4,0.29,1.74,0.28,1.13,6.6,6.51,10.94,37.99,1.72,39.99,24.05,1.65,31.02
464,Bid,Maharashtra,5,0.63,2.61,1.29,3.0,12.78,11.62,21.33,39.01,1.75,41.06,25.7,1.2,32.36
464,Bid,Maharashtra,6,4.08,8.21,12.2,20.65,40.7,67.68,86.07,33.65,3.17,38.06,24.63,1.22,29.14
464,Bid,Maharashtra,7,5.36,10.79,16.71,28.12,52.12,145.73,227.23,29.73,1.83,32.05,23.38,0.73,26.55
464,Bid,Maharashtra,8,5.1,10.32,16.59,27.49,46.84,154.95,374.89,28.76,1.45,30.45,22.71,0.59,25.74
464,Bid,Maharashtra,9,5.53,9.65,17.68,26.67,45.16,167.05,469.29,29.84,1.46,31.77,22.4,0.7,26.12
464,Bid,Maharashtra,10,2.45,7.26,6.74,14.05,38.68,127.1,448.82,30.64,1.53,32.63,20.88,1.71,25.76
464,Bid,Maharashtra,11,0.66,3.07,0.5,3.51,14.13,33.95,327.17,29.23,1.32,30.91,17.85,2.28,23.54
464,Bid,Maharashtra,12,0.21,1.94,0.0,0.01,4.17,12.66,170.14,27.89,1.5,29.72,15.29,2.09,21.59
465,Birbhum,West Bengal,1,0.34,1.99,0.08,1.13,9.87,7.07,56.47,24.21,2.03,26.64,12.18,2.1,18.2
465,Birbhum,West Bengal,2,0.68,3.1,0.33,3.22,17.73,14.63,26.92,27.9,2.47,31.14,15.04,2.2,21.47
465,Birbhum,West Bengal,3,0.87,3.89,0.91,4.44,19.93,22.12,43.53,33.22,2.54,36.36,19.5,2.32,26.36
465,Birbhum,West Bengal,4,1.75,5.8,4.53,11.49,30.44,37.19,74.07,36.6,2.3,39.53,23.68,1.79,30.14
465,Birbhum,West Bengal,5,3.91,9.2,12.36,20.03,44.33,81.19,141.15,35.98,2.23,39.07,25.89,1.68,30.93
465,Birbhum,West Bengal,6,8.47,13.63,25.27,37.72,62.99,181.62,301.88,34.2,2.41,37.43,26.85,1.17,30.52
465,Birbhum,West Bengal,7,11.47,15.99,32.02,45.59,71.37,325.53,593.26,32.2,1.3,33.75,26.31,0.82,29.26
465,Birbhum,West Bengal,8,9.45,14.35,26.5,40.54,70.32,307.15,824.21,32.06,1.14,33.38,26.22,0.71,29.14
465,Birbhum,West Bengal,9,8.07,14.52,22.4,36.99,72.16,254.58,890.61,31.99,1.43,33.62,25.72,0.86,28.86
465,Birbhum,West Bengal,10,4.32,12.25,12.94,29.83,60.63,207.59,766.63,31.44,1.5,33.2,23.16,1.9,27.3
465,Birbhum,West Bengal,11,0.32,2.21,0.01,0.56,8.45,48.51,508.45,28.9,1.45,30.77,18.3,2.26,23.6
465,Birbhum,West Bengal,12,0.16,1.48,0.0,0.02,5.82,5.56,256.68,25.35,1.72,27.31,13.73,1.95,19.54
466,Buldhana,Maharashtra,1,0.43,3.37,0.17,0.73,10.97,10.11,43.07,27.67,2.03,30.16,14.9,2.17,21.29
466,Buldhana,Maharashtra,2,0.14,0.85,0.1,0.32,3.51,7.59,30.01,30.49,2.29,33.48,16.96,2.16,23.73
466,Buldhana,Maharashtra,3,0.45,2.83,0.2,1.13,13.53,11.57,29.27,34.91,2.5,37.96,20.82,2.2,27.86
466,Buldhana,Maharashtra,4,0.11,1.34,0.05,0.19,1.95,6.51,25.95,38.67,1.93,40.97,24.81,1.89,31.74
466,Buldhana,Maharashtra,5,0.3,2.2,0.31,0.9,5.83,4.61,22.78,39.99,1.8,42.23,27.29,1.36,33.64
466,Buldhana,Maharashtra,6,5.32,11.81,16.05,25.77,62.63,72.56,83.42,35.0,3.62,39.7,26.06,1.68,30.53
466,Buldhana,Maharashtra,7,6.8,12.44,18.59,31.2,63.31,193.33,273.73,29.98,2.14,32.78,24.27,0.93,27.12
466,Buldhana,Maharashtra,8,6.96,14.66,18.91,30.29,68.8,222.78,498.14,28.67,1.6,30.6,23.53,0.74,26.1
466,Buldhana,Maharashtra,9,4.82,10.55,13.9,26.42,52.35,174.61,593.42,30.19,1.69,32.28,23.32,0.79,26.75
466,Buldhana,Maharashtra,10,1.5,5.4,2.81,7.76,28.99,90.6,486.92,31.26,1.64,33.49,21.21,2.06,26.24
466,Buldhana,Maharashtra,11,0.54,3.52,0.37,1.63,13.8,20.67,281.96,29.43,1.5,31.37,17.82,2.44,23.62
466,Buldhana,Maharashtra,12,0.25,2.39,0.04,0.23,5.64,12.46,120.34,27.61,1.68,29.74,14.94,2.21,21.28
467,Buxar,Bihar,1,0.41,2.51,0.09,1.61,12.47,7.68,23.54,21.76,2.53,24.65,9.59,2.32,15.67
467,Buxar,Bihar,2,0.52,2.88,0.14,1.51,13.47,13.52,23.04,25.43,2.58,28.75,12.32,2.33,18.88
467,Buxar,Bihar,3,0.4,2.75,0.02,0.58,13.32,15.36,36.24,31.47,2.91,35.01,16.8,2.51,24.13
467,Buxar,Bihar,4,0.28,1.7,0.14,0.94,7.86,7.73,36.58,36.77,2.39,39.68,21.91,2.02,29.34
467,Buxar,Bihar,5,0.83,3.05,1.74,5.75,15.97,14.82,37.67,37.86,2.36,40.88,25.22,1.7,31.54
467,Buxar,Bihar,6,4.37,11.22,14.53,24.44,59.67,58.41,81.17,36.13,3.24,40.44,26.87,1.49,31.5
467,Buxar,Bihar,7,8.89,14.92,27.04,38.46,72.34,230.18,306.52,32.34,1.74,34.42,26.45,1.04,29.4
467,Buxar,Bihar,8,8.83,16.57,29.55,44.64,79.52,256.28,555.49,31.99,1.26,33.52,26.33,0.83,29.16
467,Buxar,Bihar,9,6.3,13.6,19.63,36.01,71.39,245.16,738.39,31.67,1.51,33.47,25.59,1.1,28.63
467,Buxar,Bihar,10,1.64,7.34,2.37,9.84,34.89,112.0,611.53,30.99,1.55,32.96,21.61,2.53,26.3
467,Buxar,Bihar,11,0.1,0.85,0.0,0.02,2.68,15.53,367.52,28.02,1.7,30.17,15.86,2.5,21.94
467,Buxar,Bihar,12,0.07,0.48,0.0,0.08,2.16,2.0,124.56,23.71,2.16,26.02,11.09,2.16,17.4
468,Chamoli,Uttarakhand,1,1.34,5.3,2.15,6.15,29.53,35.58,72.58,12.48,2.29,15.39,3.19,1.88,7.83
468,Chamoli,Uttarakhand,2,1.87,5.74,4.47,9.67,31.99,44.33,95.48,14.43,2.65,17.74,5.55,2.26,9.99
468,Chamoli,Uttarakhand,3,1.84,6.13,4.27,10.56,30.78,58.18,137.39,19.56,3.07,23.41,9.5,2.66,14.53
468,Chamoli,Uttarakhand,4,1.16,5.03,2.05,5.56,17.98,43.44,146.21,24.62,2.78,28.0,13.82,2.5,19.22
468,Chamoli,Uttarakhand,5,1.53,4.38,3.9,9.53,19.91,43.58,144.81,27.41,2.44,30.33,17.3,1.98,22.35
468,Chamoli,Uttarakhand,6,4.32,11.16,13.32,21.13,44.78,70.23,157.01,27.86,2.43,31.03,19.39,1.45,23.62
468,Chamoli,Uttarakhand,7,8.38,10.83,22.37,30.35,52.31,201.07,317.17,25.91,1.82,28.24,20.0,1.05,22.96
468,Chamoli,Uttarakhand,8,7.26,10.77,18.58,25.68,42.22,252.02,532.31,25.28,1.41,26.96,19.52,0.86,22.4
468,Chamoli,Uttarakhand,9,4.53,10.28,12.57,20.71,51.72,178.89,638.04,24.91,1.52,26.58,17.36,1.38,21.14
468,Chamoli,Uttarakhand,10,1.01,3.93,1.92,5.28,19.52,70.86,498.98,22.69,1.77,24.82,12.77,1.97,17.73
468,Chamoli,Uttarakhand,11,0.58,3.68,0.54,1.51,13.65,20.58,265.46,18.91,1.68,20.88,8.65,1.72,13.78
468,Chamoli,Uttarakhand,12,0.71,3.37,0.88,2.87,15.74,16.16,104.23,15.02,2.28,17.58,5.06,1.83,10.04
469,Chandrapur,Maharashtra,1,0.37,1.91,0.58,1.64,7.8,8.66,48.92,27.68,1.95,29.97,15.54,2.21,21.61
469,Chandrapur,Maharashtra,2,0.61,2.65,0.87,2.97,13.14,15.49,31.82,30.74,2.21,33.62,17.88,2.05,24.31
469,Chandrapur,Maharashtra,3,0.79,3.57,1.28,4.11,17.42,22.72,46.56,35.11,2.47,38.15,21.64,2.01,28.38
469,Chandrapur,Maharashtra,4,0.58,2.54,1.01,2.54,11.07,18.66,57.03,38.87,2.02,41.3,26.0,1.85,32.43
469,Chandrapur,Maharashtra,5,0.52,2.5,0.98,1.93,8.98,15.94,57.32,40.72,2.07,43.12,29.16,1.7,34.94
469,Chandrapur,Maharashtra,6,6.66,13.05,19.09,32.77,64.08,79.83,114.27,35.7,4.07,41.19,27.59,2.21,31.64
469,Chandrapur,Maharashtra,7,12.37,16.37,32.2,44.77,79.2,307.31,407.16,30.35,2.04,32.97,25.1,1.06,27.73
469,Chandrapur,Maharashtra,8,12.09,19.05,30.72,46.85,104.75,393.18,796.42,29.4,1.59,31.31,24.49,0.81,26.95
469,Chandrapur,Maharashtra,9,6.72,12.55,17.82,27.93,61.21,290.83,1000.58,30.95,1.58,32.87,24.31,0.72,27.63
469,Chandrapur,Maharashtra,10,2.55,7.6,7.2,15.68,38.19,123.05,803.2,31.45,1.56,33.3,22.03,1.93,26.74
469,Chandrapur,Maharashtra,11,0.51,3.42,0.44,1.75,11.04,34.47,440.58,29.6,1.46,31.42,18.21,2.46,23.91
469,Chandrapur,Maharashtra,12,0.19,1.26,0.08,0.56,5.13,8.05,160.91,27.72,1.58,29.76,15.32,2.19,21.52
470,Changlang,Arunachal Pradesh,1,0.9,3.09,2.25,4.6,13.86,17.7,86.95,19.76,1.99,22.21,8.65,1.55,14.2
470,Changlang,Arunachal Pradesh,2,3.58,9.35,9.44,18.23,48.96,69.78,97.61,21.51,2.44,24.56,10.82,1.77,16.16
470,Changlang,Arunachal Pradesh,3,6.39,13.57,19.05,34.75,67.02,133.53,219.35,24.38,2.56,27.75,13.99,1.67,19.19
470,Changlang,Arunachal Pradesh,4,8.15,11.9,23.98,34.96,52.22,242.38,446.68,25.96,2.46,29.05,16.67,1.47,21.32
470,Changlang,Arunachal Pradesh,5,8.4,15.99,26.79,38.75,67.53,240.72,619.39,27.6,2.43,30.62,19.67,1.55,23.63
470,Changlang,Arunachal Pradesh,6,17.14,21.83,43.74,62.54,95.98,365.72,850.16,28.4,1.87,30.84,22.41,1.08,25.41
470,Changlang,Arunachal Pradesh,7,19.95,21.37,50.54,64.71,91.82,588.14,1200.36,28.15,1.74,30.42,23.01,0.93,25.58
470,Changlang,Arunachal Pradesh,8,14.93,15.54,36.31,46.37,68.59,510.16,1480.08,28.77,1.62,30.82,23.1,0.81,25.93
470,Changlang,Arunachal Pradesh,9,10.56,13.77,28.24,38.45,66.03,398.46,1498.21,28.26,1.88,30.79,21.92,0.94,25.09
470,Changlang,Arunachal Pradesh,10,5.0,12.6,15.45,29.47,65.68,236.29,1137.53,27.07,2.01,29.46,18.8,1.89,22.94
470,Changlang,Arunachal Pradesh,11,0.63,1.72,2.37,3.98,8.2,63.26,691.02,24.2,1.92,26.45,13.69,1.87,18.95
470,Changlang,Arunachal Pradesh,12,0.41,1.09,1.39,2.52,5.51,11.12,303.49,21.1,1.75,23.19,9.76,1.72,15.43
471,Dakshin Dinajpur,West Bengal,1,0.34,1.52,0.48,1.66,7.44,6.23,49.78,22.9,1.84,25.22,11.68,1.7,17.29
471,Dakshin Dinajpur,West Bengal,2,0.4,2.79,0.56,1.66,6.9,10.29,18.27,26.19,2.26,29.03,14.04,2.05,20.11
471,Dakshin Dinajpur,West Bengal,3,0.63,2.78,1.02,3.57,13.7,13.9,30.25,31.22,2.56,34.49,18.61,2.32,24.92
471,Dakshin Dinajpur,West Bengal,4,2.45,5.77,8.68,15.06,26.5,41.41,65.7,33.84,2.93,37.65,22.31,1.67,28.08
471,Dakshin Dinajpur,West Bengal,5,6.48,10.72,19.89,26.26,47.54,129.56,186.26,32.94,2.51,36.42,24.3,1.49,28.62
471,Dakshin Dinajpur,West Bengal,6,11.07,16.17,32.16,40.94,72.08,256.21,430.82,32.36,1.81,34.76,25.83,0.9,29.1
471,Dakshin Dinajpur,West Bengal,7,13.53,18.77,36.6,51.12,89.47,404.94,797.21,31.71,1.29,33.24,26.03,0.72,28.87
471,Dakshin Dinajpur,West Bengal,8,11.83,18.65,34.24,45.45,89.74,361.48,1032.21,31.84,1.27,33.43,26.05,0.67,28.94
471,Dakshin Dinajpur,West Bengal,9,10.05,18.55,28.46,41.99,94.08,337.68,1106.82,31.43,1.5,33.15,25.25,0.86,28.34
471,Dakshin Dinajpur,West Bengal,10,5.38,19.21,11.25,27.53,106.93,259.01,955.24,30.47,1.58,32.34,22.44,2.0,26.46
471,Dakshin Dinajpur,West Bengal,11,0.15,1.21,0.05,0.31,2.68,47.14,640.84,28.05,1.44,29.8,17.49,1.98,22.77
471,Dakshin Dinajpur,West Bengal,12,0.07,0.64,0.0,0.11,1.75,2.11,302.21,24.54,1.72,26.64,13.32,1.75,18.93
472,Darbhanga,Bihar,1,0.41,2.35,0.16,0.94,12.59,10.61,36.62,22.41,2.24,25.0,10.34,1.96,16.38
472,Darbhanga,Bihar,2,0.58,3.7,0.3,1.36,13.74,13.71,29.07,25.87,2.38,28.88,12.93,2.1,19.4
472,Darbhanga,Bihar,3,0.56,4.72,0.27,1.47,13.07,13.45,37.61,31.58,2.64,34.87,17.54,2.43,24.56
472,Darbhanga,Bihar,4,0.97,3.78,1.52,5.18,20.09,23.36,50.46,35.92,2.34,38.76,22.18,1.86,29.05
472,Darbhanga,Bihar,5,3.29,8.93,10.43,18.87,42.68,62.02,99.05,36.19,2.32,39.35,24.93,1.65,30.56
472,Darbhanga,Bihar,6,5.98,12.68,18.29,31.33,64.56,130.98,217.86,34.92,2.49,38.34,26.54,1.16,30.73
472,Darbhanga,Bihar,7,11.48,17.63,35.59,48.85,77.68,292.73,489.92,32.55,1.41,34.28,26.64,0.85,29.59
472,Darbhanga,Bihar,8,8.39,17.71,21.94,43.51,93.28,280.54,714.17,32.58,1.24,34.12,26.63,0.77,29.61
472,Darbhanga,Bihar,9,6.88,13.72,20.98,34.12,67.95,239.02,818.36,32.14,1.51,33.93,25.88,1.01,29.01
472,Darbhanga,Bihar,10,1.75,7.02,2.99,10.09,37.15,129.75,645.25,31.38,1.55,33.18,22.37,2.29,26.88
472,Darbhanga,Bihar,11,0.29,4.02,0.01,0.18,2.1,21.82,386.65,28.59,1.63,30.67,16.71,2.29,22.65
472,Darbhanga,Bihar,12,0.21,2.23,0.01,0.16,3.69,5.46,151.66,24.35,2.04,26.63,11.97,1.96,18.16
473,Darjiling,West Bengal,1,0.37,1.95,0.42,1.05,9.7,6.46,38.36,21.97,1.89,24.33,12.32,1.54,17.15
473,Darjiling,West Bengal,2,0.8,4.28,0.92,4.27,13.4,16.34,23.94,24.58,2.2,27.32,14.05,1.8,19.31
473,Darjiling,West Bengal,3,1.11,5.32,1.93,5.86,18.99,22.96,45.59,29.13,2.38,32.2,17.45,2.02,23.29
473,Darjiling,West Bengal,4,4.27,12.71,11.33,24.22,68.53,80.85,120.2,31.63,2.39,34.63,20.67,1.69,26.15
473,Darjiling,West Bengal,5,6.81,14.04,19.34,30.8,62.51,155.08,260.89,31.38,1.86,33.87,23.45,1.46,27.42
473,Darjiling,West Bengal,6,15.3,20.73,40.41,56.82,96.7,335.18,574.94,31.12,1.47,33.04,25.58,0.96,28.35
473,Darjiling,West Bengal,7,23.06,27.51,60.01,80.47,128.87,635.96,1133.65,30.54,1.27,32.16,26.15,0.83,28.34
473,Darjiling,West Bengal,8,17.98,25.44,48.61,67.81,118.59,576.31,1567.81,31.01,1.27,32.57,26.13,0.76,28.57
473,Darjiling,West Bengal,9,13.35,22.42,37.5,55.48,107.79,496.32,1716.25,30.67,1.41,32.45,25.1,0.95,27.88
473,Darjiling,West Bengal,10,3.32,10.28,8.99,19.55,50.7,231.4,1296.15,29.96,1.53,31.73,21.75,1.89,25.85
473,Darjiling,West Bengal,11,0.1,0.58,0.1,0.36,2.34,34.48,751.98,27.23,1.63,29.38,17.34,1.67,22.29
473,Darjiling,West Bengal,12,0.04,0.25,0.03,0.15,1.03,1.39,256.76,23.8,1.76,25.88,13.84,1.65,18.82
474,Dhule,Maharashtra,1,0.03,0.27,0.0,0.02,0.89,1.3,24.13,28.12,1.94,30.59,14.39,1.97,21.25
474,Dhule,Maharashtra,2,0.02,0.27,0.0,0.0,0.61,0.75,7.69,30.68,2.34,33.64,16.25,2.16,23.47
474,Dhule,Maharashtra,3,0.03,0.22,0.0,0.01,0.54,0.77,2.86,35.1,2.42,38.07,20.15,2.13,27.63
474,Dhule,Maharashtra,4,0.01,0.1,0.0,0.0,0.28,0.53,2.07,38.61,1.79,40.78,23.8,1.72,31.21
474,Dhule,Maharashtra,5,0.23,1.68,0.04,0.61,4.49,2.74,4.04,39.41,1.57,41.3,25.98,1.07,32.69
474,Dhule,Maharashtra,6,4.6,10.96,14.28,24.64,53.88,59.67,63.0,35.14,3.06,39.06,25.99,1.09,30.56
474,Dhule,Maharashtra,7,7.23,13.56,22.52,36.92,60.95,190.42,255.77,30.35,1.93,32.87,24.77,0.79,27.56
474,Dhule,Maharashtra,8,5.6,11.95,15.29,27.6,64.82,200.64,460.33,29.17,1.39,30.88,24.04,0.65,26.6
474,Dhule,Maharashtra,9,5.12,11.38,15.42,31.59,55.15,161.29,555.66,30.78,1.67,32.9,23.69,0.81,27.23
474,Dhule,Maharashtra,10,1.34,5.01,2.49,8.42,28.5,94.34,454.39,32.72,1.53,34.61,21.79,2.02,27.25
474,Dhule,Maharashtra,11,0.32,2.01,0.02,0.64,9.27,18.0,271.01,30.81,1.46,32.7,18.34,2.36,24.57
474,Dhule,Maharashtra,12,0.07,0.57,0.0,0.01,3.26,5.75,114.29,28.62,1.61,30.55,15.19,2.08,21.9
475,Dibang Valley,Arunachal Pradesh,1,0.36,1.18,0.82,2.12,5.81,8.66,50.72,15.24,2.22,18.07,6.16,2.08,10.7
475,Dibang Valley,Arunachal Pradesh,2,0.79,2.54,1.95,4.19,14.25,16.84,32.03,16.65,2.47,19.82,8.95,2.24,12.8
475,Dibang Valley,Arunachal Pradesh,3,1.38,3.81,3.93,7.2,19.83,26.73,51.92,19.37,2.64,22.78,12.23,2.17,15.8
475,Dibang Valley,Arunachal Pradesh,4,4.93,8.91,16.06,23.92,41.93,108.23,151.96,21.38,2.55,24.55,14.4,1.84,17.89
475,Dibang Valley,Arunachal Pradesh,5,3.8,9.04,11.66,19.65,52.07,125.93,262.87,24.1,2.65,27.67,16.88,1.88,20.49
475,Dibang Valley,Arunachal Pradesh,6,7.01,14.43,20.49,35.73,70.83,143.26,379.95,25.65,2.25,28.69,20.07,1.75,22.86
475,Dibang Valley,Arunachal Pradesh,7,7.18,11.98,21.47,32.68,55.66,233.03,503.47,25.91,2.09,28.7,20.93,1.48,23.42
475,Dibang Valley,Arunachal Pradesh,8,6.64,11.53,18.66,29.68,55.75,203.89,585.6,26.64,2.02,29.36,20.96,1.33,23.8
475,Dibang Valley,Arunachal Pradesh,9,5.04,11.4,14.91,30.73,58.21,191.17,628.61,25.81,2.15,28.8,19.71,1.46,22.76
475,Dibang Valley,Arunachal Pradesh,10,2.55,8.21,5.36,15.96,44.68,104.19,497.37,24.07,2.45,27.21,16.1,2.3,20.09
475,Dibang Valley,Arunachal Pradesh,11,0.37,1.46,0.74,2.39,7.24,37.56,329.61,20.39,2.22,23.16,10.81,1.97,15.6
475,Dibang Valley,Arunachal Pradesh,12,0.22,0.94,0.42,1.05,4.43,7.2,145.73,16.54,2.32,19.39,6.99,2.39,11.76
476,Paren,Nagaland,1,0.46,1.68,1.01,2.51,9.49,10.79,95.01,21.56,1.9,23.91,10.25,1.55,15.91
476,Paren,Nagaland,2,1.27,3.87,3.86,8.05,19.44,23.84,48.68,24.09,2.33,27.04,12.35,1.87,18.22
476,Paren,Nagaland,3,2.59,6.35,8.49,14.96,32.74,50.14,84.52,27.53,2.38,30.57,15.81,1.92,21.67
476,Paren,Nagaland,4,5.04,7.75,14.53,21.76,34.61,117.57,192.16,28.87,2.29,31.7,18.82,1.59,23.85
476,Paren,Nagaland,5,8.8,15.03,25.7,37.67,68.55,206.75,376.98,29.54,2.1,32.12,21.56,1.55,25.55
476,Paren,Nagaland,6,11.7,15.1,31.04,39.8,65.57,317.12,645.58,30.09,1.64,32.22,23.98,0.93,27.04
476,Paren,Nagaland,7,8.93,10.89,21.28,32.18,50.11,313.26,842.04,29.92,1.55,31.93,24.54,0.73,27.23
476,Paren,Nagaland,8,10.04,10.07,24.71,31.34,41.07,283.46,915.03,30.04,1.44,31.85,24.69,0.7,27.37
476,Paren,Nagaland,9,9.97,13.11,25.99,37.1,56.07,306.26,899.21,29.74,1.68,31.93,23.78,0.88,26.76
476,Paren,Nagaland,10,5.59,12.88,19.39,32.22,66.96,245.49,835.87,28.66,1.8,30.84,21.11,1.72,24.88
476,Paren,Nagaland,11,0.91,3.55,2.04,5.35,17.41,76.1,626.04,25.94,1.71,28.02,16.15,2.0,21.04
476,Paren,Nagaland,12,0.27,1.05,0.71,1.81,4.26,14.67,330.5,22.75,1.7,24.98,11.96,1.74,17.35
477,East Kameng,Arunachal Pradesh,1,0.51,1.49,1.64,2.9,6.27,13.65,57.35,20.2,1.78,22.49,12.36,1.52,16.28
477,East Kameng,Arunachal Pradesh,2,0.4,1.02,1.07,2.19,4.82,13.52,36.53,21.83,2.13,24.44,14.65,1.87,18.24
477,East Kameng,Arunachal Pradesh,3,0.88,2.17,2.52,4.32,11.59,15.51,42.59,25.09,2.09,27.81,17.81,1.69,21.45
477,East Kameng,Arunachal Pradesh,4,4.15,7.22,12.3,19.85,37.22,76.03,105.13,27.21,1.99,29.67,20.36,1.47,23.79
477,East Kameng,Arunachal Pradesh,5,3.29,5.88,9.38,14.82,26.86,112.5,206.17,29.26,1.86,31.56,22.94,1.46,26.1
477,East Kameng,Arunachal Pradesh,6,8.2,11.07,23.14,30.59,48.53,162.6,353.86,30.46,1.48,32.31,25.72,1.07,28.09
477,East Kameng,Arunachal Pradesh,7,3.77,4.82,9.64,13.71,21.22,191.29,468.37,30.43,1.4,32.24,26.48,0.79,28.46
477,East Kameng,Arunachal Pradesh,8,6.95,8.53,17.89,23.67,37.78,157.57,514.57,30.92,1.38,32.65,26.46,0.75,28.69
477,East Kameng,Arunachal Pradesh,9,7.19,10.07,20.44,28.54,44.75,226.35,570.36,30.24,1.52,32.26,25.4,0.93,27.82
477,East Kameng,Arunachal Pradesh,10,2.82,7.07,7.94,18.3,38.4,149.52,536.22,28.63,1.7,30.79,21.94,1.86,25.28
477,East Kameng,Arunachal Pradesh,11,0.41,1.3,1.05,2.73,6.66,36.62,410.29,25.23,1.72,27.4,17.13,1.6,21.18
477,East Kameng,Arunachal Pradesh,12,0.38,1.08,1.22,2.6,5.67,9.94,191.09,21.75,1.65,23.81,13.63,1.63,17.69
478,Purba Medinipur,West Bengal,1,0.41,2.52,0.01,1.17,11.56,7.04,100.0,25.73,1.82,27.96,14.25,2.09,19.99
478,Purba Medinipur,West Bengal,2,0.78,3.36,0.39,4.88,16.69,17.86,35.69,28.77,2.23,31.52,17.62,2.29,23.19
478,Purba Medinipur,West Bengal,3,1.01,4.67,0.74,5.71,28.73,23.42,47.94,32.66,1.95,35.08,22.13,2.13,27.39
478,Purba Medinipur,West Bengal,4,1.53,5.38,3.73,9.42,26.38,40.3,81.55,34.54,1.72,36.64,25.32,1.57,29.93
478,Purba Medinipur,West Bengal,5,4.13,9.76,14.7,24.86,44.94,81.98,146.2,34.38,1.65,36.38,26.92,1.55,30.65
478,Purba Medinipur,West Bengal,6,8.52,15.19,24.77,37.28,78.64,184.34,308.3,32.96,2.03,35.56,27.43,1.15,30.19
478,Purba Medinipur,West Bengal,7,10.61,16.37,29.37,44.94,84.77,300.84,572.08,31.4,1.19,32.86,26.91,0.72,29.15
478,Purba Medinipur,West Bengal,8,11.09,16.76,29.33,45.62,85.31,342.88,837.19,31.33,1.1,32.68,26.76,0.62,29.05
478,Purba Medinipur,West Bengal,9,11.51,19.9,34.65,52.23,92.26,332.36,979.88,31.39,1.35,32.94,26.48,0.74,28.94
478,Purba Medinipur,West Bengal,10,5.95,16.29,16.95,34.96,92.78,267.86,943.68,31.18,1.38,32.71,24.32,1.77,27.75
478,Purba Medinipur,West Bengal,11,0.97,6.13,0.06,2.39,30.14,86.16,684.31,29.37,1.41,31.11,19.66,2.39,24.51
478,Purba Medinipur,West Bengal,12,0.11,1.82,0.0,0.0,1.82,12.03,358.61,26.56,1.57,28.43,15.32,1.97,20.94
479,Faridabad,Haryana,1,0.66,4.18,0.37,1.51,18.34,14.61,24.86,19.99,2.72,23.19,7.31,2.29,13.65
479,Faridabad,Haryana,2,0.73,3.97,0.51,2.48,18.03,20.79,40.76,23.46,2.9,27.06,10.31,2.63,16.88
479,Faridabad,Haryana,3,0.46,3.18,0.35,1.01,11.37,19.74,54.85,29.64,3.38,33.93,15.18,2.68,22.41
479,Faridabad,Haryana,4,0.38,3.48,0.07,0.29,6.48,9.7,50.21,36.41,3.19,40.41,20.81,2.77,28.61
479,Faridabad,Haryana,5,0.76,4.85,0.69,2.3,15.64,19.45,48.55,39.71,2.87,42.99,25.27,2.43,32.49
479,Faridabad,Haryana,6,2.16,10.96,2.8,10.92,40.89,32.62,62.09,38.79,3.14,42.77,27.8,1.92,33.3
479,Faridabad,Haryana,7,7.17,20.27,18.83,43.26,102.81,149.21,202.72,34.43,2.54,38.0,27.27,1.46,30.85
479,Faridabad,Haryana,8,8.33,22.84,25.67,43.77,105.42,233.36,423.01,33.04,1.77,35.26,26.57,1.03,29.8
479,Faridabad,Haryana,9,4.82,16.82,11.31,29.55,84.82,223.98,614.64,33.22,1.98,35.49,24.82,1.53,29.02
479,Faridabad,Haryana,10,0.49,4.29,0.19,0.85,10.22,56.97,512.28,32.3,2.12,34.86,19.38,2.57,25.84
479,Faridabad,Haryana,11,0.11,1.44,0.0,0.0,1.24,5.17,279.57,27.46,2.27,30.32,13.82,2.32,20.64
479,Faridabad,Haryana,12,0.27,2.78,0.06,0.32,4.42,5.53,63.81,22.22,2.67,25.25,8.92,2.36,15.57
480,Faridkot,Punjab,1,0.7,3.83,0.79,1.97,17.9,14.56,32.55,18.55,2.37,21.34,5.92,2.13,12.24
480,Faridkot,Punjab,2,0.95,5.4,1.36,3.17,23.13,24.31,43.92,21.66,2.93,25.46,8.52,2.48,15.09
480,Faridkot,Punjab,3,0.96,5.29,1.4,3.73,22.09,29.36,67.72,27.34,3.54,31.78,13.07,2.74,20.2
480,Faridkot,Punjab,4,0.54,2.9,0.54,1.69,14.2,22.97,76.68,34.46,3.71,39.18,18.6,2.9,26.53
480,Faridkot,Punjab,5,0.48,2.59,0.64,1.66,10.16,15.46,67.53,38.89,3.14,42.51,23.48,2.54,31.18
480,Faridkot,Punjab,6,1.51,5.18,4.04,9.29,23.17,21.94,59.98,38.86,2.98,42.69,26.64,2.06,32.75
480,Faridkot,Punjab,7,4.59,11.48,13.17,26.31,59.44,100.63,138.9,34.99,2.39,38.08,26.73,1.31,30.86
480,Faridkot,Punjab,8,3.99,10.91,11.88,19.94,52.91,135.86,263.5,33.78,1.76,35.94,26.02,1.02,29.9
480,Faridkot,Punjab,9,2.3,8.92,3.67,10.99,46.1,93.71,334.57,33.62,1.8,35.73,23.64,1.73,28.63
480,Faridkot,Punjab,10,0.59,6.5,0.2,0.77,8.92,37.69,265.6,31.56,2.19,34.3,17.88,2.54,24.72
480,Faridkot,Punjab,11,0.31,4.09,0.04,0.27,2.96,12.24,141.09,26.16,2.17,28.84,12.05,2.26,19.11
480,Faridkot,Punjab,12,0.23,1.97,0.1,0.54,4.15,5.89,54.13,20.76,2.5,23.68,7.22,2.15,13.99
481,Fatehabad,Haryana,1,0.5,2.75,0.62,1.6,13.51,13.74,28.34,19.17,2.52,22.14,6.43,2.28,12.8
481,Fatehabad,Haryana,2,0.93,3.83,1.3,4.48,18.53,20.96,39.64,22.5,3.0,26.4,9.28,2.63,15.89
481,Fatehabad,Haryana,3,0.72,3.73,0.97,2.57,14.42,26.94,61.34,28.42,3.58,32.98,14.01,2.8,21.21
481,Fatehabad,Haryana,4,0.59,3.97,0.57,1.36,13.3,18.83,66.77,35.31,3.49,39.7,19.58,2.92,27.45
481,Fatehabad,Haryana,5,0.51,2.24,0.83,2.11,11.13,14.98,60.4,39.21,3.06,42.72,24.24,2.57,31.72
481,Fatehabad,Haryana,6,1.75,6.69,3.54,8.2,33.28,28.14,61.85,38.72,3.05,42.51,27.09,2.07,32.91
481,Fatehabad,Haryana,7,4.07,10.32,10.39,20.74,54.95,94.55,138.41,34.97,2.51,38.25,26.97,1.45,30.97
481,Fatehabad,Haryana,8,3.67,10.02,9.25,19.01,50.36,124.6,251.91,33.6,1.87,35.87,26.24,1.05,29.92
481,Fatehabad,Haryana,9,2.88,10.53,5.89,14.17,57.23,98.1,320.83,33.54,1.91,35.83,23.96,1.68,28.75
481,Fatehabad,Haryana,10,0.69,6.24,0.29,0.75,16.8,46.08,267.51,31.91,2.24,34.72,18.33,2.57,25.12
481,Fatehabad,Haryana,11,0.1,1.1,0.0,0.06,1.42,9.82,152.07,26.66,2.21,29.3,12.62,2.31,19.64
481,Fatehabad,Haryana,12,0.35,2.85,0.2,0.57,7.53,5.1,58.75,21.39,2.59,24.4,7.78,2.31,14.59
482,Fatehgarh Sahib,Punjab,1,1.47,7.65,0.38,5.87,41.29,29.72,58.61,18.0,2.35,20.79,6.31,2.0,12.15
482,Fatehgarh Sahib,Punjab,2,1.5,8.23,1.25,8.85,28.75,47.87,87.56,20.89,2.84,24.53,8.56,2.29,14.72
482,Fatehgarh Sahib,Punjab,3,1.41,8.48,0.96,5.47,28.46,50.12,126.58,26.54,3.41,30.87,12.58,2.52,19.56
482,Fatehgarh Sahib,Punjab,4,0.46,2.95,0.17,1.28,12.83,21.01,118.94,33.38,3.48,37.8,17.47,2.67,25.43
482,Fatehgarh Sahib,Punjab,5,0.88,4.28,0.75,4.19,18.9,20.12,90.43,37.28,3.05,40.88,21.84,2.38,29.56
482,Fatehgarh Sahib,Punjab,6,2.48,7.81,7.14,15.02,35.51,44.4,85.25,36.82,3.1,40.74,24.77,1.96,30.8
482,Fatehgarh Sahib,Punjab,7,6.19,12.88,19.57,30.23,65.06,139.98,205.98,32.7,2.23,35.45,25.31,1.25,29.0
482,Fatehgarh Sahib,Punjab,8,8.39,18.66,27.12,43.81,97.23,239.29,430.23,31.58,1.66,33.46,24.86,0.96,28.22
482,Fatehgarh Sahib,Punjab,9,4.49,15.7,11.1,25.51,89.75,184.44,571.1,31.53,1.71,33.48,22.67,1.71,27.1
482,Fatehgarh Sahib,Punjab,10,0.62,4.79,0.02,0.78,16.84,63.87,487.35,30.36,2.0,32.76,16.86,2.57,23.61
482,Fatehgarh Sahib,Punjab,11,0.53,6.23,0.0,0.08,11.38,17.19,259.6,25.59,2.12,28.19,11.54,2.05,18.56
482,Fatehgarh Sahib,Punjab,12,0.52,3.66,0.04,0.9,13.33,11.68,89.14,20.41,2.45,23.19,7.45,2.0,13.93
483,Fazilka,Punjab,1,0.33,1.72,0.51,1.37,8.15,7.69,12.86,18.95,2.33,21.82,6.2,2.14,12.58
483,Fazilka,Punjab,2,0.68,2.64,1.41,3.89,12.32,14.73,24.17,22.07,2.91,25.82,8.84,2.53,15.46
483,Fazilka,Punjab,3,0.71,2.87,1.32,3.55,15.11,21.17,43.25,27.79,3.55,32.26,13.66,2.8,20.72
483,Fazilka,Punjab,4,0.25,1.16,0.32,1.0,6.59,14.38,50.35,34.74,3.71,39.51,19.29,2.93,27.02
483,Fazilka,Punjab,5,0.31,1.52,0.44,1.45,7.21,7.5,42.85,39.14,3.11,42.65,24.22,2.52,31.68
483,Fazilka,Punjab,6,1.58,5.21,4.41,9.35,27.87,24.47,45.91,39.2,2.91,42.91,27.37,2.05,33.28
483,Fazilka,Punjab,7,2.98,6.8,9.96,15.68,37.5,73.9,106.77,35.66,2.5,38.88,27.19,1.42,31.43
483,Fazilka,Punjab,8,1.93,5.55,5.16,10.39,27.04,76.96,178.79,34.52,1.92,36.96,26.45,1.09,30.49
483,Fazilka,Punjab,9,1.67,5.84,4.49,9.54,34.78,56.2,208.65,34.27,1.9,36.6,24.13,1.73,29.2
483,Fazilka,Punjab,10,0.19,1.17,0.08,0.7,4.65,21.48,153.37,31.99,2.24,34.81,18.52,2.49,25.25
483,Fazilka,Punjab,11,0.05,0.56,0.0,0.0,1.59,3.16,79.67,26.49,2.21,29.17,12.7,2.27,19.59
483,Fazilka,Punjab,12,0.12,0.74,0.03,0.41,3.33,2.04,25.23,21.11,2.48,24.12,7.66,2.22,14.39
484,Firozpur,Punjab,1,0.7,3.34,1.09,3.18,20.13,14.06,29.58,18.6,2.22,21.31,6.13,2.04,12.36
484,Firozpur,Punjab,2,0.88,3.96,1.87,5.28,14.84,23.37,41.99,21.55,2.84,25.17,8.63,2.39,15.09
484,Firozpur,Punjab,3,0.98,3.87,2.25,5.69,19.91,28.84,65.7,27.25,3.55,31.76,13.17,2.71,20.21
484,Firozpur,Punjab,4,0.61,2.61,1.08,2.99,14.51,23.95,76.23,34.35,3.78,39.3,18.57,2.82,26.46
484,Firozpur,Punjab,5,0.5,2.36,0.81,2.4,9.46,17.01,69.65,38.98,3.2,42.71,23.45,2.45,31.22
484,Firozpur,Punjab,6,1.42,4.38,4.61,8.52,20.13,20.78,61.39,39.06,2.96,42.81,26.69,2.0,32.88
484,Firozpur,Punjab,7,5.24,10.74,15.97,25.53,54.52,106.31,144.92,34.98,2.43,38.15,26.76,1.31,30.87
484,Firozpur,Punjab,8,3.75,9.32,11.28,18.81,41.68,145.01,277.78,33.78,1.81,35.94,26.11,1.04,29.95
484,Firozpur,Punjab,9,1.98,7.24,4.7,10.36,38.76,84.65,340.93,33.74,1.87,35.96,23.84,1.76,28.79
484,Firozpur,Punjab,10,0.4,2.84,0.13,1.17,7.06,28.84,255.95,31.68,2.18,34.44,18.1,2.54,24.89
484,Firozpur,Punjab,11,0.29,3.18,0.0,0.2,3.33,10.17,121.07,26.28,2.19,29.0,12.3,2.22,19.29
484,Firozpur,Punjab,12,0.17,0.96,0.16,0.65,4.85,5.47,42.98,20.82,2.4,23.7,7.49,2.06,14.16
485,Gadchiroli,Maharashtra,1,0.47,1.71,1.17,2.67,7.07,10.21,52.73,27.96,1.85,30.14,15.4,2.15,21.68
485,Gadchiroli,Maharashtra,2,0.4,1.45,0.93,2.0,6.31,13.23,31.46,31.01,2.13,33.75,17.87,1.95,24.44
485,Gadchiroli,Maharashtra,3,0.68,2.47,1.6,3.35,13.94,16.55,39.74,35.25,2.36,38.06,21.57,1.94,28.41
485,Gadchiroli,Maharashtra,4,0.54,1.69,1.51,2.59,8.7,18.32,48.24,38.58,1.98,40.91,25.67,1.69,32.12
485,Gadchiroli,Maharashtra,5,0.73,1.91,2.22,3.85,9.29,17.23,52.28,40.48,2.18,42.94,28.39,1.63,34.43
485,Gadchiroli,Maharashtra,6,6.08,9.37,17.16,25.49,44.82,86.62,122.07,35.45,4.08,41.1,27.14,2.05,31.29
485,Gadchiroli,Maharashtra,7,13.18,14.47,31.9,39.54,63.96,298.61,406.06,30.24,1.95,32.78,24.88,0.98,27.56
485,Gadchiroli,Maharashtra,8,14.73,18.71,35.43,47.44,85.89,451.67,852.87,29.48,1.55,31.41,24.37,0.76,26.92
485,Gadchiroli,Maharashtra,9,7.0,9.92,18.4,25.58,46.31,326.76,1089.03,30.88,1.52,32.69,24.24,0.66,27.56
485,Gadchiroli,Maharashtra,10,2.74,6.15,8.57,14.64,28.93,136.56,911.75,31.32,1.5,33.1,21.96,1.85,26.64
485,Gadchiroli,Maharashtra,11,0.54,2.19,1.02,3.1,10.93,36.77,490.31,29.72,1.4,31.46,18.11,2.46,23.91
485,Gadchiroli,Maharashtra,12,0.22,0.97,0.33,1.07,4.46,8.47,177.03,27.96,1.46,29.88,15.14,2.18,21.55
486,Gaya,Bihar,1,0.38,2.39,0.29,0.88,9.46,6.69,27.17,22.86,2.3,25.63,10.08,2.3,16.47
486,Gaya,Bihar,2,0.47,2.08,0.57,2.35,11.71,13.22,21.25,26.53,2.59,29.92,12.9,2.28,19.71
486,Gaya,Bihar,3,0.33,1.89,0.36,1.42,6.55,13.11,32.65,32.32,2.83,35.71,17.44,2.42,24.88
486,Gaya,Bihar,4,0.26,1.14,0.41,1.2,5.69,6.81,33.01,37.36,2.38,40.32,22.35,1.92,29.86
486,Gaya,Bihar,5,0.81,3.27,2.09,3.95,11.92,13.46,33.2,38.41,2.4,41.59,25.45,1.64,31.93
486,Gaya,Bihar,6,4.72,10.33,14.92,24.15,54.76,63.56,84.03,36.0,3.29,40.58,26.98,1.43,31.49
486,Gaya,Bihar,7,9.19,13.69,25.7,36.71,68.51,242.88,323.18,32.13,1.59,34.02,26.24,0.94,29.19
486,Gaya,Bihar,8,9.65,13.87,27.47,38.99,61.6,276.5,594.08,31.8,1.18,33.27,26.0,0.77,28.9
486,Gaya,Bihar,9,6.15,10.78,18.16,27.16,56.16,244.64,771.17,31.65,1.44,33.38,25.32,1.01,28.49
486,Gaya,Bihar,10,1.84,6.81,3.82,10.44,32.81,115.98,635.35,30.93,1.52,32.81,21.58,2.4,26.25
486,Gaya,Bihar,11,0.12,0.84,0.0,0.19,2.69,20.32,375.25,28.13,1.57,30.12,16.01,2.47,22.07
486,Gaya,Bihar,12,0.08,0.61,0.0,0.05,1.81,2.07,133.71,24.35,1.88,26.4,11.34,2.11,17.84
487,Gondia,Maharashtra,1,0.7,3.26,1.2,3.0,11.8,16.74,55.49,26.5,2.13,29.09,13.86,2.31,20.18
487,Gondia,Maharashtra,2,0.69,2.66,1.61,3.8,13.69,21.65,52.15,29.65,2.43,32.65,16.29,2.18,22.97
487,Gondia,Maharashtra,3,0.92,4.11,1.32,4.42,18.62,24.85,62.81,34.34,2.68,37.56,20.27,2.18,27.31
487,Gondia,Maharashtra,4,0.4,1.95,0.69,1.87,6.14,18.48,65.06,38.48,2.16,41.13,24.82,1.97,31.65
487,Gondia,Maharashtra,5,0.57,3.04,0.98,2.64,9.83,12.33,55.55,40.62,2.09,43.11,28.24,1.78,34.43
487,Gondia,Maharashtra,6,5.7,10.09,17.38,26.29,47.37,70.17,100.54,35.75,4.24,41.36,27.32,2.2,31.53
487,Gondia,Maharashtra,7,13.2,15.09,35.05,43.52,69.53,301.56,387.82,30.07,2.05,32.7,24.9,1.02,27.48
487,Gondia,Maharashtra,8,13.3,15.86,37.68,46.01,68.22,426.6,814.68,29.3,1.6,31.29,24.36,0.79,26.83
487,Gondia,Maharashtra,9,7.61,13.27,22.28,34.67,57.25,320.1,1060.16,30.73,1.64,32.67,24.06,0.79,27.4
487,Gondia,Maharashtra,10,1.96,5.63,5.89,11.98,27.64,127.78,870.89,31.08,1.52,32.95,21.37,2.11,26.22
487,Gondia,Maharashtra,11,0.53,4.04,0.27,1.4,9.54,25.95,465.09,29.0,1.51,30.94,17.1,2.48,23.05
487,Gondia,Maharashtra,12,0.4,3.09,0.33,1.04,6.87,13.74,161.71,26.82,1.64,28.95,13.82,2.2,20.32
488,Gopalganj,Bihar,1,0.45,2.52,0.17,1.43,11.45,10.14,35.71,21.56,2.66,24.42,9.58,2.27,15.57
488,Gopalganj,Bihar,2,0.54,3.24,0.23,1.47,15.25,15.86,31.39,25.14,2.52,28.24,12.3,2.29,18.72
488,Gopalganj,Bihar,3,0.63,4.53,0.29,1.53,18.94,15.72,41.38,31.05,2.85,34.47,16.8,2.58,23.92
488,Gopalganj,Bihar,4,0.74,3.84,0.46,2.87,22.73,19.01,50.49,36.1,2.39,39.03,21.83,2.04,28.96
488,Gopalganj,Bihar,5,2.09,6.62,6.47,12.13,28.51,38.75,73.62,36.78,2.46,39.98,24.96,1.77,30.87
488,Gopalganj,Bihar,6,6.12,14.77,18.78,32.72,76.42,107.15,165.64,35.44,3.05,39.51,26.56,1.45,31.0
488,Gopalganj,Bihar,7,13.46,24.27,42.71,63.75,110.08,335.99,486.06,32.35,1.7,34.34,26.62,1.03,29.48
488,Gopalganj,Bihar,8,10.33,21.77,30.31,54.53,112.39,334.44,791.64,32.23,1.31,33.81,26.59,0.87,29.41
488,Gopalganj,Bihar,9,6.89,16.73,19.67,33.32,86.0,271.14,950.49,31.87,1.58,33.76,25.78,1.15,28.82
488,Gopalganj,Bihar,10,1.92,8.76,2.26,10.56,43.8,133.86,734.35,31.23,1.58,33.2,21.83,2.53,26.53
488,Gopalganj,Bihar,11,0.22,2.65,0.0,0.05,3.89,21.57,420.76,28.24,1.76,30.39,16.08,2.49,22.16
488,Gopalganj,Bihar,12,0.25,2.07,0.0,0.11,6.69,5.57,155.57,23.72,2.33,26.17,11.26,2.19,17.49
489,Gurdaspur,Punjab,1,1.72,8.02,2.36,9.25,37.24,37.05,56.41,18.15,2.2,21.01,6.53,1.93,12.34
489,Gurdaspur,Punjab,2,1.94,6.44,5.45,12.19,34.89,54.57,99.67,20.67,2.83,24.33,8.76,2.21,14.72
489,Gurdaspur,Punjab,3,1.87,7.4,2.69,10.16,36.66,61.96,152.5,26.05,3.57,30.6,12.66,2.54,19.36
489,Gurdaspur,Punjab,4,0.94,5.34,1.1,4.14,17.49,39.32,155.81,32.69,3.72,37.48,17.38,2.58,25.04
489,Gurdaspur,Punjab,5,0.9,3.8,1.34,4.64,23.4,28.73,129.54,37.5,3.24,41.32,21.93,2.29,29.71
489,Gurdaspur,Punjab,6,1.74,4.54,5.54,10.75,23.46,30.1,97.34,37.9,2.79,41.42,25.47,2.0,31.69
489,Gurdaspur,Punjab,7,10.07,18.96,30.2,43.0,82.47,181.02,240.69,33.8,2.16,36.46,26.37,1.18,30.09
489,Gurdaspur,Punjab,8,8.64,16.17,25.7,41.35,75.82,309.19,530.57,32.71,1.53,34.46,25.89,1.01,29.3
489,Gurdaspur,Punjab,9,4.49,16.67,11.99,22.15,59.06,189.1,691.54,32.37,1.66,34.18,23.5,1.84,27.94
489,Gurdaspur,Punjab,10,0.61,3.36,0.46,2.47,14.15,62.6,557.13,30.66,2.07,33.23,17.48,2.58,24.07
489,Gurdaspur,Punjab,11,0.22,1.46,0.1,0.4,5.69,10.59,255.89,25.64,2.24,28.46,12.07,2.05,18.85
489,Gurdaspur,Punjab,12,0.59,3.11,0.55,1.89,18.4,9.4,78.96,20.39,2.34,23.21,7.85,1.85,14.12
490,Gurugram,Haryana,1,0.56,3.0,0.05,1.76,15.99,15.98,30.43,19.88,2.67,23.0,7.06,2.32,13.47
490,Gurugram,Haryana,2,0.8,3.72,0.44,4.53,19.43,19.8,44.15,23.46,2.98,27.19,10.06,2.68,16.76
490,Gurugram,Haryana,3,0.39,2.38,0.27,1.32,9.6,19.21,54.83,29.64,3.44,33.92,15.01,2.74,22.33
490,Gurugram,Haryana,4,0.23,1.87,0.03,0.41,6.38,7.52,46.48,36.29,3.23,40.31,20.66,2.81,28.47
490,Gurugram,Haryana,5,0.67,3.25,0.68,3.0,15.54,13.03,39.26,39.71,2.88,43.03,25.27,2.5,32.49
490,Gurugram,Haryana,6,1.98,6.91,5.39,11.65,36.01,32.47,53.19,38.89,3.07,42.64,27.88,1.95,33.38
490,Gurugram,Haryana,7,5.53,12.94,16.37,29.2,73.83,123.84,170.68,34.63,2.57,38.34,27.29,1.49,30.96
490,Gurugram,Haryana,8,7.31,16.23,23.41,41.84,78.13,194.85,357.2,33.14,1.83,35.45,26.49,1.04,29.82
490,Gurugram,Haryana,9,4.46,12.82,14.48,28.78,63.48,196.03,521.09,33.42,1.98,35.79,24.69,1.54,29.06
490,Gurugram,Haryana,10,0.48,3.45,0.0,0.74,13.25,52.87,442.87,32.45,2.2,35.14,19.19,2.57,25.82
490,Gurugram,Haryana,11,0.15,1.72,0.0,0.0,4.43,6.15,249.62,27.39,2.33,30.3,13.62,2.34,20.51
490,Gurugram,Haryana,12,0.42,3.87,0.0,0.2,9.31,8.22,63.58,22.07,2.66,25.19,8.68,2.39,15.38
491,Haora,West Bengal,1,0.38,2.27,0.0,0.51,15.04,7.62,85.92,25.64,2.02,28.1,13.32,2.24,19.48
491,Haora,West Bengal,2,0.77,3.29,0.15,6.24,17.18,17.51,34.0,28.98,2.43,31.97,16.59,2.41,22.79
491,Haora,West Bengal,3,1.18,6.03,0.45,5.93,26.87,24.22,48.92,33.23,2.19,35.89,21.17,2.31,27.2
491,Haora,West Bengal,4,1.89,6.94,4.72,13.55,32.01,46.11,87.89,35.3,1.97,37.75,24.6,1.76,29.95
491,Haora,West Bengal,5,4.37,10.95,15.54,27.37,55.94,93.17,164.33,34.91,1.88,37.26,26.38,1.73,30.65
491,Haora,West Bengal,6,9.57,17.23,30.45,43.87,79.6,202.3,343.49,33.34,2.22,36.17,27.12,1.25,30.23
491,Haora,West Bengal,7,11.91,18.88,34.37,54.1,90.61,344.32,645.23,31.77,1.29,33.37,26.65,0.79,29.21
491,Haora,West Bengal,8,11.03,18.48,32.71,49.08,97.52,348.82,905.84,31.72,1.2,33.15,26.54,0.68,29.13
491,Haora,West Bengal,9,10.13,19.94,29.41,48.97,104.08,305.07,1001.37,31.8,1.48,33.48,26.19,0.8,29.0
491,Haora,West Bengal,10,5.5,15.01,17.35,32.68,85.08,251.55,904.45,31.55,1.49,33.23,23.98,1.86,27.77
491,Haora,West Bengal,11,0.67,5.27,0.01,0.5,19.6,73.36,627.47,29.61,1.5,31.46,19.13,2.48,24.37
491,Haora,West Bengal,12,0.13,1.66,0.0,0.0,2.36,9.85,328.36,26.57,1.7,28.54,14.61,2.11,20.59
492,Hingoli,Maharashtra,1,0.26,1.14,0.58,1.3,5.32,6.11,44.64,27.75,1.87,29.94,15.66,2.06,21.7
492,Hingoli,Maharashtra,2,0.12,0.76,0.14,0.49,2.37,5.76,21.27,30.58,2.11,33.27,17.74,1.99,24.16
492,Hingoli,Maharashtra,3,0.43,2.02,0.72,1.47,9.66,9.66,21.48,34.73,2.4,37.67,21.4,2.04,28.07
492,Hingoli,Maharashtra,4,0.24,1.03,0.5,1.07,4.27,8.77,24.4,38.44,1.95,40.79,25.15,1.8,31.79
492,Hingoli,Maharashtra,5,0.43,1.67,0.91,1.79,7.43,8.17,26.79,39.81,1.91,42.01,27.74,1.45,33.78
492,Hingoli,Maharashtra,6,5.86,10.32,16.45,27.53,47.71,78.92,95.73,34.73,3.63,39.58,26.06,1.8,30.39
492,Hingoli,Maharashtra,7,9.32,12.41,24.68,35.86,62.79,241.47,332.11,29.98,2.09,32.71,24.17,0.95,27.07
492,Hingoli,Maharashtra,8,8.6,12.67,23.59,32.92,56.05,285.96,618.58,28.73,1.63,30.7,23.47,0.75,26.1
492,Hingoli,Maharashtra,9,5.49,9.23,14.54,22.28,47.62,209.57,742.22,30.08,1.6,32.07,23.36,0.73,26.72
492,Hingoli,Maharashtra,10,2.1,5.66,5.66,11.45,33.76,112.8,605.92,30.76,1.65,32.85,21.41,1.91,26.08
492,Hingoli,Maharashtra,11,0.61,2.57,1.34,2.86,13.72,29.96,347.54,29.05,1.47,30.93,18.02,2.37,23.54
492,Hingoli,Maharashtra,12,0.15,1.12,0.04,0.58,2.56,9.96,148.98,27.47,1.63,29.56,15.39,2.17,21.43
493,Hisar,Haryana,1,0.39,2.31,0.56,1.25,8.99,9.1,16.14,19.6,2.56,22.6,6.77,2.31,13.18
493,Hisar,Haryana,2,0.84,3.62,1.64,4.15,16.41,16.86,27.98,23.01,3.02,26.93,9.66,2.65,16.33
493,Hisar,Haryana,3,0.6,3.19,0.89,2.51,11.62,24.33,50.14,29.0,3.56,33.5,14.46,2.79,21.73
493,Hisar,Haryana,4,0.39,2.18,0.44,1.31,9.66,13.7,55.0,35.79,3.42,40.1,20.06,2.89,27.92
493,Hisar,Haryana,5,0.62,2.5,1.26,2.83,12.13,13.22,50.87,39.56,3.02,43.01,24.69,2.57,32.13
493,Hisar,Haryana,6,1.94,5.78,5.21,12.61,27.12,33.21,60.06,38.95,3.04,42.68,27.49,2.04,33.22
493,Hisar,Haryana,7,4.8,10.86,14.98,26.82,50.35,110.28,157.76,35.11,2.54,38.49,27.2,1.47,31.15
493,Hisar,Haryana,8,5.06,11.85,16.3,26.68,54.66,153.6,302.26,33.68,1.88,36.0,26.41,1.04,30.05
493,Hisar,Haryana,9,3.06,10.17,6.59,15.99,50.57,123.85,392.42,33.76,1.92,36.1,24.29,1.64,29.02
493,Hisar,Haryana,10,0.38,2.75,0.19,0.72,10.9,42.16,318.36,32.28,2.25,35.12,18.72,2.54,25.5
493,Hisar,Haryana,11,0.05,0.58,0.0,0.04,0.93,5.39,167.94,27.03,2.24,29.76,13.07,2.32,20.05
493,Hisar,Haryana,12,0.14,0.86,0.11,0.37,3.35,2.04,46.97,21.77,2.61,24.83,8.18,2.35,14.97
494,Hoshiarpur,Punjab,1,1.74,7.4,1.87,9.13,43.2,37.83,59.68,18.34,2.25,21.18,7.24,1.9,12.79
494,Hoshiarpur,Punjab,2,1.79,6.07,5.12,11.33,28.63,52.34,101.38,21.06,2.89,24.75,9.3,2.22,15.18
494,Hoshiarpur,Punjab,3,1.87,7.43,3.22,11.68,39.2,60.92,149.91,26.51,3.55,31.11,13.07,2.51,19.79
494,Hoshiarpur,Punjab,4,0.89,4.31,0.81,4.69,22.33,37.62,150.98,33.13,3.64,37.8,17.75,2.62,25.44
494,Hoshiarpur,Punjab,5,0.96,4.08,1.33,5.45,19.14,27.39,125.54,37.62,3.17,41.41,22.18,2.32,29.9
494,Hoshiarpur,Punjab,6,2.47,6.54,7.56,14.02,34.05,40.33,104.59,37.69,2.86,41.33,25.56,1.99,31.63
494,Hoshiarpur,Punjab,7,11.22,19.9,33.66,47.4,94.05,215.83,284.88,33.57,2.13,36.2,26.45,1.18,30.01
494,Hoshiarpur,Punjab,8,10.01,16.62,29.33,44.24,78.3,340.05,607.88,32.51,1.54,34.25,25.98,0.99,29.25
494,Hoshiarpur,Punjab,9,5.3,17.62,15.9,29.99,70.12,228.82,797.68,32.29,1.63,34.1,23.67,1.77,27.98
494,Hoshiarpur,Punjab,10,0.55,2.78,0.17,2.44,12.91,70.28,635.2,30.74,2.03,33.2,17.73,2.57,24.24
494,Hoshiarpur,Punjab,11,0.32,1.89,0.04,0.67,9.7,9.92,301.36,25.8,2.23,28.54,12.52,1.95,19.16
494,Hoshiarpur,Punjab,12,0.6,3.08,0.18,2.66,17.66,11.65,87.53,20.63,2.35,23.39,8.53,1.86,14.58
495,Hugli,West Bengal,1,0.34,1.93,0.0,0.44,10.34,6.72,76.69,25.44,2.03,27.93,12.93,2.21,19.19
495,Hugli,West Bengal,2,0.81,3.46,0.3,5.42,18.06,18.19,33.18,28.93,2.47,32.07,16.04,2.35,22.49
495,Hugli,West Bengal,3,1.08,5.32,0.57,5.48,27.28,22.84,47.21,33.49,2.28,36.23,20.61,2.35,27.05
495,Hugli,West Bengal,4,2.01,7.28,4.57,13.7,37.55,44.39,85.35,35.85,2.05,38.41,24.33,1.77,30.09
495,Hugli,West Bengal,5,4.52,10.89,17.68,27.69,53.23,97.49,165.57,35.35,1.97,37.79,26.25,1.71,30.8
495,Hugli,West Bengal,6,9.25,17.55,27.69,44.48,92.62,195.88,339.93,33.66,2.28,36.64,27.01,1.22,30.34
495,Hugli,West Bengal,7,11.33,18.21,33.22,49.02,87.61,340.7,639.48,31.97,1.29,33.53,26.53,0.79,29.25
495,Hugli,West Bengal,8,9.95,17.5,28.77,45.32,93.37,316.12,862.28,31.88,1.19,33.27,26.41,0.67,29.15
495,Hugli,West Bengal,9,9.19,18.91,27.68,45.37,98.88,277.55,936.88,31.96,1.47,33.63,26.01,0.79,28.99
495,Hugli,West Bengal,10,4.78,13.34,14.78,29.02,81.13,221.79,814.01,31.65,1.49,33.36,23.7,1.88,27.67
495,Hugli,West Bengal,11,0.59,4.89,0.01,0.6,19.32,65.4,562.31,29.6,1.48,31.43,18.83,2.43,24.21
495,Hugli,West Bengal,12,0.1,1.08,0.0,0.0,2.48,8.95,290.18,26.41,1.71,28.4,14.29,2.09,20.35
496,Hyderabad,Telangana,1,0.17,1.43,0.0,0.0,6.5,4.3,64.24,29.19,1.63,31.13,17.07,1.89,23.13
496,Hyderabad,Telangana,2,0.23,1.61,0.0,0.0,7.62,5.89,17.03,32.16,1.76,34.46,19.24,1.68,25.7
496,Hyderabad,Telangana,3,0.5,3.4,0.0,0.44,14.45,10.13,20.23,35.7,1.95,38.02,22.5,1.65,29.1
496,Hyderabad,Telangana,4,0.7,2.93,0.37,4.34,15.27,19.26,35.41,38.04,1.78,40.03,25.65,1.53,31.84
496,Hyderabad,Telangana,5,0.88,3.63,0.94,5.49,19.96,22.9,52.62,39.17,2.2,41.62,27.89,1.5,33.53
496,Hyderabad,Telangana,6,3.55,9.77,10.42,23.93,50.1,69.66,112.08,34.22,3.26,38.82,26.06,1.65,30.14
496,Hyderabad,Telangana,7,5.78,13.58,18.37,31.53,76.09,134.73,228.72,30.56,2.08,33.13,24.44,1.05,27.5
496,Hyderabad,Telangana,8,6.67,15.6,20.05,40.45,80.0,198.04,408.64,29.61,1.69,31.51,23.89,0.78,26.75
496,Hyderabad,Telangana,9,4.41,10.5,15.19,24.1,49.93,158.21,494.72,30.56,1.53,32.57,23.73,0.69,27.14
496,Hyderabad,Telangana,10,3.49,10.68,11.8,22.05,56.8,127.23,483.29,30.8,1.65,32.64,22.12,1.51,26.46
496,Hyderabad,Telangana,11,0.59,3.12,0.08,2.87,13.53,55.31,338.49,29.52,1.4,31.23,19.07,2.25,24.3
496,Hyderabad,Telangana,12,0.12,1.46,0.0,0.0,0.9,7.35,187.5,28.56,1.43,30.23,16.75,2.02,22.65
497,Jahanabad,Bihar,1,0.35,2.13,0.1,1.07,11.01,7.16,28.28,22.56,2.39,25.35,9.85,2.29,16.2
497,Jahanabad,Bihar,2,0.45,2.35,0.23,1.62,13.13,11.7,20.71,26.15,2.54,29.45,12.67,2.27,19.41
497,Jahanabad,Bihar,3,0.32,2.24,0.07,0.69,7.71,13.32,31.94,32.04,2.83,35.39,17.15,2.45,24.6
497,Jahanabad,Bihar,4,0.33,1.72,0.15,1.32,10.12,6.44,31.4,37.02,2.39,39.97,22.1,1.93,29.56
497,Jahanabad,Bihar,5,0.84,3.95,1.38,4.72,13.98,15.83,35.45,37.89,2.42,41.17,25.2,1.67,31.55
497,Jahanabad,Bihar,6,4.82,12.72,14.21,30.2,66.8,65.16,87.76,36.0,3.18,40.46,26.79,1.4,31.39
497,Jahanabad,Bihar,7,10.02,19.58,32.42,47.21,98.0,265.96,350.37,32.43,1.59,34.34,26.39,0.94,29.41
497,Jahanabad,Bihar,8,8.95,18.07,28.78,44.59,85.79,261.66,604.66,32.14,1.2,33.63,26.24,0.78,29.19
497,Jahanabad,Bihar,9,6.4,13.83,21.04,31.75,72.79,245.17,779.79,31.85,1.46,33.59,25.6,1.04,28.72
497,Jahanabad,Bihar,10,1.78,8.0,2.07,10.17,37.25,118.54,622.6,31.14,1.51,33.01,21.83,2.45,26.48
497,Jahanabad,Bihar,11,0.11,1.17,0.0,0.01,2.74,20.74,379.44,28.38,1.59,30.41,16.04,2.49,22.21
497,Jahanabad,Bihar,12,0.11,1.14,0.0,0.0,1.51,2.22,136.55,24.36,2.02,26.56,11.25,2.14,17.81
498,Jalandhar,Punjab,1,1.28,6.47,0.99,4.95,35.51,27.61,47.63,18.17,2.26,21.02,6.18,1.98,12.17
498,Jalandhar,Punjab,2,1.18,4.71,1.99,7.2,21.53,36.21,72.1,20.99,2.86,24.7,8.51,2.3,14.75
498,Jalandhar,Punjab,3,1.21,5.41,1.59,7.31,26.31,40.1,103.19,26.49,3.5,31.07,12.69,2.59,19.59
498,Jalandhar,Punjab,4,0.53,2.32,0.47,2.58,13.33,23.13,99.55,33.42,3.67,38.17,17.75,2.74,25.58
498,Jalandhar,Punjab,5,0.64,2.58,0.97,3.68,13.99,18.27,81.2,37.99,3.16,41.7,22.48,2.38,30.23
498,Jalandhar,Punjab,6,1.46,4.18,4.98,9.37,19.69,24.39,65.33,38.0,2.93,41.7,25.69,1.96,31.84
498,Jalandhar,Punjab,7,7.62,15.2,24.22,37.28,70.92,148.59,192.16,33.76,2.25,36.58,26.1,1.18,29.93
498,Jalandhar,Punjab,8,6.11,11.61,21.28,30.15,55.2,214.52,395.45,32.52,1.59,34.36,25.59,0.96,29.05
498,Jalandhar,Punjab,9,3.99,15.29,10.06,19.36,65.67,148.38,520.1,32.42,1.66,34.29,23.34,1.75,27.88
498,Jalandhar,Punjab,10,0.71,4.66,0.07,1.79,18.37,62.2,422.15,30.79,2.04,33.29,17.52,2.56,24.15
498,Jalandhar,Punjab,11,0.26,1.96,0.0,0.18,7.93,11.55,218.29,25.77,2.16,28.42,11.82,2.13,18.79
498,Jalandhar,Punjab,12,0.44,2.61,0.07,1.13,10.06,8.78,79.42,20.46,2.38,23.33,7.38,1.92,13.92
499,Jalgaon,Maharashtra,1,0.16,1.2,0.1,0.32,4.0,4.7,29.84,28.38,2.02,30.95,14.95,2.11,21.66
499,Jalgaon,Maharashtra,2,0.15,1.22,0.1,0.25,3.62,3.85,17.19,31.19,2.39,34.25,16.82,2.17,24.01
499,Jalgaon,Maharashtra,3,0.1,0.59,0.02,0.25,3.39,4.39,12.99,35.8,2.53,38.83,20.63,2.18,28.21
499,Jalgaon,Maharashtra,4,0.03,0.35,0.0,0.03,0.33,1.51,9.78,39.58,1.88,41.77,24.52,1.83,32.05
499,Jalgaon,Maharashtra,5,0.22,0.95,0.25,1.1,5.19,3.14,8.95,40.61,1.69,42.72,26.91,1.21,33.76
499,Jalgaon,Maharashtra,6,4.61,9.66,13.4,25.09,46.41,60.02,64.68,35.79,3.41,40.19,26.41,1.37,31.1
499,Jalgaon,Maharashtra,7,6.75,10.82,18.8,28.32,49.29,181.34,247.39,30.73,2.1,33.47,24.87,0.86,27.8
499,Jalgaon,Maharashtra,8,6.0,11.12,15.99,25.12,57.5,202.52,453.08,29.41,1.51,31.25,24.08,0.69,26.75
499,Jalgaon,Maharashtra,9,5.03,9.83,15.3,26.21,48.33,166.66,553.61,31.02,1.71,33.17,23.73,0.83,27.38
499,Jalgaon,Maharashtra,10,1.27,4.45,3.02,6.84,22.61,90.23,458.0,32.56,1.59,34.62,21.75,2.05,27.16
499,Jalgaon,Maharashtra,11,0.36,2.2,0.25,0.96,10.55,16.91,270.74,30.63,1.49,32.56,18.35,2.43,24.49
499,Jalgaon,Maharashtra,12,0.18,1.45,0.01,0.15,7.02,8.77,112.15,28.61,1.67,30.65,15.33,2.17,21.97
500,Jalna,Maharashtra,1,0.19,1.29,0.03,0.27,5.6,5.27,41.8,27.7,1.86,29.91,14.85,2.07,21.28
500,Jalna,Maharashtra,2,0.07,0.61,0.0,0.07,1.72,3.74,20.04,30.39,2.14,33.14,16.85,2.04,23.62
500,Jalna,Maharashtra,3,0.26,1.61,0.04,0.38,8.91,6.49,15.59,34.52,2.34,37.37,20.55,2.11,27.53
500,Jalna,Maharashtra,4,0.16,1.18,0.03,0.34,4.6,5.55,15.94,38.13,1.86,40.35,24.14,1.79,31.14
500,Jalna,Maharashtra,5,0.37,1.85,0.3,1.45,11.16,5.86,18.03,39.34,1.79,41.52,26.18,1.29,32.76
500,Jalna,Maharashtra,6,4.92,10.65,15.31,24.79,48.87,73.08,84.43,34.26,3.41,38.84,25.04,1.42,29.65
500,Jalna,Maharashtra,7,5.89,10.91,18.05,29.0,52.68,172.31,254.06,29.74,2.02,32.33,23.58,0.81,26.66
500,Jalna,Maharashtra,8,6.58,13.84,21.05,32.44,60.56,195.23,448.66,28.58,1.56,30.45,22.88,0.66,25.73
500,Jalna,Maharashtra,9,4.7,9.71,15.14,23.45,47.65,169.23,538.71,29.89,1.59,31.9,22.6,0.76,26.25
500,Jalna,Maharashtra,10,1.99,6.72,5.18,11.01,32.88,102.08,466.19,30.9,1.6,32.95,20.7,2.01,25.8
500,Jalna,Maharashtra,11,0.54,3.19,0.21,2.05,13.15,26.09,294.14,29.24,1.44,31.09,17.44,2.47,23.34
500,Jalna,Maharashtra,12,0.22,2.34,0.01,0.04,3.54,11.48,136.64,27.56,1.63,29.62,14.75,2.22,21.15
501,Jalpaiguri,West Bengal,1,0.48,2.65,0.42,1.69,13.7,8.46,42.66,23.93,1.92,26.32,13.42,1.53,18.67
501,Jalpaiguri,West Bengal,2,0.65,4.61,0.8,2.6,12.64,15.4,24.92,26.57,2.22,29.3,15.21,1.77,20.89
501,Jalpaiguri,West Bengal,3,1.13,4.43,2.25,7.19,20.35,22.01,45.78,31.2,2.38,34.28,18.5,2.02,24.85
501,Jalpaiguri,West Bengal,4,4.25,10.56,12.85,22.74,46.77,81.04,118.56,33.34,2.43,36.36,21.77,1.77,27.56
501,Jalpaiguri,West Bengal,5,9.81,17.19,28.01,42.89,90.06,197.52,302.73,32.76,1.86,35.22,24.82,1.5,28.79
501,Jalpaiguri,West Bengal,6,18.0,23.04,47.62,66.78,107.6,419.84,703.63,32.54,1.47,34.48,26.97,0.97,29.75
501,Jalpaiguri,West Bengal,7,24.13,30.16,63.82,91.06,136.5,692.04,1319.49,32.2,1.3,33.87,27.49,0.85,29.84
501,Jalpaiguri,West Bengal,8,19.89,28.5,60.02,85.0,126.4,613.72,1743.84,32.65,1.29,34.23,27.53,0.78,30.09
501,Jalpaiguri,West Bengal,9,15.19,25.46,43.31,67.06,131.84,567.9,1879.16,32.24,1.45,34.05,26.55,0.95,29.39
501,Jalpaiguri,West Bengal,10,3.75,11.89,10.28,19.95,57.57,264.1,1438.21,31.65,1.54,33.38,23.22,2.0,27.43
501,Jalpaiguri,West Bengal,11,0.07,0.41,0.05,0.19,1.92,37.19,858.15,29.25,1.64,31.44,18.55,1.72,23.9
501,Jalpaiguri,West Bengal,12,0.05,0.39,0.02,0.12,1.0,1.42,290.72,25.84,1.79,27.93,14.99,1.73,20.42
502,Jamui,Bihar,1,0.39,2.7,0.16,0.8,11.74,7.03,36.01,22.79,2.17,25.41,10.68,2.14,16.74
502,Jamui,Bihar,2,0.37,2.1,0.25,1.51,9.16,10.82,18.92,26.52,2.52,29.78,13.59,2.2,20.06
502,Jamui,Bihar,3,0.34,1.91,0.16,1.23,8.42,10.38,27.99,32.17,2.75,35.59,18.1,2.28,25.14
502,Jamui,Bihar,4,0.58,2.32,0.89,3.59,13.09,12.61,33.74,36.51,2.42,39.46,22.42,1.76,29.46
502,Jamui,Bihar,5,1.47,4.8,4.1,8.59,19.56,29.09,52.2,36.63,2.47,39.98,24.83,1.63,30.73
502,Jamui,Bihar,6,6.02,13.24,19.67,28.83,66.8,93.51,135.88,34.42,2.89,38.46,26.19,1.23,30.31
502,Jamui,Bihar,7,11.01,17.14,31.74,47.44,81.76,292.11,418.75,31.5,1.39,33.15,25.84,0.84,28.67
502,Jamui,Bihar,8,8.24,14.54,23.88,37.45,67.42,280.72,678.96,31.32,1.12,32.71,25.69,0.72,28.5
502,Jamui,Bihar,9,7.77,15.93,22.07,34.46,85.09,236.0,814.87,31.23,1.43,32.94,25.08,0.95,28.16
502,Jamui,Bihar,10,2.81,9.36,8.04,16.45,46.05,169.67,683.29,30.57,1.51,32.39,21.88,2.14,26.22
502,Jamui,Bihar,11,0.14,1.12,0.0,0.04,4.75,30.17,433.5,27.81,1.5,29.73,16.67,2.29,22.24
502,Jamui,Bihar,12,0.06,0.47,0.0,0.01,1.78,1.77,195.99,24.06,1.84,26.09,12.06,1.96,18.06
503,Jhajjar,Haryana,1,0.55,2.92,0.6,1.99,13.01,15.47,27.8,20.16,2.66,23.28,7.12,2.35,13.64
503,Jhajjar,Haryana,2,0.84,3.99,1.04,3.36,15.07,21.47,43.06,23.71,3.02,27.61,10.11,2.69,16.91
503,Jhajjar,Haryana,3,0.46,2.73,0.64,1.73,9.57,20.44,57.16,29.83,3.5,34.17,15.03,2.77,22.43
503,Jhajjar,Haryana,4,0.15,0.76,0.17,0.55,3.22,7.11,48.87,36.47,3.3,40.6,20.63,2.84,28.55
503,Jhajjar,Haryana,5,0.72,3.2,1.22,3.33,14.46,11.94,38.91,40.0,2.94,43.4,25.29,2.55,32.65
503,Jhajjar,Haryana,6,1.75,5.86,4.08,10.18,25.94,28.76,47.88,39.23,3.07,42.99,28.01,1.98,33.62
503,Jhajjar,Haryana,7,4.48,10.15,12.56,23.25,51.19,106.6,148.66,35.09,2.58,38.72,27.55,1.51,31.32
503,Jhajjar,Haryana,8,6.05,12.41,18.39,29.41,61.45,161.16,301.26,33.61,1.87,35.95,26.74,1.05,30.17
503,Jhajjar,Haryana,9,4.07,11.43,11.19,22.76,57.76,166.38,439.24,33.9,1.97,36.28,24.84,1.57,29.37
503,Jhajjar,Haryana,10,0.45,2.84,0.36,0.98,15.64,49.07,376.33,32.86,2.24,35.59,19.24,2.57,26.05
503,Jhajjar,Haryana,11,0.11,1.37,0.0,0.04,1.15,6.33,217.5,27.71,2.33,30.59,13.63,2.36,20.67
503,Jhajjar,Haryana,12,0.39,3.85,0.14,0.48,9.4,6.05,57.97,22.39,2.68,25.58,8.68,2.41,15.53
504,Jind,Haryana,1,0.58,2.0,1.55,3.47,8.24,13.35,24.04,19.24,2.53,22.3,6.83,2.26,13.04
504,Jind,Haryana,2,1.06,3.01,3.23,6.74,15.37,24.19,41.17,22.51,2.92,26.31,9.71,2.56,16.11
504,Jind,Haryana,3,0.69,2.39,1.9,4.1,10.16,27.55,64.87,28.46,3.51,32.96,14.31,2.71,21.38
504,Jind,Haryana,4,0.37,1.54,0.9,2.1,5.73,14.68,66.36,35.39,3.42,39.66,19.77,2.87,27.58
504,Jind,Haryana,5,0.61,1.92,1.75,3.35,10.01,13.77,55.47,39.16,3.04,42.64,24.3,2.53,31.73
504,Jind,Haryana,6,1.34,3.29,3.88,7.19,16.75,23.48,51.8,38.55,3.1,42.39,26.94,2.01,32.75
504,Jind,Haryana,7,4.23,7.47,11.78,18.75,37.78,90.1,128.18,34.58,2.49,37.82,26.86,1.41,30.72
504,Jind,Haryana,8,6.21,11.5,18.91,30.7,51.32,161.31,279.31,33.2,1.85,35.38,26.25,1.04,29.72
504,Jind,Haryana,9,3.96,10.54,10.79,23.72,49.85,163.85,420.7,33.22,1.9,35.58,24.13,1.65,28.68
504,Jind,Haryana,10,0.53,2.59,1.02,2.67,10.37,53.64,378.72,31.8,2.2,34.52,18.48,2.6,25.14
504,Jind,Haryana,11,0.09,0.57,0.01,0.33,2.31,7.84,221.07,26.78,2.2,29.44,12.9,2.3,19.84
504,Jind,Haryana,12,0.23,0.89,0.52,1.33,3.9,3.71,61.89,21.53,2.6,24.49,8.18,2.29,14.86
505,Kaithal,Haryana,1,0.88,4.51,1.41,3.32,22.53,20.74,37.21,18.81,2.47,21.77,6.8,2.18,12.8
505,Kaithal,Haryana,2,1.29,6.05,2.59,5.74,28.74,34.35,61.02,21.98,2.87,25.69,9.51,2.47,15.75
505,Kaithal,Haryana,3,0.88,4.48,1.32,3.54,20.11,34.59,89.04,27.85,3.46,32.32,13.95,2.65,20.9
505,Kaithal,Haryana,4,0.38,2.19,0.55,1.33,6.47,15.77,84.53,34.81,3.44,39.14,19.25,2.82,27.03
505,Kaithal,Haryana,5,0.71,2.89,1.44,4.15,13.0,15.81,65.41,38.65,3.05,42.16,23.67,2.49,31.16
505,Kaithal,Haryana,6,2.19,6.53,6.44,11.98,31.24,36.93,68.39,38.1,3.11,42.02,26.29,1.98,32.2
505,Kaithal,Haryana,7,4.84,11.23,12.6,22.66,67.9,113.1,167.17,34.08,2.43,37.13,26.41,1.36,30.24
505,Kaithal,Haryana,8,6.77,14.93,18.78,31.76,76.87,186.23,341.7,32.77,1.8,34.89,25.88,1.01,29.32
505,Kaithal,Haryana,9,4.56,14.77,10.93,23.74,79.53,173.58,478.23,32.74,1.84,34.97,23.77,1.65,28.25
505,Kaithal,Haryana,10,0.59,3.61,0.61,1.73,15.83,62.68,422.24,31.35,2.14,34.01,18.1,2.61,24.72
505,Kaithal,Haryana,11,0.18,2.07,0.02,0.26,2.12,10.49,242.48,26.44,2.18,29.11,12.58,2.22,19.51
505,Kaithal,Haryana,12,0.42,2.32,0.52,1.36,13.59,6.47,75.82,21.14,2.56,24.03,8.07,2.21,14.61
506,Kapurthala,Punjab,1,1.22,6.06,0.98,6.14,31.51,25.89,43.83,18.19,2.25,21.09,6.19,1.97,12.19
506,Kapurthala,Punjab,2,1.05,3.98,1.9,7.73,18.09,33.49,65.55,20.95,2.86,24.61,8.54,2.3,14.75
506,Kapurthala,Punjab,3,1.32,5.67,1.83,7.54,30.62,39.75,98.41,26.43,3.53,31.01,12.74,2.6,19.59
506,Kapurthala,Punjab,4,0.49,2.23,0.44,2.93,12.15,24.07,97.53,33.37,3.71,38.18,17.8,2.73,25.58
506,Kapurthala,Punjab,5,0.68,2.76,1.03,4.41,13.35,19.1,82.78,38.07,3.19,41.83,22.56,2.37,30.32
506,Kapurthala,Punjab,6,1.26,3.52,4.28,7.86,17.38,21.84,64.47,38.14,2.93,41.86,25.79,1.95,31.96
506,Kapurthala,Punjab,7,8.18,16.47,26.15,37.21,75.66,152.86,194.64,33.81,2.26,36.65,26.17,1.19,29.99
506,Kapurthala,Punjab,8,5.9,11.33,19.96,30.69,51.15,222.68,405.78,32.56,1.6,34.4,25.65,0.97,29.11
506,Kapurthala,Punjab,9,3.89,14.62,10.02,20.41,57.06,142.17,527.07,32.49,1.67,34.36,23.43,1.75,27.96
506,Kapurthala,Punjab,10,0.87,4.86,0.04,3.0,23.38,62.87,424.14,30.84,2.05,33.35,17.6,2.56,24.22
506,Kapurthala,Punjab,11,0.17,1.18,0.0,0.21,5.7,11.97,213.38,25.78,2.18,28.47,11.92,2.14,18.85
506,Kapurthala,Punjab,12,0.37,2.19,0.08,0.94,9.97,6.7,78.6,20.46,2.38,23.36,7.43,1.91,13.95
507,Karimnagar,Telangana,1,0.23,1.6,0.0,0.03,7.72,8.62,57.71,28.88,1.68,30.8,17.14,1.97,23.01
507,Karimnagar,Telangana,2,0.34,2.14,0.0,0.36,12.03,8.74,25.77,31.98,1.87,34.34,19.5,1.7,25.74
507,Karimnagar,Telangana,3,0.4,2.88,0.02,0.72,11.23,10.39,27.69,35.55,2.01,37.85,22.72,1.66,29.13
507,Karimnagar,Telangana,4,0.64,3.85,0.27,2.27,17.18,16.13,35.29,38.23,1.82,40.35,26.07,1.48,32.15
507,Karimnagar,Telangana,5,0.49,2.49,0.39,2.04,14.27,16.9,43.59,39.75,2.2,42.17,28.47,1.56,34.11
507,Karimnagar,Telangana,6,4.46,11.13,14.04,31.69,52.12,62.11,95.3,34.94,3.6,39.98,26.96,1.89,30.95
507,Karimnagar,Telangana,7,7.47,13.1,26.08,38.53,55.07,185.85,267.17,30.67,2.04,33.41,24.99,1.05,27.83
507,Karimnagar,Telangana,8,6.49,12.9,23.34,37.65,52.81,223.24,480.73,29.74,1.63,31.66,24.45,0.81,27.09
507,Karimnagar,Telangana,9,4.96,11.36,17.76,32.62,52.84,172.75,586.18,30.87,1.44,32.75,24.36,0.67,27.61
507,Karimnagar,Telangana,10,2.71,8.95,6.03,19.53,50.51,115.09,509.08,31.02,1.56,32.82,22.51,1.59,26.76
507,Karimnagar,Telangana,11,0.54,3.71,0.01,1.28,18.58,41.99,327.17,29.6,1.37,31.23,19.17,2.34,24.39
507,Karimnagar,Telangana,12,0.31,3.49,0.0,0.0,4.9,8.73,162.58,28.38,1.42,30.12,16.62,2.08,22.5
508,Karnal,Haryana,1,1.04,5.28,1.15,3.48,25.17,25.25,42.12,18.9,2.46,21.9,7.19,2.14,13.05
508,Karnal,Haryana,2,1.13,5.59,1.47,4.24,26.51,36.0,67.11,21.99,2.83,25.61,9.83,2.42,15.91
508,Karnal,Haryana,3,0.91,6.31,0.99,2.82,18.99,33.64,94.01,27.79,3.42,32.19,14.18,2.6,20.99
508,Karnal,Haryana,4,0.32,1.92,0.37,0.91,7.19,13.51,82.92,34.6,3.36,38.86,19.32,2.78,26.96
508,Karnal,Haryana,5,0.4,1.68,0.61,2.44,7.97,10.81,57.36,38.24,3.01,41.72,23.59,2.46,30.91
508,Karnal,Haryana,6,2.06,6.64,5.79,11.42,29.42,28.49,52.55,37.58,3.14,41.63,26.06,1.93,31.82
508,Karnal,Haryana,7,5.68,12.56,17.39,27.87,63.09,123.24,163.84,33.58,2.38,36.6,26.2,1.34,29.89
508,Karnal,Haryana,8,7.92,18.69,21.88,40.26,88.48,212.94,371.35,32.4,1.76,34.45,25.72,0.99,29.06
508,Karnal,Haryana,9,4.78,14.65,12.07,28.62,82.26,203.11,546.04,32.34,1.83,34.54,23.76,1.6,28.05
508,Karnal,Haryana,10,0.67,4.76,0.48,1.57,12.59,64.94,480.4,31.07,2.07,33.54,18.22,2.57,24.65
508,Karnal,Haryana,11,0.15,2.2,0.01,0.19,1.47,10.81,273.51,26.39,2.16,29.01,12.88,2.16,19.64
508,Karnal,Haryana,12,0.51,3.48,0.31,0.82,15.42,6.33,78.04,21.23,2.55,24.04,8.5,2.19,14.86
509,Katihar,Bihar,1,0.35,2.15,0.03,0.65,13.18,6.75,37.89,22.86,2.05,25.34,11.33,1.76,17.09
509,Katihar,Bihar,2,0.4,2.48,0.18,1.24,10.41,11.14,19.75,26.24,2.26,29.01,13.8,1.94,20.02
509,Katihar,Bihar,3,0.52,3.3,0.22,1.48,11.08,12.01,29.63,31.48,2.45,34.57,18.12,2.17,24.8
509,Katihar,Bihar,4,1.73,5.87,4.59,10.44,28.57,31.68,54.84,34.79,2.41,37.73,22.01,1.78,28.4
509,Katihar,Bihar,5,4.34,10.36,14.18,23.68,43.47,83.07,127.6,34.06,2.18,36.95,24.5,1.6,29.28
509,Katihar,Bihar,6,9.04,16.33,27.61,43.32,83.03,190.93,307.93,33.13,1.93,35.72,26.16,1.05,29.65
509,Katihar,Bihar,7,15.23,21.8,44.34,65.96,95.03,413.82,693.38,31.97,1.28,33.49,26.3,0.85,29.13
509,Katihar,Bihar,8,10.33,18.86,31.18,51.44,92.24,356.48,974.78,32.16,1.26,33.7,26.37,0.81,29.26
509,Katihar,Bihar,9,9.8,19.99,27.28,50.77,92.6,303.43,1080.11,31.75,1.46,33.41,25.69,0.94,28.72
509,Katihar,Bihar,10,3.09,12.28,5.59,17.23,74.98,208.67,863.26,31.02,1.54,32.78,22.79,2.02,26.91
509,Katihar,Bihar,11,0.22,2.16,0.01,0.08,2.94,31.65,540.88,28.52,1.51,30.42,17.51,2.14,23.01
509,Katihar,Bihar,12,0.09,0.8,0.0,0.02,2.6,2.52,235.35,24.68,1.92,26.85,13.0,1.8,18.84
510,Khagaria,Bihar,1,0.31,1.81,0.05,0.82,9.3,5.99,27.69,22.47,2.14,24.95,11.06,1.95,16.76
510,Khagaria,Bihar,2,0.42,2.18,0.28,1.38,11.4,11.06,18.51,25.98,2.4,28.98,13.66,2.08,19.82
510,Khagaria,Bihar,3,0.46,3.1,0.21,1.25,11.07,12.63,29.45,31.73,2.67,35.03,18.14,2.3,24.93
510,Khagaria,Bihar,4,0.95,3.54,2.02,6.76,18.95,18.27,41.95,35.97,2.4,38.89,22.41,1.81,29.19
510,Khagaria,Bihar,5,2.8,6.78,10.62,16.68,27.36,52.67,83.86,35.94,2.38,39.25,24.93,1.64,30.43
510,Khagaria,Bihar,6,6.68,14.45,18.16,33.35,77.35,130.71,203.05,34.56,2.44,37.98,26.57,1.17,30.57
510,Khagaria,Bihar,7,12.23,19.29,36.43,53.78,89.18,315.44,503.21,32.33,1.37,34.0,26.59,0.84,29.46
510,Khagaria,Bihar,8,9.05,15.93,26.11,43.77,78.91,309.45,767.41,32.36,1.21,33.85,26.61,0.77,29.48
510,Khagaria,Bihar,9,8.3,16.13,25.48,40.64,84.66,265.22,896.77,32.02,1.47,33.78,25.96,0.97,28.99
510,Khagaria,Bihar,10,2.22,9.16,4.07,12.09,58.22,162.32,732.98,31.18,1.54,33.03,22.82,2.15,27.0
510,Khagaria,Bihar,11,0.14,1.79,0.0,0.07,2.19,21.82,445.98,28.41,1.58,30.42,17.37,2.25,22.89
510,Khagaria,Bihar,12,0.08,0.65,0.0,0.09,1.87,2.16,179.81,24.25,1.95,26.46,12.7,1.89,18.48
511,Bhadradri Kothagudem,Telangana,1,0.19,1.25,0.0,0.16,6.57,4.62,82.51,29.02,1.4,30.63,18.13,1.67,23.58
511,Bhadradri Kothagudem,Telangana,2,0.26,1.73,0.02,0.7,6.74,6.45,20.39,31.91,1.63,33.99,19.99,1.5,25.95
511,Bhadradri Kothagudem,Telangana,3,0.26,1.74,0.13,0.79,7.33,6.65,17.57,35.19,1.63,37.04,22.66,1.51,28.93
511,Bhadradri Kothagudem,Telangana,4,0.61,2.44,1.23,3.06,13.14,12.36,25.44,37.37,1.56,39.22,25.59,1.3,31.48
511,Bhadradri Kothagudem,Telangana,5,2.09,8.51,3.5,10.06,45.3,43.36,62.59,38.95,2.31,41.74,27.72,1.44,33.33
511,Bhadradri Kothagudem,Telangana,6,5.18,11.33,15.05,26.68,54.87,101.04,157.93,35.1,3.33,39.67,27.23,1.64,31.16
511,Bhadradri Kothagudem,Telangana,7,10.67,15.2,31.63,42.56,69.39,237.09,384.8,31.29,2.04,33.8,25.54,1.09,28.42
511,Bhadradri Kothagudem,Telangana,8,11.16,17.62,32.2,49.95,82.14,359.41,708.09,30.63,1.67,32.57,25.06,0.84,27.85
511,Bhadradri Kothagudem,Telangana,9,6.3,11.25,19.11,28.91,46.67,255.34,861.05,31.44,1.46,33.21,24.93,0.67,28.19
511,Bhadradri Kothagudem,Telangana,10,4.14,10.44,12.76,22.53,57.46,155.5,768.28,31.2,1.54,33.01,23.56,1.24,27.38
511,Bhadradri Kothagudem,Telangana,11,1.09,6.35,1.16,4.35,24.72,70.64,475.48,29.84,1.26,31.35,20.65,2.06,25.25
511,Bhadradri Kothagudem,Telangana,12,0.09,1.0,0.0,0.03,1.9,10.39,232.86,28.61,1.17,30.06,18.2,1.8,23.41
512,Kinnaur,Himachal Pradesh,1,1.04,4.11,2.09,5.51,20.96,23.67,52.39,8.75,2.31,11.72,-1.93,2.23,3.41
512,Kinnaur,Himachal Pradesh,2,1.21,3.46,3.91,6.42,15.56,36.07,68.11,10.57,2.72,14.05,0.48,2.46,5.53
512,Kinnaur,Himachal Pradesh,3,1.64,5.86,4.31,8.18,19.83,45.86,104.74,15.73,3.17,19.75,3.93,2.73,9.83
512,Kinnaur,Himachal Pradesh,4,0.73,2.19,2.11,4.22,10.37,33.15,115.31,20.8,2.85,24.34,8.13,2.52,14.46
512,Kinnaur,Himachal Pradesh,5,0.96,3.09,3.04,5.87,12.53,27.49,106.39,24.2,2.42,27.05,11.94,2.07,18.07
512,Kinnaur,Himachal Pradesh,6,2.8,11.41,6.46,12.8,32.18,50.76,110.85,26.42,2.2,29.21,14.62,1.56,20.52
512,Kinnaur,Himachal Pradesh,7,4.45,8.58,13.54,21.41,41.46,108.42,187.91,25.79,1.83,28.09,16.77,1.07,21.28
512,Kinnaur,Himachal Pradesh,8,3.53,7.4,11.0,15.46,26.57,127.43,291.36,25.21,1.51,26.93,16.28,1.01,20.75
512,Kinnaur,Himachal Pradesh,9,2.82,7.62,8.05,14.89,32.75,98.08,336.0,24.39,1.58,26.23,13.14,1.9,18.77
512,Kinnaur,Himachal Pradesh,10,1.07,6.04,1.3,3.26,19.49,50.43,274.33,21.35,1.99,23.85,7.66,2.05,14.5
512,Kinnaur,Himachal Pradesh,11,0.25,1.36,0.28,0.69,5.83,19.96,166.7,17.02,1.92,19.23,2.64,2.0,9.83
512,Kinnaur,Himachal Pradesh,12,0.5,2.03,0.55,2.45,11.49,9.3,77.74,12.39,2.65,15.53,-0.91,2.04,5.74
513,Ukhrul,Manipur,1,0.21,1.31,0.1,0.52,6.05,4.45,53.83,13.21,0.97,14.43,6.77,0.8,9.99
513,Ukhrul,Manipur,2,0.69,2.92,0.72,4.24,14.13,11.73,24.11,14.69,1.27,16.27,7.87,0.98,11.28
513,Ukhrul,Manipur,3,0.99,3.33,2.43,7.05,14.45,22.75,38.87,16.73,1.3,18.43,9.81,1.02,13.27
513,Ukhrul,Manipur,4,1.88,4.47,6.94,10.58,21.2,42.73,77.44,17.86,1.23,19.42,11.51,0.81,14.69
513,Ukhrul,Manipur,5,3.99,8.28,13.22,20.62,41.03,92.71,159.02,18.38,1.12,19.73,13.17,0.81,15.78
513,Ukhrul,Manipur,6,6.05,12.11,18.31,26.49,52.69,147.07,284.56,18.59,0.86,19.7,14.64,0.46,16.62
513,Ukhrul,Manipur,7,5.39,8.81,15.61,24.55,39.29,176.63,419.63,18.45,0.8,19.49,14.95,0.3,16.7
513,Ukhrul,Manipur,8,5.85,9.63,17.85,24.86,43.87,173.4,499.82,18.58,0.76,19.51,14.96,0.3,16.77
513,Ukhrul,Manipur,9,5.01,9.78,16.35,25.04,44.67,163.76,513.01,18.35,0.9,19.51,14.35,0.44,16.35
513,Ukhrul,Manipur,10,3.12,9.12,10.83,19.86,49.19,124.33,461.32,17.52,0.99,18.76,12.76,0.99,15.14
513,Ukhrul,Manipur,11,0.54,2.73,0.16,2.3,14.42,44.69,331.03,15.75,0.98,16.98,9.95,1.09,12.85
513,Ukhrul,Manipur,12,0.07,0.5,0.01,0.09,2.22,8.25,174.67,13.82,0.89,14.94,7.68,0.92,10.75
514,Phek,Nagaland,1,0.36,1.36,0.82,1.77,7.53,7.12,72.73,18.04,1.52,19.91,9.33,1.28,13.68
514,Phek,Nagaland,2,0.87,2.74,2.29,5.5,12.78,16.91,34.54,20.09,1.96,22.55,11.08,1.52,15.58
514,Phek,Nagaland,3,1.52,4.2,4.82,9.81,17.68,30.46,54.3,23.13,2.03,25.75,13.76,1.52,18.45
514,Phek,Nagaland,4,3.37,5.81,10.45,15.17,26.71,74.8,122.45,24.82,1.92,27.26,16.09,1.31,20.45
514,Phek,Nagaland,5,6.14,10.12,18.07,25.08,49.05,146.86,253.73,25.92,1.84,28.21,18.53,1.31,22.22
514,Phek,Nagaland,6,9.46,13.9,24.92,33.82,65.86,231.33,456.23,26.64,1.44,28.48,20.7,0.76,23.67
514,Phek,Nagaland,7,8.91,10.68,22.44,30.0,47.52,283.31,666.09,26.51,1.34,28.26,21.21,0.55,23.86
514,Phek,Nagaland,8,9.95,11.91,24.87,34.78,55.91,291.12,810.48,26.73,1.26,28.32,21.29,0.53,24.01
514,Phek,Nagaland,9,8.87,12.98,24.53,35.17,63.18,284.09,858.14,26.38,1.49,28.32,20.37,0.7,23.37
514,Phek,Nagaland,10,4.44,10.24,14.86,24.6,54.51,202.61,777.97,25.05,1.64,27.1,18.08,1.5,21.57
514,Phek,Nagaland,11,0.7,2.98,1.1,3.93,15.01,60.04,543.5,22.24,1.57,24.25,13.88,1.69,18.06
514,Phek,Nagaland,12,0.13,0.5,0.35,0.86,1.8,11.06,268.34,19.25,1.45,21.11,10.48,1.46,14.86
515,Kishanganj,Bihar,1,0.4,2.6,0.1,0.42,15.8,8.43,44.99,21.77,2.02,24.26,9.82,1.65,15.79
515,Kishanganj,Bihar,2,0.37,2.12,0.21,1.33,11.05,11.4,23.02,24.65,2.22,27.38,11.86,1.85,18.25
515,Kishanganj,Bihar,3,0.76,3.69,0.38,3.6,20.7,12.64,32.17,29.34,2.32,32.24,15.92,2.19,22.63
515,Kishanganj,Bihar,4,2.55,8.04,6.17,17.69,42.6,44.75,68.79,31.81,2.42,34.79,19.84,1.83,25.82
515,Kishanganj,Bihar,5,7.76,17.08,22.66,36.51,76.3,143.44,202.35,31.16,2.02,33.84,22.6,1.56,26.88
515,Kishanganj,Bihar,6,13.54,21.55,39.9,57.3,104.06,318.32,510.44,30.73,1.66,32.87,24.42,1.01,27.57
515,Kishanganj,Bihar,7,22.47,31.24,62.57,88.14,146.79,622.99,1093.43,30.17,1.32,31.8,24.73,0.88,27.45
515,Kishanganj,Bihar,8,15.38,26.38,47.33,71.52,130.94,501.8,1460.66,30.52,1.3,32.1,24.77,0.81,27.65
515,Kishanganj,Bihar,9,13.73,25.91,41.89,62.59,129.45,465.39,1598.4,30.07,1.48,31.84,23.97,0.97,27.02
515,Kishanganj,Bihar,10,3.76,13.53,8.61,21.85,64.1,260.69,1219.75,29.48,1.53,31.21,20.77,2.01,25.13
515,Kishanganj,Bihar,11,0.17,1.44,0.02,0.16,3.05,36.7,756.42,27.17,1.56,29.18,15.68,1.99,21.43
515,Kishanganj,Bihar,12,0.13,1.23,0.0,0.04,2.31,3.37,289.86,23.65,1.89,25.83,11.51,1.78,17.58
516,Koch Bihar,West Bengal,1,0.41,2.37,0.44,1.15,12.87,9.24,51.35,22.85,1.85,25.19,11.57,1.53,17.21
516,Koch Bihar,West Bengal,2,0.5,2.2,0.71,2.46,12.04,11.68,24.0,25.47,2.21,28.29,13.6,1.83,19.54
516,Koch Bihar,West Bengal,3,0.99,3.64,1.96,6.63,16.68,17.42,38.29,29.79,2.41,32.92,17.5,2.11,23.64
516,Koch Bihar,West Bengal,4,5.9,12.25,19.64,29.78,54.77,96.49,125.75,31.06,2.6,34.49,20.93,1.68,26.0
516,Koch Bihar,West Bengal,5,14.19,21.85,40.27,60.62,105.96,292.49,409.87,30.49,1.84,32.91,23.31,1.38,26.9
516,Koch Bihar,West Bengal,6,21.12,28.99,62.61,85.98,125.75,544.04,941.54,30.74,1.49,32.62,25.13,0.91,27.94
516,Koch Bihar,West Bengal,7,26.28,35.5,78.3,106.75,146.98,767.29,1615.24,30.77,1.39,32.54,25.52,0.79,28.15
516,Koch Bihar,West Bengal,8,17.66,28.77,52.11,84.04,135.29,595.21,1921.34,31.12,1.37,32.8,25.56,0.71,28.34
516,Koch Bihar,West Bengal,9,18.07,31.38,55.33,84.44,154.55,583.36,1947.66,30.55,1.52,32.44,24.74,0.91,27.65
516,Koch Bihar,West Bengal,10,4.71,13.56,13.11,27.6,71.55,335.4,1504.58,29.74,1.55,31.46,21.75,1.95,25.75
516,Koch Bihar,West Bengal,11,0.14,1.01,0.15,0.47,3.02,43.79,956.06,27.66,1.48,29.55,16.91,1.78,22.29
516,Koch Bihar,West Bengal,12,0.13,1.15,0.01,0.19,3.1,3.19,367.98,24.59,1.72,26.61,13.17,1.69,18.88
517,Kolhapur,Maharashtra,1,0.01,0.14,0.0,0.01,0.31,2.25,70.94,29.4,1.19,30.88,16.52,1.46,22.96
517,Kolhapur,Maharashtra,2,0.01,0.09,0.0,0.0,0.19,0.31,18.78,31.08,1.37,32.83,17.17,1.5,24.12
517,Kolhapur,Maharashtra,3,0.28,2.03,0.37,0.87,4.18,4.21,6.88,33.5,1.32,35.03,19.4,1.63,26.45
517,Kolhapur,Maharashtra,4,0.81,2.37,2.09,4.16,11.27,15.4,20.05,34.81,0.99,36.05,21.53,1.37,28.17
517,Kolhapur,Maharashtra,5,1.85,5.02,4.84,9.07,23.59,32.73,52.84,34.01,1.42,35.5,23.06,0.97,28.53
517,Kolhapur,Maharashtra,6,10.79,18.07,27.66,36.69,86.97,189.94,238.92,28.43,2.21,31.91,23.24,0.83,25.84
517,Kolhapur,Maharashtra,7,12.48,16.78,32.86,46.56,69.07,347.02,575.34,26.18,1.09,27.6,22.74,0.66,24.46
517,Kolhapur,Maharashtra,8,8.52,13.44,22.74,33.98,58.07,351.35,902.99,26.11,1.06,27.41,22.36,0.57,24.24
517,Kolhapur,Maharashtra,9,6.26,10.78,18.43,26.27,50.2,188.34,888.07,27.58,1.28,29.24,21.97,0.62,24.77
517,Kolhapur,Maharashtra,10,3.56,7.51,10.46,17.07,33.93,170.6,706.1,29.52,1.42,31.24,21.31,1.08,25.42
517,Kolhapur,Maharashtra,11,1.12,3.9,2.72,5.96,21.57,53.98,410.4,29.78,1.03,30.97,19.34,1.91,24.56
517,Kolhapur,Maharashtra,12,0.21,1.93,0.1,0.31,3.41,16.87,237.71,29.2,1.01,30.41,17.34,1.7,23.27
518,Kolkata,West Bengal,1,0.39,2.48,0.0,0.18,14.72,9.3,83.29,25.64,2.01,28.05,13.49,2.23,19.56
518,Kolkata,West Bengal,2,0.78,3.57,0.0,5.54,19.06,17.31,36.44,28.95,2.4,31.9,16.74,2.4,22.84
518,Kolkata,West Bengal,3,1.05,5.59,0.0,4.69,25.9,22.89,49.11,33.07,2.14,35.67,21.27,2.29,27.17
518,Kolkata,West Bengal,4,1.91,7.53,3.64,14.23,34.49,44.53,84.75,34.91,1.94,37.3,24.61,1.77,29.76
518,Kolkata,West Bengal,5,4.67,11.88,16.99,28.96,59.22,98.14,166.37,34.52,1.84,36.77,26.35,1.73,30.44
518,Kolkata,West Bengal,6,10.13,20.52,33.72,52.05,95.12,212.76,357.62,33.06,2.15,35.82,27.09,1.25,30.08
518,Kolkata,West Bengal,7,12.34,21.39,35.94,56.22,105.17,365.69,682.49,31.65,1.28,33.22,26.65,0.81,29.15
518,Kolkata,West Bengal,8,10.75,20.0,31.54,48.34,100.51,345.28,934.53,31.64,1.21,33.07,26.55,0.7,29.1
518,Kolkata,West Bengal,9,10.67,23.22,30.03,57.17,118.49,307.39,1020.8,31.74,1.48,33.44,26.2,0.81,28.97
518,Kolkata,West Bengal,10,4.93,15.15,14.46,30.54,82.76,248.74,900.22,31.53,1.47,33.2,24.15,1.82,27.84
518,Kolkata,West Bengal,11,0.61,4.8,0.0,0.28,18.62,67.96,621.76,29.61,1.5,31.42,19.38,2.46,24.49
518,Kolkata,West Bengal,12,0.2,2.73,0.0,0.0,5.89,10.63,320.07,26.6,1.71,28.59,14.86,2.12,20.73
519,Kurukshetra,Haryana,1,1.27,7.36,0.51,3.37,35.75,26.22,45.39,18.84,2.4,21.71,7.28,2.06,13.06
519,Kurukshetra,Haryana,2,1.61,8.79,0.92,6.48,44.25,46.89,78.78,21.8,2.81,25.44,9.73,2.34,15.77
519,Kurukshetra,Haryana,3,1.15,6.97,0.58,3.53,30.36,44.92,116.74,27.5,3.39,31.83,13.96,2.56,20.73
519,Kurukshetra,Haryana,4,0.46,2.7,0.21,1.14,12.85,18.49,109.98,34.23,3.38,38.51,18.96,2.73,26.6
519,Kurukshetra,Haryana,5,0.62,2.67,0.7,3.37,15.33,16.92,79.42,37.94,3.01,41.46,23.14,2.41,30.54
519,Kurukshetra,Haryana,6,2.71,8.55,8.1,17.38,37.59,39.27,74.45,37.35,3.12,41.38,25.69,1.91,31.52
519,Kurukshetra,Haryana,7,7.09,15.2,22.01,32.34,76.86,156.02,213.85,33.36,2.3,36.22,25.99,1.28,29.67
519,Kurukshetra,Haryana,8,8.24,18.35,24.88,45.61,85.52,244.63,448.1,32.24,1.71,34.23,25.55,0.96,28.89
519,Kurukshetra,Haryana,9,5.8,19.08,12.39,31.96,108.9,221.21,629.44,32.17,1.77,34.25,23.55,1.62,27.86
519,Kurukshetra,Haryana,10,0.65,4.93,0.19,1.09,21.48,74.79,539.34,30.93,2.01,33.35,18.03,2.54,24.48
519,Kurukshetra,Haryana,11,0.25,3.41,0.0,0.16,3.64,12.7,303.34,26.29,2.11,28.83,12.77,2.08,19.53
519,Kurukshetra,Haryana,12,0.42,2.68,0.14,0.72,13.27,6.8,89.34,21.18,2.48,23.92,8.53,2.09,14.86
520,Kurung Kumey,Arunachal Pradesh,1,0.76,2.5,1.76,4.93,12.92,19.66,74.27,18.62,1.74,20.78,11.19,1.58,14.91
520,Kurung Kumey,Arunachal Pradesh,2,0.58,1.43,1.82,3.01,6.76,20.05,54.9,20.08,2.08,22.69,13.74,1.86,16.91
520,Kurung Kumey,Arunachal Pradesh,3,0.88,2.07,2.81,4.3,10.89,18.93,58.59,23.18,2.05,25.84,17.03,1.65,20.1
520,Kurung Kumey,Arunachal Pradesh,4,4.51,8.15,13.01,20.41,40.98,83.09,122.03,25.47,2.02,27.99,19.08,1.4,22.27
520,Kurung Kumey,Arunachal Pradesh,5,2.69,5.35,7.38,11.56,24.52,108.59,212.66,27.67,1.84,29.92,21.65,1.54,24.66
520,Kurung Kumey,Arunachal Pradesh,6,7.68,10.78,22.58,30.61,50.19,142.17,336.44,29.14,1.49,30.94,24.35,1.03,26.75
520,Kurung Kumey,Arunachal Pradesh,7,3.66,4.79,9.27,13.43,22.72,182.59,434.57,29.31,1.46,31.18,24.85,0.79,27.08
520,Kurung Kumey,Arunachal Pradesh,8,7.76,10.43,21.09,29.29,48.25,167.41,495.9,29.86,1.44,31.72,24.78,0.74,27.32
520,Kurung Kumey,Arunachal Pradesh,9,6.58,9.94,20.49,27.98,44.57,233.76,580.18,28.96,1.55,31.0,24.03,0.86,26.49
520,Kurung Kumey,Arunachal Pradesh,10,2.85,7.45,7.81,18.71,37.19,138.82,542.67,26.85,1.67,29.07,21.29,1.68,24.07
520,Kurung Kumey,Arunachal Pradesh,11,0.69,2.98,1.16,2.91,18.24,41.92,411.23,23.4,1.62,25.41,16.15,1.66,19.78
520,Kurung Kumey,Arunachal Pradesh,12,0.55,2.13,1.12,2.34,12.78,16.3,192.74,20.09,1.58,22.04,12.43,1.65,16.26
521,Lahul & Spiti,Himachal Pradesh,1,1.07,2.54,3.18,5.28,13.2,25.22,53.0,8.26,2.18,11.13,-1.5,1.88,3.38
521,Lahul & Spiti,Himachal Pradesh,2,1.52,3.09,4.95,7.83,14.5,38.06,75.89,10.08,2.79,13.72,0.81,2.19,5.44
521,Lahul & Spiti,Himachal Pradesh,3,1.97,3.84,6.63,9.7,17.92,55.05,117.7,15.43,3.43,19.84,4.15,2.48,9.79
521,Lahul & Spiti,Himachal Pradesh,4,1.0,2.18,3.09,5.09,11.44,44.22,137.69,20.84,3.15,24.81,8.19,2.33,14.51
521,Lahul & Spiti,Himachal Pradesh,5,0.94,2.25,2.94,5.34,10.85,30.06,129.29,24.5,2.63,27.67,11.74,2.04,18.12
521,Lahul & Spiti,Himachal Pradesh,6,1.3,3.51,3.49,6.72,17.74,30.79,104.21,26.48,2.2,29.32,14.32,1.41,20.4
521,Lahul & Spiti,Himachal Pradesh,7,2.43,4.15,7.14,10.08,19.97,54.03,114.97,26.01,1.85,28.29,16.28,1.09,21.14
521,Lahul & Spiti,Himachal Pradesh,8,1.8,3.15,4.66,7.14,13.08,69.6,156.31,25.56,1.53,27.26,15.96,1.06,20.76
521,Lahul & Spiti,Himachal Pradesh,9,1.89,4.65,5.83,8.86,23.29,55.56,180.65,24.61,1.57,26.36,12.43,1.85,18.52
521,Lahul & Spiti,Himachal Pradesh,10,0.66,2.76,1.07,3.27,12.42,34.37,158.79,21.37,1.88,23.76,6.62,2.0,14.0
521,Lahul & Spiti,Himachal Pradesh,11,0.37,1.49,0.73,1.66,8.2,14.52,103.83,16.78,2.0,19.06,1.7,1.71,9.24
521,Lahul & Spiti,Himachal Pradesh,12,0.58,1.73,1.5,3.88,9.12,13.28,60.97,11.58,2.58,14.73,-0.94,1.65,5.32
522,Lakhisarai,Bihar,1,0.31,1.93,0.04,0.77,8.64,5.73,30.86,22.5,2.22,25.14,10.36,2.11,16.43
522,Lakhisarai,Bihar,2,0.35,1.85,0.23,1.12,9.13,9.81,16.97,26.14,2.49,29.36,13.14,2.18,19.64
522,Lakhisarai,Bihar,3,0.37,2.5,0.05,0.79,9.96,11.16,26.47,31.91,2.72,35.28,17.69,2.35,24.8
522,Lakhisarai,Bihar,4,0.67,3.22,0.41,3.14,15.99,12.98,33.93,36.39,2.38,39.31,22.18,1.82,29.28
522,Lakhisarai,Bihar,5,1.29,4.66,3.59,8.38,20.46,28.65,52.95,36.65,2.42,39.98,24.89,1.63,30.77
522,Lakhisarai,Bihar,6,6.18,14.05,19.99,34.42,75.08,93.54,135.83,34.86,2.79,38.78,26.44,1.22,30.65
522,Lakhisarai,Bihar,7,11.54,19.81,34.72,59.3,93.59,310.11,436.28,31.99,1.4,33.72,26.25,0.84,29.12
522,Lakhisarai,Bihar,8,7.98,15.48,24.47,43.06,77.78,273.65,690.63,31.87,1.15,33.31,26.16,0.74,29.02
522,Lakhisarai,Bihar,9,7.53,15.45,23.77,36.03,72.63,236.66,826.26,31.64,1.44,33.35,25.5,0.97,28.57
522,Lakhisarai,Bihar,10,2.24,8.52,5.23,13.75,44.29,148.89,655.41,30.86,1.51,32.7,22.2,2.21,26.53
522,Lakhisarai,Bihar,11,0.17,1.58,0.0,0.05,6.71,25.35,408.11,28.06,1.54,29.99,16.67,2.33,22.37
522,Lakhisarai,Bihar,12,0.05,0.43,0.0,0.03,1.46,1.9,170.42,24.07,1.92,26.17,11.89,1.99,17.98
523,Latur,Maharashtra,1,0.17,1.35,0.0,0.07,4.85,5.95,54.5,28.26,1.66,30.14,16.06,1.91,22.16
523,Latur,Maharashtra,2,0.09,0.76,0.0,0.1,2.53,3.89,22.51,31.1,1.84,33.53,18.13,1.74,24.62
523,Latur,Maharashtra,3,0.35,2.01,0.1,0.85,11.13,7.42,17.34,34.79,2.07,37.26,21.54,1.8,28.16
523,Latur,Maharashtra,4,0.61,3.06,0.94,2.72,13.65,15.27,26.75,37.69,1.8,39.79,24.8,1.61,31.25
523,Latur,Maharashtra,5,0.97,4.04,1.57,5.17,20.38,21.3,44.36,38.78,1.96,41.02,26.57,1.36,32.68
523,Latur,Maharashtra,6,4.43,8.93,15.44,23.21,38.79,76.65,113.58,33.47,3.22,37.98,24.88,1.46,29.17
523,Latur,Maharashtra,7,7.22,13.84,24.1,37.62,63.34,179.38,279.56,29.7,1.95,32.16,23.51,0.89,26.6
523,Latur,Maharashtra,8,6.84,14.1,21.25,36.21,71.23,215.88,480.21,28.72,1.58,30.59,22.94,0.7,25.83
523,Latur,Maharashtra,9,5.75,11.41,18.05,29.77,54.92,197.75,596.99,29.72,1.49,31.64,22.68,0.7,26.2
523,Latur,Maharashtra,10,2.66,8.59,7.02,15.07,45.76,127.05,539.19,30.27,1.61,32.15,20.98,1.68,25.62
523,Latur,Maharashtra,11,0.68,3.56,0.32,2.69,18.32,36.85,359.24,29.01,1.41,30.77,17.89,2.31,23.45
523,Latur,Maharashtra,12,0.26,2.75,0.0,0.0,5.92,13.1,173.16,27.81,1.55,29.67,15.55,2.13,21.68
524,Lohit,Arunachal Pradesh,1,1.37,5.76,2.4,7.16,27.11,24.5,111.49,20.14,2.23,22.96,9.06,1.78,14.6
524,Lohit,Arunachal Pradesh,2,3.03,8.4,8.35,16.06,42.39,69.99,109.01,22.0,2.65,25.37,11.08,2.0,16.54
524,Lohit,Arunachal Pradesh,3,4.63,10.22,15.45,28.33,49.55,102.08,194.75,24.77,2.76,28.38,14.39,1.92,19.58
524,Lohit,Arunachal Pradesh,4,8.01,13.65,25.33,35.76,59.69,211.89,384.19,26.36,2.62,29.69,17.21,1.65,21.79
524,Lohit,Arunachal Pradesh,5,9.19,19.56,30.62,46.16,80.07,248.81,565.3,28.26,2.61,31.55,20.31,1.75,24.29
524,Lohit,Arunachal Pradesh,6,17.28,28.07,51.44,72.85,125.44,371.36,835.46,29.25,2.07,31.84,23.26,1.33,26.26
524,Lohit,Arunachal Pradesh,7,19.87,29.14,55.04,78.62,131.93,598.14,1224.88,28.92,1.96,31.41,24.0,1.23,26.46
524,Lohit,Arunachal Pradesh,8,12.17,17.22,33.07,47.42,83.16,466.23,1450.74,29.61,1.77,31.89,24.08,1.02,26.84
524,Lohit,Arunachal Pradesh,9,9.4,16.49,27.5,41.44,81.58,342.75,1407.34,29.13,2.02,31.87,22.79,1.14,25.96
524,Lohit,Arunachal Pradesh,10,5.18,15.17,13.6,36.76,79.58,215.23,1014.75,27.94,2.26,30.65,19.32,2.15,23.63
524,Lohit,Arunachal Pradesh,11,0.92,3.72,2.11,3.98,20.36,75.75,628.79,24.85,2.1,27.34,14.27,1.87,19.56
524,Lohit,Arunachal Pradesh,12,0.53,2.08,1.31,2.69,8.35,16.96,302.22,21.41,2.07,23.86,10.41,1.98,15.91
525,Lower Dibang Valley,Arunachal Pradesh,1,1.06,3.09,3.11,5.97,15.73,26.78,117.35,22.94,2.15,25.68,12.43,1.75,17.69
525,Lower Dibang Valley,Arunachal Pradesh,2,2.69,6.15,8.13,15.09,29.02,56.59,106.39,24.69,2.54,27.93,14.71,1.95,19.7
525,Lower Dibang Valley,Arunachal Pradesh,3,4.37,8.93,13.14,23.28,43.97,94.17,176.5,27.47,2.6,30.86,18.06,1.85,22.76
525,Lower Dibang Valley,Arunachal Pradesh,4,8.04,12.23,24.43,32.59,58.45,205.76,357.09,29.09,2.5,32.19,20.71,1.57,24.9
525,Lower Dibang Valley,Arunachal Pradesh,5,10.11,17.45,32.54,48.37,76.96,265.24,568.04,31.15,2.47,34.26,23.61,1.68,27.38
525,Lower Dibang Valley,Arunachal Pradesh,6,17.56,27.54,53.98,75.85,125.47,381.63,856.78,32.14,1.97,34.61,26.56,1.29,29.35
525,Lower Dibang Valley,Arunachal Pradesh,7,20.45,27.92,60.16,82.8,117.27,630.25,1284.51,31.84,1.87,34.22,27.25,1.18,29.54
525,Lower Dibang Valley,Arunachal Pradesh,8,14.22,21.15,39.47,61.08,101.08,492.9,1519.19,32.59,1.69,34.76,27.33,0.97,29.96
525,Lower Dibang Valley,Arunachal Pradesh,9,10.72,17.31,32.44,47.32,76.47,396.53,1521.71,32.08,1.94,34.75,26.01,1.11,29.05
525,Lower Dibang Valley,Arunachal Pradesh,10,4.62,11.53,13.75,29.69,55.44,223.57,1104.33,30.95,2.15,33.51,22.51,2.07,26.73
525,Lower Dibang Valley,Arunachal Pradesh,11,1.1,3.74,2.65,5.76,21.23,69.84,683.16,27.81,2.09,30.32,17.44,1.74,22.63
525,Lower Dibang Valley,Arunachal Pradesh,12,0.81,3.18,1.78,3.9,16.33,24.95,311.26,24.26,1.99,26.69,13.65,1.93,18.95
526,Ludhiana,Punjab,1,1.19,6.56,0.99,3.7,28.97,25.52,48.97,18.16,2.32,20.94,6.22,2.01,12.19
526,Ludhiana,Punjab,2,1.43,6.65,1.87,6.55,28.24,40.15,75.68,21.12,2.87,24.79,8.57,2.33,14.85
526,Ludhiana,Punjab,3,1.28,6.8,1.0,3.93,34.79,45.73,110.59,26.71,3.45,31.15,12.78,2.58,19.75
526,Ludhiana,Punjab,4,0.55,3.08,0.41,1.31,13.55,23.31,109.19,33.74,3.59,38.36,17.89,2.75,25.82
526,Ludhiana,Punjab,5,0.75,3.79,0.81,3.59,14.24,19.73,88.14,38.0,3.1,41.67,22.44,2.41,30.22
526,Ludhiana,Punjab,6,1.94,6.84,4.18,11.12,33.68,33.05,75.72,37.81,3.01,41.72,25.52,1.99,31.67
526,Ludhiana,Punjab,7,6.56,14.4,19.9,37.3,73.36,140.72,194.63,33.69,2.25,36.52,26.0,1.24,29.85
526,Ludhiana,Punjab,8,6.92,14.14,22.97,37.35,68.99,212.68,393.47,32.45,1.64,34.32,25.53,0.97,28.99
526,Ludhiana,Punjab,9,3.33,11.16,8.34,17.65,53.52,149.42,510.29,32.33,1.71,34.29,23.22,1.75,27.78
526,Ludhiana,Punjab,10,0.45,3.16,0.19,0.68,13.92,46.63,406.7,30.79,2.07,33.34,17.41,2.57,24.1
526,Ludhiana,Punjab,11,0.38,3.61,0.08,0.31,9.59,12.25,203.26,25.77,2.14,28.43,11.81,2.13,18.79
526,Ludhiana,Punjab,12,0.52,3.37,0.3,1.32,12.68,10.99,67.23,20.47,2.43,23.31,7.4,1.98,13.94
527,Madhepura,Bihar,1,0.35,2.12,0.07,0.77,11.93,7.22,32.59,22.58,2.11,25.12,10.64,1.83,16.61
527,Madhepura,Bihar,2,0.47,2.53,0.22,1.45,11.63,11.95,22.9,25.89,2.32,28.74,13.13,2.0,19.51
527,Madhepura,Bihar,3,0.47,3.06,0.26,1.59,10.08,12.18,31.11,31.37,2.53,34.56,17.56,2.27,24.46
527,Madhepura,Bihar,4,1.35,5.04,2.5,9.12,27.21,23.9,47.97,35.15,2.37,38.01,21.76,1.8,28.46
527,Madhepura,Bihar,5,4.24,10.32,14.25,23.37,45.14,76.54,113.2,34.82,2.25,37.88,24.39,1.65,29.61
527,Madhepura,Bihar,6,8.21,16.12,23.94,39.83,80.53,179.7,282.25,33.7,2.13,36.61,26.11,1.09,29.91
527,Madhepura,Bihar,7,14.76,20.87,42.52,58.6,97.5,390.3,651.94,32.07,1.32,33.67,26.25,0.84,29.16
527,Madhepura,Bihar,8,9.55,16.14,28.88,41.19,75.61,341.5,924.36,32.18,1.24,33.65,26.31,0.79,29.24
527,Madhepura,Bihar,9,8.81,16.91,26.57,41.97,87.49,280.0,1018.41,31.74,1.47,33.48,25.6,0.97,28.67
527,Madhepura,Bihar,10,2.28,9.5,4.48,12.28,49.67,170.91,786.69,31.0,1.55,32.82,22.36,2.15,26.68
527,Madhepura,Bihar,11,0.19,1.87,0.0,0.16,3.4,23.33,470.75,28.48,1.57,30.48,16.85,2.22,22.66
527,Madhepura,Bihar,12,0.12,0.89,0.0,0.07,3.68,4.2,191.55,24.47,1.97,26.67,12.26,1.85,18.37
528,Madhubani,Bihar,1,0.52,3.08,0.37,1.26,13.76,12.26,33.88,22.5,2.1,25.08,10.44,1.82,16.47
528,Madhubani,Bihar,2,0.65,3.75,0.7,2.29,19.38,16.43,32.47,25.93,2.36,28.81,12.83,2.04,19.38
528,Madhubani,Bihar,3,0.65,4.39,0.81,2.18,12.28,16.68,45.05,31.61,2.6,34.83,17.51,2.45,24.56
528,Madhubani,Bihar,4,1.08,3.58,2.62,6.58,19.23,25.25,58.34,35.6,2.4,38.49,22.13,1.87,28.87
528,Madhubani,Bihar,5,3.57,8.23,11.01,17.93,37.16,67.46,109.71,35.56,2.35,38.81,24.92,1.63,30.24
528,Madhubani,Bihar,6,7.19,13.53,20.69,32.85,72.82,150.43,244.73,34.26,2.32,37.51,26.46,1.06,30.36
528,Madhubani,Bihar,7,13.52,20.0,39.45,54.94,92.23,345.71,568.58,32.19,1.4,33.89,26.54,0.82,29.36
528,Madhubani,Bihar,8,9.46,18.24,27.0,51.99,83.96,329.83,838.22,32.33,1.28,33.87,26.55,0.74,29.44
528,Madhubani,Bihar,9,7.34,13.43,21.93,35.63,67.36,259.77,942.16,31.87,1.51,33.66,25.71,0.99,28.79
528,Madhubani,Bihar,10,1.7,6.56,3.1,10.16,34.96,134.07,718.42,31.11,1.52,32.89,22.12,2.26,26.61
528,Madhubani,Bihar,11,0.17,1.91,0.03,0.3,2.14,18.79,407.86,28.45,1.62,30.5,16.57,2.13,22.51
528,Madhubani,Bihar,12,0.2,1.93,0.05,0.29,3.03,4.13,151.07,24.41,1.96,26.67,12.0,1.88,18.21
529,Mahabubnagar,Telangana,1,0.03,0.32,0.0,0.01,0.65,1.36,48.42,29.21,1.59,31.1,16.99,1.75,23.1
529,Mahabubnagar,Telangana,2,0.05,0.39,0.0,0.01,2.17,1.37,8.39,32.18,1.72,34.47,19.1,1.61,25.64
529,Mahabubnagar,Telangana,3,0.25,1.64,0.01,0.96,6.17,4.4,7.15,35.64,1.88,37.86,22.38,1.67,29.01
529,Mahabubnagar,Telangana,4,0.58,2.13,1.51,3.48,10.49,12.99,18.85,37.84,1.66,39.67,25.43,1.48,31.63
529,Mahabubnagar,Telangana,5,1.23,4.39,2.98,7.72,21.49,26.0,43.76,38.53,2.12,40.88,27.24,1.41,32.88
529,Mahabubnagar,Telangana,6,4.01,9.64,12.41,21.96,51.9,81.54,121.15,33.57,2.87,37.62,25.45,1.42,29.51
529,Mahabubnagar,Telangana,7,6.8,12.87,21.39,33.5,55.68,155.03,264.61,30.38,1.96,32.83,24.1,0.97,27.24
529,Mahabubnagar,Telangana,8,7.94,15.72,23.0,38.04,82.14,231.4,474.87,29.45,1.61,31.34,23.54,0.74,26.5
529,Mahabubnagar,Telangana,9,5.16,10.19,16.67,25.9,44.74,194.72,585.74,30.2,1.55,32.18,23.32,0.7,26.76
529,Mahabubnagar,Telangana,10,3.02,8.82,9.4,18.96,39.57,132.76,558.48,30.45,1.64,32.32,21.89,1.36,26.17
529,Mahabubnagar,Telangana,11,0.5,2.63,0.51,2.2,11.5,43.32,367.43,29.31,1.37,30.95,19.08,2.15,24.2
529,Mahabubnagar,Telangana,12,0.08,0.87,0.0,0.0,1.54,6.06,178.84,28.51,1.38,30.08,16.81,1.88,22.66
530,Maharajganj,Uttar Pradesh,1,0.48,2.77,0.24,1.95,14.23,10.8,34.77,22.17,2.54,25.02,10.32,2.06,16.25
530,Maharajganj,Uttar Pradesh,2,0.55,2.83,0.49,1.97,12.92,17.01,29.68,25.79,2.58,29.17,12.94,2.18,19.37
530,Maharajganj,Uttar Pradesh,3,0.62,3.39,0.73,2.25,15.97,14.36,41.69,31.97,2.96,35.52,17.31,2.57,24.64
530,Maharajganj,Uttar Pradesh,4,0.75,3.32,1.06,4.26,16.88,20.05,51.23,37.18,2.47,40.24,22.45,2.14,29.81
530,Maharajganj,Uttar Pradesh,5,2.28,5.7,8.34,13.06,24.1,44.31,78.95,37.73,2.53,41.13,25.99,1.8,31.86
530,Maharajganj,Uttar Pradesh,6,8.56,17.11,25.87,41.38,88.73,137.52,202.74,36.19,3.15,40.64,27.76,1.42,31.97
530,Maharajganj,Uttar Pradesh,7,15.39,23.48,46.79,71.98,102.55,392.3,579.94,32.82,1.7,34.77,27.52,0.98,30.17
530,Maharajganj,Uttar Pradesh,8,11.67,20.41,33.14,54.4,94.32,401.34,948.37,32.74,1.31,34.3,27.36,0.79,30.05
530,Maharajganj,Uttar Pradesh,9,8.49,18.34,24.34,45.2,93.86,322.47,1124.19,32.42,1.52,34.24,26.32,1.12,29.37
530,Maharajganj,Uttar Pradesh,10,2.4,9.66,4.6,15.22,45.21,155.92,873.87,31.74,1.53,33.57,22.15,2.41,26.94
530,Maharajganj,Uttar Pradesh,11,0.08,1.2,0.0,0.0,0.5,24.24,496.13,28.67,1.76,30.99,16.61,2.22,22.64
530,Maharajganj,Uttar Pradesh,12,0.2,1.95,0.0,0.09,4.66,2.72,176.15,24.23,2.27,26.53,12.06,2.02,18.15
531,Mahendragarh,Haryana,1,0.29,2.23,0.01,0.37,7.37,6.15,13.97,20.58,2.68,23.78,6.86,2.4,13.72
531,Mahendragarh,Haryana,2,0.64,3.11,0.15,3.28,15.3,13.29,21.81,24.27,3.16,28.48,9.82,2.76,17.04
531,Mahendragarh,Haryana,3,0.3,1.64,0.11,1.09,8.6,15.37,34.61,30.44,3.55,34.84,14.87,2.82,22.65
531,Mahendragarh,Haryana,4,0.12,0.79,0.03,0.45,2.74,5.34,33.96,36.8,3.3,40.92,20.53,2.88,28.66
531,Mahendragarh,Haryana,5,0.84,3.96,0.85,3.77,19.96,12.6,32.9,40.22,2.91,43.54,25.32,2.62,32.77
531,Mahendragarh,Haryana,6,1.66,6.09,3.23,10.26,31.58,32.06,50.16,39.36,3.01,43.08,28.11,2.01,33.73
531,Mahendragarh,Haryana,7,4.46,10.83,14.94,26.06,55.34,100.92,146.87,35.1,2.64,38.75,27.51,1.53,31.31
531,Mahendragarh,Haryana,8,6.04,14.02,19.42,31.99,72.37,165.3,302.62,33.58,1.91,36.03,26.52,1.05,30.05
531,Mahendragarh,Haryana,9,2.81,9.76,6.95,15.63,48.41,137.71,409.31,34.16,2.02,36.63,24.63,1.57,29.4
531,Mahendragarh,Haryana,10,0.53,3.69,0.0,0.31,16.85,39.35,341.75,33.31,2.3,36.1,19.02,2.61,26.16
531,Mahendragarh,Haryana,11,0.05,0.57,0.0,0.0,1.15,6.02,178.5,28.06,2.43,31.11,13.34,2.37,20.7
531,Mahendragarh,Haryana,12,0.11,1.07,0.0,0.02,3.16,2.37,45.42,22.72,2.68,25.91,8.38,2.46,15.55
532,Maldah,West Bengal,1,0.34,2.01,0.15,0.57,11.68,5.1,41.02,23.09,1.98,25.49,11.76,1.77,17.42
532,Maldah,West Bengal,2,0.43,2.51,0.3,1.3,12.58,11.34,17.44,26.56,2.27,29.38,14.32,2.0,20.44
532,Maldah,West Bengal,3,0.47,3.12,0.26,1.16,14.2,12.74,28.86,31.77,2.44,34.86,18.71,2.23,25.24
532,Maldah,West Bengal,4,1.74,5.63,4.3,12.27,29.29,28.55,52.62,35.02,2.38,37.93,22.66,1.76,28.84
532,Maldah,West Bengal,5,4.67,10.31,16.36,24.62,44.65,94.17,136.36,34.34,2.17,37.34,25.04,1.57,29.69
532,Maldah,West Bengal,6,8.65,15.3,25.54,40.44,69.29,186.07,311.46,33.33,1.92,35.95,26.51,1.0,29.92
532,Maldah,West Bengal,7,13.34,19.9,37.94,54.44,97.41,370.52,656.23,32.09,1.21,33.51,26.48,0.8,29.29
532,Maldah,West Bengal,8,10.74,18.91,30.32,45.98,108.66,347.11,914.87,32.21,1.18,33.68,26.51,0.75,29.36
532,Maldah,West Bengal,9,9.16,18.83,26.55,46.3,88.04,292.8,1016.11,31.89,1.4,33.5,25.84,0.89,28.86
532,Maldah,West Bengal,10,4.15,15.59,9.02,20.34,94.43,225.31,861.7,31.07,1.52,32.86,23.11,1.96,27.09
532,Maldah,West Bengal,11,0.15,1.11,0.01,0.16,4.82,38.94,554.33,28.5,1.47,30.33,17.94,2.12,23.22
532,Maldah,West Bengal,12,0.04,0.34,0.0,0.0,1.13,1.6,259.82,24.75,1.84,26.86,13.45,1.78,19.1
533,Mansa,Punjab,1,0.48,2.59,0.39,1.51,12.43,12.99,28.45,18.93,2.46,21.83,6.23,2.21,12.58
533,Mansa,Punjab,2,1.0,4.28,0.94,5.78,22.62,23.48,42.15,22.2,2.96,25.98,8.98,2.57,15.59
533,Mansa,Punjab,3,0.73,3.59,0.82,2.86,18.51,27.26,63.27,28.03,3.55,32.54,13.65,2.76,20.84
533,Mansa,Punjab,4,0.33,1.89,0.26,0.88,9.61,15.08,65.69,34.98,3.54,39.45,19.22,2.9,27.1
533,Mansa,Punjab,5,0.52,2.51,0.64,1.67,13.69,11.78,53.58,39.02,3.07,42.56,23.91,2.55,31.47
533,Mansa,Punjab,6,1.72,6.26,2.88,9.19,29.58,28.35,54.99,38.68,3.02,42.47,26.86,2.04,32.77
533,Mansa,Punjab,7,3.39,8.71,8.73,20.07,46.89,82.12,123.21,34.94,2.45,38.02,26.83,1.39,30.89
533,Mansa,Punjab,8,3.47,9.54,10.32,18.68,46.54,113.41,227.8,33.61,1.81,35.78,26.14,1.02,29.88
533,Mansa,Punjab,9,2.99,11.26,5.34,16.75,58.78,94.96,293.25,33.49,1.85,35.67,23.82,1.69,28.66
533,Mansa,Punjab,10,0.6,5.08,0.11,0.65,13.75,47.16,254.94,31.73,2.21,34.51,18.14,2.57,24.94
533,Mansa,Punjab,11,0.14,1.76,0.0,0.09,1.58,9.58,150.03,26.47,2.19,29.15,12.36,2.28,19.41
533,Mansa,Punjab,12,0.39,2.81,0.17,0.6,12.52,5.99,60.31,21.16,2.55,24.12,7.54,2.23,14.35
534,Siddipet,Telangana,1,0.2,1.3,0.0,0.05,7.94,7.0,56.18,28.27,1.64,30.16,16.67,1.92,22.47
534,Siddipet,Telangana,2,0.3,1.92,0.0,0.28,10.31,7.43,21.7,31.31,1.81,33.64,18.95,1.68,25.13
534,Siddipet,Telangana,3,0.45,2.8,0.03,1.18,11.53,11.23,25.62,34.87,1.99,37.19,22.17,1.65,28.52
534,Siddipet,Telangana,4,0.69,3.12,0.84,3.43,16.96,17.79,36.54,37.43,1.8,39.5,25.36,1.48,31.4
534,Siddipet,Telangana,5,0.69,3.08,1.01,3.54,16.23,19.7,48.9,38.82,2.18,41.21,27.68,1.52,33.25
534,Siddipet,Telangana,6,4.41,10.6,13.68,26.6,53.38,69.06,106.79,34.01,3.43,38.88,26.04,1.79,30.02
534,Siddipet,Telangana,7,6.93,12.81,21.76,33.57,58.26,171.8,262.69,30.02,2.05,32.67,24.22,1.05,27.12
534,Siddipet,Telangana,8,7.13,14.52,24.17,37.2,70.13,226.31,475.69,29.08,1.65,30.96,23.66,0.79,26.37
534,Siddipet,Telangana,9,4.73,10.71,15.35,26.31,56.21,173.37,575.66,30.14,1.46,32.09,23.52,0.67,26.83
534,Siddipet,Telangana,10,2.92,9.68,6.48,17.49,54.35,119.8,518.31,30.25,1.59,32.05,21.84,1.51,26.05
534,Siddipet,Telangana,11,0.5,2.75,0.18,1.94,12.3,43.55,333.65,28.78,1.36,30.43,18.72,2.27,23.75
534,Siddipet,Telangana,12,0.23,2.77,0.0,0.0,4.58,7.57,167.93,27.65,1.42,29.36,16.3,2.03,21.98
535,Mewat,Haryana,1,0.62,3.79,0.04,1.53,19.5,13.17,25.24,20.25,2.66,23.47,7.49,2.33,13.87
535,Mewat,Haryana,2,0.69,3.46,0.21,3.06,19.62,19.3,37.41,23.93,3.01,27.8,10.49,2.69,17.21
535,Mewat,Haryana,3,0.38,2.52,0.12,0.73,10.23,17.91,50.04,30.2,3.41,34.38,15.47,2.75,22.83
535,Mewat,Haryana,4,0.34,2.69,0.02,0.43,10.81,9.28,46.45,36.77,3.17,40.72,21.13,2.8,28.95
535,Mewat,Haryana,5,0.49,2.59,0.32,1.77,14.7,10.9,37.73,40.16,2.83,43.4,25.75,2.49,32.96
535,Mewat,Haryana,6,1.42,6.45,2.42,8.01,27.79,24.15,44.41,39.21,3.06,42.96,28.33,1.95,33.77
535,Mewat,Haryana,7,5.31,12.85,16.42,29.95,69.38,112.08,147.99,34.77,2.6,38.61,27.58,1.49,31.17
535,Mewat,Haryana,8,8.5,19.99,28.45,48.84,85.71,215.04,356.92,33.25,1.83,35.62,26.77,1.02,30.01
535,Mewat,Haryana,9,3.79,11.56,11.94,26.24,58.09,193.41,528.2,33.66,2.0,36.08,25.01,1.53,29.34
535,Mewat,Haryana,10,0.62,4.79,0.0,0.34,24.12,49.57,457.86,32.81,2.23,35.57,19.55,2.56,26.18
535,Mewat,Haryana,11,0.12,1.43,0.0,0.0,1.29,7.28,243.78,27.72,2.37,30.68,14.02,2.34,20.87
535,Mewat,Haryana,12,0.22,2.4,0.0,0.04,4.39,5.05,58.87,22.39,2.64,25.49,9.12,2.41,15.76
536,Moga,Punjab,1,1.08,5.5,0.72,4.22,25.59,18.74,38.21,18.4,2.32,21.21,6.01,2.06,12.2
536,Moga,Punjab,2,1.18,6.57,1.04,6.73,20.85,35.34,58.74,21.46,2.91,25.22,8.52,2.41,14.99
536,Moga,Punjab,3,1.03,4.97,0.94,4.99,26.34,36.26,89.47,27.12,3.5,31.56,12.95,2.67,20.03
536,Moga,Punjab,4,0.49,2.52,0.31,1.97,11.39,21.29,92.85,34.28,3.69,39.01,18.35,2.84,26.31
536,Moga,Punjab,5,0.63,3.41,0.52,2.18,18.02,17.83,74.91,38.75,3.14,42.34,23.1,2.49,30.93
536,Moga,Punjab,6,1.19,4.23,2.55,7.22,22.69,19.78,58.59,38.68,2.99,42.54,26.28,2.03,32.48
536,Moga,Punjab,7,4.92,12.64,14.17,26.78,60.33,99.74,138.13,34.6,2.34,37.5,26.56,1.27,30.58
536,Moga,Punjab,8,5.13,13.52,14.77,26.94,64.89,161.41,286.18,33.3,1.69,35.3,25.98,1.0,29.64
536,Moga,Punjab,9,3.06,12.13,6.27,14.81,55.7,122.96,389.97,33.2,1.76,35.22,23.58,1.76,28.39
536,Moga,Punjab,10,0.52,4.04,0.13,0.94,11.31,42.96,325.85,31.35,2.15,34.01,17.77,2.57,24.56
536,Moga,Punjab,11,0.37,4.99,0.0,0.19,6.36,13.63,176.19,26.04,2.17,28.74,11.98,2.22,19.01
536,Moga,Punjab,12,0.24,1.85,0.1,0.38,5.72,6.48,60.65,20.62,2.45,23.48,7.27,2.04,13.94
537,Wokha,Nagaland,1,0.77,2.5,1.88,4.99,12.71,15.69,76.17,23.65,1.85,25.92,13.31,1.53,18.48
537,Wokha,Nagaland,2,1.21,3.04,4.23,7.55,15.69,29.79,57.91,25.98,2.34,28.92,15.48,1.82,20.73
537,Wokha,Nagaland,3,2.88,6.39,11.22,16.85,29.92,49.85,94.75,29.35,2.36,32.42,18.74,1.84,24.05
537,Wokha,Nagaland,4,6.33,9.08,18.9,24.78,40.2,146.97,227.06,30.77,2.28,33.63,21.71,1.65,26.24
537,Wokha,Nagaland,5,8.39,11.35,24.54,31.88,47.72,224.52,424.5,32.04,2.17,34.71,24.67,1.62,28.36
537,Wokha,Nagaland,6,12.44,13.02,30.99,39.52,53.23,300.53,676.4,32.93,1.69,35.1,27.16,0.97,30.04
537,Wokha,Nagaland,7,13.44,13.79,31.71,40.2,59.23,412.09,941.84,32.79,1.55,34.81,27.65,0.76,30.22
537,Wokha,Nagaland,8,13.75,14.88,32.12,42.6,66.01,406.53,1126.85,33.09,1.45,34.91,27.82,0.72,30.45
537,Wokha,Nagaland,9,11.67,13.99,29.49,39.25,65.53,384.46,1204.57,32.54,1.72,34.8,26.82,0.91,29.68
537,Wokha,Nagaland,10,4.27,8.86,15.01,21.6,41.12,246.16,1036.26,31.23,1.83,33.5,24.1,1.81,27.66
537,Wokha,Nagaland,11,0.66,2.37,1.42,3.54,12.56,51.9,677.03,28.21,1.78,30.42,18.92,1.92,23.57
537,Wokha,Nagaland,12,0.35,1.28,0.79,2.04,7.13,13.67,303.33,24.91,1.67,27.11,14.75,1.75,19.83
538,Sri Muktsar Sahib,Punjab,1,0.35,2.27,0.14,1.62,8.23,7.97,15.46,18.71,2.44,21.64,5.99,2.2,12.35
538,Sri Muktsar Sahib,Punjab,2,0.53,2.53,0.72,3.03,9.89,12.73,22.98,21.89,2.96,25.72,8.67,2.56,15.28
538,Sri Muktsar Sahib,Punjab,3,0.78,4.06,0.85,4.22,16.61,20.38,40.81,27.56,3.55,32.02,13.38,2.8,20.47
538,Sri Muktsar Sahib,Punjab,4,0.31,1.52,0.13,1.38,8.47,16.44,49.71,34.61,3.69,39.29,19.03,2.96,26.82
538,Sri Muktsar Sahib,Punjab,5,0.38,1.77,0.32,1.8,9.28,9.47,46.27,38.95,3.12,42.54,23.92,2.58,31.43
538,Sri Muktsar Sahib,Punjab,6,1.42,5.02,3.7,8.82,23.75,22.31,47.81,38.88,2.97,42.7,27.02,2.08,32.95
538,Sri Muktsar Sahib,Punjab,7,3.76,9.66,11.99,22.77,53.36,86.59,119.21,35.27,2.44,38.45,26.93,1.36,31.1
538,Sri Muktsar Sahib,Punjab,8,2.72,8.24,8.09,14.6,37.11,100.57,213.63,34.08,1.8,36.26,26.16,1.02,30.12
538,Sri Muktsar Sahib,Punjab,9,2.39,9.82,4.34,13.45,54.3,77.22,267.4,33.84,1.81,35.95,23.79,1.71,28.81
538,Sri Muktsar Sahib,Punjab,10,0.26,1.95,0.0,0.32,7.95,32.84,209.31,31.67,2.22,34.49,18.14,2.53,24.91
538,Sri Muktsar Sahib,Punjab,11,0.11,1.82,0.0,0.0,1.26,4.84,113.4,26.22,2.18,28.88,12.33,2.29,19.27
538,Sri Muktsar Sahib,Punjab,12,0.13,1.02,0.0,0.11,3.58,2.63,38.24,20.88,2.54,23.88,7.36,2.25,14.12
539,Mumbai City,Maharashtra,1,0.0,0.03,0.0,0.0,0.0,0.07,14.2,29.23,1.21,30.62,19.3,1.09,24.26
539,Mumbai City,Maharashtra,2,0.0,0.02,0.0,0.0,0.0,0.07,0.68,29.92,1.53,31.83,19.85,1.14,24.89
539,Mumbai City,Maharashtra,3,0.0,0.04,0.0,0.0,0.0,0.07,0.21,31.81,1.54,33.76,22.01,1.23,26.91
539,Mumbai City,Maharashtra,4,0.0,0.01,0.0,0.0,0.0,0.02,0.15,32.44,1.2,34.2,24.28,1.07,28.36
539,Mumbai City,Maharashtra,5,0.45,2.69,0.0,0.0,16.63,1.4,1.49,32.26,0.98,33.46,26.54,0.77,29.4
539,Mumbai City,Maharashtra,6,16.93,27.91,53.51,78.01,128.77,246.53,247.99,29.94,1.55,32.15,26.5,0.47,28.22
539,Mumbai City,Maharashtra,7,25.32,43.4,78.31,123.82,189.26,666.24,924.33,27.88,0.8,28.89,25.58,0.3,26.73
539,Mumbai City,Maharashtra,8,18.26,39.33,60.4,97.76,171.88,686.5,1633.0,27.59,0.72,28.42,25.17,0.27,26.38
539,Mumbai City,Maharashtra,9,11.01,20.9,34.4,49.53,100.45,410.68,1771.49,28.6,1.03,29.89,24.99,0.51,26.8
539,Mumbai City,Maharashtra,10,2.33,6.18,7.52,15.04,30.81,198.23,1285.67,30.97,1.33,32.6,24.27,1.3,27.62
539,Mumbai City,Maharashtra,11,0.07,0.36,0.0,0.42,2.12,15.58,613.71,31.36,0.93,32.47,22.49,1.63,26.93
539,Mumbai City,Maharashtra,12,0.01,0.05,0.0,0.0,0.29,0.66,205.21,30.16,1.08,31.37,20.3,1.42,25.23
540,Munger,Bihar,1,0.34,1.98,0.02,0.53,13.14,5.95,29.68,22.47,2.14,24.99,10.79,2.01,16.63
540,Munger,Bihar,2,0.38,1.9,0.28,1.52,9.42,10.91,17.91,26.06,2.43,29.14,13.51,2.13,19.79
540,Munger,Bihar,3,0.37,2.23,0.19,0.92,10.3,10.94,27.51,31.76,2.68,35.11,18.03,2.29,24.89
540,Munger,Bihar,4,0.84,3.23,1.64,5.3,17.07,15.92,37.72,36.0,2.39,38.92,22.3,1.79,29.15
540,Munger,Bihar,5,2.03,5.78,5.98,11.87,25.45,40.55,67.66,36.02,2.4,39.36,24.81,1.63,30.42
540,Munger,Bihar,6,6.95,14.39,20.54,39.36,70.15,117.58,175.08,34.4,2.54,37.97,26.42,1.17,30.41
540,Munger,Bihar,7,11.4,17.2,35.73,48.56,80.12,314.84,477.42,31.98,1.35,33.62,26.32,0.83,29.15
540,Munger,Bihar,8,8.2,14.75,25.11,37.7,77.73,283.62,728.39,31.95,1.16,33.37,26.3,0.75,29.12
540,Munger,Bihar,9,7.46,14.38,22.42,38.1,68.65,233.35,836.9,31.71,1.44,33.43,25.64,0.95,28.68
540,Munger,Bihar,10,2.15,8.3,4.56,12.23,39.83,147.89,661.29,30.89,1.52,32.72,22.53,2.13,26.71
540,Munger,Bihar,11,0.16,1.45,0.0,0.04,4.83,24.25,402.45,28.09,1.54,30.02,17.11,2.26,22.6
540,Munger,Bihar,12,0.04,0.33,0.0,0.03,1.36,1.7,168.11,24.08,1.91,26.21,12.37,1.91,18.22
541,Murshidabad,West Bengal,1,0.4,1.84,0.67,2.04,7.65,6.61,57.17,23.93,1.89,26.23,12.34,1.95,18.14
541,Murshidabad,West Bengal,2,0.5,1.97,0.81,3.24,9.76,13.59,23.75,27.49,2.39,30.56,15.09,2.15,21.29
541,Murshidabad,West Bengal,3,0.76,2.75,1.49,5.14,14.58,16.62,36.47,32.79,2.55,35.9,19.56,2.36,26.17
541,Murshidabad,West Bengal,4,1.55,4.33,4.26,9.47,20.4,34.3,64.56,35.88,2.53,39.11,23.7,1.76,29.79
541,Murshidabad,West Bengal,5,4.27,8.19,11.94,17.51,40.52,82.34,133.96,35.06,2.44,38.41,25.8,1.63,30.43
541,Murshidabad,West Bengal,6,8.17,12.06,23.4,32.37,55.7,183.65,302.27,33.53,2.24,36.69,26.8,1.08,30.17
541,Murshidabad,West Bengal,7,11.6,14.73,30.47,42.54,68.05,324.85,595.9,31.94,1.18,33.39,26.38,0.7,29.16
541,Murshidabad,West Bengal,8,9.06,12.43,23.86,35.07,59.25,297.71,815.52,31.87,1.07,33.12,26.29,0.62,29.08
541,Murshidabad,West Bengal,9,8.24,13.83,21.76,34.01,71.94,255.52,881.43,31.75,1.37,33.33,25.7,0.79,28.73
541,Murshidabad,West Bengal,10,4.6,12.26,13.37,25.86,59.34,213.67,764.22,31.05,1.46,32.8,23.2,1.88,27.13
541,Murshidabad,West Bengal,11,0.3,1.74,0.18,1.12,8.27,51.61,519.01,28.62,1.39,30.35,18.34,2.17,23.48
541,Murshidabad,West Bengal,12,0.06,0.59,0.0,0.03,2.24,4.02,264.34,25.18,1.67,27.09,13.95,1.89,19.57
542,Muzaffarpur,Bihar,1,0.42,2.53,0.13,0.88,12.65,8.51,28.21,21.93,2.32,24.56,10.02,2.05,15.97
542,Muzaffarpur,Bihar,2,0.42,2.17,0.21,1.63,10.24,12.57,24.55,25.49,2.44,28.57,12.63,2.17,19.06
542,Muzaffarpur,Bihar,3,0.43,3.92,0.15,0.87,6.75,9.82,30.62,31.36,2.77,34.74,17.25,2.5,24.3
542,Muzaffarpur,Bihar,4,0.75,2.81,1.1,5.41,16.69,17.52,39.8,36.07,2.38,38.97,22.08,1.89,29.08
542,Muzaffarpur,Bihar,5,2.51,7.38,6.79,14.54,37.46,46.88,74.45,36.62,2.43,39.97,24.97,1.64,30.8
542,Muzaffarpur,Bihar,6,5.61,13.12,16.88,31.74,61.8,112.7,178.23,35.24,2.85,39.17,26.45,1.23,30.84
542,Muzaffarpur,Bihar,7,10.47,17.23,33.26,47.39,80.6,271.03,434.48,32.34,1.51,34.18,26.47,0.87,29.4
542,Muzaffarpur,Bihar,8,8.12,16.34,25.7,42.25,83.42,263.29,657.03,32.25,1.24,33.73,26.41,0.76,29.33
542,Muzaffarpur,Bihar,9,6.18,14.19,18.61,33.01,75.21,221.11,760.9,31.82,1.52,33.64,25.62,1.04,28.72
542,Muzaffarpur,Bihar,10,1.57,7.28,2.38,7.89,30.61,117.63,598.53,31.04,1.54,32.87,21.99,2.38,26.52
542,Muzaffarpur,Bihar,11,0.15,1.47,0.0,0.03,2.65,17.41,352.05,28.22,1.63,30.32,16.32,2.34,22.27
542,Muzaffarpur,Bihar,12,0.12,1.08,0.0,0.04,2.84,3.74,133.97,23.93,2.08,26.22,11.65,2.01,17.79
543,Nadia,West Bengal,1,0.38,1.69,0.54,2.23,8.94,6.55,72.7,24.73,1.9,27.02,12.66,2.07,18.7
543,Nadia,West Bengal,2,0.64,2.56,1.19,4.25,11.89,16.19,29.15,28.22,2.42,31.36,15.56,2.28,21.89
543,Nadia,West Bengal,3,1.02,3.84,1.83,5.94,22.02,20.15,42.4,33.16,2.45,36.18,20.18,2.45,26.67
543,Nadia,West Bengal,4,2.08,5.9,6.69,11.35,27.66,46.63,82.97,35.81,2.38,38.83,24.22,1.76,30.01
543,Nadia,West Bengal,5,4.62,8.89,14.0,21.04,42.93,97.3,165.01,35.06,2.25,38.01,26.18,1.61,30.62
543,Nadia,West Bengal,6,8.78,13.48,23.3,34.48,61.73,195.22,341.37,33.39,2.26,36.54,26.95,1.13,30.17
543,Nadia,West Bengal,7,11.15,15.38,29.91,41.41,74.03,331.09,628.73,31.83,1.19,33.21,26.4,0.7,29.11
543,Nadia,West Bengal,8,8.97,13.6,23.61,35.71,66.13,289.12,824.25,31.77,1.08,33.05,26.25,0.59,29.01
543,Nadia,West Bengal,9,8.97,16.72,24.37,37.25,95.32,263.21,885.45,31.79,1.39,33.38,25.71,0.74,28.75
543,Nadia,West Bengal,10,4.9,12.88,14.86,25.59,63.37,224.07,774.57,31.27,1.46,32.96,23.35,1.88,27.31
543,Nadia,West Bengal,11,0.49,3.15,0.31,1.47,12.93,64.02,549.97,29.07,1.41,30.78,18.59,2.27,23.83
543,Nadia,West Bengal,12,0.07,0.7,0.0,0.06,1.92,6.97,289.35,25.78,1.65,27.71,14.18,2.01,19.98
544,Nagpur,Maharashtra,1,0.67,3.14,1.21,3.1,12.68,14.57,51.98,26.32,2.14,28.9,13.92,2.29,20.12
544,Nagpur,Maharashtra,2,0.61,2.09,1.48,3.24,11.8,20.1,45.5,29.45,2.42,32.46,16.19,2.17,22.82
544,Nagpur,Maharashtra,3,0.8,3.51,1.38,4.95,13.78,23.01,57.29,34.09,2.68,37.35,20.1,2.14,27.1
544,Nagpur,Maharashtra,4,0.35,1.35,0.89,1.68,6.22,15.03,58.24,38.36,2.11,40.88,24.55,1.96,31.46
544,Nagpur,Maharashtra,5,0.59,1.91,1.35,3.08,9.85,12.19,50.06,40.25,1.99,42.58,28.12,1.74,34.18
544,Nagpur,Maharashtra,6,6.38,11.74,18.24,29.95,53.72,79.36,106.3,35.39,4.12,40.82,26.87,2.19,31.13
544,Nagpur,Maharashtra,7,11.56,13.85,29.26,40.59,62.66,289.19,384.87,29.76,2.16,32.57,24.43,1.04,27.1
544,Nagpur,Maharashtra,8,11.28,15.12,31.63,45.93,71.57,368.37,751.9,28.79,1.65,30.81,23.81,0.8,26.3
544,Nagpur,Maharashtra,9,6.37,10.58,18.3,26.57,47.24,268.9,934.76,30.4,1.71,32.44,23.52,0.78,26.96
544,Nagpur,Maharashtra,10,1.95,6.12,4.5,11.38,33.94,111.58,745.46,30.95,1.6,32.9,20.84,2.08,25.89
544,Nagpur,Maharashtra,11,0.56,3.25,0.62,2.08,12.58,27.66,400.72,28.8,1.54,30.81,16.93,2.46,22.87
544,Nagpur,Maharashtra,12,0.26,1.48,0.3,0.87,6.92,11.13,145.85,26.63,1.69,28.84,13.89,2.18,20.26
545,Nalanda,Bihar,1,0.4,2.35,0.12,1.22,9.91,7.83,30.13,22.4,2.36,25.14,10.08,2.24,16.24
545,Nalanda,Bihar,2,0.49,2.53,0.36,1.9,14.89,13.45,23.04,26.01,2.52,29.25,12.88,2.24,19.45
545,Nalanda,Bihar,3,0.41,2.39,0.08,1.07,11.78,14.42,35.37,31.9,2.82,35.3,17.37,2.45,24.64
545,Nalanda,Bihar,4,0.51,2.25,0.45,2.63,12.57,10.56,38.35,36.77,2.41,39.72,22.17,1.91,29.47
545,Nalanda,Bihar,5,0.96,3.95,2.29,5.22,15.94,21.35,46.32,37.46,2.46,40.84,25.14,1.68,31.3
545,Nalanda,Bihar,6,5.53,13.36,17.48,30.66,74.01,75.54,107.83,35.7,3.05,40.0,26.76,1.35,31.23
545,Nalanda,Bihar,7,10.73,20.7,31.45,52.69,108.43,288.74,389.34,32.41,1.52,34.24,26.51,0.91,29.46
545,Nalanda,Bihar,8,8.69,17.6,25.56,43.41,89.77,270.24,647.4,32.18,1.18,33.64,26.39,0.78,29.29
545,Nalanda,Bihar,9,6.8,14.13,22.86,33.18,67.92,243.43,809.02,31.87,1.47,33.62,25.74,1.03,28.81
545,Nalanda,Bihar,10,1.81,8.2,2.9,10.01,35.71,126.98,637.09,31.13,1.53,33.02,22.14,2.4,26.63
545,Nalanda,Bihar,11,0.14,1.38,0.0,0.05,3.24,21.79,387.92,28.31,1.6,30.39,16.39,2.45,22.35
545,Nalanda,Bihar,12,0.11,1.04,0.0,0.01,2.67,2.24,145.75,24.2,2.02,26.44,11.59,2.12,17.9
546,Nalgonda,Telangana,1,0.15,0.97,0.0,0.07,5.57,3.86,73.5,30.06,1.52,31.8,18.03,1.72,24.04
546,Nalgonda,Telangana,2,0.17,1.27,0.0,0.19,4.54,4.34,15.39,33.13,1.69,35.35,19.94,1.57,26.53
546,Nalgonda,Telangana,3,0.28,1.98,0.03,0.72,6.18,6.67,14.83,36.6,1.78,38.65,22.73,1.56,29.67
546,Nalgonda,Telangana,4,0.52,3.04,0.52,2.23,11.25,11.74,22.81,38.86,1.67,40.9,25.76,1.39,32.31
546,Nalgonda,Telangana,5,1.09,4.45,2.39,5.58,20.98,25.16,43.81,40.01,2.26,42.49,28.27,1.46,34.14
546,Nalgonda,Telangana,6,3.63,8.6,12.15,21.23,43.2,71.64,109.09,35.68,3.07,39.97,27.19,1.53,31.43
546,Nalgonda,Telangana,7,5.68,10.75,18.62,27.15,54.31,135.36,233.95,32.27,2.12,34.94,25.56,1.06,28.92
546,Nalgonda,Telangana,8,6.05,11.89,19.19,31.91,61.38,182.18,395.09,31.35,1.74,33.38,25.03,0.81,28.19
546,Nalgonda,Telangana,9,4.58,9.32,14.51,22.48,44.15,157.6,478.29,32.02,1.54,33.96,24.8,0.67,28.41
546,Nalgonda,Telangana,10,3.87,10.24,11.63,22.16,58.47,135.62,474.96,31.82,1.65,33.7,23.27,1.35,27.54
546,Nalgonda,Telangana,11,0.74,3.54,1.25,4.29,13.64,64.92,356.7,30.4,1.33,31.98,20.43,2.1,25.41
546,Nalgonda,Telangana,12,0.11,1.05,0.0,0.01,3.3,7.92,206.03,29.35,1.29,30.86,18.08,1.84,23.71
547,Nanded,Maharashtra,1,0.45,3.22,0.39,1.03,10.48,8.34,49.02,28.65,1.79,30.72,16.38,2.03,22.51
547,Nanded,Maharashtra,2,0.19,1.22,0.14,0.38,4.99,9.95,26.19,31.62,2.0,34.2,18.5,1.87,25.06
547,Nanded,Maharashtra,3,0.55,3.01,0.59,1.81,15.14,12.69,30.77,35.57,2.26,38.27,21.96,1.86,28.76
547,Nanded,Maharashtra,4,0.46,2.11,0.64,1.57,10.09,14.71,37.6,38.84,1.9,41.1,25.64,1.7,32.24
547,Nanded,Maharashtra,5,0.56,2.27,1.37,2.69,8.33,14.32,41.9,40.13,1.98,42.29,28.25,1.45,34.19
547,Nanded,Maharashtra,6,5.84,12.26,16.1,27.42,66.22,77.72,106.69,34.92,3.6,39.89,26.41,1.82,30.67
547,Nanded,Maharashtra,7,9.55,14.5,24.99,39.89,72.72,241.56,337.01,30.42,2.04,33.06,24.51,0.95,27.46
547,Nanded,Maharashtra,8,9.6,17.49,25.71,42.81,90.55,306.72,638.46,29.25,1.6,31.21,23.86,0.74,26.56
547,Nanded,Maharashtra,9,5.81,11.36,15.24,29.34,59.74,235.02,789.42,30.54,1.54,32.53,23.66,0.69,27.1
547,Nanded,Maharashtra,10,2.42,8.86,5.38,11.14,41.02,119.35,658.67,31.08,1.63,33.07,21.72,1.78,26.4
547,Nanded,Maharashtra,11,0.54,2.83,0.67,2.06,12.62,33.94,382.81,29.53,1.41,31.3,18.47,2.32,24.0
547,Nanded,Maharashtra,12,0.12,1.06,0.06,0.19,2.19,8.59,157.9,28.19,1.56,30.08,15.97,2.14,22.08
548,Nandurbar,Maharashtra,1,0.04,0.27,0.06,0.17,0.81,1.22,16.8,27.25,2.01,29.79,14.2,1.96,20.73
548,Nandurbar,Maharashtra,2,0.03,0.16,0.05,0.14,0.69,1.15,5.8,29.81,2.46,32.97,16.12,2.22,22.96
548,Nandurbar,Maharashtra,3,0.02,0.24,0.0,0.01,0.35,0.8,3.18,34.48,2.54,37.64,19.98,2.16,27.23
548,Nandurbar,Maharashtra,4,0.01,0.06,0.0,0.01,0.18,0.44,2.39,38.16,1.9,40.51,23.48,1.71,30.82
548,Nandurbar,Maharashtra,5,0.24,1.77,0.08,0.47,7.54,2.34,3.56,38.96,1.61,40.93,25.97,1.09,32.47
548,Nandurbar,Maharashtra,6,5.22,11.58,15.81,27.64,60.01,64.18,67.02,34.92,2.99,38.78,26.37,1.12,30.65
548,Nandurbar,Maharashtra,7,8.23,13.67,21.66,34.44,69.48,213.3,283.27,30.1,1.91,32.67,25.16,0.87,27.63
548,Nandurbar,Maharashtra,8,8.31,14.18,21.64,35.48,74.31,272.18,560.85,28.98,1.37,30.66,24.41,0.69,26.69
548,Nandurbar,Maharashtra,9,5.65,11.67,15.47,25.72,63.79,204.09,694.69,30.6,1.7,32.87,24.11,0.83,27.36
548,Nandurbar,Maharashtra,10,1.07,4.02,2.33,5.83,17.38,94.84,569.71,32.47,1.55,34.36,22.33,1.93,27.4
548,Nandurbar,Maharashtra,11,0.21,1.37,0.08,0.63,6.0,12.92,306.73,30.39,1.54,32.37,18.68,2.27,24.53
548,Nandurbar,Maharashtra,12,0.06,0.63,0.0,0.02,1.14,3.52,106.77,28.0,1.69,29.97,15.25,2.03,21.63
549,Nashik,Maharashtra,1,0.03,0.3,0.01,0.02,0.75,1.77,33.01,27.43,1.66,29.52,14.08,1.8,20.76
549,Nashik,Maharashtra,2,0.04,0.36,0.01,0.02,0.48,0.97,10.25,29.69,2.07,32.33,15.55,1.97,22.62
549,Nashik,Maharashtra,3,0.04,0.32,0.0,0.02,1.57,1.34,4.1,33.58,2.14,36.27,18.85,1.89,26.21
549,Nashik,Maharashtra,4,0.06,0.62,0.0,0.1,1.31,1.19,3.51,36.71,1.55,38.62,21.8,1.55,29.25
549,Nashik,Maharashtra,5,0.29,1.45,0.27,1.25,7.36,4.56,7.11,37.29,1.34,38.89,23.8,1.05,30.54
549,Nashik,Maharashtra,6,5.52,12.45,16.44,27.95,62.07,77.21,83.08,32.53,2.83,36.35,24.36,0.94,28.44
549,Nashik,Maharashtra,7,7.14,12.48,21.38,33.84,54.53,200.43,285.47,28.34,1.55,30.35,23.59,0.72,25.97
549,Nashik,Maharashtra,8,5.49,10.89,14.54,24.21,55.17,197.19,484.66,27.53,1.22,29.03,22.92,0.62,25.22
549,Nashik,Maharashtra,9,5.89,10.71,17.47,28.1,50.1,167.37,566.61,29.07,1.47,30.97,22.37,0.73,25.72
549,Nashik,Maharashtra,10,1.8,5.25,5.0,10.78,27.76,119.61,482.77,31.03,1.4,32.81,20.85,1.73,25.94
549,Nashik,Maharashtra,11,0.51,2.59,0.49,2.17,11.49,24.81,310.28,29.48,1.26,31.09,18.01,2.24,23.74
549,Nashik,Maharashtra,12,0.09,0.75,0.0,0.02,3.33,8.08,148.16,27.75,1.38,29.33,15.09,1.97,21.42
550,Nawada,Bihar,1,0.37,2.41,0.1,0.78,12.31,8.47,33.88,22.91,2.25,25.62,10.41,2.24,16.66
550,Nawada,Bihar,2,0.44,2.5,0.2,1.84,12.34,11.54,22.92,26.58,2.55,29.89,13.28,2.23,19.93
550,Nawada,Bihar,3,0.49,3.6,0.1,1.09,11.04,15.41,35.19,32.36,2.79,35.79,17.84,2.37,25.1
550,Nawada,Bihar,4,0.47,2.28,0.36,1.95,11.53,11.92,38.89,37.09,2.39,40.05,22.47,1.84,29.78
550,Nawada,Bihar,5,1.14,4.8,2.38,6.75,20.72,21.19,48.52,37.72,2.45,41.05,25.28,1.64,31.5
550,Nawada,Bihar,6,5.61,13.17,18.06,32.87,66.88,82.63,116.06,35.41,3.14,39.84,26.68,1.34,31.04
550,Nawada,Bihar,7,10.77,19.53,32.58,50.36,90.09,288.7,396.34,31.9,1.5,33.65,26.11,0.89,29.0
550,Nawada,Bihar,8,8.96,15.87,28.46,41.97,72.35,276.85,660.73,31.65,1.15,33.06,25.9,0.75,28.78
550,Nawada,Bihar,9,7.08,14.46,24.71,37.41,70.9,246.59,818.78,31.5,1.43,33.2,25.28,0.99,28.39
550,Nawada,Bihar,10,2.11,8.38,3.06,14.07,39.89,141.46,661.87,30.82,1.5,32.66,21.76,2.29,26.29
550,Nawada,Bihar,11,0.18,1.64,0.0,0.06,4.27,23.91,407.92,28.09,1.53,30.04,16.3,2.38,22.2
550,Nawada,Bihar,12,0.17,1.66,0.0,0.01,2.53,3.36,163.3,24.33,1.85,26.33,11.7,2.04,18.01
551,Shahid Bhagat Singh Nagar,Punjab,1,1.56,8.12,0.84,6.08,44.12,31.41,62.36,18.37,2.28,21.2,6.03,1.99,12.2
551,Shahid Bhagat Singh Nagar,Punjab,2,1.42,5.36,2.44,10.16,25.44,45.55,91.1,21.15,2.83,24.72,8.15,2.26,14.65
551,Shahid Bhagat Singh Nagar,Punjab,3,1.55,7.74,1.72,7.9,35.48,51.57,127.44,26.72,3.52,31.3,12.09,2.54,19.41
551,Shahid Bhagat Singh Nagar,Punjab,4,0.58,3.22,0.21,2.18,15.58,27.37,124.7,33.51,3.64,38.16,16.98,2.67,25.25
551,Shahid Bhagat Singh Nagar,Punjab,5,0.89,3.93,1.13,5.93,19.92,22.4,100.9,37.75,3.14,41.49,21.55,2.32,29.65
551,Shahid Bhagat Singh Nagar,Punjab,6,2.19,6.84,5.8,13.66,35.93,39.18,88.45,37.43,3.05,41.37,24.9,1.95,31.17
551,Shahid Bhagat Singh Nagar,Punjab,7,8.23,16.64,24.4,43.47,82.4,168.9,231.72,33.04,2.21,35.85,25.64,1.12,29.34
551,Shahid Bhagat Singh Nagar,Punjab,8,8.74,18.25,28.08,48.26,92.08,268.47,485.03,31.86,1.52,33.61,25.14,0.91,28.5
551,Shahid Bhagat Singh Nagar,Punjab,9,3.5,11.37,10.56,19.74,54.91,175.61,622.73,31.85,1.59,33.67,22.81,1.76,27.33
551,Shahid Bhagat Singh Nagar,Punjab,10,0.51,3.72,0.03,0.83,16.03,51.44,493.23,30.59,1.94,32.97,16.78,2.6,23.68
551,Shahid Bhagat Singh Nagar,Punjab,11,0.61,4.65,0.0,0.34,24.61,15.12,235.29,25.89,2.12,28.43,11.34,2.03,18.62
551,Shahid Bhagat Singh Nagar,Punjab,12,0.53,3.23,0.04,1.17,15.9,15.04,78.99,20.77,2.4,23.54,7.24,1.93,14.0
552,Nizamabad,Telangana,1,0.44,3.32,0.0,0.33,13.13,10.19,55.67,28.45,1.73,30.43,17.11,2.01,22.78
552,Nizamabad,Telangana,2,0.23,1.65,0.0,0.22,5.74,10.57,27.53,31.54,1.93,33.97,19.31,1.81,25.43
552,Nizamabad,Telangana,3,0.48,2.44,0.08,2.26,13.7,11.52,32.12,35.26,2.15,37.8,22.62,1.78,28.94
552,Nizamabad,Telangana,4,0.56,2.81,0.48,2.2,12.05,15.44,37.7,38.13,1.87,40.33,26.04,1.62,32.08
552,Nizamabad,Telangana,5,0.61,3.25,0.52,2.1,13.52,17.82,45.02,39.47,2.07,41.75,28.38,1.51,33.92
552,Nizamabad,Telangana,6,5.58,15.2,18.54,31.04,73.51,79.91,113.31,34.49,3.5,39.34,26.55,1.87,30.52
552,Nizamabad,Telangana,7,9.67,18.84,30.09,47.37,88.38,226.58,327.32,30.33,2.02,32.95,24.66,1.03,27.49
552,Nizamabad,Telangana,8,9.71,22.52,31.11,53.15,112.31,317.12,635.89,29.31,1.64,31.24,24.05,0.79,26.68
552,Nizamabad,Telangana,9,5.27,13.21,15.71,29.33,57.36,224.21,774.41,30.5,1.5,32.46,23.9,0.7,27.2
552,Nizamabad,Telangana,10,2.71,12.22,4.48,12.73,58.04,117.98,656.63,30.78,1.63,32.7,22.21,1.63,26.49
552,Nizamabad,Telangana,11,0.49,2.75,0.07,1.22,16.39,40.24,376.84,29.22,1.41,31.0,19.1,2.3,24.16
552,Nizamabad,Telangana,12,0.22,2.61,0.0,0.0,2.72,7.28,162.03,27.92,1.52,29.73,16.68,2.11,22.3
553,North Twenty-Four Parganas,West Bengal,1,0.33,1.66,0.43,1.22,8.23,6.7,79.12,25.13,1.87,27.43,13.47,2.08,19.3
553,North Twenty-Four Parganas,West Bengal,2,0.8,2.7,1.51,6.67,13.13,17.18,32.93,28.44,2.36,31.43,16.56,2.36,22.5
553,North Twenty-Four Parganas,West Bengal,3,1.1,4.33,2.38,7.22,20.29,23.18,46.61,32.81,2.24,35.54,21.25,2.41,27.03
553,North Twenty-Four Parganas,West Bengal,4,2.29,6.51,7.8,13.43,26.63,51.88,92.25,34.75,2.11,37.38,24.85,1.7,29.8
553,North Twenty-Four Parganas,West Bengal,5,5.16,9.92,16.72,24.21,49.35,110.25,186.3,34.28,1.94,36.75,26.59,1.55,30.43
553,North Twenty-Four Parganas,West Bengal,6,10.25,16.37,28.21,38.65,74.69,223.46,388.14,32.8,2.14,35.7,27.16,1.16,29.98
553,North Twenty-Four Parganas,West Bengal,7,11.46,15.81,29.71,42.81,72.75,354.6,694.09,31.43,1.18,32.87,26.56,0.7,29.0
553,North Twenty-Four Parganas,West Bengal,8,10.68,16.23,28.06,39.39,85.25,328.29,915.67,31.39,1.08,32.7,26.41,0.6,28.9
553,North Twenty-Four Parganas,West Bengal,9,9.85,18.29,27.26,42.7,94.14,296.0,980.03,31.4,1.38,32.98,25.98,0.71,28.69
553,North Twenty-Four Parganas,West Bengal,10,4.69,12.11,14.51,28.74,63.23,231.64,855.08,31.04,1.43,32.7,23.81,1.83,27.43
553,North Twenty-Four Parganas,West Bengal,11,0.68,4.05,0.53,2.09,18.09,66.67,591.57,29.04,1.43,30.79,19.19,2.32,24.12
553,North Twenty-Four Parganas,West Bengal,12,0.12,1.18,0.02,0.18,2.53,9.97,301.65,26.02,1.6,27.89,14.86,2.01,20.44
554,Usmanabad,Maharashtra,1,0.03,0.3,0.0,0.02,0.64,2.02,47.21,28.05,1.57,29.86,16.08,1.76,22.06
554,Usmanabad,Maharashtra,2,0.02,0.18,0.0,0.04,0.5,0.63,12.8,30.8,1.77,33.16,17.9,1.69,24.35
554,Usmanabad,Maharashtra,3,0.12,0.66,0.05,0.34,3.53,2.5,5.25,34.45,2.0,36.91,21.27,1.79,27.86
554,Usmanabad,Maharashtra,4,0.47,2.25,0.77,2.44,8.4,9.27,12.47,37.4,1.7,39.4,24.3,1.55,30.85
554,Usmanabad,Maharashtra,5,0.96,3.2,2.27,5.78,17.11,18.87,30.91,38.39,1.84,40.51,25.52,1.23,31.96
554,Usmanabad,Maharashtra,6,3.91,6.9,12.24,19.43,32.7,76.29,104.94,32.9,2.98,37.22,24.32,1.17,28.61
554,Usmanabad,Maharashtra,7,4.48,8.48,13.32,21.96,40.31,125.09,222.14,29.41,1.76,31.54,23.19,0.77,26.3
554,Usmanabad,Maharashtra,8,4.74,9.02,14.99,23.67,40.92,136.69,342.91,28.62,1.46,30.36,22.57,0.62,25.59
554,Usmanabad,Maharashtra,9,5.68,9.13,18.51,24.68,39.68,162.64,425.1,29.6,1.44,31.53,22.31,0.67,25.95
554,Usmanabad,Maharashtra,10,2.61,6.66,8.37,16.34,34.13,133.24,432.99,30.25,1.53,32.13,20.92,1.6,25.59
554,Usmanabad,Maharashtra,11,0.68,3.0,0.71,3.73,16.7,36.26,331.86,28.97,1.34,30.66,18.12,2.22,23.54
554,Usmanabad,Maharashtra,12,0.15,1.54,0.0,0.02,3.65,10.88,176.7,27.64,1.47,29.42,15.86,2.0,21.75
555,Palghar,Maharashtra,1,0.0,0.03,0.0,0.0,0.06,0.22,29.25,29.49,1.54,31.39,16.43,1.62,22.96
555,Palghar,Maharashtra,2,0.0,0.05,0.0,0.0,0.05,0.08,4.12,31.24,1.96,33.82,17.3,1.78,24.27
555,Palghar,Maharashtra,3,0.0,0.05,0.0,0.0,0.08,0.17,0.48,34.48,1.95,36.91,20.0,1.74,27.24
555,Palghar,Maharashtra,4,0.01,0.06,0.0,0.0,0.14,0.12,0.37,36.27,1.34,37.96,22.97,1.52,29.62
555,Palghar,Maharashtra,5,0.3,2.02,0.08,0.78,6.94,2.87,3.15,35.86,1.09,37.16,26.09,1.15,30.98
555,Palghar,Maharashtra,6,14.53,34.98,40.94,73.81,164.96,163.0,166.08,32.21,2.2,35.27,26.7,0.95,29.45
555,Palghar,Maharashtra,7,23.06,31.51,62.3,85.7,146.43,615.22,790.87,29.17,1.2,30.73,25.78,0.71,27.47
555,Palghar,Maharashtra,8,15.81,24.72,43.32,62.86,111.63,641.21,1451.49,28.71,1.01,29.95,25.12,0.58,26.92
555,Palghar,Maharashtra,9,8.94,18.5,24.0,39.27,109.37,334.8,1602.04,29.96,1.28,31.62,24.67,0.66,27.31
555,Palghar,Maharashtra,10,2.51,8.75,5.64,16.12,40.16,172.8,1138.76,32.73,1.42,34.38,23.1,1.57,27.92
555,Palghar,Maharashtra,11,0.45,3.01,0.31,1.18,8.93,27.15,525.48,32.0,1.2,33.47,20.68,1.99,26.34
555,Palghar,Maharashtra,12,0.01,0.13,0.0,0.0,0.27,4.95,198.05,30.3,1.34,31.86,17.96,1.8,24.13
556,Palwal,Haryana,1,0.64,4.1,0.01,1.43,22.46,13.76,25.93,20.27,2.68,23.53,7.6,2.3,13.94
556,Palwal,Haryana,2,0.85,4.76,0.12,1.98,26.15,21.6,41.27,23.87,2.96,27.55,10.58,2.66,17.23
556,Palwal,Haryana,3,0.53,4.12,0.08,0.99,13.91,23.23,58.14,30.15,3.39,34.36,15.52,2.72,22.83
556,Palwal,Haryana,4,0.31,2.7,0.01,0.25,6.57,9.63,54.51,36.84,3.17,40.82,21.17,2.77,29.0
556,Palwal,Haryana,5,0.7,4.85,0.22,2.32,19.8,16.49,48.91,40.15,2.82,43.34,25.73,2.45,32.94
556,Palwal,Haryana,6,1.67,8.05,2.14,8.06,34.76,27.67,53.98,39.17,3.1,42.99,28.27,1.94,33.72
556,Palwal,Haryana,7,6.0,14.75,19.03,36.88,70.7,126.3,171.64,34.71,2.58,38.41,27.59,1.47,31.15
556,Palwal,Haryana,8,8.49,19.75,27.55,49.84,91.73,223.05,383.37,33.24,1.79,35.52,26.82,1.02,30.03
556,Palwal,Haryana,9,4.02,12.25,11.06,25.58,67.99,200.56,557.78,33.54,1.98,35.88,25.1,1.52,29.32
556,Palwal,Haryana,10,0.54,4.31,0.0,0.32,17.74,50.97,473.79,32.68,2.18,35.34,19.64,2.57,26.16
556,Palwal,Haryana,11,0.14,1.94,0.0,0.0,1.46,6.4,251.32,27.75,2.32,30.66,14.08,2.34,20.92
556,Palwal,Haryana,12,0.24,2.37,0.0,0.05,5.84,5.84,59.99,22.46,2.65,25.54,9.19,2.38,15.82
557,Panchkula,Haryana,1,1.83,8.83,1.93,9.76,41.79,38.65,91.35,18.26,2.37,21.03,6.77,1.97,12.52
557,Panchkula,Haryana,2,1.8,7.19,3.61,12.29,34.42,57.64,118.68,20.84,2.82,24.41,8.92,2.27,14.88
557,Panchkula,Haryana,3,1.69,7.69,3.35,9.68,30.17,58.28,153.19,26.16,3.37,30.45,12.98,2.5,19.57
557,Panchkula,Haryana,4,0.84,4.24,0.46,3.23,22.49,31.58,147.33,32.26,3.3,36.43,17.83,2.63,25.04
557,Panchkula,Haryana,5,1.04,4.16,1.77,6.37,20.76,29.77,118.99,35.78,2.98,39.26,21.92,2.34,28.85
557,Panchkula,Haryana,6,4.36,13.09,13.86,28.42,60.75,68.45,129.44,35.33,3.0,39.15,24.64,1.9,29.98
557,Panchkula,Haryana,7,11.07,23.0,33.3,54.38,117.87,253.02,353.56,31.59,2.07,34.18,25.29,1.21,28.44
557,Panchkula,Haryana,8,10.46,22.35,33.05,49.93,110.42,341.07,674.99,30.68,1.54,32.46,24.87,0.95,27.78
557,Panchkula,Haryana,9,6.3,22.53,15.02,32.92,109.02,242.47,847.13,30.73,1.65,32.59,22.63,1.65,26.68
557,Panchkula,Haryana,10,0.78,6.4,0.2,2.15,15.4,88.83,669.06,29.42,1.96,31.77,17.27,2.41,23.34
557,Panchkula,Haryana,11,1.2,11.33,0.0,0.28,37.24,27.75,351.98,24.96,1.99,27.36,12.34,1.98,18.65
557,Panchkula,Haryana,12,0.67,4.13,0.17,1.91,17.68,23.86,135.55,20.43,2.36,23.03,8.3,1.99,14.37
558,Panipat,Haryana,1,0.97,4.8,1.52,3.6,17.65,20.55,33.98,19.09,2.54,22.2,6.99,2.21,13.04
558,Panipat,Haryana,2,1.09,4.55,1.92,6.11,22.04,33.37,57.78,22.29,2.86,25.99,9.8,2.5,16.04
558,Panipat,Haryana,3,0.89,6.23,1.26,3.2,17.15,32.48,85.62,28.18,3.43,32.58,14.33,2.65,21.25
558,Panipat,Haryana,4,0.46,3.64,0.49,1.21,9.12,15.83,81.54,35.03,3.34,39.23,19.63,2.82,27.33
558,Panipat,Haryana,5,0.5,2.12,0.91,2.18,10.76,12.97,60.76,38.57,2.99,42.07,24.01,2.47,31.29
558,Panipat,Haryana,6,2.22,6.71,6.48,11.54,36.08,31.71,60.33,37.85,3.14,41.89,26.45,1.94,32.15
558,Panipat,Haryana,7,5.38,11.96,15.75,24.37,54.95,122.56,168.53,33.79,2.44,37.01,26.41,1.38,30.1
558,Panipat,Haryana,8,8.19,19.69,22.43,38.35,91.77,206.54,367.11,32.53,1.79,34.69,25.86,1.01,29.19
558,Panipat,Haryana,9,5.08,14.75,15.35,27.6,81.1,219.47,554.76,32.52,1.88,34.82,23.94,1.57,28.23
558,Panipat,Haryana,10,0.8,4.43,0.86,2.75,18.96,70.45,496.44,31.29,2.11,33.79,18.4,2.58,24.84
558,Panipat,Haryana,11,0.1,0.71,0.0,0.24,2.12,10.29,294.55,26.56,2.17,29.21,12.96,2.23,19.76
558,Panipat,Haryana,12,0.29,1.77,0.3,1.14,6.98,4.05,80.54,21.4,2.6,24.3,8.36,2.27,14.88
559,Papumpare,Arunachal Pradesh,1,1.07,3.49,3.32,6.21,16.04,24.77,91.54,20.21,1.8,22.44,11.55,1.51,15.88
559,Papumpare,Arunachal Pradesh,2,1.19,3.65,3.06,6.52,19.57,35.73,74.58,21.89,2.18,24.6,14.0,1.86,17.95
559,Papumpare,Arunachal Pradesh,3,2.15,7.31,5.13,11.94,36.86,40.23,99.96,24.88,2.17,27.77,17.38,1.73,21.13
559,Papumpare,Arunachal Pradesh,4,5.56,11.45,18.53,30.1,52.65,118.45,194.39,26.46,2.13,29.05,20.02,1.52,23.24
559,Papumpare,Arunachal Pradesh,5,8.06,18.33,24.57,48.72,89.79,208.28,369.77,28.44,2.02,30.91,22.63,1.53,25.54
559,Papumpare,Arunachal Pradesh,6,12.97,20.9,39.03,55.92,95.51,303.28,634.57,29.7,1.6,31.73,24.95,0.98,27.33
559,Papumpare,Arunachal Pradesh,7,10.78,15.58,28.29,43.32,76.76,376.41,893.3,29.73,1.51,31.68,25.38,0.83,27.56
559,Papumpare,Arunachal Pradesh,8,10.81,14.16,31.28,39.81,59.69,317.28,1002.62,30.27,1.45,32.15,25.48,0.76,27.87
559,Papumpare,Arunachal Pradesh,9,9.95,16.62,28.52,46.69,79.54,329.2,1019.27,29.53,1.68,31.76,24.53,0.94,27.03
559,Papumpare,Arunachal Pradesh,10,4.14,13.27,9.29,23.76,80.51,214.08,859.89,28.15,1.74,30.32,21.61,1.81,24.88
559,Papumpare,Arunachal Pradesh,11,0.81,2.62,2.44,5.71,10.9,55.41,594.81,25.04,1.76,27.28,16.67,1.76,20.86
559,Papumpare,Arunachal Pradesh,12,0.53,1.57,1.73,3.99,7.51,15.29,278.03,21.6,1.65,23.7,12.82,1.65,17.21
560,Parbhani,Maharashtra,1,0.34,3.14,0.09,0.3,9.93,9.24,54.66,28.64,1.8,30.7,16.07,2.04,22.35
560,Parbhani,Maharashtra,2,0.08,0.65,0.02,0.14,2.9,5.83,29.05,31.42,2.0,33.96,18.07,1.94,24.75
560,Parbhani,Maharashtra,3,0.47,3.2,0.16,0.64,15.9,9.95,25.13,35.4,2.26,38.21,21.55,1.99,28.47
560,Parbhani,Maharashtra,4,0.49,3.4,0.2,0.69,14.57,13.85,29.93,38.84,1.86,41.1,25.18,1.72,32.01
560,Parbhani,Maharashtra,5,0.75,4.07,0.73,2.29,19.7,15.1,39.26,40.03,1.87,42.19,27.59,1.35,33.81
560,Parbhani,Maharashtra,6,5.21,13.45,16.26,27.33,61.88,78.9,107.88,34.91,3.47,39.6,25.98,1.61,30.45
560,Parbhani,Maharashtra,7,8.04,17.92,25.67,44.6,84.85,207.88,304.8,30.55,2.05,33.15,24.28,0.85,27.41
560,Parbhani,Maharashtra,8,7.42,16.95,24.03,41.05,87.83,239.6,536.37,29.36,1.59,31.28,23.6,0.67,26.48
560,Parbhani,Maharashtra,9,5.61,13.07,16.6,32.76,69.6,204.1,655.6,30.56,1.58,32.62,23.34,0.72,26.95
560,Parbhani,Maharashtra,10,2.45,9.73,3.29,12.91,58.4,122.36,564.13,31.29,1.64,33.42,21.46,1.86,26.38
560,Parbhani,Maharashtra,11,0.59,3.39,0.32,1.26,17.64,32.3,355.41,29.72,1.41,31.56,18.25,2.35,23.99
560,Parbhani,Maharashtra,12,0.37,4.18,0.02,0.1,4.67,14.92,165.93,28.26,1.59,30.24,15.72,2.18,21.99
561,Pashchimi Champaran,Bihar,1,0.68,4.01,0.36,1.51,21.36,19.77,48.26,22.26,2.63,25.15,10.03,2.16,16.15
561,Pashchimi Champaran,Bihar,2,0.6,3.25,0.48,1.61,16.81,20.55,46.2,25.92,2.56,29.2,12.59,2.22,19.26
561,Pashchimi Champaran,Bihar,3,0.84,5.1,0.69,2.15,24.69,17.85,57.72,31.9,2.87,35.33,17.0,2.63,24.45
561,Pashchimi Champaran,Bihar,4,1.18,5.66,1.59,5.52,24.53,27.94,66.19,36.8,2.43,39.83,22.09,2.12,29.45
561,Pashchimi Champaran,Bihar,5,4.04,10.38,11.55,23.16,55.26,77.79,124.14,37.08,2.48,40.4,25.61,1.81,31.35
561,Pashchimi Champaran,Bihar,6,9.44,19.91,31.02,51.71,97.56,178.65,286.14,35.6,2.96,39.64,27.41,1.43,31.5
561,Pashchimi Champaran,Bihar,7,15.04,26.14,50.76,78.72,112.38,411.84,675.06,32.67,1.63,34.6,27.34,0.99,30.01
561,Pashchimi Champaran,Bihar,8,11.49,24.36,34.71,63.02,122.35,378.62,983.89,32.66,1.31,34.24,27.24,0.84,29.95
561,Pashchimi Champaran,Bihar,9,8.83,19.77,25.11,47.95,98.47,327.74,1123.95,32.35,1.54,34.22,26.3,1.12,29.33
561,Pashchimi Champaran,Bihar,10,2.63,11.86,3.2,11.03,63.97,169.92,870.86,31.69,1.54,33.58,22.27,2.46,26.98
561,Pashchimi Champaran,Bihar,11,0.15,1.64,0.01,0.09,3.35,24.96,516.81,28.7,1.76,30.95,16.52,2.36,22.61
561,Pashchimi Champaran,Bihar,12,0.5,4.2,0.05,0.23,18.77,6.61,194.69,24.31,2.3,26.72,11.77,2.14,18.04
562,Paschim Medinipur,West Bengal,1,0.34,1.76,0.07,1.47,8.52,6.64,73.18,25.85,2.04,28.42,13.24,2.27,19.55
562,Paschim Medinipur,West Bengal,2,1.07,4.44,1.27,6.19,26.54,21.07,34.78,29.33,2.5,32.49,16.45,2.38,22.89
562,Paschim Medinipur,West Bengal,3,1.41,6.01,1.92,8.41,26.88,31.78,59.06,33.92,2.29,36.7,20.86,2.25,27.39
562,Paschim Medinipur,West Bengal,4,2.16,6.99,5.91,13.61,39.21,56.24,109.11,36.37,2.03,38.91,24.35,1.75,30.36
562,Paschim Medinipur,West Bengal,5,4.63,10.41,14.96,24.88,48.59,99.27,187.98,35.99,1.98,38.39,26.24,1.75,31.12
562,Paschim Medinipur,West Bengal,6,8.58,14.33,24.73,37.36,68.7,190.96,348.33,33.97,2.45,37.12,26.99,1.25,30.48
562,Paschim Medinipur,West Bengal,7,11.22,15.5,29.99,43.19,74.08,315.54,610.55,31.97,1.35,33.62,26.54,0.77,29.26
562,Paschim Medinipur,West Bengal,8,10.63,15.41,27.76,44.0,74.86,345.07,860.64,31.88,1.23,33.36,26.4,0.66,29.14
562,Paschim Medinipur,West Bengal,9,10.22,16.53,29.89,45.97,80.71,300.13,964.93,31.98,1.52,33.7,26.04,0.8,29.01
562,Paschim Medinipur,West Bengal,10,4.69,12.02,14.27,25.62,60.88,230.16,874.56,31.65,1.53,33.38,23.63,1.9,27.64
562,Paschim Medinipur,West Bengal,11,0.58,3.88,0.12,1.87,15.14,62.48,590.0,29.6,1.5,31.46,18.8,2.49,24.2
562,Paschim Medinipur,West Bengal,12,0.14,1.79,0.0,0.03,2.94,8.31,294.01,26.57,1.67,28.52,14.31,2.09,20.44
563,Pathankot,Punjab,1,1.94,5.96,5.29,10.98,30.83,44.8,75.19,19.84,2.35,22.83,7.93,1.95,13.89
563,Pathankot,Punjab,2,1.96,5.23,5.27,9.15,25.4,59.48,121.27,22.14,2.98,26.05,10.03,2.19,16.08
563,Pathankot,Punjab,3,1.87,4.68,5.39,10.56,22.28,58.54,162.59,27.26,3.66,31.96,13.74,2.46,20.5
563,Pathankot,Punjab,4,1.05,2.92,3.22,6.08,15.34,43.26,161.08,33.31,3.61,37.98,18.29,2.47,25.8
563,Pathankot,Punjab,5,1.01,3.02,3.14,5.62,14.14,32.33,133.7,37.78,3.27,41.65,22.47,2.22,30.13
563,Pathankot,Punjab,6,2.14,5.88,5.33,10.04,34.45,35.38,110.21,38.4,2.69,41.7,26.11,2.12,32.26
563,Pathankot,Punjab,7,11.75,21.37,35.05,52.9,116.34,206.7,275.55,34.65,2.03,37.12,27.87,1.24,31.26
563,Pathankot,Punjab,8,12.19,20.99,34.82,50.61,110.27,401.95,656.11,33.74,1.5,35.4,27.52,1.11,30.63
563,Pathankot,Punjab,9,6.34,17.43,15.7,34.91,89.01,277.76,901.52,33.48,1.74,35.34,24.63,1.96,29.06
563,Pathankot,Punjab,10,0.81,2.94,2.2,4.5,15.49,80.38,757.1,31.76,2.21,34.44,18.59,2.53,25.18
563,Pathankot,Punjab,11,0.3,1.14,0.66,2.08,5.72,14.66,363.45,27.01,2.27,29.75,13.43,1.99,20.22
563,Pathankot,Punjab,12,1.03,3.42,3.09,6.36,15.7,17.93,107.73,22.11,2.42,24.97,9.45,1.85,15.78
564,Patiala,Punjab,1,1.1,5.48,0.94,4.78,27.74,22.94,45.38,18.22,2.37,21.04,6.48,2.04,12.35
564,Patiala,Punjab,2,1.25,5.86,1.69,6.39,27.28,38.26,68.77,21.2,2.83,24.9,8.89,2.34,15.05
564,Patiala,Punjab,3,1.04,5.82,1.12,3.81,20.53,37.19,97.51,26.92,3.41,31.21,13.09,2.56,20.0
564,Patiala,Punjab,4,0.35,2.02,0.3,1.19,9.06,16.53,91.79,33.81,3.46,38.18,18.14,2.73,25.97
564,Patiala,Punjab,5,0.68,2.61,0.99,3.79,14.63,15.64,68.63,37.71,3.05,41.25,22.49,2.41,30.1
564,Patiala,Punjab,6,2.25,6.18,6.91,13.21,33.08,36.74,68.71,37.26,3.09,41.19,25.27,1.95,31.27
564,Patiala,Punjab,7,6.17,12.54,18.44,30.79,61.79,135.76,189.53,33.2,2.3,36.03,25.64,1.28,29.42
564,Patiala,Punjab,8,7.18,15.09,20.35,34.03,79.33,217.65,397.04,31.99,1.7,33.95,25.18,0.97,28.59
564,Patiala,Punjab,9,4.47,14.08,11.74,21.12,78.28,169.16,529.61,31.93,1.75,33.97,23.03,1.68,27.48
564,Patiala,Punjab,10,0.56,3.53,0.33,1.24,15.75,63.28,448.89,30.66,2.04,33.15,17.3,2.56,23.98
564,Patiala,Punjab,11,0.38,4.5,0.05,0.33,8.11,13.98,241.8,25.83,2.14,28.44,11.92,2.09,18.87
564,Patiala,Punjab,12,0.42,2.38,0.24,0.95,13.39,8.58,82.17,20.6,2.47,23.41,7.67,2.05,14.14
565,Patna,Bihar,1,0.36,1.79,0.2,1.21,9.77,7.23,30.72,21.91,2.38,24.6,10.11,2.21,16.01
565,Patna,Bihar,2,0.43,2.08,0.51,1.69,13.34,12.12,21.61,25.54,2.5,28.79,12.82,2.23,19.18
565,Patna,Bihar,3,0.36,1.94,0.25,1.24,9.39,12.08,31.13,31.47,2.83,34.89,17.24,2.46,24.35
565,Patna,Bihar,4,0.48,1.87,0.82,2.45,10.26,9.97,34.04,36.43,2.38,39.35,22.04,1.92,29.24
565,Patna,Bihar,5,1.1,3.56,3.54,7.1,13.32,22.48,44.5,37.15,2.42,40.47,25.05,1.68,31.1
565,Patna,Bihar,6,5.09,11.04,14.96,28.62,57.25,76.76,109.67,35.58,3.02,39.8,26.67,1.36,31.13
565,Patna,Bihar,7,10.14,16.19,31.06,43.65,78.54,268.84,371.54,32.31,1.54,34.16,26.52,0.93,29.42
565,Patna,Bihar,8,8.42,14.57,24.16,37.94,77.24,256.86,614.09,32.1,1.19,33.58,26.43,0.79,29.26
565,Patna,Bihar,9,6.5,12.33,21.1,30.66,59.9,235.81,767.79,31.75,1.48,33.51,25.77,1.05,28.76
565,Patna,Bihar,10,1.85,7.65,3.59,9.95,30.33,122.77,612.43,30.97,1.53,32.87,22.17,2.4,26.57
565,Patna,Bihar,11,0.21,2.03,0.0,0.07,4.39,22.7,377.04,28.06,1.63,30.16,16.46,2.44,22.26
565,Patna,Bihar,12,0.1,0.9,0.0,0.05,2.57,2.73,143.23,23.81,2.07,26.06,11.69,2.1,17.75
566,Pithoragarh,Uttarakhand,1,1.13,5.14,1.21,4.14,28.01,29.26,63.97,14.16,2.36,17.23,3.43,2.03,8.8
566,Pithoragarh,Uttarakhand,2,1.56,5.83,3.42,9.09,24.8,36.41,80.13,16.17,2.59,19.48,5.79,2.31,10.98
566,Pithoragarh,Uttarakhand,3,1.68,6.92,3.14,9.56,30.42,54.82,120.02,21.29,2.97,24.89,9.76,2.74,15.52
566,Pithoragarh,Uttarakhand,4,0.95,3.44,2.15,5.26,17.23,34.68,126.44,26.21,2.67,29.48,14.43,2.49,20.32
566,Pithoragarh,Uttarakhand,5,1.85,7.1,3.49,9.26,39.58,41.1,130.25,29.11,2.33,31.94,17.95,1.87,23.53
566,Pithoragarh,Uttarakhand,6,6.71,16.59,18.36,30.57,79.17,113.52,189.26,29.72,2.29,32.79,20.8,1.5,25.26
566,Pithoragarh,Uttarakhand,7,8.8,12.37,23.33,33.9,58.31,248.84,407.31,27.91,1.68,30.01,21.82,0.97,24.87
566,Pithoragarh,Uttarakhand,8,8.33,11.58,21.28,30.0,48.64,266.72,639.11,27.42,1.31,29.01,21.36,0.83,24.39
566,Pithoragarh,Uttarakhand,9,6.08,12.95,18.32,29.47,64.44,231.85,750.64,27.02,1.49,28.67,18.99,1.51,23.0
566,Pithoragarh,Uttarakhand,10,1.15,4.43,2.24,5.77,20.87,87.11,583.23,24.81,1.8,26.96,13.5,2.34,19.15
566,Pithoragarh,Uttarakhand,11,0.48,3.65,0.27,0.91,10.61,19.88,333.44,21.11,1.82,23.29,8.73,1.92,14.92
566,Pithoragarh,Uttarakhand,12,0.64,3.49,0.89,2.7,13.25,14.89,117.13,17.05,2.5,19.91,5.23,1.97,11.14
567,Pune,Maharashtra,1,0.01,0.16,0.0,0.01,0.24,2.14,55.32,28.16,1.4,29.93,14.65,1.59,21.41
567,Pune,Maharashtra,2,0.01,0.1,0.0,0.0,0.09,0.27,17.15,30.2,1.71,32.41,15.64,1.68,22.92
567,Pune,Maharashtra,3,0.05,0.49,0.0,0.04,1.43,1.06,3.6,33.49,1.81,35.69,18.47,1.74,25.98
567,Pune,Maharashtra,4,0.27,1.7,0.22,0.91,5.52,5.28,6.64,35.98,1.32,37.53,20.88,1.43,28.43
567,Pune,Maharashtra,5,0.62,2.33,1.34,3.74,10.43,10.31,16.77,35.85,1.38,37.47,22.48,1.02,29.17
567,Pune,Maharashtra,6,6.06,11.68,16.82,26.35,57.7,97.31,113.19,30.18,2.69,34.1,22.94,0.88,26.56
567,Pune,Maharashtra,7,7.47,12.95,19.65,33.03,62.45,207.24,318.17,26.84,1.3,28.58,22.34,0.65,24.59
567,Pune,Maharashtra,8,6.07,12.64,15.67,28.53,62.91,215.23,529.41,26.38,1.11,27.77,21.78,0.57,24.08
567,Pune,Maharashtra,9,7.3,12.29,19.93,30.18,61.41,189.17,613.02,27.87,1.37,29.62,21.33,0.66,24.6
567,Pune,Maharashtra,10,2.97,7.19,8.97,17.05,35.86,168.97,572.74,29.88,1.38,31.5,20.27,1.42,25.07
567,Pune,Maharashtra,11,0.8,3.48,1.15,4.54,16.05,40.31,398.24,29.21,1.12,30.64,17.76,2.01,23.49
567,Pune,Maharashtra,12,0.24,2.3,0.05,0.13,6.32,16.04,220.47,28.07,1.19,29.51,15.34,1.77,21.7
568,Purbi Champaran,Bihar,1,0.47,2.56,0.4,1.49,11.21,9.28,32.46,21.86,2.44,24.58,9.9,2.1,15.88
568,Purbi Champaran,Bihar,2,0.57,3.16,0.48,1.42,16.01,16.25,29.33,25.44,2.47,28.61,12.46,2.2,18.95
568,Purbi Champaran,Bihar,3,0.57,3.25,0.69,2.3,11.62,15.45,40.58,31.34,2.78,34.67,17.01,2.56,24.18
568,Purbi Champaran,Bihar,4,1.05,4.0,2.09,5.44,21.82,20.67,52.24,36.07,2.38,38.98,22.0,2.01,29.04
568,Purbi Champaran,Bihar,5,2.9,6.88,9.96,16.11,30.3,57.82,94.34,36.51,2.45,39.87,25.13,1.72,30.82
568,Purbi Champaran,Bihar,6,7.2,15.37,20.53,37.83,71.29,137.59,217.47,35.19,2.88,39.18,26.66,1.32,30.92
568,Purbi Champaran,Bihar,7,11.83,19.01,35.14,52.84,90.78,318.58,518.78,32.35,1.57,34.25,26.64,0.92,29.5
568,Purbi Champaran,Bihar,8,9.62,19.16,28.77,45.55,98.19,307.02,774.89,32.31,1.29,33.84,26.59,0.81,29.45
568,Purbi Champaran,Bihar,9,7.73,16.3,22.85,36.13,91.51,273.26,903.98,31.92,1.54,33.74,25.75,1.08,28.84
568,Purbi Champaran,Bihar,10,2.05,8.27,3.81,10.05,46.58,146.08,723.01,31.2,1.54,33.06,21.95,2.43,26.57
568,Purbi Champaran,Bihar,11,0.14,1.16,0.0,0.08,4.35,21.44,436.02,28.33,1.69,30.5,16.24,2.36,22.29
568,Purbi Champaran,Bihar,12,0.16,1.33,0.01,0.23,3.58,3.98,165.37,23.96,2.2,26.34,11.51,2.06,17.74
569,Purnia,Bihar,1,0.36,2.12,0.05,0.69,11.99,8.25,42.42,22.69,2.08,25.19,10.77,1.76,16.73
569,Purnia,Bihar,2,0.49,2.81,0.31,1.86,11.83,12.88,26.2,25.93,2.27,28.77,13.18,1.94,19.56
569,Purnia,Bihar,3,0.56,3.25,0.28,2.4,14.62,12.92,33.77,31.14,2.44,34.24,17.51,2.2,24.32
569,Purnia,Bihar,4,1.79,5.84,5.15,11.44,27.32,33.29,59.02,34.41,2.39,37.33,21.5,1.8,27.95
569,Purnia,Bihar,5,5.23,11.96,16.71,26.94,52.04,95.35,142.36,33.78,2.18,36.68,24.07,1.62,28.92
569,Purnia,Bihar,6,10.5,18.28,30.6,46.07,96.69,226.47,357.72,32.87,1.94,35.42,25.78,1.06,29.32
569,Purnia,Bihar,7,16.41,22.69,47.43,66.25,106.05,463.27,791.76,31.7,1.29,33.23,25.97,0.86,28.84
569,Purnia,Bihar,8,10.59,17.84,31.24,47.24,89.71,368.38,1072.25,31.89,1.26,33.4,26.03,0.81,28.96
569,Purnia,Bihar,9,10.68,20.77,29.09,51.43,111.9,328.95,1166.01,31.47,1.47,33.17,25.33,0.95,28.4
569,Purnia,Bihar,10,2.71,10.59,5.11,15.4,55.62,205.79,897.0,30.81,1.54,32.55,22.25,2.07,26.53
569,Purnia,Bihar,11,0.33,3.24,0.01,0.23,10.81,30.85,562.28,28.41,1.53,30.32,16.89,2.16,22.65
569,Purnia,Bihar,12,0.18,1.52,0.0,0.04,5.19,5.65,233.85,24.58,1.94,26.73,12.42,1.82,18.5
570,Puruliya,West Bengal,1,0.46,2.2,0.17,2.1,12.2,8.9,46.96,24.58,2.1,27.28,11.63,2.25,18.1
570,Puruliya,West Bengal,2,0.94,4.17,1.11,5.02,20.8,20.78,33.11,28.26,2.65,31.74,14.56,2.25,21.41
570,Puruliya,West Bengal,3,0.76,3.23,1.36,4.13,16.37,24.54,53.74,33.63,2.73,36.94,18.84,2.26,26.23
570,Puruliya,West Bengal,4,1.21,3.89,3.28,8.2,22.18,28.04,73.29,37.53,2.37,40.49,23.07,1.74,30.3
570,Puruliya,West Bengal,5,2.53,6.34,8.82,13.08,26.22,54.51,107.22,37.41,2.43,40.58,25.57,1.64,31.49
570,Puruliya,West Bengal,6,7.92,13.74,22.81,34.96,68.09,140.69,224.33,34.39,3.03,38.42,26.46,1.26,30.42
570,Puruliya,West Bengal,7,10.84,13.44,27.17,36.07,61.18,306.54,506.33,31.42,1.41,33.14,25.79,0.76,28.6
570,Puruliya,West Bengal,8,10.4,15.0,26.67,44.58,69.28,326.24,785.12,31.15,1.16,32.51,25.55,0.63,28.35
570,Puruliya,West Bengal,9,8.96,16.0,24.62,38.19,82.4,283.91,921.39,31.25,1.46,32.9,24.99,0.83,28.12
570,Puruliya,West Bengal,10,2.95,8.38,9.41,17.02,44.79,184.92,793.7,30.69,1.5,32.51,21.95,2.11,26.32
570,Puruliya,West Bengal,11,0.33,2.37,0.02,0.66,7.95,36.13,500.93,28.33,1.46,30.18,16.99,2.42,22.66
570,Puruliya,West Bengal,12,0.13,1.05,0.0,0.04,3.44,4.68,218.96,25.25,1.62,27.16,12.55,1.99,18.9
571,Raygad,Maharashtra,1,0.01,0.09,0.0,0.0,0.24,1.07,46.03,30.83,1.3,32.41,16.93,1.45,23.88
571,Raygad,Maharashtra,2,0.0,0.06,0.0,0.0,0.06,0.19,9.65,32.18,1.61,34.27,17.77,1.51,24.98
571,Raygad,Maharashtra,3,0.02,0.26,0.0,0.01,0.36,0.4,1.71,34.68,1.52,36.46,20.46,1.63,27.57
571,Raygad,Maharashtra,4,0.18,1.15,0.28,0.7,2.46,2.93,3.53,35.85,1.04,37.16,23.32,1.36,29.59
571,Raygad,Maharashtra,5,0.57,2.74,0.76,2.48,11.53,6.68,10.11,35.16,1.04,36.42,25.78,0.93,30.47
571,Raygad,Maharashtra,6,16.36,24.43,46.05,69.64,119.72,217.72,227.54,30.85,2.1,33.92,25.95,0.82,28.4
571,Raygad,Maharashtra,7,23.83,27.64,59.82,80.52,127.14,641.08,875.54,28.17,1.01,29.56,25.12,0.59,26.65
571,Raygad,Maharashtra,8,15.93,22.57,42.73,64.11,107.79,632.93,1524.07,27.86,0.87,28.97,24.57,0.49,26.21
571,Raygad,Maharashtra,9,10.6,16.12,28.59,43.06,71.85,381.66,1663.24,29.17,1.18,30.66,24.2,0.57,26.68
571,Raygad,Maharashtra,10,4.03,9.31,12.77,20.98,42.96,227.44,1231.75,32.04,1.48,33.86,22.85,1.45,27.45
571,Raygad,Maharashtra,11,0.61,2.8,1.28,2.8,11.17,39.81,641.14,32.4,1.07,33.67,20.3,1.9,26.35
571,Raygad,Maharashtra,12,0.11,0.79,0.06,0.22,2.68,9.39,269.28,31.35,1.13,32.67,17.92,1.64,24.63
572,Rangareddy,Telangana,1,0.08,0.67,0.0,0.01,2.79,3.1,60.85,28.75,1.6,30.68,16.67,1.81,22.71
572,Rangareddy,Telangana,2,0.13,0.77,0.0,0.12,3.9,3.08,13.07,31.76,1.74,34.01,18.78,1.63,25.27
572,Rangareddy,Telangana,3,0.34,2.12,0.04,0.72,8.91,6.78,12.98,35.28,1.9,37.52,22.01,1.64,28.65
572,Rangareddy,Telangana,4,0.75,2.88,1.61,4.95,14.57,17.25,27.23,37.56,1.72,39.51,25.12,1.5,31.34
572,Rangareddy,Telangana,5,1.05,3.64,2.59,6.83,17.99,26.27,50.68,38.55,2.18,40.97,27.27,1.46,32.91
572,Rangareddy,Telangana,6,3.79,8.76,11.78,21.02,41.07,74.83,118.89,33.66,3.11,38.02,25.51,1.55,29.58
572,Rangareddy,Telangana,7,6.33,12.86,18.22,29.91,68.62,148.29,251.04,30.19,2.04,32.71,24.0,1.03,27.1
572,Rangareddy,Telangana,8,7.44,15.16,23.02,37.31,75.6,216.04,445.77,29.25,1.66,31.14,23.45,0.77,26.35
572,Rangareddy,Telangana,9,4.6,9.37,14.78,22.55,42.59,175.04,543.68,30.1,1.52,32.08,23.27,0.68,26.68
572,Rangareddy,Telangana,10,3.4,9.42,11.36,20.68,47.61,127.76,518.52,30.28,1.64,32.12,21.74,1.43,26.01
572,Rangareddy,Telangana,11,0.54,2.59,0.76,3.11,10.0,53.13,352.89,29.01,1.37,30.68,18.76,2.18,23.88
572,Rangareddy,Telangana,12,0.14,1.31,0.0,0.0,3.35,7.31,185.62,28.1,1.39,29.71,16.43,1.94,22.26
573,Ratnagiri,Maharashtra,1,0.01,0.1,0.0,0.01,0.22,1.98,65.92,31.56,1.2,33.05,18.28,1.43,24.92
573,Ratnagiri,Maharashtra,2,0.0,0.04,0.0,0.0,0.08,0.15,15.46,32.84,1.45,34.65,18.91,1.47,25.88
573,Ratnagiri,Maharashtra,3,0.06,0.54,0.01,0.1,0.93,0.96,3.19,34.8,1.27,36.22,21.49,1.66,28.15
573,Ratnagiri,Maharashtra,4,0.32,1.01,0.94,1.86,4.78,5.09,6.23,35.63,0.93,36.77,24.25,1.34,29.94
573,Ratnagiri,Maharashtra,5,0.9,2.83,2.52,4.62,10.58,12.12,18.36,34.91,1.16,36.24,26.15,0.84,30.53
573,Ratnagiri,Maharashtra,6,22.26,29.98,65.34,85.17,133.01,314.91,332.47,30.28,2.05,33.48,25.74,0.81,28.01
573,Ratnagiri,Maharashtra,7,25.06,26.83,60.32,80.83,125.3,740.12,1079.97,27.98,0.98,29.25,24.97,0.57,26.47
573,Ratnagiri,Maharashtra,8,17.5,23.46,45.16,64.32,116.43,690.49,1781.1,27.81,0.91,28.99,24.5,0.49,26.16
573,Ratnagiri,Maharashtra,9,9.87,15.41,26.33,42.01,72.29,379.82,1811.97,29.12,1.17,30.62,24.21,0.55,26.67
573,Ratnagiri,Maharashtra,10,3.95,8.44,12.53,20.16,39.91,212.57,1271.74,31.62,1.46,33.4,23.34,1.19,27.48
573,Ratnagiri,Maharashtra,11,0.99,3.64,2.45,5.06,17.28,53.17,635.94,32.37,1.01,33.52,21.17,1.82,26.77
573,Ratnagiri,Maharashtra,12,0.19,1.5,0.2,0.6,2.51,14.13,273.29,31.74,1.04,32.97,19.15,1.6,25.44
574,Rewari,Haryana,1,0.41,2.53,0.03,1.0,12.12,8.43,16.64,20.3,2.68,23.46,7.0,2.37,13.65
574,Rewari,Haryana,2,0.76,3.99,0.19,3.47,18.75,16.89,28.72,23.98,3.08,28.01,9.98,2.73,16.98
574,Rewari,Haryana,3,0.34,2.23,0.12,1.04,10.09,18.22,43.3,30.15,3.5,34.48,15.0,2.8,22.57
574,Rewari,Haryana,4,0.12,0.8,0.04,0.28,3.07,5.26,40.33,36.63,3.27,40.72,20.66,2.85,28.65
574,Rewari,Haryana,5,0.76,4.08,0.62,3.01,24.0,11.0,33.97,40.09,2.91,43.43,25.44,2.57,32.76
574,Rewari,Haryana,6,1.91,7.43,3.85,12.35,34.98,32.55,48.92,39.27,3.04,42.96,28.17,1.99,33.72
574,Rewari,Haryana,7,5.08,13.34,14.97,30.19,74.01,122.33,167.4,35.06,2.62,38.8,27.58,1.53,31.32
574,Rewari,Haryana,8,6.7,15.42,23.16,39.76,77.11,176.88,337.06,33.54,1.89,35.98,26.68,1.05,30.11
574,Rewari,Haryana,9,3.44,10.72,10.06,21.55,52.3,163.27,468.33,33.99,2.01,36.46,24.81,1.57,29.4
574,Rewari,Haryana,10,0.42,2.93,0.0,0.3,16.27,42.19,381.53,33.07,2.27,35.86,19.2,2.59,26.13
574,Rewari,Haryana,11,0.07,0.9,0.0,0.01,1.0,5.04,205.37,27.87,2.39,30.84,13.54,2.36,20.71
574,Rewari,Haryana,12,0.15,1.28,0.0,0.09,4.23,3.41,47.74,22.5,2.68,25.69,8.56,2.44,15.53
575,Rohtak,Haryana,1,0.61,3.31,0.55,1.79,15.74,15.55,29.62,19.8,2.6,22.87,7.05,2.31,13.43
575,Rohtak,Haryana,2,0.88,4.44,0.79,3.64,22.74,23.58,44.95,23.23,2.96,27.09,10.0,2.63,16.62
575,Rohtak,Haryana,3,0.55,3.7,0.55,1.68,15.07,23.58,62.35,29.29,3.49,33.65,14.78,2.73,22.04
575,Rohtak,Haryana,4,0.39,2.75,0.23,0.83,11.13,11.54,58.57,36.04,3.33,40.23,20.33,2.83,28.19
575,Rohtak,Haryana,5,0.58,2.9,0.67,2.29,13.92,13.32,47.9,39.66,2.97,43.08,24.9,2.52,32.28
575,Rohtak,Haryana,6,1.34,4.65,2.79,8.62,22.44,22.49,47.44,38.93,3.08,42.77,27.56,1.97,33.25
575,Rohtak,Haryana,7,4.62,11.75,13.94,27.01,61.6,98.98,135.67,34.85,2.54,38.37,27.24,1.46,31.04
575,Rohtak,Haryana,8,6.15,15.2,18.33,32.22,73.83,166.44,292.71,33.41,1.85,35.71,26.51,1.04,29.96
575,Rohtak,Haryana,9,3.68,11.61,8.81,21.78,58.47,156.59,427.83,33.59,1.94,35.96,24.55,1.59,29.07
575,Rohtak,Haryana,10,0.49,3.62,0.18,0.61,17.2,48.69,371.24,32.39,2.22,35.13,18.98,2.56,25.68
575,Rohtak,Haryana,11,0.18,2.58,0.0,0.04,1.23,8.15,209.11,27.29,2.26,30.05,13.43,2.33,20.36
575,Rohtak,Haryana,12,0.33,2.98,0.06,0.43,6.73,6.02,59.81,22.04,2.63,25.13,8.54,2.36,15.29
576,Rohtas,Bihar,1,0.45,2.47,0.24,2.01,9.11,8.01,26.66,21.97,2.45,24.89,9.45,2.35,15.71
576,Rohtas,Bihar,2,0.6,2.94,0.44,2.73,15.82,15.5,25.63,25.65,2.61,29.05,12.23,2.34,18.94
576,Rohtas,Bihar,3,0.43,2.57,0.14,1.31,11.74,17.99,41.17,31.62,2.93,35.18,16.7,2.48,24.16
576,Rohtas,Bihar,4,0.28,1.3,0.31,1.52,5.97,7.9,41.36,37.05,2.4,39.92,21.81,2.02,29.43
576,Rohtas,Bihar,5,0.62,2.2,1.64,4.08,12.21,12.14,37.68,38.39,2.33,41.36,25.18,1.69,31.79
576,Rohtas,Bihar,6,4.57,11.1,13.99,29.87,57.08,56.42,76.59,36.19,3.37,40.66,26.89,1.51,31.54
576,Rohtas,Bihar,7,8.76,12.75,25.67,34.06,61.15,231.04,302.76,32.09,1.73,34.26,26.2,1.02,29.15
576,Rohtas,Bihar,8,9.42,13.9,29.11,41.66,61.63,270.73,569.17,31.64,1.22,33.13,26.0,0.8,28.82
576,Rohtas,Bihar,9,6.17,11.99,19.21,31.38,58.17,246.14,754.84,31.41,1.48,33.19,25.27,1.07,28.34
576,Rohtas,Bihar,10,1.46,5.66,2.98,8.33,31.15,102.95,618.3,30.66,1.55,32.64,21.31,2.52,25.98
576,Rohtas,Bihar,11,0.13,1.25,0.0,0.05,2.7,17.67,360.58,27.72,1.66,29.83,15.58,2.53,21.65
576,Rohtas,Bihar,12,0.09,0.56,0.0,0.14,2.88,2.62,118.43,23.68,2.05,25.86,10.87,2.15,17.27
577,Rupnagar,Punjab,1,1.74,7.26,1.79,10.54,43.95,36.25,71.91,19.32,2.35,22.22,6.63,1.98,12.98
577,Rupnagar,Punjab,2,1.77,6.5,3.92,12.36,26.85,55.37,107.39,22.06,2.89,25.74,8.65,2.25,15.35
577,Rupnagar,Punjab,3,1.83,7.67,3.53,11.58,32.13,61.08,151.41,27.56,3.51,32.1,12.46,2.5,20.01
577,Rupnagar,Punjab,4,0.58,2.8,0.37,2.49,15.3,30.79,147.25,34.09,3.53,38.59,17.17,2.6,25.63
577,Rupnagar,Punjab,5,1.11,4.46,2.36,6.69,19.66,26.12,117.24,37.98,3.09,41.62,21.5,2.28,29.74
577,Rupnagar,Punjab,6,3.01,8.04,8.82,18.14,39.85,53.2,109.51,37.44,3.08,41.41,24.93,1.99,31.18
577,Rupnagar,Punjab,7,9.24,17.91,29.14,45.14,84.5,199.75,280.85,33.14,2.13,35.81,26.1,1.14,29.62
577,Rupnagar,Punjab,8,9.72,20.07,29.84,51.83,96.72,301.27,563.84,32.1,1.52,33.81,25.64,0.93,28.87
577,Rupnagar,Punjab,9,5.4,17.92,12.91,31.93,88.5,219.89,731.14,32.12,1.59,33.91,23.22,1.75,27.67
577,Rupnagar,Punjab,10,0.65,4.19,0.21,1.87,18.52,74.93,594.15,31.02,1.91,33.32,17.13,2.6,24.08
577,Rupnagar,Punjab,11,0.64,4.71,0.07,0.49,18.92,18.06,305.81,26.55,2.06,29.01,11.76,2.0,19.16
577,Rupnagar,Punjab,12,0.71,4.08,0.31,2.65,16.61,17.05,105.64,21.72,2.43,24.47,7.8,1.93,14.76
578,Saharsa,Bihar,1,0.32,1.87,0.04,0.69,9.04,8.18,38.16,22.57,2.15,25.1,10.72,1.9,16.65
578,Saharsa,Bihar,2,0.44,2.49,0.13,1.36,14.14,10.85,26.7,25.97,2.36,28.92,13.26,2.05,19.61
578,Saharsa,Bihar,3,0.47,3.42,0.13,1.27,9.45,12.45,31.36,31.59,2.6,34.8,17.76,2.32,24.67
578,Saharsa,Bihar,4,1.11,4.32,1.54,7.82,24.78,20.11,43.42,35.65,2.37,38.52,22.11,1.82,28.88
578,Saharsa,Bihar,5,3.68,9.43,12.84,21.8,42.96,68.4,101.44,35.56,2.31,38.73,24.7,1.65,30.13
578,Saharsa,Bihar,6,6.89,14.57,19.68,35.39,73.34,151.62,241.99,34.34,2.3,37.51,26.37,1.13,30.36
578,Saharsa,Bihar,7,12.52,19.29,37.19,56.74,91.56,324.75,549.38,32.34,1.36,33.99,26.48,0.84,29.41
578,Saharsa,Bihar,8,8.92,16.22,26.33,40.31,78.79,303.07,790.19,32.4,1.24,33.91,26.53,0.78,29.46
578,Saharsa,Bihar,9,8.18,16.24,25.22,40.07,83.54,267.03,901.08,31.98,1.48,33.74,25.83,0.98,28.9
578,Saharsa,Bihar,10,2.12,8.89,3.93,11.21,46.04,157.37,723.08,31.19,1.55,33.02,22.56,2.18,26.88
578,Saharsa,Bihar,11,0.35,4.29,0.0,0.07,3.6,23.38,444.34,28.55,1.58,30.61,17.01,2.24,22.78
578,Saharsa,Bihar,12,0.23,2.15,0.0,0.19,5.31,8.16,182.56,24.44,1.97,26.66,12.36,1.88,18.4
579,Samastipur,Bihar,1,0.33,2.0,0.04,0.85,10.0,7.12,25.84,22.17,2.3,24.81,10.22,2.06,16.19
579,Samastipur,Bihar,2,0.44,2.39,0.22,1.3,10.98,11.56,20.67,25.71,2.44,28.83,12.88,2.15,19.29
579,Samastipur,Bihar,3,0.47,3.69,0.17,1.05,10.61,11.33,29.73,31.5,2.72,34.86,17.43,2.44,24.46
579,Samastipur,Bihar,4,0.92,3.76,1.75,5.91,18.21,19.34,42.12,36.08,2.37,38.98,22.08,1.88,29.08
579,Samastipur,Bihar,5,2.58,7.48,8.76,15.53,31.64,50.39,81.33,36.54,2.38,39.88,24.84,1.67,30.69
579,Samastipur,Bihar,6,5.69,12.21,16.98,29.75,62.62,113.77,184.71,35.16,2.69,38.96,26.49,1.23,30.82
579,Samastipur,Bihar,7,10.63,16.75,34.85,48.29,75.03,277.68,445.67,32.43,1.43,34.18,26.56,0.87,29.5
579,Samastipur,Bihar,8,7.82,15.02,21.58,37.06,76.35,260.53,662.03,32.37,1.21,33.85,26.52,0.77,29.45
579,Samastipur,Bihar,9,6.6,13.72,20.08,33.2,66.19,225.57,769.38,31.98,1.49,33.77,25.82,1.02,28.9
579,Samastipur,Bihar,10,1.77,7.04,3.11,10.02,33.52,125.68,607.93,31.23,1.54,33.05,22.32,2.33,26.78
579,Samastipur,Bihar,11,0.11,1.14,0.0,0.04,2.42,17.97,365.83,28.39,1.61,30.47,16.61,2.37,22.5
579,Samastipur,Bihar,12,0.12,1.0,0.0,0.07,3.53,2.32,140.81,24.09,2.05,26.36,11.85,2.01,17.97
580,Sangli,Maharashtra,1,0.01,0.12,0.0,0.01,0.22,1.12,53.44,29.1,1.29,30.68,16.39,1.5,22.75
580,Sangli,Maharashtra,2,0.01,0.07,0.0,0.0,0.19,0.29,11.86,31.2,1.42,33.09,17.53,1.51,24.36
580,Sangli,Maharashtra,3,0.08,0.51,0.03,0.17,2.1,1.28,2.72,34.16,1.56,36.01,20.31,1.63,27.23
580,Sangli,Maharashtra,4,0.61,2.38,1.22,3.66,10.33,10.53,12.14,36.33,1.28,37.89,22.38,1.32,29.36
580,Sangli,Maharashtra,5,1.49,4.27,4.19,9.29,21.76,27.06,39.21,36.28,1.59,38.01,23.13,0.96,29.71
580,Sangli,Maharashtra,6,3.55,6.67,10.64,16.25,30.76,85.51,123.9,30.38,2.51,34.19,23.01,0.77,26.7
580,Sangli,Maharashtra,7,4.8,8.37,13.69,20.98,45.31,118.77,232.91,27.62,1.33,29.32,22.45,0.6,25.04
580,Sangli,Maharashtra,8,3.8,8.17,10.98,17.59,42.45,131.83,339.96,27.39,1.23,28.93,22.01,0.54,24.7
580,Sangli,Maharashtra,9,5.85,10.49,18.08,27.28,51.71,137.14,389.01,28.76,1.39,30.57,21.69,0.63,25.23
580,Sangli,Maharashtra,10,3.14,7.38,10.0,17.68,37.45,157.43,426.76,30.15,1.42,31.78,21.05,1.22,25.6
580,Sangli,Maharashtra,11,0.81,3.22,1.23,4.61,17.41,43.28,339.24,29.61,1.07,30.91,18.91,1.95,24.26
580,Sangli,Maharashtra,12,0.08,0.65,0.01,0.04,2.94,11.06,208.14,28.75,1.12,30.09,16.79,1.76,22.77
581,Sangrur,Punjab,1,0.74,3.74,0.75,3.03,16.49,19.45,34.72,18.4,2.38,21.23,6.29,2.09,12.34
581,Sangrur,Punjab,2,0.99,4.18,1.19,4.61,20.31,27.68,54.46,21.52,2.87,25.23,8.86,2.43,15.19
581,Sangrur,Punjab,3,0.8,4.28,1.01,3.09,14.34,28.96,75.59,27.3,3.47,31.75,13.26,2.63,20.28
581,Sangrur,Punjab,4,0.35,1.98,0.35,1.06,7.8,14.54,71.05,34.36,3.53,38.83,18.58,2.82,26.47
581,Sangrur,Punjab,5,0.58,2.6,0.8,2.16,13.49,13.54,56.5,38.45,3.07,41.98,23.12,2.47,30.78
581,Sangrur,Punjab,6,1.84,6.22,4.29,9.19,36.27,30.68,58.62,38.13,3.05,42.05,26.03,2.0,32.08
581,Sangrur,Punjab,7,5.13,12.17,13.69,25.96,66.61,112.95,158.31,34.13,2.35,37.05,26.26,1.31,30.19
581,Sangrur,Punjab,8,5.39,11.96,15.97,30.78,57.18,167.55,316.89,32.8,1.73,34.85,25.72,0.99,29.26
581,Sangrur,Punjab,9,3.33,11.59,7.44,17.1,52.36,128.9,414.72,32.71,1.78,34.83,23.44,1.71,28.08
581,Sangrur,Punjab,10,0.42,2.41,0.2,1.45,10.6,47.73,342.74,31.17,2.14,33.79,17.7,2.56,24.43
581,Sangrur,Punjab,11,0.17,1.82,0.03,0.22,2.52,7.43,180.59,26.05,2.17,28.74,12.07,2.18,19.06
581,Sangrur,Punjab,12,0.49,2.91,0.28,1.05,15.64,7.65,60.04,20.7,2.48,23.6,7.52,2.1,14.11
582,Saran,Bihar,1,0.4,2.32,0.15,1.16,11.82,8.15,30.89,21.58,2.41,24.31,9.98,2.17,15.78
582,Saran,Bihar,2,0.45,2.45,0.18,1.48,13.37,13.23,25.29,25.18,2.49,28.39,12.65,2.23,18.92
582,Saran,Bihar,3,0.3,1.84,0.11,0.75,7.82,11.06,32.1,31.13,2.86,34.55,17.13,2.49,24.13
582,Saran,Bihar,4,0.58,2.57,0.46,3.3,13.78,11.23,35.38,36.19,2.38,39.1,22.02,1.94,29.11
582,Saran,Bihar,5,1.53,4.92,4.15,9.73,25.17,29.56,51.9,36.94,2.42,40.2,25.07,1.67,31.01
582,Saran,Bihar,6,5.38,13.65,15.66,28.75,68.7,86.83,128.36,35.52,3.05,39.65,26.61,1.37,31.07
582,Saran,Bihar,7,10.5,17.21,31.18,48.97,78.04,275.02,395.14,32.23,1.59,34.13,26.54,0.95,29.38
582,Saran,Bihar,8,9.13,17.48,27.86,40.65,89.37,276.67,650.06,32.05,1.23,33.54,26.46,0.81,29.25
582,Saran,Bihar,9,6.7,15.62,19.1,34.32,83.49,252.09,810.3,31.65,1.5,33.42,25.71,1.08,28.68
582,Saran,Bihar,10,1.61,7.51,2.27,9.52,30.14,119.7,645.52,30.87,1.54,32.76,22.0,2.44,26.44
582,Saran,Bihar,11,0.21,1.91,0.0,0.04,6.55,19.84,386.5,27.93,1.67,30.04,16.35,2.41,22.14
582,Saran,Bihar,12,0.15,1.33,0.0,0.06,3.13,4.23,138.44,23.57,2.12,25.86,11.61,2.08,17.59
583,Sas Nagar (Sahibzada Ajit Singh Nagar),Punjab,1,1.55,6.96,1.72,7.14,33.97,33.3,78.63,19.54,2.41,22.36,7.33,2.01,13.43
583,Sas Nagar (Sahibzada Ajit Singh Nagar),Punjab,2,1.63,6.95,2.9,8.85,29.65,50.31,100.46,22.33,2.88,26.01,9.52,2.29,15.92
583,Sas Nagar (Sahibzada Ajit Singh Nagar),Punjab,3,1.55,7.28,2.55,9.4,26.07,52.9,135.35,27.89,3.44,32.27,13.5,2.51,20.7
583,Sas Nagar (Sahibzada Ajit Singh Nagar),Punjab,4,0.59,3.13,0.4,1.68,15.66,26.64,129.76,34.38,3.4,38.69,18.37,2.65,26.38
583,Sas Nagar (Sahibzada Ajit Singh Nagar),Punjab,5,0.79,3.12,1.51,4.53,12.98,21.77,100.62,37.99,3.03,41.55,22.68,2.35,30.34
583,Sas Nagar (Sahibzada Ajit Singh Nagar),Punjab,6,3.41,9.75,9.89,20.67,47.37,52.95,100.88,37.38,3.1,41.32,25.67,1.95,31.52
583,Sas Nagar (Sahibzada Ajit Singh Nagar),Punjab,7,8.14,16.01,25.02,38.56,76.58,187.76,264.34,33.33,2.17,36.05,26.36,1.23,29.85
583,Sas Nagar (Sahibzada Ajit Singh Nagar),Punjab,8,8.96,17.94,26.3,43.54,100.79,274.91,524.91,32.31,1.61,34.17,25.89,0.96,29.1
583,Sas Nagar (Sahibzada Ajit Singh Nagar),Punjab,9,6.17,20.38,14.49,32.14,100.07,225.5,696.45,32.42,1.7,34.35,23.57,1.72,27.99
583,Sas Nagar (Sahibzada Ajit Singh Nagar),Punjab,10,0.75,5.54,0.41,1.35,14.84,83.35,582.39,31.37,1.99,33.77,17.75,2.53,24.56
583,Sas Nagar (Sahibzada Ajit Singh Nagar),Punjab,11,0.98,8.96,0.09,0.31,26.01,26.26,329.21,26.71,2.08,29.24,12.63,2.02,19.67
583,Sas Nagar (Sahibzada Ajit Singh Nagar),Punjab,12,0.62,3.56,0.37,1.67,19.54,18.44,123.11,21.83,2.44,24.54,8.62,2.01,15.22
584,Satara,Maharashtra,1,0.01,0.12,0.0,0.01,0.28,1.85,64.7,28.36,1.31,30.02,15.42,1.54,21.89
584,Satara,Maharashtra,2,0.01,0.06,0.0,0.0,0.2,0.24,18.07,30.33,1.56,32.34,16.28,1.59,23.3
584,Satara,Maharashtra,3,0.07,0.77,0.03,0.12,0.76,0.96,3.15,33.33,1.65,35.27,18.97,1.69,26.15
584,Satara,Maharashtra,4,0.51,2.25,1.11,2.19,9.53,9.58,10.8,35.5,1.26,37.02,21.16,1.38,28.33
584,Satara,Maharashtra,5,1.16,3.48,2.98,6.26,17.76,19.1,29.9,35.18,1.49,36.87,22.39,0.99,28.78
584,Satara,Maharashtra,6,7.66,13.79,20.82,30.48,61.46,139.68,168.93,29.27,2.52,33.04,22.64,0.85,25.96
584,Satara,Maharashtra,7,9.14,16.5,23.76,38.29,76.05,245.41,407.98,26.41,1.24,28.04,22.04,0.63,24.22
584,Satara,Maharashtra,8,6.23,12.88,17.32,27.5,52.36,247.45,643.16,26.13,1.12,27.57,21.53,0.56,23.83
584,Satara,Maharashtra,9,6.4,10.61,18.65,27.13,49.35,170.83,664.51,27.62,1.38,29.46,21.14,0.64,24.38
584,Satara,Maharashtra,10,3.32,7.46,10.17,17.75,33.72,168.39,584.38,29.48,1.39,31.08,20.43,1.25,24.95
584,Satara,Maharashtra,11,1.04,4.27,2.25,4.93,21.15,48.32,387.16,29.07,1.08,30.4,18.16,1.93,23.62
584,Satara,Maharashtra,12,0.19,1.6,0.14,0.38,4.45,16.82,229.68,28.19,1.13,29.58,15.93,1.74,22.06
585,Senapati,Manipur,1,0.39,2.54,0.08,0.59,13.95,7.63,90.47,19.31,1.87,21.56,8.95,1.56,14.13
585,Senapati,Manipur,2,1.12,5.05,0.79,7.08,24.76,19.84,40.98,21.73,2.33,24.69,10.92,1.85,16.32
585,Senapati,Manipur,3,1.52,5.37,4.0,10.79,23.49,35.7,63.05,25.04,2.39,28.14,14.11,1.86,19.57
585,Senapati,Manipur,4,3.35,8.34,12.61,19.65,39.32,72.0,127.86,26.75,2.28,29.58,16.88,1.56,21.81
585,Senapati,Manipur,5,6.62,14.53,21.26,36.11,73.78,157.07,266.25,27.83,2.15,30.49,19.68,1.58,23.76
585,Senapati,Manipur,6,10.22,19.4,31.73,44.47,89.66,246.92,479.61,28.51,1.68,30.64,22.16,0.95,25.34
585,Senapati,Manipur,7,9.23,15.44,27.34,41.51,71.1,300.56,709.73,28.36,1.56,30.39,22.75,0.72,25.55
585,Senapati,Manipur,8,9.66,15.86,30.15,42.2,69.83,291.39,843.73,28.62,1.46,30.42,22.88,0.68,25.75
585,Senapati,Manipur,9,9.36,17.95,30.19,45.18,85.01,289.28,880.0,28.25,1.72,30.51,21.9,0.88,25.07
585,Senapati,Manipur,10,5.25,15.95,18.41,34.42,90.15,220.19,800.69,26.93,1.89,29.29,19.35,1.75,23.14
585,Senapati,Manipur,11,0.91,4.92,0.09,3.84,25.44,74.71,581.69,23.88,1.83,26.16,14.55,1.99,19.22
585,Senapati,Manipur,12,0.1,0.72,0.0,0.1,3.33,14.0,303.74,20.52,1.72,22.72,10.59,1.76,15.56
586,Sheikhpura,Bihar,1,0.34,1.87,0.07,0.81,10.17,7.03,31.3,23.05,2.25,25.71,10.69,2.16,16.87
586,Sheikhpura,Bihar,2,0.37,2.01,0.19,1.57,8.79,10.08,18.91,26.67,2.48,29.87,13.48,2.18,20.07
586,Sheikhpura,Bihar,3,0.4,3.05,0.03,0.48,13.11,12.08,29.01,32.45,2.74,35.84,17.99,2.36,25.22
586,Sheikhpura,Bihar,4,0.65,3.04,0.5,2.57,17.95,12.86,35.03,37.04,2.38,39.95,22.59,1.83,29.82
586,Sheikhpura,Bihar,5,1.17,5.06,2.31,6.98,20.5,26.74,51.83,37.47,2.44,40.83,25.34,1.63,31.41
586,Sheikhpura,Bihar,6,6.16,14.67,20.64,38.88,75.53,89.93,130.1,35.61,2.93,39.72,26.88,1.26,31.25
586,Sheikhpura,Bihar,7,11.69,21.23,37.8,59.83,98.08,313.58,434.22,32.51,1.44,34.23,26.64,0.85,29.58
586,Sheikhpura,Bihar,8,8.67,18.05,27.55,42.58,98.42,285.39,702.73,32.35,1.15,33.75,26.54,0.74,29.44
586,Sheikhpura,Bihar,9,7.69,16.41,24.91,43.61,77.27,249.72,855.11,32.12,1.44,33.85,25.92,0.97,29.02
586,Sheikhpura,Bihar,10,2.05,8.26,3.19,13.5,39.54,147.85,679.11,31.42,1.49,33.26,22.5,2.27,26.96
586,Sheikhpura,Bihar,11,0.18,1.45,0.0,0.07,6.74,24.01,418.16,28.67,1.54,30.61,16.9,2.36,22.79
586,Sheikhpura,Bihar,12,0.09,0.8,0.0,0.01,2.1,2.3,168.17,24.68,1.93,26.79,12.17,2.03,18.42
587,Sheohar,Bihar,1,0.79,6.28,0.05,0.63,26.03,18.88,47.59,21.88,2.45,24.6,9.87,2.07,15.88
587,Sheohar,Bihar,2,0.88,5.99,0.12,1.27,37.9,22.21,50.56,25.43,2.45,28.52,12.43,2.19,18.93
587,Sheohar,Bihar,3,0.83,7.13,0.11,0.59,15.1,21.91,63.02,31.2,2.71,34.42,16.98,2.54,24.09
587,Sheohar,Bihar,4,1.3,6.13,0.45,5.6,32.59,31.64,75.75,35.75,2.33,38.55,21.86,1.98,28.8
587,Sheohar,Bihar,5,3.25,11.06,10.56,20.72,51.41,66.86,120.72,36.22,2.34,39.4,24.9,1.72,30.56
587,Sheohar,Bihar,6,7.9,19.94,26.97,48.5,89.61,157.51,257.4,34.99,2.69,38.62,26.46,1.28,30.72
587,Sheohar,Bihar,7,11.46,20.84,40.52,62.84,91.46,319.23,548.43,32.35,1.5,34.19,26.55,0.92,29.45
587,Sheohar,Bihar,8,8.8,20.34,28.81,48.66,99.12,292.09,779.84,32.33,1.29,33.87,26.5,0.83,29.41
587,Sheohar,Bihar,9,7.46,18.24,23.07,45.78,97.97,250.92,865.59,31.95,1.56,33.79,25.71,1.09,28.83
587,Sheohar,Bihar,10,1.72,8.26,1.06,9.5,38.4,137.68,677.21,31.24,1.6,33.13,22.03,2.41,26.63
587,Sheohar,Bihar,11,0.3,3.4,0.0,0.01,1.6,20.87,405.24,28.36,1.69,30.51,16.28,2.37,22.32
587,Sheohar,Bihar,12,0.36,3.83,0.0,0.03,3.53,9.39,162.22,23.96,2.2,26.36,11.5,2.07,17.73
588,Sindhudurg,Maharashtra,1,0.02,0.1,0.04,0.13,0.36,1.85,76.63,30.82,1.14,32.24,18.69,1.38,24.75
588,Sindhudurg,Maharashtra,2,0.01,0.1,0.0,0.0,0.18,0.39,13.91,31.93,1.31,33.53,19.12,1.43,25.53
588,Sindhudurg,Maharashtra,3,0.11,0.51,0.14,0.51,2.83,1.68,3.99,33.33,1.07,34.53,21.4,1.61,27.36
588,Sindhudurg,Maharashtra,4,0.33,0.97,0.89,2.09,4.99,5.83,7.95,34.06,0.82,35.07,23.84,1.29,28.95
588,Sindhudurg,Maharashtra,5,1.79,5.13,5.25,9.33,22.38,19.83,27.58,33.55,1.18,34.76,25.46,0.88,29.5
588,Sindhudurg,Maharashtra,6,23.97,33.34,66.81,93.75,161.2,378.57,404.78,29.01,1.87,31.99,25.03,0.83,27.02
588,Sindhudurg,Maharashtra,7,25.75,32.12,67.59,92.21,151.1,762.64,1174.28,27.22,0.95,28.47,24.36,0.61,25.79
588,Sindhudurg,Maharashtra,8,18.03,27.53,47.01,75.2,130.05,700.55,1876.25,27.2,0.94,28.36,23.96,0.51,25.58
588,Sindhudurg,Maharashtra,9,9.36,15.36,26.38,37.48,71.6,378.78,1841.63,28.4,1.1,29.78,23.65,0.56,26.03
588,Sindhudurg,Maharashtra,10,4.56,9.46,13.42,21.49,44.3,217.33,1285.28,30.43,1.43,32.21,23.17,0.99,26.8
588,Sindhudurg,Maharashtra,11,1.05,3.34,2.76,6.48,15.74,66.61,652.65,31.32,1.0,32.39,21.46,1.76,26.39
588,Sindhudurg,Maharashtra,12,0.14,0.65,0.22,0.65,2.86,12.51,290.2,30.94,0.97,32.11,19.64,1.59,25.29
589,Sirsa,Haryana,1,0.4,2.42,0.24,0.72,12.68,8.28,20.99,19.3,2.51,22.26,6.3,2.27,12.8
589,Sirsa,Haryana,2,1.11,5.14,1.01,5.24,24.17,22.49,34.9,22.69,3.04,26.61,9.09,2.68,15.89
589,Sirsa,Haryana,3,0.88,4.56,0.92,2.47,23.95,30.53,60.85,28.57,3.59,33.06,14.0,2.85,21.28
589,Sirsa,Haryana,4,0.54,3.28,0.34,1.13,16.49,22.87,75.85,35.38,3.53,39.79,19.67,2.96,27.53
589,Sirsa,Haryana,5,0.7,3.36,0.77,2.44,18.61,15.56,68.49,39.41,3.03,42.84,24.47,2.58,31.94
589,Sirsa,Haryana,6,1.83,6.29,3.78,9.93,31.17,34.07,72.24,39.06,2.97,42.76,27.46,2.05,33.26
589,Sirsa,Haryana,7,2.84,7.62,7.62,15.48,40.23,77.22,127.7,35.5,2.49,38.71,27.26,1.43,31.38
589,Sirsa,Haryana,8,2.75,7.76,6.72,14.58,42.69,89.05,203.28,34.18,1.83,36.45,26.42,1.02,30.3
589,Sirsa,Haryana,9,2.35,9.34,4.0,12.11,44.63,75.84,243.72,34.05,1.85,36.27,24.11,1.67,29.08
589,Sirsa,Haryana,10,0.65,6.49,0.15,0.49,15.38,40.68,205.16,32.21,2.24,35.02,18.49,2.54,25.35
589,Sirsa,Haryana,11,0.09,1.21,0.0,0.07,0.85,8.96,124.22,26.76,2.24,29.45,12.72,2.33,19.74
589,Sirsa,Haryana,12,0.22,2.41,0.04,0.3,2.8,4.09,51.94,21.43,2.57,24.46,7.73,2.33,14.58
590,Sitamarhi,Bihar,1,0.39,1.98,0.44,1.69,10.91,11.18,35.21,22.03,2.2,24.62,10.06,1.9,16.05
590,Sitamarhi,Bihar,2,0.51,2.53,0.48,2.42,12.6,12.06,30.22,25.6,2.44,28.73,12.54,2.11,19.07
590,Sitamarhi,Bihar,3,0.53,2.7,0.72,2.26,10.3,14.85,38.02,31.45,2.74,34.83,17.24,2.52,24.34
590,Sitamarhi,Bihar,4,1.29,4.6,2.65,7.85,24.79,23.5,50.46,35.81,2.45,38.89,22.07,1.96,28.94
590,Sitamarhi,Bihar,5,3.33,8.73,9.89,18.12,40.8,66.21,105.16,36.09,2.5,39.55,24.99,1.67,30.54
590,Sitamarhi,Bihar,6,7.13,13.67,23.0,33.92,65.79,150.4,241.78,34.66,2.74,38.48,26.41,1.18,30.54
590,Sitamarhi,Bihar,7,12.12,18.65,37.82,52.26,85.49,312.5,533.42,32.02,1.5,33.83,26.36,0.84,29.19
590,Sitamarhi,Bihar,8,8.63,16.61,26.15,44.28,81.92,302.98,776.88,32.06,1.31,33.6,26.3,0.75,29.18
590,Sitamarhi,Bihar,9,7.53,14.52,23.01,38.44,69.18,255.59,876.35,31.68,1.53,33.48,25.42,1.02,28.55
590,Sitamarhi,Bihar,10,1.71,6.88,3.16,9.57,32.94,133.17,687.26,30.9,1.53,32.7,21.73,2.31,26.32
590,Sitamarhi,Bihar,11,0.2,2.2,0.0,0.17,1.8,18.57,403.2,28.14,1.64,30.2,16.25,2.17,22.19
590,Sitamarhi,Bihar,12,0.28,2.55,0.04,0.29,5.92,6.9,152.71,23.98,2.05,26.32,11.7,1.93,17.84
591,Siwan,Bihar,1,0.47,2.68,0.3,1.21,15.17,8.71,32.85,21.6,2.51,24.42,9.61,2.22,15.6
591,Siwan,Bihar,2,0.5,2.83,0.34,1.65,11.98,15.12,28.85,25.15,2.5,28.36,12.37,2.28,18.76
591,Siwan,Bihar,3,0.54,3.96,0.39,1.13,11.13,14.13,37.52,31.15,2.89,34.58,16.92,2.54,24.04
591,Siwan,Bihar,4,0.56,2.66,0.6,2.48,15.3,16.53,45.68,36.28,2.39,39.24,21.97,1.99,29.12
591,Siwan,Bihar,5,1.68,5.61,4.32,10.1,23.61,29.82,60.51,37.03,2.46,40.27,25.07,1.69,31.05
591,Siwan,Bihar,6,5.62,13.52,18.24,31.79,74.49,93.5,140.35,35.61,3.13,39.89,26.61,1.41,31.11
591,Siwan,Bihar,7,12.41,21.3,39.06,57.17,101.19,314.58,441.72,32.26,1.69,34.22,26.51,0.98,29.38
591,Siwan,Bihar,8,10.59,21.28,30.87,47.6,112.61,320.37,741.64,32.06,1.27,33.6,26.45,0.81,29.26
591,Siwan,Bihar,9,6.92,16.37,19.86,34.64,86.26,280.04,923.99,31.68,1.53,33.5,25.62,1.1,28.65
591,Siwan,Bihar,10,1.79,8.51,1.92,8.32,56.07,126.65,723.03,31.01,1.54,32.92,21.67,2.51,26.34
591,Siwan,Bihar,11,0.28,2.72,0.0,0.06,6.72,20.37,420.72,28.11,1.7,30.23,15.95,2.45,22.03
591,Siwan,Bihar,12,0.11,0.67,0.01,0.25,3.54,5.22,146.86,23.69,2.22,26.06,11.2,2.12,17.45
592,Solapur,Maharashtra,1,0.02,0.17,0.0,0.01,0.32,1.04,47.1,29.01,1.45,30.81,16.86,1.61,22.94
592,Solapur,Maharashtra,2,0.02,0.16,0.0,0.02,0.3,0.42,10.19,31.52,1.59,33.68,18.47,1.58,25.0
592,Solapur,Maharashtra,3,0.06,0.32,0.02,0.23,1.35,1.32,2.81,34.86,1.79,36.99,21.73,1.73,28.3
592,Solapur,Maharashtra,4,0.41,1.64,0.78,2.09,9.08,7.53,9.3,37.43,1.54,39.21,24.48,1.44,30.95
592,Solapur,Maharashtra,5,1.15,3.45,2.94,7.95,17.18,20.28,29.35,38.17,1.71,40.02,25.17,1.09,31.67
592,Solapur,Maharashtra,6,2.77,4.78,9.08,13.15,22.18,65.67,94.08,32.67,2.7,36.68,24.22,0.96,28.44
592,Solapur,Maharashtra,7,3.29,6.15,10.08,16.24,28.2,88.84,176.11,29.62,1.58,31.6,23.26,0.65,26.44
592,Solapur,Maharashtra,8,3.04,5.88,9.84,15.25,30.14,92.35,249.51,29.11,1.38,30.78,22.67,0.57,25.89
592,Solapur,Maharashtra,9,5.79,9.63,17.78,26.86,44.6,134.48,316.07,30.13,1.43,32.02,22.48,0.65,26.31
592,Solapur,Maharashtra,10,2.72,6.57,8.51,16.06,34.83,140.83,368.78,30.96,1.46,32.68,21.51,1.45,26.24
592,Solapur,Maharashtra,11,0.73,2.94,1.52,4.61,12.5,38.57,315.47,29.91,1.23,31.44,19.0,2.08,24.46
592,Solapur,Maharashtra,12,0.07,0.57,0.0,0.03,1.77,9.44,185.12,28.66,1.34,30.28,16.79,1.87,22.72
593,Sonipat,Haryana,1,0.84,3.71,1.7,4.12,16.79,20.26,34.08,19.46,2.58,22.59,7.03,2.25,13.25
593,Sonipat,Haryana,2,1.08,5.08,2.09,5.05,21.2,30.68,55.41,22.75,2.89,26.48,9.94,2.56,16.35
593,Sonipat,Haryana,3,0.73,4.74,1.15,3.32,11.66,28.92,79.26,28.74,3.44,33.15,14.58,2.67,21.66
593,Sonipat,Haryana,4,0.44,3.24,0.61,1.47,9.99,13.82,73.23,35.56,3.31,39.68,20.01,2.8,27.78
593,Sonipat,Haryana,5,0.56,2.45,1.01,2.51,11.18,14.1,56.22,39.08,2.96,42.56,24.46,2.47,31.77
593,Sonipat,Haryana,6,2.24,7.44,5.24,12.01,42.74,30.66,58.55,38.33,3.12,42.31,26.98,1.94,32.66
593,Sonipat,Haryana,7,5.06,10.58,14.5,22.53,53.43,118.62,164.76,34.22,2.47,37.6,26.79,1.41,30.51
593,Sonipat,Haryana,8,7.61,17.0,22.51,34.05,89.1,196.48,351.69,32.88,1.8,35.05,26.18,1.01,29.53
593,Sonipat,Haryana,9,4.68,12.3,15.35,26.31,62.98,202.83,523.6,32.95,1.9,35.22,24.27,1.56,28.61
593,Sonipat,Haryana,10,0.69,4.09,0.74,2.33,16.45,62.29,461.62,31.77,2.13,34.35,18.73,2.56,25.25
593,Sonipat,Haryana,11,0.14,1.7,0.0,0.28,1.79,9.76,269.44,26.93,2.19,29.61,13.22,2.28,20.08
593,Sonipat,Haryana,12,0.33,2.35,0.25,1.03,5.94,4.66,72.81,21.75,2.62,24.73,8.48,2.31,15.12
594,South Twenty-Four Parganas,West Bengal,1,0.33,1.58,0.47,1.33,8.09,6.46,88.03,25.16,1.41,26.84,14.98,1.59,20.07
594,South Twenty-Four Parganas,West Bengal,2,0.73,2.25,1.76,4.75,10.96,15.5,32.54,28.14,1.84,30.54,18.16,1.93,23.15
594,South Twenty-Four Parganas,West Bengal,3,1.01,3.75,2.15,5.43,17.05,22.54,44.17,31.92,1.61,33.83,22.69,1.88,27.31
594,South Twenty-Four Parganas,West Bengal,4,1.86,4.83,5.28,10.0,21.63,44.89,82.99,33.39,1.39,35.1,25.84,1.23,29.62
594,South Twenty-Four Parganas,West Bengal,5,3.4,6.22,10.25,15.65,31.52,76.84,144.99,33.26,1.27,34.81,27.27,1.07,30.26
594,South Twenty-Four Parganas,West Bengal,6,9.5,13.14,24.32,34.34,60.11,187.09,310.32,32.02,1.57,34.16,27.51,0.83,29.77
594,South Twenty-Four Parganas,West Bengal,7,11.08,13.11,27.23,37.56,57.92,331.58,600.49,30.76,0.87,31.85,26.84,0.51,28.8
594,South Twenty-Four Parganas,West Bengal,8,11.24,14.0,26.9,37.12,69.83,338.7,868.45,30.71,0.8,31.68,26.64,0.42,28.67
594,South Twenty-Four Parganas,West Bengal,9,10.06,15.14,27.0,39.2,71.23,308.38,980.96,30.71,1.05,31.98,26.29,0.51,28.5
594,South Twenty-Four Parganas,West Bengal,10,5.26,11.91,15.65,25.99,58.76,241.32,888.19,30.49,1.12,31.77,24.39,1.46,27.44
594,South Twenty-Four Parganas,West Bengal,11,0.8,3.75,1.27,3.68,15.3,75.25,621.98,28.7,1.15,30.08,20.17,1.95,24.43
594,South Twenty-Four Parganas,West Bengal,12,0.13,1.24,0.08,0.4,2.39,11.45,321.55,25.93,1.26,27.41,16.12,1.59,21.02
595,Sub Urban Mumbai,Maharashtra,1,0.0,0.04,0.0,0.0,0.13,0.17,16.34,29.87,1.67,31.87,18.2,1.54,24.04
595,Sub Urban Mumbai,Maharashtra,2,0.0,0.04,0.0,0.0,0.0,0.1,1.47,30.83,2.1,33.53,18.86,1.67,24.84
595,Sub Urban Mumbai,Maharashtra,3,0.01,0.07,0.0,0.0,0.19,0.17,0.44,33.1,2.11,35.74,21.38,1.72,27.24
595,Sub Urban Mumbai,Maharashtra,4,0.0,0.02,0.0,0.0,0.03,0.09,0.36,33.74,1.59,36.02,23.85,1.41,28.8
595,Sub Urban Mumbai,Maharashtra,5,0.59,4.06,0.0,0.62,21.16,2.24,2.5,33.32,1.24,34.77,26.35,1.04,29.83
595,Sub Urban Mumbai,Maharashtra,6,18.56,30.32,55.65,86.09,141.12,258.59,260.98,30.35,2.05,33.34,26.37,0.84,28.36
595,Sub Urban Mumbai,Maharashtra,7,28.39,44.27,77.06,119.21,223.76,756.63,1028.87,27.96,0.97,29.23,25.39,0.45,26.68
595,Sub Urban Mumbai,Maharashtra,8,19.74,40.55,60.03,90.17,198.47,754.15,1807.27,27.69,0.88,28.73,24.95,0.4,26.32
595,Sub Urban Mumbai,Maharashtra,9,13.63,25.62,39.68,63.52,116.55,471.22,1992.04,28.81,1.27,30.48,24.71,0.66,26.76
595,Sub Urban Mumbai,Maharashtra,10,2.49,6.76,8.47,16.3,29.82,237.98,1452.59,31.51,1.61,33.45,23.79,1.55,27.65
595,Sub Urban Mumbai,Maharashtra,11,0.14,0.69,0.05,0.57,3.73,17.18,715.29,31.94,1.19,33.41,21.68,2.02,26.81
595,Sub Urban Mumbai,Maharashtra,12,0.01,0.12,0.0,0.0,0.39,1.52,245.24,30.7,1.42,32.33,19.23,1.81,24.96
596,Supaul,Bihar,1,0.57,3.89,0.24,0.99,16.49,12.6,40.37,22.43,2.09,24.97,10.5,1.77,16.47
596,Supaul,Bihar,2,0.7,4.05,0.43,1.53,23.51,16.83,37.0,25.64,2.3,28.5,12.81,1.95,19.22
596,Supaul,Bihar,3,0.7,4.36,0.38,1.74,20.95,18.81,48.0,31.07,2.48,34.17,17.19,2.32,24.13
596,Supaul,Bihar,4,1.63,6.28,2.72,10.24,33.13,30.85,66.52,34.65,2.36,37.51,21.5,1.83,28.07
596,Supaul,Bihar,5,4.87,12.66,16.41,26.62,55.14,90.82,141.16,34.28,2.19,37.33,24.3,1.64,29.29
596,Supaul,Bihar,6,9.44,20.35,28.55,48.98,97.49,205.13,329.12,33.25,1.99,36.0,26.03,1.06,29.64
596,Supaul,Bihar,7,17.13,28.06,50.21,82.35,131.8,456.62,758.73,31.85,1.34,33.5,26.17,0.86,29.01
596,Supaul,Bihar,8,10.55,20.19,35.3,52.9,99.91,388.79,1065.55,32.04,1.27,33.57,26.22,0.79,29.13
596,Supaul,Bihar,9,8.7,18.16,26.92,43.22,97.94,292.08,1145.09,31.56,1.49,33.34,25.44,0.99,28.5
596,Supaul,Bihar,10,1.85,7.69,3.6,9.1,39.22,155.95,829.4,30.83,1.54,32.64,22.14,2.14,26.48
596,Supaul,Bihar,11,0.3,2.91,0.0,0.13,7.43,21.21,464.32,28.31,1.6,30.34,16.64,2.15,22.47
596,Supaul,Bihar,12,0.22,1.92,0.0,0.05,4.88,7.74,177.89,24.37,1.95,26.56,12.07,1.84,18.22
597,Tamenglong,Manipur,1,0.47,1.9,0.97,2.23,9.73,10.85,112.24,19.0,1.93,21.35,7.18,1.59,13.09
597,Tamenglong,Manipur,2,1.47,4.37,4.4,8.28,21.07,26.95,53.5,21.36,2.3,24.24,9.44,1.94,15.4
597,Tamenglong,Manipur,3,3.21,7.64,11.48,18.26,37.57,61.41,98.95,24.61,2.36,27.63,13.09,1.96,18.85
597,Tamenglong,Manipur,4,7.12,10.08,20.23,28.8,44.24,161.67,250.85,26.07,2.26,28.81,16.09,1.53,21.08
597,Tamenglong,Manipur,5,9.41,13.66,27.82,37.77,62.8,247.72,474.32,26.66,2.04,29.11,18.73,1.54,22.69
597,Tamenglong,Manipur,6,13.41,17.29,33.11,46.25,77.91,349.31,763.52,27.03,1.62,29.06,21.07,0.92,24.05
597,Tamenglong,Manipur,7,7.61,10.3,19.06,25.46,45.61,322.47,923.78,26.8,1.53,28.79,21.6,0.74,24.2
597,Tamenglong,Manipur,8,8.74,9.99,21.67,27.97,47.28,238.14,909.72,26.99,1.43,28.82,21.74,0.7,24.37
597,Tamenglong,Manipur,9,8.37,11.92,23.45,33.13,53.55,259.65,811.63,26.78,1.67,28.92,20.83,0.89,23.8
597,Tamenglong,Manipur,10,6.39,13.18,21.99,36.5,64.7,236.28,735.06,25.92,1.78,28.01,18.12,1.78,22.02
597,Tamenglong,Manipur,11,1.07,3.87,2.39,6.56,20.51,92.86,587.99,23.32,1.72,25.42,13.17,2.03,18.25
597,Tamenglong,Manipur,12,0.28,1.15,0.64,1.81,4.18,16.44,341.73,20.12,1.69,22.34,8.97,1.78,14.55
598,Tarn Taran,Punjab,1,0.89,3.47,1.87,5.39,15.16,18.08,32.24,18.2,2.12,20.89,6.04,2.0,12.12
598,Tarn Taran,Punjab,2,0.98,3.25,2.92,7.01,14.27,28.26,50.52,20.9,2.76,24.44,8.44,2.34,14.67
598,Tarn Taran,Punjab,3,1.27,4.4,3.09,7.42,21.17,35.57,81.36,26.5,3.58,31.23,12.91,2.68,19.71
598,Tarn Taran,Punjab,4,0.64,2.61,1.04,3.81,11.71,27.47,91.43,33.59,3.88,38.57,18.1,2.75,25.84
598,Tarn Taran,Punjab,5,0.62,2.25,1.41,3.59,12.66,19.88,82.88,38.54,3.32,42.47,22.99,2.39,30.77
598,Tarn Taran,Punjab,6,1.42,4.13,5.05,8.76,19.99,21.92,68.73,38.76,2.98,42.52,26.29,1.95,32.52
598,Tarn Taran,Punjab,7,6.41,12.12,20.58,31.3,54.19,123.26,165.89,34.37,2.41,37.58,26.41,1.23,30.39
598,Tarn Taran,Punjab,8,4.58,9.77,13.9,22.53,44.22,179.97,331.95,33.1,1.7,35.08,25.84,0.98,29.47
598,Tarn Taran,Punjab,9,2.58,8.52,7.42,12.9,43.23,104.23,414.11,33.04,1.81,35.18,23.63,1.77,28.34
598,Tarn Taran,Punjab,10,0.64,3.26,0.52,2.44,15.74,40.22,321.34,31.15,2.15,33.78,17.87,2.57,24.51
598,Tarn Taran,Punjab,11,0.17,1.2,0.0,0.44,4.65,9.92,151.35,25.92,2.22,28.73,12.14,2.2,19.03
598,Tarn Taran,Punjab,12,0.25,1.23,0.31,1.08,6.75,4.94,53.14,20.49,2.32,23.34,7.43,1.99,13.96
599,Tawang,Arunachal Pradesh,1,0.13,0.54,0.18,0.61,3.01,2.89,27.67,12.37,2.2,15.29,0.36,2.11,6.37
599,Tawang,Arunachal Pradesh,2,0.53,1.74,1.21,4.38,8.27,9.24,18.35,13.51,2.37,16.43,2.65,2.39,8.08
599,Tawang,Arunachal Pradesh,3,0.51,2.42,0.7,2.49,11.12,13.18,25.18,16.34,2.08,19.01,6.79,2.17,11.57
599,Tawang,Arunachal Pradesh,4,2.78,6.77,8.14,13.11,34.76,49.22,71.63,18.87,1.84,21.14,9.64,1.67,14.25
599,Tawang,Arunachal Pradesh,5,1.51,3.72,4.89,8.07,17.58,64.04,127.58,21.24,1.71,23.42,12.26,1.6,16.75
599,Tawang,Arunachal Pradesh,6,4.29,7.86,13.41,19.24,40.28,84.42,199.25,23.03,1.48,24.89,15.57,1.3,19.3
599,Tawang,Arunachal Pradesh,7,1.12,1.68,3.28,4.46,8.4,86.29,235.01,23.02,1.46,24.8,17.09,0.7,20.05
599,Tawang,Arunachal Pradesh,8,2.57,5.17,8.54,13.46,26.02,56.18,227.74,23.29,1.41,24.98,16.86,0.76,20.07
599,Tawang,Arunachal Pradesh,9,2.66,4.92,8.81,12.57,21.77,80.18,218.99,22.69,1.49,24.48,15.2,1.13,18.94
599,Tawang,Arunachal Pradesh,10,1.27,3.95,3.34,8.46,22.39,62.83,200.53,20.51,1.91,22.89,11.07,2.14,15.79
599,Tawang,Arunachal Pradesh,11,0.44,2.14,0.47,1.57,10.61,18.86,161.42,16.61,1.73,18.78,6.7,1.82,11.65
599,Tawang,Arunachal Pradesh,12,0.08,0.45,0.03,0.2,2.58,6.75,86.78,13.72,1.91,16.14,2.9,2.29,8.31
600,Thane,Maharashtra,1,0.01,0.08,0.0,0.02,0.15,0.6,33.59,30.45,1.55,32.34,16.26,1.67,23.35
600,Thane,Maharashtra,2,0.01,0.05,0.0,0.03,0.05,0.18,5.87,32.06,1.94,34.61,17.21,1.77,24.64
600,Thane,Maharashtra,3,0.01,0.15,0.0,0.0,0.14,0.35,1.14,35.2,1.95,37.55,20.01,1.77,27.6
600,Thane,Maharashtra,4,0.02,0.17,0.0,0.01,0.3,0.34,0.87,36.89,1.37,38.63,22.89,1.51,29.89
600,Thane,Maharashtra,5,0.39,3.2,0.17,1.02,6.8,5.68,6.37,36.38,1.24,37.9,25.58,1.1,30.98
600,Thane,Maharashtra,6,13.91,30.98,37.93,64.27,150.1,163.4,169.6,31.87,2.5,35.46,26.07,0.87,28.97
600,Thane,Maharashtra,7,20.86,27.58,52.96,73.48,132.37,563.6,741.78,28.68,1.19,30.28,25.25,0.63,26.97
600,Thane,Maharashtra,8,16.39,24.83,43.83,58.47,113.17,617.83,1373.97,28.29,1.03,29.55,24.67,0.53,26.48
600,Thane,Maharashtra,9,10.2,19.39,27.52,44.84,92.98,368.47,1559.8,29.7,1.35,31.48,24.21,0.66,26.96
600,Thane,Maharashtra,10,2.97,10.33,6.08,15.09,53.15,195.37,1174.39,32.6,1.54,34.33,22.67,1.67,27.64
600,Thane,Maharashtra,11,0.48,3.26,0.37,1.18,13.08,30.61,585.3,32.34,1.19,33.82,20.01,2.11,26.18
600,Thane,Maharashtra,12,0.04,0.35,0.0,0.01,1.36,6.71,225.08,30.97,1.31,32.49,17.45,1.86,24.21
601,Thoubal,Manipur,1,0.39,2.17,0.01,1.65,10.6,8.42,83.46,20.56,1.86,22.82,10.14,1.54,15.35
601,Thoubal,Manipur,2,1.02,4.51,0.7,7.49,20.57,19.54,36.19,23.22,2.32,26.12,12.21,1.88,17.72
601,Thoubal,Manipur,3,1.97,6.75,5.41,15.83,30.08,38.16,65.92,26.9,2.43,30.04,15.63,1.93,21.26
601,Thoubal,Manipur,4,3.43,9.17,11.58,22.82,47.93,88.18,146.3,28.87,2.33,31.71,18.43,1.55,23.65
601,Thoubal,Manipur,5,6.36,13.38,22.72,32.7,60.57,149.39,277.33,29.38,2.12,31.93,21.05,1.57,25.21
601,Thoubal,Manipur,6,11.23,19.92,34.94,47.17,78.71,257.56,498.01,29.44,1.63,31.51,23.5,0.97,26.47
601,Thoubal,Manipur,7,8.57,18.27,23.94,37.54,71.62,308.61,721.18,29.15,1.46,31.05,24.06,0.7,26.6
601,Thoubal,Manipur,8,8.09,17.25,21.93,42.41,87.54,245.62,816.66,29.31,1.39,31.04,24.15,0.69,26.73
601,Thoubal,Manipur,9,6.01,13.43,19.03,29.09,68.96,215.0,764.46,29.08,1.67,31.2,23.21,0.92,26.14
601,Thoubal,Manipur,10,4.84,13.33,18.02,29.59,69.23,169.64,628.79,27.93,1.83,30.23,20.74,1.67,24.34
601,Thoubal,Manipur,11,0.72,3.31,0.68,4.14,16.98,72.19,454.37,24.94,1.78,27.13,16.11,2.02,20.52
601,Thoubal,Manipur,12,0.12,0.86,0.0,0.36,3.87,8.73,247.92,21.6,1.66,23.75,11.96,1.76,16.78
602,Tirap,Arunachal Pradesh,1,0.88,3.28,2.14,5.5,16.37,18.81,77.5,18.71,1.85,21.0,9.75,1.51,14.23
602,Tirap,Arunachal Pradesh,2,2.24,6.2,6.06,13.4,31.74,48.29,77.7,20.7,2.32,23.56,11.92,1.77,16.31
602,Tirap,Arunachal Pradesh,3,4.76,12.43,12.78,27.13,70.53,88.44,154.49,23.83,2.35,27.01,15.09,1.71,19.46
602,Tirap,Arunachal Pradesh,4,8.11,14.56,25.14,40.03,65.5,214.94,352.41,25.45,2.28,28.33,17.76,1.55,21.61
602,Tirap,Arunachal Pradesh,5,8.59,18.25,26.56,48.78,93.16,246.24,553.19,27.23,2.24,30.03,20.66,1.61,23.94
602,Tirap,Arunachal Pradesh,6,13.88,19.81,41.03,58.42,86.26,321.17,785.39,28.41,1.72,30.64,23.07,1.0,25.74
602,Tirap,Arunachal Pradesh,7,15.12,18.54,42.05,54.2,81.79,470.62,1042.13,28.31,1.6,30.39,23.55,0.82,25.93
602,Tirap,Arunachal Pradesh,8,14.24,18.43,38.35,50.94,89.23,413.38,1215.2,28.79,1.5,30.67,23.72,0.76,26.25
602,Tirap,Arunachal Pradesh,9,11.31,17.01,33.76,46.37,77.25,403.88,1288.19,28.1,1.78,30.45,22.68,0.95,25.39
602,Tirap,Arunachal Pradesh,10,4.36,12.25,12.64,28.06,63.97,244.65,1059.2,26.66,1.87,29.03,19.94,1.81,23.3
602,Tirap,Arunachal Pradesh,11,0.56,2.19,1.17,3.67,11.23,51.3,693.74,23.44,1.84,25.74,14.94,1.87,19.19
602,Tirap,Arunachal Pradesh,12,0.46,1.57,1.3,3.32,7.14,11.42,299.06,20.06,1.68,22.18,11.0,1.65,15.53
604,Upper Siang,Arunachal Pradesh,1,1.06,3.49,2.6,6.12,19.2,22.62,79.88,21.36,2.06,23.99,11.14,1.81,16.25
604,Upper Siang,Arunachal Pradesh,2,1.79,5.02,4.81,9.87,27.02,43.93,76.47,22.39,2.26,25.29,14.33,2.03,18.36
604,Upper Siang,Arunachal Pradesh,3,3.01,6.97,9.16,15.53,34.79,63.76,129.29,25.13,2.34,28.23,17.76,1.7,21.44
604,Upper Siang,Arunachal Pradesh,4,5.69,9.3,16.22,24.79,42.4,145.53,253.51,27.29,2.29,30.19,19.92,1.5,23.6
604,Upper Siang,Arunachal Pradesh,5,5.49,11.91,15.54,25.02,56.69,163.46,374.86,29.54,2.25,32.42,22.84,1.68,26.19
604,Upper Siang,Arunachal Pradesh,6,10.05,18.6,29.69,49.22,87.24,201.71,512.86,30.72,1.83,33.06,25.65,1.24,28.19
604,Upper Siang,Arunachal Pradesh,7,11.22,16.75,31.79,47.04,74.2,353.23,721.63,30.76,1.74,33.08,26.23,1.04,28.5
604,Upper Siang,Arunachal Pradesh,8,10.05,15.86,30.56,43.73,70.51,312.58,876.62,31.42,1.68,33.62,26.23,0.93,28.83
604,Upper Siang,Arunachal Pradesh,9,7.61,15.02,22.47,40.32,72.92,295.67,963.32,30.54,1.76,32.98,25.32,1.02,27.93
604,Upper Siang,Arunachal Pradesh,10,3.17,9.93,7.65,14.28,53.76,138.53,743.16,28.99,1.88,31.34,22.16,1.91,25.57
604,Upper Siang,Arunachal Pradesh,11,0.47,1.57,1.13,2.99,7.15,49.44,478.0,26.17,1.84,28.37,16.5,1.76,21.33
604,Upper Siang,Arunachal Pradesh,12,0.5,1.84,1.3,2.47,9.38,11.17,193.91,22.82,1.94,25.18,12.3,1.97,17.56
605,Upper Subansiri,Arunachal Pradesh,1,0.83,2.01,2.98,4.81,10.46,19.08,71.39,21.16,1.83,23.43,11.57,1.65,16.36
605,Upper Subansiri,Arunachal Pradesh,2,1.07,2.71,3.0,5.0,15.26,29.7,60.08,22.23,2.1,24.86,14.68,1.92,18.46
605,Upper Subansiri,Arunachal Pradesh,3,1.85,4.35,4.84,9.61,21.5,36.75,85.06,25.0,2.07,27.75,18.2,1.62,21.6
605,Upper Subansiri,Arunachal Pradesh,4,5.48,8.52,15.35,22.12,40.4,118.75,185.25,27.1,2.1,29.71,20.47,1.39,23.78
605,Upper Subansiri,Arunachal Pradesh,5,4.33,7.94,11.36,18.11,42.2,143.89,301.68,29.4,1.96,31.81,22.99,1.53,26.2
605,Upper Subansiri,Arunachal Pradesh,6,10.02,14.49,27.31,38.58,70.82,193.21,458.62,30.72,1.57,32.7,25.68,1.03,28.2
605,Upper Subansiri,Arunachal Pradesh,7,7.26,10.08,18.25,26.43,51.22,285.93,625.67,30.8,1.53,32.8,26.16,0.81,28.48
605,Upper Subansiri,Arunachal Pradesh,8,9.57,12.34,27.25,35.25,53.98,243.29,728.9,31.47,1.49,33.41,26.07,0.72,28.77
605,Upper Subansiri,Arunachal Pradesh,9,6.81,10.92,20.53,29.38,54.28,267.95,794.5,30.56,1.64,32.71,25.26,0.86,27.91
605,Upper Subansiri,Arunachal Pradesh,10,2.81,7.49,7.27,14.01,42.91,134.77,645.93,28.77,1.69,30.92,22.48,1.7,25.63
605,Upper Subansiri,Arunachal Pradesh,11,0.53,1.57,1.66,3.46,7.93,43.46,441.07,25.69,1.68,27.8,17.15,1.74,21.42
605,Upper Subansiri,Arunachal Pradesh,12,0.5,1.53,1.56,2.95,7.23,12.49,186.03,22.57,1.61,24.57,12.91,1.79,17.74
606,Uttar Dinajpur,West Bengal,1,0.4,2.09,0.34,1.55,10.96,7.31,44.05,22.39,1.89,24.76,10.68,1.67,16.54
606,Uttar Dinajpur,West Bengal,2,0.47,2.18,0.73,1.91,11.5,12.83,21.86,25.5,2.23,28.27,12.89,1.95,19.2
606,Uttar Dinajpur,West Bengal,3,0.72,2.66,1.66,4.41,14.77,15.0,34.82,30.5,2.47,33.6,17.31,2.25,23.91
606,Uttar Dinajpur,West Bengal,4,2.45,5.58,8.58,14.44,26.35,42.53,70.39,32.99,2.76,36.55,21.03,1.69,27.01
606,Uttar Dinajpur,West Bengal,5,7.58,13.21,21.11,31.45,54.57,138.66,197.56,31.96,2.31,35.16,23.31,1.47,27.63
606,Uttar Dinajpur,West Bengal,6,12.54,17.24,32.91,45.14,85.95,301.27,486.29,31.41,1.7,33.68,24.98,0.92,28.2
606,Uttar Dinajpur,West Bengal,7,18.99,22.35,51.59,63.1,94.18,531.43,979.3,30.86,1.3,32.4,25.3,0.76,28.08
606,Uttar Dinajpur,West Bengal,8,13.76,19.98,39.91,55.96,94.49,449.28,1295.89,31.09,1.28,32.63,25.33,0.7,28.21
606,Uttar Dinajpur,West Bengal,9,12.94,21.64,36.9,50.99,111.28,423.13,1409.85,30.61,1.49,32.37,24.52,0.9,27.56
606,Uttar Dinajpur,West Bengal,10,4.17,13.29,11.69,22.43,63.73,263.75,1130.15,29.82,1.53,31.58,21.43,2.03,25.63
606,Uttar Dinajpur,West Bengal,11,0.15,1.25,0.06,0.49,2.39,38.89,721.03,27.58,1.45,29.4,16.41,1.97,22.0
606,Uttar Dinajpur,West Bengal,12,0.08,0.67,0.01,0.12,2.07,2.16,295.05,24.16,1.78,26.3,12.29,1.75,18.23
607,Uttarkashi,Uttarakhand,1,1.35,5.29,3.01,6.52,19.56,32.61,62.01,7.51,2.37,10.46,-3.49,2.12,2.01
607,Uttarkashi,Uttarakhand,2,1.23,3.2,3.4,6.77,16.41,41.58,84.84,9.23,2.72,12.71,-1.3,2.41,3.96
607,Uttarkashi,Uttarakhand,3,1.64,4.97,4.38,9.34,23.87,44.85,118.14,14.06,3.13,17.96,2.61,2.75,8.34
607,Uttarkashi,Uttarakhand,4,0.89,2.51,2.43,5.16,11.75,35.8,122.33,19.01,2.87,22.54,6.84,2.48,12.93
607,Uttarkashi,Uttarakhand,5,1.58,4.07,4.71,8.99,19.37,40.08,120.7,22.33,2.48,25.31,10.49,2.1,16.41
607,Uttarkashi,Uttarakhand,6,3.74,8.13,10.75,16.44,31.6,65.96,141.67,23.37,2.21,26.24,13.54,1.64,18.46
607,Uttarkashi,Uttarakhand,7,8.09,9.7,21.12,26.5,40.25,181.62,289.78,22.06,1.7,24.24,15.33,1.02,18.7
607,Uttarkashi,Uttarakhand,8,7.85,10.14,21.19,27.59,44.89,262.99,518.96,21.49,1.39,23.14,14.87,0.91,18.18
607,Uttarkashi,Uttarakhand,9,4.67,10.71,13.68,21.07,41.8,191.67,643.35,20.74,1.5,22.44,12.2,1.73,16.47
607,Uttarkashi,Uttarakhand,10,1.15,4.32,2.33,5.33,21.65,70.05,522.21,18.23,1.86,20.5,6.58,2.22,12.4
607,Uttarkashi,Uttarakhand,11,0.28,1.59,0.49,0.94,4.89,18.46,274.84,14.46,1.9,16.68,1.91,1.85,8.19
607,Uttarkashi,Uttarakhand,12,0.73,3.21,1.25,3.06,15.58,11.59,96.46,10.32,2.52,13.17,-1.57,2.1,4.38
608,Vaishali,Bihar,1,0.34,1.94,0.08,1.26,10.93,8.04,29.22,21.63,2.39,24.3,10.2,2.15,15.92
608,Vaishali,Bihar,2,0.46,2.53,0.16,1.34,11.81,11.9,22.82,25.28,2.49,28.51,12.85,2.2,19.07
608,Vaishali,Bihar,3,0.33,1.96,0.12,1.08,8.3,10.76,30.43,31.19,2.83,34.63,17.28,2.48,24.24
608,Vaishali,Bihar,4,0.6,2.44,0.77,3.29,13.4,11.44,33.96,36.09,2.4,39.03,22.03,1.93,29.06
608,Vaishali,Bihar,5,1.71,5.03,5.51,10.45,22.78,33.16,55.43,36.79,2.43,40.12,24.93,1.7,30.86
608,Vaishali,Bihar,6,5.29,12.36,16.73,34.01,60.1,91.58,136.99,35.38,2.93,39.42,26.55,1.34,30.96
608,Vaishali,Bihar,7,10.39,17.58,33.84,51.04,77.66,268.43,396.82,32.3,1.51,34.11,26.55,0.92,29.43
608,Vaishali,Bihar,8,7.81,15.32,23.25,39.42,80.72,257.61,628.65,32.13,1.21,33.63,26.47,0.81,29.3
608,Vaishali,Bihar,9,6.33,13.47,19.44,33.44,66.09,220.05,752.01,31.74,1.51,33.52,25.78,1.06,28.76
608,Vaishali,Bihar,10,1.63,7.37,2.5,8.98,33.42,119.2,593.26,30.93,1.56,32.86,22.29,2.38,26.61
608,Vaishali,Bihar,11,0.17,1.75,0.0,0.02,2.76,19.41,354.94,27.98,1.66,30.1,16.63,2.42,22.3
608,Vaishali,Bihar,12,0.14,1.31,0.0,0.01,5.39,3.07,136.68,23.59,2.1,25.92,11.88,2.08,17.74
609,Mulugu,Telangana,1,0.37,3.13,0.02,0.12,11.43,7.15,57.69,28.52,1.51,30.28,17.36,1.83,22.94
609,Mulugu,Telangana,2,0.32,2.29,0.02,0.24,11.45,10.92,24.67,31.5,1.73,33.72,19.55,1.57,25.53
609,Mulugu,Telangana,3,0.31,2.49,0.04,0.46,7.5,8.59,26.38,35.07,1.81,37.17,22.56,1.54,28.82
609,Mulugu,Telangana,4,0.68,3.25,0.54,2.97,18.83,13.92,33.36,37.52,1.68,39.53,25.73,1.35,31.63
609,Mulugu,Telangana,5,1.39,6.57,1.88,5.94,27.06,32.31,55.07,39.08,2.27,41.65,27.88,1.48,33.48
609,Mulugu,Telangana,6,5.34,12.35,17.71,30.98,65.63,90.02,137.0,34.7,3.57,39.68,26.92,1.78,30.81
609,Mulugu,Telangana,7,10.59,16.65,33.57,48.09,74.96,240.01,365.44,30.56,2.01,33.1,25.03,1.05,27.8
609,Mulugu,Telangana,8,11.91,18.99,38.51,60.45,80.38,373.86,715.67,29.83,1.63,31.8,24.54,0.8,27.18
609,Mulugu,Telangana,9,6.3,13.5,20.89,32.53,66.39,266.74,890.05,30.91,1.45,32.69,24.46,0.65,27.69
609,Mulugu,Telangana,10,3.04,9.32,8.56,19.85,49.94,136.41,775.22,30.91,1.51,32.72,22.87,1.42,26.89
609,Mulugu,Telangana,11,0.68,4.36,0.25,2.33,16.82,45.58,441.39,29.54,1.29,31.1,19.67,2.22,24.61
609,Mulugu,Telangana,12,0.11,1.41,0.0,0.04,0.83,7.25,185.07,28.16,1.26,29.71,17.09,1.94,22.63
610,Wardha,Maharashtra,1,0.58,3.58,0.55,1.86,12.0,12.42,48.82,27.28,2.07,29.77,15.0,2.26,21.14
610,Wardha,Maharashtra,2,0.55,2.69,0.57,1.82,13.85,18.73,41.5,30.34,2.34,33.3,17.19,2.12,23.77
610,Wardha,Maharashtra,3,0.76,3.98,0.89,2.93,17.97,21.75,52.54,34.9,2.63,38.1,21.01,2.09,27.95
610,Wardha,Maharashtra,4,0.34,1.86,0.42,1.09,7.34,13.57,54.15,39.04,2.06,41.53,25.3,1.93,32.17
610,Wardha,Maharashtra,5,0.67,2.72,1.12,3.21,13.76,13.89,49.06,40.77,1.96,43.11,28.79,1.68,34.78
610,Wardha,Maharashtra,6,6.25,13.32,18.31,32.09,66.69,78.09,105.38,35.72,4.06,41.08,27.27,2.19,31.49
610,Wardha,Maharashtra,7,10.02,15.84,27.6,43.62,69.2,267.56,363.72,30.15,2.15,32.94,24.86,1.05,27.5
610,Wardha,Maharashtra,8,9.4,17.03,27.58,43.76,85.1,310.78,669.66,29.08,1.65,31.09,24.19,0.82,26.64
610,Wardha,Maharashtra,9,5.5,11.69,15.12,26.58,55.08,226.73,810.91,30.79,1.71,32.87,23.93,0.76,27.36
610,Wardha,Maharashtra,10,1.93,6.74,3.93,11.49,34.04,101.59,636.17,31.45,1.62,33.45,21.44,2.04,26.45
610,Wardha,Maharashtra,11,0.52,3.56,0.48,1.92,10.29,27.21,349.53,29.43,1.53,31.39,17.7,2.48,23.57
610,Wardha,Maharashtra,12,0.27,1.92,0.14,0.54,7.22,10.72,135.77,27.46,1.68,29.7,14.82,2.2,21.14
611,Washim,Maharashtra,1,0.36,1.63,0.7,1.64,8.71,8.84,41.81,27.46,2.01,29.83,15.08,2.18,21.27
611,Washim,Maharashtra,2,0.18,0.89,0.35,0.87,3.44,7.75,26.8,30.31,2.23,33.17,17.19,2.1,23.75
611,Washim,Maharashtra,3,0.49,2.27,0.86,2.2,9.32,12.47,29.03,34.59,2.49,37.61,20.93,2.13,27.76
611,Washim,Maharashtra,4,0.2,1.02,0.45,0.85,3.21,8.62,29.08,38.3,1.96,40.66,24.94,1.87,31.62
611,Washim,Maharashtra,5,0.29,1.65,0.58,1.21,5.48,5.63,26.84,39.73,1.87,41.93,27.63,1.46,33.68
611,Washim,Maharashtra,6,5.44,9.21,15.07,24.34,46.62,70.84,84.83,34.71,3.75,39.65,26.03,1.86,30.37
611,Washim,Maharashtra,7,8.13,11.27,22.29,31.99,58.08,217.22,297.02,29.64,2.13,32.44,24.09,0.97,26.87
611,Washim,Maharashtra,8,7.97,12.7,20.97,33.48,60.66,262.28,561.4,28.35,1.62,30.28,23.39,0.78,25.87
611,Washim,Maharashtra,9,5.19,8.8,14.71,20.81,39.07,193.9,677.88,29.85,1.67,31.92,23.27,0.76,26.56
611,Washim,Maharashtra,10,1.6,4.58,4.56,8.16,23.37,96.41,550.75,30.68,1.66,32.85,21.12,1.99,25.9
611,Washim,Maharashtra,11,0.58,2.58,1.04,2.68,12.72,23.11,308.84,28.88,1.51,30.81,17.74,2.4,23.31
611,Washim,Maharashtra,12,0.2,1.36,0.07,0.55,4.68,10.62,126.46,27.24,1.66,29.36,14.99,2.2,21.11
612,West Kameng,Arunachal Pradesh,1,0.36,1.38,0.44,2.16,7.97,9.61,46.72,22.09,1.93,24.5,11.28,1.51,16.68
612,West Kameng,Arunachal Pradesh,2,0.29,0.91,0.92,1.84,4.39,10.06,29.3,24.04,2.29,26.9,13.57,1.85,18.8
612,West Kameng,Arunachal Pradesh,3,0.67,1.98,1.97,3.77,9.6,12.06,31.7,27.4,2.28,30.38,16.96,1.68,22.18
612,West Kameng,Arunachal Pradesh,4,3.45,8.2,11.53,16.96,36.69,57.73,79.93,29.25,2.15,31.92,19.66,1.46,24.46
612,West Kameng,Arunachal Pradesh,5,3.62,7.5,10.55,16.23,34.91,108.38,180.1,30.67,1.96,33.14,22.23,1.37,26.45
612,West Kameng,Arunachal Pradesh,6,9.32,15.33,27.83,39.2,74.05,184.53,353.53,31.33,1.59,33.34,25.06,1.03,28.19
612,West Kameng,Arunachal Pradesh,7,3.35,4.7,8.49,11.75,23.47,204.21,500.38,30.96,1.48,32.88,26.0,0.73,28.48
612,West Kameng,Arunachal Pradesh,8,6.07,10.68,17.21,26.55,54.27,141.83,533.08,31.36,1.43,33.19,25.97,0.69,28.67
612,West Kameng,Arunachal Pradesh,9,5.04,9.14,15.6,21.87,45.48,167.22,506.4,31.08,1.64,33.24,24.73,0.91,27.9
612,West Kameng,Arunachal Pradesh,10,2.47,7.21,6.9,14.69,36.7,122.2,433.27,30.11,1.84,32.31,21.06,1.85,25.58
612,West Kameng,Arunachal Pradesh,11,0.37,1.67,0.35,1.65,9.0,28.83,316.35,26.7,1.83,29.08,16.65,1.54,21.68
612,West Kameng,Arunachal Pradesh,12,0.34,1.69,0.22,1.17,8.4,10.06,157.78,23.15,1.63,25.22,13.22,1.66,18.18
613,Lower Siang,Arunachal Pradesh,1,0.96,3.39,2.92,6.54,16.43,21.13,86.94,22.99,1.87,25.26,13.25,1.56,18.12
613,Lower Siang,Arunachal Pradesh,2,2.14,6.9,7.24,11.8,35.45,50.36,82.14,24.44,2.25,27.25,15.93,1.89,20.19
613,Lower Siang,Arunachal Pradesh,3,3.6,12.1,10.12,19.7,63.66,70.37,140.62,27.18,2.27,30.2,19.43,1.72,23.3
613,Lower Siang,Arunachal Pradesh,4,7.73,18.11,25.43,47.94,86.85,182.13,302.95,28.67,2.23,31.42,22.07,1.5,25.37
613,Lower Siang,Arunachal Pradesh,5,9.41,23.59,27.7,56.96,116.34,262.59,518.47,30.84,2.17,33.54,24.64,1.56,27.74
613,Lower Siang,Arunachal Pradesh,6,16.73,33.35,54.47,84.34,164.13,348.98,798.55,32.02,1.7,34.23,27.1,1.05,29.56
613,Lower Siang,Arunachal Pradesh,7,17.12,29.04,51.72,77.51,135.29,566.5,1184.97,31.89,1.59,33.84,27.59,0.9,29.74
613,Lower Siang,Arunachal Pradesh,8,14.61,24.98,44.26,64.15,129.06,457.89,1386.45,32.56,1.51,34.49,27.66,0.81,30.11
613,Lower Siang,Arunachal Pradesh,9,11.17,21.63,39.47,55.98,106.58,410.47,1434.11,31.89,1.81,34.26,26.58,0.98,29.23
613,Lower Siang,Arunachal Pradesh,10,4.38,14.41,9.98,28.76,83.57,224.06,1087.54,30.73,1.82,32.91,23.57,1.9,27.15
613,Lower Siang,Arunachal Pradesh,11,0.57,2.26,1.08,3.97,11.72,58.26,685.67,27.84,1.85,30.19,18.31,1.85,23.07
613,Lower Siang,Arunachal Pradesh,12,0.52,2.01,1.19,3.6,9.71,11.8,286.21,24.5,1.71,26.62,14.3,1.7,19.4
614,Yamunanagar,Haryana,1,1.66,8.67,0.83,6.35,49.28,33.24,58.51,20.59,2.48,23.5,7.99,2.05,14.29
614,Yamunanagar,Haryana,2,1.63,8.02,1.33,7.75,38.58,54.8,97.24,23.27,2.87,26.98,10.24,2.31,16.75
614,Yamunanagar,Haryana,3,1.44,8.44,0.81,5.3,33.78,49.69,136.07,28.75,3.41,33.08,14.29,2.52,21.52
614,Yamunanagar,Haryana,4,0.91,6.2,0.35,2.04,33.2,29.67,133.79,34.87,3.3,39.11,19.11,2.64,26.99
614,Yamunanagar,Haryana,5,0.82,4.29,1.43,5.7,13.3,26.04,104.88,38.24,2.99,41.79,23.18,2.34,30.71
614,Yamunanagar,Haryana,6,4.29,14.66,11.09,22.84,64.36,60.04,115.48,37.43,3.18,41.51,25.9,1.9,31.66
614,Yamunanagar,Haryana,7,11.12,19.87,33.24,50.21,92.17,245.13,333.49,33.45,2.18,36.16,26.66,1.24,30.06
614,Yamunanagar,Haryana,8,11.44,20.91,35.52,49.59,99.97,357.97,676.04,32.54,1.62,34.44,26.27,0.94,29.41
614,Yamunanagar,Haryana,9,5.9,15.81,18.51,31.78,78.63,268.99,883.12,32.61,1.71,34.54,24.17,1.61,28.39
614,Yamunanagar,Haryana,10,0.78,5.64,0.31,2.7,15.52,77.75,701.06,31.59,1.9,33.82,18.59,2.44,25.09
614,Yamunanagar,Haryana,11,0.38,3.96,0.05,0.21,5.73,14.93,353.16,27.36,2.01,29.71,13.53,2.03,20.44
614,Yamunanagar,Haryana,12,0.52,3.24,0.15,1.2,15.75,10.29,98.14,22.73,2.48,25.35,9.44,2.08,16.08
615,Yavatmal,Maharashtra,1,0.57,3.4,0.67,1.82,12.35,11.37,49.28,28.17,1.98,30.53,15.77,2.2,21.97
615,Yavatmal,Maharashtra,2,0.36,1.74,0.51,1.31,7.72,15.42,36.32,31.18,2.21,34.1,17.95,2.04,24.56
615,Yavatmal,Maharashtra,3,0.72,3.57,0.97,3.38,12.47,18.57,45.03,35.48,2.48,38.49,21.64,2.04,28.56
615,Yavatmal,Maharashtra,4,0.29,1.18,0.58,1.27,5.25,12.88,47.06,39.21,1.98,41.6,25.83,1.87,32.52
615,Yavatmal,Maharashtra,5,0.44,1.91,0.94,1.8,6.98,10.18,41.62,40.74,1.96,42.98,28.93,1.58,34.84
615,Yavatmal,Maharashtra,6,6.91,13.89,19.61,32.67,68.17,83.24,106.02,35.63,3.92,40.86,27.19,2.07,31.41
615,Yavatmal,Maharashtra,7,10.73,16.37,27.15,43.72,81.03,287.68,385.5,30.41,2.1,33.13,24.98,1.02,27.69
615,Yavatmal,Maharashtra,8,10.06,18.06,27.88,45.53,100.78,334.19,719.74,29.25,1.62,31.23,24.32,0.81,26.79
615,Yavatmal,Maharashtra,9,6.29,13.24,16.21,28.16,56.34,246.42,874.51,30.81,1.63,32.84,24.17,0.73,27.49
615,Yavatmal,Maharashtra,10,2.09,6.71,4.78,11.08,37.07,116.95,694.53,31.47,1.62,33.44,21.89,1.97,26.68
615,Yavatmal,Maharashtra,11,0.59,3.86,0.66,1.64,10.21,29.18,386.39,29.66,1.49,31.5,18.3,2.43,23.98
615,Yavatmal,Maharashtra,12,0.2,1.32,0.18,0.51,6.55,10.13,151.87,27.97,1.64,30.06,15.52,2.2,21.75
616,Dimapur,Nagaland,1,0.56,2.24,1.14,3.54,9.31,13.01,90.22,23.85,1.87,26.18,12.79,1.54,18.32
616,Dimapur,Nagaland,2,0.99,3.43,2.79,5.94,15.87,22.36,48.02,26.38,2.36,29.33,14.77,1.82,20.57
616,Dimapur,Nagaland,3,2.58,6.55,7.64,15.59,30.05,44.03,79.12,29.91,2.4,33.0,17.99,1.88,23.95
616,Dimapur,Nagaland,4,4.54,7.76,12.84,20.22,41.29,111.75,178.71,31.23,2.29,34.09,21.0,1.61,26.12
616,Dimapur,Nagaland,5,9.69,18.82,27.64,44.65,96.22,211.19,369.47,32.03,2.11,34.61,23.95,1.57,27.99
616,Dimapur,Nagaland,6,13.24,18.58,35.74,48.33,82.46,351.11,678.32,32.62,1.63,34.72,26.54,0.93,29.58
616,Dimapur,Nagaland,7,12.4,14.88,33.01,42.4,61.78,393.79,962.78,32.47,1.51,34.46,27.15,0.71,29.81
616,Dimapur,Nagaland,8,12.73,13.56,32.77,42.32,56.1,374.78,1124.0,32.62,1.41,34.4,27.33,0.68,29.98
616,Dimapur,Nagaland,9,12.69,17.04,34.34,47.95,78.5,389.66,1156.76,32.26,1.67,34.44,26.35,0.88,29.3
616,Dimapur,Nagaland,10,5.45,14.49,14.95,31.97,78.2,284.54,1048.91,31.13,1.8,33.3,23.58,1.76,27.35
616,Dimapur,Nagaland,11,0.85,3.69,1.57,4.48,18.44,69.76,740.74,28.33,1.73,30.47,18.52,1.95,23.43
616,Dimapur,Nagaland,12,0.31,1.27,0.61,2.43,5.15,13.41,359.15,25.09,1.69,27.31,14.37,1.75,19.73
617,Kohima,Nagaland,1,0.53,1.94,1.1,2.76,12.41,10.88,85.12,20.91,1.87,23.18,10.31,1.56,15.61
617,Kohima,Nagaland,2,0.94,2.71,2.93,6.51,12.34,20.66,43.45,23.37,2.37,26.39,12.35,1.84,17.86
617,Kohima,Nagaland,3,1.97,4.88,6.79,12.58,23.55,36.9,68.22,26.81,2.4,29.9,15.51,1.86,21.16
617,Kohima,Nagaland,4,4.18,6.59,12.49,17.83,28.09,94.49,152.45,28.34,2.3,31.21,18.39,1.62,23.37
617,Kohima,Nagaland,5,7.79,12.0,23.77,32.08,54.67,183.06,316.62,29.34,2.17,32.01,21.33,1.59,25.34
617,Kohima,Nagaland,6,12.25,16.25,30.47,40.26,69.11,298.16,579.69,30.07,1.69,32.23,23.84,0.95,26.95
617,Kohima,Nagaland,7,12.22,13.61,30.38,40.05,58.9,377.64,864.85,29.89,1.57,31.95,24.41,0.74,27.15
617,Kohima,Nagaland,8,12.55,12.94,28.72,37.81,56.44,377.66,1060.43,30.11,1.47,31.95,24.58,0.71,27.34
617,Kohima,Nagaland,9,13.1,16.97,33.7,47.07,79.51,391.21,1146.4,29.72,1.72,31.98,23.57,0.88,26.65
617,Kohima,Nagaland,10,5.19,11.58,17.4,29.03,60.83,277.28,1046.32,28.48,1.86,30.75,20.89,1.77,24.68
617,Kohima,Nagaland,11,0.77,3.0,1.57,5.13,16.17,67.57,732.62,25.52,1.78,27.73,15.83,1.96,20.68
617,Kohima,Nagaland,12,0.2,0.78,0.47,1.23,3.71,12.63,348.55,22.21,1.71,24.46,11.76,1.75,16.98
618,Kiphire,Nagaland,1,0.57,2.61,0.84,3.99,12.41,14.85,77.55,15.04,1.64,17.03,7.38,1.44,11.21
618,Kiphire,Nagaland,2,1.06,3.8,2.29,6.94,18.06,23.17,51.51,17.03,2.06,19.62,9.47,1.67,13.25
618,Kiphire,Nagaland,3,1.85,6.34,3.85,10.68,35.35,34.0,71.74,20.12,2.12,22.93,12.32,1.6,16.22
618,Kiphire,Nagaland,4,4.51,9.59,14.53,24.05,44.46,105.45,162.8,21.91,2.08,24.54,14.42,1.41,18.17
618,Kiphire,Nagaland,5,6.27,13.76,20.23,36.49,63.07,160.01,301.33,23.35,2.02,25.84,16.52,1.45,19.94
618,Kiphire,Nagaland,6,9.39,15.26,29.75,43.01,65.8,232.26,500.99,24.1,1.57,26.11,18.66,0.89,21.38
618,Kiphire,Nagaland,7,8.1,11.88,24.78,34.47,48.71,274.2,670.14,23.92,1.44,25.79,19.08,0.7,21.5
618,Kiphire,Nagaland,8,9.81,13.17,26.47,37.9,59.41,262.52,772.46,24.26,1.36,25.97,19.16,0.66,21.71
618,Kiphire,Nagaland,9,7.33,12.82,22.23,35.19,63.16,265.27,800.58,23.85,1.59,25.94,18.22,0.8,21.03
618,Kiphire,Nagaland,10,3.87,12.64,8.52,21.09,74.28,175.55,703.53,22.51,1.72,24.68,16.03,1.5,19.27
618,Kiphire,Nagaland,11,0.65,2.81,1.15,3.74,12.66,53.14,490.02,19.49,1.64,21.59,11.83,1.76,15.66
618,Kiphire,Nagaland,12,0.5,2.81,0.33,3.67,7.04,15.33,239.56,16.36,1.56,18.37,8.32,1.53,12.34
619,Zunheboto,Nagaland,1,0.67,2.33,2.05,4.37,12.41,14.78,78.33,19.56,1.81,21.76,10.3,1.54,14.93
619,Zunheboto,Nagaland,2,1.14,3.32,3.73,6.79,16.35,26.38,52.73,21.83,2.29,24.73,12.42,1.81,17.13
619,Zunheboto,Nagaland,3,2.3,5.86,7.19,13.19,26.99,41.51,82.22,25.25,2.34,28.29,15.51,1.78,20.38
619,Zunheboto,Nagaland,4,5.48,9.19,16.54,23.94,42.67,125.83,194.04,26.99,2.26,29.83,18.16,1.59,22.58
619,Zunheboto,Nagaland,5,7.44,12.32,22.02,34.99,56.92,192.64,362.49,28.41,2.18,31.11,20.9,1.59,24.66
619,Zunheboto,Nagaland,6,11.18,13.25,30.34,39.71,55.28,274.78,597.15,29.35,1.69,31.52,23.38,0.96,26.37
619,Zunheboto,Nagaland,7,10.45,11.58,27.01,35.06,49.8,342.62,814.26,29.21,1.56,31.24,23.91,0.75,26.56
619,Zunheboto,Nagaland,8,11.99,12.41,29.3,36.28,55.6,329.49,952.03,29.54,1.47,31.38,24.05,0.72,26.8
619,Zunheboto,Nagaland,9,10.23,13.26,28.78,39.43,58.89,343.37,1014.75,29.08,1.74,31.36,22.99,0.89,26.04
619,Zunheboto,Nagaland,10,4.4,10.87,12.74,24.69,55.46,228.29,901.42,27.63,1.89,30.0,20.45,1.72,24.04
619,Zunheboto,Nagaland,11,0.71,2.7,1.59,3.81,13.43,55.92,623.26,24.37,1.81,26.67,15.58,1.94,19.98
619,Zunheboto,Nagaland,12,0.34,1.34,0.69,2.4,5.32,12.82,290.08,20.96,1.69,23.16,11.59,1.71,16.27
620,Mokokchung,Nagaland,1,0.87,3.01,2.5,5.39,11.55,17.79,77.3,22.19,1.84,24.45,12.44,1.52,17.32
620,Mokokchung,Nagaland,2,1.53,3.68,5.2,8.67,16.59,36.02,64.81,24.43,2.32,27.33,14.59,1.82,19.51
620,Mokokchung,Nagaland,3,3.47,8.69,11.53,19.81,46.22,61.13,114.23,27.68,2.33,30.76,17.84,1.8,22.76
620,Mokokchung,Nagaland,4,7.81,13.16,25.2,37.0,63.69,182.06,279.76,29.09,2.25,31.91,20.79,1.62,24.94
620,Mokokchung,Nagaland,5,9.13,15.05,28.89,41.45,67.52,253.23,500.1,30.63,2.17,33.28,23.69,1.6,27.16
620,Mokokchung,Nagaland,6,13.05,15.14,34.35,44.76,65.77,321.97,762.0,31.73,1.67,33.88,26.21,0.98,28.97
620,Mokokchung,Nagaland,7,13.85,14.15,33.47,42.38,63.13,432.81,1012.1,31.62,1.54,33.64,26.69,0.77,29.15
620,Mokokchung,Nagaland,8,14.37,14.29,32.5,42.12,63.07,413.8,1175.93,31.99,1.45,33.8,26.85,0.74,29.42
620,Mokokchung,Nagaland,9,12.03,14.73,32.41,46.18,62.67,404.88,1252.2,31.35,1.73,33.62,25.79,0.93,28.57
620,Mokokchung,Nagaland,10,4.47,11.53,13.8,23.29,58.42,257.61,1075.62,29.91,1.83,32.21,23.16,1.77,26.53
620,Mokokchung,Nagaland,11,0.64,2.19,1.53,3.85,12.91,51.91,708.61,26.73,1.77,28.95,18.05,1.92,22.39
620,Mokokchung,Nagaland,12,0.37,1.28,0.93,2.17,6.49,12.3,313.06,23.44,1.66,25.61,13.86,1.72,18.65
621,Mon,Nagaland,1,0.82,3.54,1.4,4.48,14.65,17.32,73.11,21.63,1.72,23.72,11.91,1.38,16.77
621,Mon,Nagaland,2,1.9,5.37,5.58,11.69,24.1,41.34,68.61,23.68,2.2,26.4,13.99,1.68,18.84
621,Mon,Nagaland,3,3.82,10.64,10.31,23.59,55.51,69.22,127.02,26.82,2.21,29.72,17.19,1.64,22.01
621,Mon,Nagaland,4,8.11,15.78,26.66,41.74,82.51,197.46,308.49,28.33,2.12,31.01,20.03,1.46,24.18
621,Mon,Nagaland,5,8.69,18.45,31.75,47.91,88.24,246.04,516.25,29.92,2.04,32.42,22.89,1.48,26.4
621,Mon,Nagaland,6,13.9,19.02,40.1,54.29,83.77,330.31,777.89,30.96,1.57,32.98,25.44,0.91,28.2
621,Mon,Nagaland,7,14.13,16.66,36.34,50.44,73.87,446.94,1027.25,30.81,1.44,32.69,26.0,0.69,28.4
621,Mon,Nagaland,8,13.54,16.14,34.86,45.45,73.47,399.82,1185.52,31.22,1.37,32.96,26.1,0.66,28.66
621,Mon,Nagaland,9,11.88,17.28,35.05,47.15,80.44,397.66,1243.56,30.61,1.64,32.74,24.97,0.84,27.79
621,Mon,Nagaland,10,4.25,12.25,11.66,25.59,69.77,250.61,1046.51,29.16,1.73,31.33,22.22,1.73,25.69
621,Mon,Nagaland,11,0.58,2.44,1.08,2.98,12.64,48.94,692.02,26.11,1.7,28.26,17.19,1.83,21.65
621,Mon,Nagaland,12,0.37,1.51,0.74,2.66,6.31,10.58,301.18,22.87,1.57,24.86,13.23,1.59,18.05
622,Tuensang,Nagaland,1,0.6,2.06,1.98,3.43,8.25,13.68,67.15,15.51,1.35,17.18,7.52,1.12,11.52
622,Tuensang,Nagaland,2,1.06,3.0,3.51,6.01,12.11,23.64,47.15,17.28,1.75,19.46,9.36,1.36,13.32
622,Tuensang,Nagaland,3,2.24,5.83,6.78,11.39,29.23,39.03,75.98,20.18,1.76,22.49,12.16,1.33,16.17
622,Tuensang,Nagaland,4,5.49,9.42,16.33,26.17,48.1,127.29,190.3,21.89,1.71,24.04,14.51,1.17,18.2
622,Tuensang,Nagaland,5,6.51,10.95,18.67,29.74,54.43,178.36,347.17,23.28,1.64,25.29,16.81,1.19,20.05
622,Tuensang,Nagaland,6,10.07,12.4,26.58,38.96,55.18,242.53,551.7,24.12,1.24,25.71,19.05,0.69,21.58
622,Tuensang,Nagaland,7,9.67,10.08,22.7,29.92,45.25,313.23,737.41,24.04,1.15,25.55,19.52,0.49,21.78
622,Tuensang,Nagaland,8,10.56,10.91,25.1,31.51,49.33,296.86,857.83,24.35,1.1,25.73,19.55,0.48,21.95
622,Tuensang,Nagaland,9,8.46,11.04,21.56,31.37,53.99,293.99,903.51,23.83,1.33,25.58,18.54,0.64,21.19
622,Tuensang,Nagaland,10,3.73,10.0,10.06,18.53,56.21,190.41,780.94,22.4,1.44,24.22,16.22,1.37,19.31
622,Tuensang,Nagaland,11,0.57,1.97,1.51,3.25,11.5,46.83,527.02,19.57,1.38,21.32,11.99,1.54,15.78
622,Tuensang,Nagaland,12,0.32,1.24,0.61,2.19,5.3,10.94,242.37,16.7,1.28,18.32,8.6,1.29,12.65
623,Jammu,Jammu And Kashmir,1,1.64,4.87,4.46,9.65,23.33,42.06,71.61,18.03,2.33,21.07,4.98,2.11,11.51
623,Jammu,Jammu And Kashmir,2,1.75,4.29,5.51,10.06,19.93,52.39,110.95,20.14,2.91,23.91,7.03,2.31,13.59
623,Jammu,Jammu And Kashmir,3,2.07,5.6,5.61,12.16,27.48,58.96,152.73,25.19,3.72,29.95,11.02,2.56,18.1
623,Jammu,Jammu And Kashmir,4,0.95,2.86,2.3,5.12,15.41,45.83,157.15,31.15,3.77,36.03,15.74,2.57,23.45
623,Jammu,Jammu And Kashmir,5,1.01,3.16,2.43,5.57,16.04,30.53,135.1,35.99,3.45,40.15,20.13,2.26,28.06
623,Jammu,Jammu And Kashmir,6,1.69,3.76,5.43,9.76,19.4,32.28,107.63,37.34,2.74,40.87,23.85,2.15,30.6
623,Jammu,Jammu And Kashmir,7,11.87,21.88,33.12,47.93,93.54,195.49,259.14,33.68,2.13,36.36,25.93,1.22,29.81
623,Jammu,Jammu And Kashmir,8,9.75,17.81,27.57,41.29,77.44,363.69,603.48,32.64,1.46,34.34,25.57,1.14,29.1
623,Jammu,Jammu And Kashmir,9,6.24,24.48,15.87,26.31,85.23,243.72,817.4,32.31,1.71,34.22,22.3,2.16,27.31
623,Jammu,Jammu And Kashmir,10,0.63,2.46,1.23,3.06,13.26,76.53,679.11,30.22,2.28,33.04,15.88,2.61,23.05
623,Jammu,Jammu And Kashmir,11,0.31,1.6,0.47,0.96,7.68,12.28,325.68,25.21,2.33,28.1,10.64,2.08,17.92
623,Jammu,Jammu And Kashmir,12,1.1,3.96,2.12,6.68,18.8,18.17,101.67,20.23,2.41,23.19,6.7,1.94,13.47
624,Lower Subansiri,Arunachal Pradesh,1,1.35,4.19,3.98,7.7,20.75,31.88,106.82,19.6,1.83,21.87,10.51,1.55,15.05
624,Lower Subansiri,Arunachal Pradesh,2,1.32,3.58,4.12,6.8,17.51,42.79,94.3,20.96,2.17,23.65,13.21,1.89,17.09
624,Lower Subansiri,Arunachal Pradesh,3,2.2,6.45,5.63,11.83,34.53,42.81,116.63,23.81,2.16,26.67,16.62,1.67,20.22
624,Lower Subansiri,Arunachal Pradesh,4,5.83,11.87,17.83,32.18,55.87,126.27,211.72,25.56,2.16,28.2,19.07,1.48,22.32
624,Lower Subansiri,Arunachal Pradesh,5,6.92,15.35,19.98,32.98,78.73,191.4,363.17,27.69,2.06,30.19,21.6,1.54,24.64
624,Lower Subansiri,Arunachal Pradesh,6,12.31,21.55,34.71,55.76,109.14,269.1,590.69,28.9,1.63,30.95,24.02,1.01,26.46
624,Lower Subansiri,Arunachal Pradesh,7,9.94,14.72,27.16,39.62,69.95,362.16,827.17,28.97,1.56,30.98,24.44,0.84,26.7
624,Lower Subansiri,Arunachal Pradesh,8,10.23,13.81,28.19,38.69,60.33,295.12,932.76,29.65,1.51,31.63,24.43,0.75,27.04
624,Lower Subansiri,Arunachal Pradesh,9,9.63,16.44,29.13,48.11,77.48,318.4,972.32,28.82,1.72,31.07,23.53,0.92,26.17
624,Lower Subansiri,Arunachal Pradesh,10,3.77,11.27,9.01,21.2,63.92,195.42,808.32,27.31,1.75,29.52,20.76,1.75,24.04
624,Lower Subansiri,Arunachal Pradesh,11,0.98,3.37,2.56,6.21,18.4,58.05,568.0,24.27,1.75,26.52,15.72,1.76,20.0
624,Lower Subansiri,Arunachal Pradesh,12,0.75,2.5,2.41,5.12,12.0,21.03,267.93,20.98,1.64,23.08,11.73,1.67,16.36
625,Longleng,Nagaland,1,0.87,3.89,1.44,5.05,17.36,19.42,77.68,21.91,1.84,24.19,12.11,1.51,17.01
625,Longleng,Nagaland,2,1.83,5.58,5.22,12.06,24.43,38.71,68.82,24.11,2.34,27.02,14.27,1.82,19.19
625,Longleng,Nagaland,3,3.85,12.37,8.8,24.14,72.09,67.16,124.7,27.36,2.35,30.44,17.54,1.8,22.45
625,Longleng,Nagaland,4,8.43,18.52,29.01,50.87,95.79,200.81,307.27,28.8,2.27,31.64,20.48,1.61,24.64
625,Longleng,Nagaland,5,9.36,21.52,36.55,55.99,102.44,262.49,534.22,30.35,2.18,33.06,23.37,1.61,26.86
625,Longleng,Nagaland,6,13.99,21.02,42.28,58.65,94.63,343.74,811.69,31.38,1.68,33.51,25.97,1.01,28.67
625,Longleng,Nagaland,7,14.17,18.2,38.44,50.44,83.56,451.99,1062.36,31.23,1.53,33.23,26.49,0.79,28.86
625,Longleng,Nagaland,8,14.04,17.96,38.1,50.45,78.93,407.76,1211.07,31.63,1.45,33.46,26.62,0.75,29.13
625,Longleng,Nagaland,9,12.47,19.62,38.8,57.6,86.83,411.44,1270.17,31.03,1.73,33.3,25.51,0.93,28.27
625,Longleng,Nagaland,10,4.46,14.3,10.95,28.31,83.16,263.97,1082.22,29.63,1.84,31.94,22.81,1.81,26.22
625,Longleng,Nagaland,11,0.6,2.78,0.83,3.68,14.11,51.16,721.35,26.51,1.8,28.78,17.63,1.95,22.07
625,Longleng,Nagaland,12,0.38,1.53,0.73,2.84,6.78,11.18,317.05,23.19,1.68,25.36,13.49,1.72,18.34
626,Nonei,Manipur,1,0.4,2.1,0.47,1.33,11.66,9.09,120.05,23.4,1.94,25.75,11.2,1.61,17.3
626,Nonei,Manipur,2,1.17,4.65,2.2,7.96,19.82,22.18,45.54,25.86,2.32,28.75,13.39,1.96,19.63
626,Nonei,Manipur,3,4.05,11.98,11.45,25.37,58.49,64.83,95.88,29.24,2.4,32.31,17.08,2.03,23.16
626,Nonei,Manipur,4,8.12,15.65,23.63,37.88,82.7,198.56,286.72,30.74,2.29,33.55,20.18,1.54,25.46
626,Nonei,Manipur,5,10.69,18.8,31.42,49.06,90.28,280.14,548.03,31.05,2.05,33.48,22.76,1.54,26.91
626,Nonei,Manipur,6,14.45,22.83,39.87,58.98,95.39,371.21,854.87,31.26,1.63,33.33,25.0,0.89,28.13
626,Nonei,Manipur,7,8.35,14.22,21.91,32.5,61.38,359.15,1015.19,31.0,1.53,32.97,25.52,0.72,28.26
626,Nonei,Manipur,8,9.45,17.59,24.99,41.46,96.23,259.66,989.89,31.13,1.44,32.93,25.69,0.69,28.41
626,Nonei,Manipur,9,9.51,22.94,25.49,43.2,108.41,287.37,897.28,30.95,1.67,33.1,24.84,0.89,27.89
626,Nonei,Manipur,10,6.94,18.97,19.78,43.48,85.77,263.59,812.0,30.16,1.78,32.25,22.21,1.75,26.18
626,Nonei,Manipur,11,1.23,5.38,1.38,7.37,28.5,103.64,653.87,27.61,1.71,29.69,17.33,2.06,22.47
626,Nonei,Manipur,12,0.21,1.31,0.21,0.63,5.64,15.09,377.42,24.47,1.67,26.66,13.02,1.79,18.75
627,Pherzawl,Manipur,1,0.41,2.08,0.59,1.46,11.12,10.78,133.91,23.45,1.94,25.79,10.62,1.63,17.03
627,Pherzawl,Manipur,2,0.99,4.19,1.94,6.18,16.69,19.21,48.06,26.01,2.32,28.94,12.74,1.97,19.38
627,Pherzawl,Manipur,3,4.39,12.08,13.29,25.62,56.91,65.66,95.51,29.5,2.41,32.56,16.43,2.07,22.97
627,Pherzawl,Manipur,4,8.33,16.14,23.06,34.25,87.59,206.91,293.13,30.98,2.3,33.81,19.59,1.57,25.29
627,Pherzawl,Manipur,5,12.52,21.57,35.0,51.06,90.99,311.25,588.84,31.08,2.06,33.52,22.21,1.54,26.65
627,Pherzawl,Manipur,6,15.0,19.76,39.51,53.65,93.7,412.03,935.86,31.19,1.63,33.28,24.46,0.87,27.83
627,Pherzawl,Manipur,7,10.03,14.05,25.26,34.81,60.7,390.54,1119.16,30.92,1.52,32.9,24.99,0.68,27.95
627,Pherzawl,Manipur,8,11.17,16.73,29.17,43.33,85.22,312.32,1113.71,31.02,1.43,32.82,25.18,0.65,28.1
627,Pherzawl,Manipur,9,12.27,23.57,31.92,49.49,114.22,361.19,1057.02,30.8,1.67,32.93,24.37,0.87,27.58
627,Pherzawl,Manipur,10,7.54,18.54,21.46,41.41,87.82,309.95,985.2,29.96,1.77,32.07,21.87,1.7,25.91
627,Pherzawl,Manipur,11,1.46,6.21,2.16,8.74,33.78,111.94,782.08,27.46,1.68,29.53,17.09,2.09,22.27
627,Pherzawl,Manipur,12,0.32,1.87,0.51,1.13,7.34,19.0,433.73,24.45,1.65,26.58,12.59,1.85,18.52
629,Kangpokpi,Manipur,1,0.37,2.36,0.02,0.97,13.26,7.85,91.12,16.27,1.75,18.39,5.72,1.46,10.99
629,Kangpokpi,Manipur,2,1.22,5.34,1.32,8.49,28.44,21.35,41.07,18.41,2.13,21.06,7.76,1.76,13.08
629,Kangpokpi,Manipur,3,2.05,6.84,5.7,13.4,32.35,43.5,72.55,21.41,2.18,24.23,10.99,1.76,16.2
629,Kangpokpi,Manipur,4,4.04,9.24,14.97,23.77,45.63,94.66,159.98,22.96,2.08,25.49,13.61,1.39,18.29
629,Kangpokpi,Manipur,5,6.39,13.76,20.33,32.91,68.52,161.39,301.37,23.57,1.87,25.86,16.11,1.41,19.84
629,Kangpokpi,Manipur,6,9.98,19.09,30.28,44.95,81.36,238.81,498.06,23.82,1.44,25.67,18.38,0.85,21.1
629,Kangpokpi,Manipur,7,6.28,10.76,17.66,27.16,47.46,252.8,657.3,23.6,1.35,25.36,18.88,0.66,21.24
629,Kangpokpi,Manipur,8,6.99,11.78,21.34,29.86,58.83,200.98,694.65,23.82,1.28,25.42,18.96,0.62,21.39
629,Kangpokpi,Manipur,9,6.68,13.39,22.95,33.6,61.17,207.47,656.06,23.63,1.51,25.55,18.08,0.81,20.86
629,Kangpokpi,Manipur,10,5.17,14.58,16.95,32.35,76.59,185.02,593.83,22.77,1.63,24.7,15.56,1.64,19.17
629,Kangpokpi,Manipur,11,0.91,4.24,0.3,4.36,21.78,76.8,468.43,20.22,1.6,22.2,11.05,1.83,15.64
629,Kangpokpi,Manipur,12,0.11,0.8,0.0,0.11,4.04,12.45,271.32,17.25,1.53,19.24,7.32,1.63,12.29
630,Kakching,Manipur,1,0.41,2.41,0.22,0.92,14.0,10.58,91.59,21.13,1.88,23.45,10.84,1.55,15.98
630,Kakching,Manipur,2,0.87,3.89,0.41,6.83,18.12,18.33,40.63,24.0,2.35,26.95,12.55,1.85,18.27
630,Kakching,Manipur,3,2.49,9.02,6.21,17.61,42.02,41.23,69.99,27.72,2.44,30.86,15.79,1.93,21.76
630,Kakching,Manipur,4,4.17,10.43,14.81,23.24,54.64,109.27,169.42,29.57,2.36,32.48,18.51,1.55,24.04
630,Kakching,Manipur,5,7.09,14.72,24.37,35.43,73.58,169.35,322.14,29.78,2.14,32.35,21.05,1.56,25.42
630,Kakching,Manipur,6,11.47,20.32,34.18,54.57,84.82,271.56,553.15,29.73,1.64,31.81,23.48,0.95,26.61
630,Kakching,Manipur,7,9.39,18.76,26.68,44.6,82.63,331.16,777.47,29.46,1.48,31.37,24.08,0.68,26.77
630,Kakching,Manipur,8,9.05,20.12,27.37,49.16,103.88,270.28,877.83,29.59,1.42,31.34,24.24,0.69,26.92
630,Kakching,Manipur,9,6.37,17.02,18.09,34.64,84.37,233.3,830.97,29.4,1.7,31.56,23.41,0.91,26.41
630,Kakching,Manipur,10,4.85,13.9,15.45,33.0,68.3,177.15,679.31,28.22,1.84,30.53,21.28,1.56,24.75
630,Kakching,Manipur,11,0.87,4.16,0.52,5.15,22.58,74.31,481.61,25.25,1.74,27.4,16.88,2.02,21.06
630,Kakching,Manipur,12,0.28,2.02,0.14,0.44,9.18,12.17,260.53,21.99,1.64,24.14,12.75,1.74,17.37
631,Charkhi Dadri,Haryana,1,0.37,2.56,0.01,0.62,11.53,7.14,19.15,20.55,2.68,23.78,6.82,2.4,13.68
631,Charkhi Dadri,Haryana,2,0.76,4.19,0.12,2.71,19.1,16.97,27.83,24.19,3.12,28.28,9.77,2.74,16.98
631,Charkhi Dadri,Haryana,3,0.48,2.79,0.12,1.35,14.82,20.7,44.57,30.29,3.57,34.73,14.75,2.8,22.52
631,Charkhi Dadri,Haryana,4,0.17,1.25,0.03,0.28,5.48,8.14,45.79,36.86,3.36,41.01,20.34,2.86,28.6
631,Charkhi Dadri,Haryana,5,0.85,4.38,0.53,3.99,18.44,13.48,41.86,40.39,2.97,43.77,25.09,2.6,32.74
631,Charkhi Dadri,Haryana,6,1.64,7.36,2.18,10.09,32.59,30.98,52.69,39.54,3.06,43.26,27.98,2.02,33.76
631,Charkhi Dadri,Haryana,7,4.58,12.46,14.35,27.9,64.8,107.79,153.53,35.35,2.63,38.93,27.56,1.52,31.45
631,Charkhi Dadri,Haryana,8,5.87,15.17,18.6,38.81,74.04,161.14,304.42,33.84,1.91,36.26,26.64,1.05,30.24
631,Charkhi Dadri,Haryana,9,3.44,12.89,7.9,20.64,63.64,143.99,418.29,34.33,2.01,36.8,24.63,1.61,29.48
631,Charkhi Dadri,Haryana,10,0.56,4.44,0.0,0.12,18.17,47.5,352.1,33.38,2.28,36.18,18.9,2.6,26.14
631,Charkhi Dadri,Haryana,11,0.13,1.81,0.0,0.0,0.54,8.55,195.94,28.14,2.37,31.08,13.21,2.36,20.67
631,Charkhi Dadri,Haryana,12,0.14,1.15,0.0,0.01,5.25,3.93,57.16,22.78,2.7,25.99,8.26,2.44,15.52
632,Jhargram,West Bengal,1,0.38,2.12,0.05,1.23,11.8,6.99,59.38,25.88,2.04,28.49,13.29,2.26,19.59
632,Jhargram,West Bengal,2,1.17,5.93,0.59,5.65,34.86,23.9,36.53,29.45,2.54,32.69,16.36,2.29,22.9
632,Jhargram,West Bengal,3,1.28,5.33,1.96,7.56,28.82,32.21,62.5,34.3,2.39,37.15,20.57,2.17,27.43
632,Jhargram,West Bengal,4,1.93,5.56,6.28,13.67,27.82,50.38,106.4,37.13,2.09,39.76,24.23,1.73,30.68
632,Jhargram,West Bengal,5,4.82,11.36,15.76,24.59,52.67,97.34,180.4,36.82,2.08,39.4,26.29,1.72,31.55
632,Jhargram,West Bengal,6,8.43,15.09,26.4,39.21,79.3,189.13,338.81,34.33,2.64,37.83,27.0,1.26,30.66
632,Jhargram,West Bengal,7,10.93,16.26,29.83,44.53,77.27,311.39,602.88,31.95,1.37,33.65,26.47,0.77,29.21
632,Jhargram,West Bengal,8,10.95,16.17,28.0,43.14,76.63,341.96,851.05,31.81,1.23,33.29,26.29,0.65,29.05
632,Jhargram,West Bengal,9,10.07,16.87,31.55,43.98,83.78,307.87,965.58,31.97,1.51,33.67,25.88,0.8,28.92
632,Jhargram,West Bengal,10,3.7,10.53,11.24,20.82,51.85,209.86,858.92,31.53,1.53,33.35,23.36,1.91,27.45
632,Jhargram,West Bengal,11,0.52,3.59,0.04,1.58,13.82,48.7,562.62,29.38,1.48,31.26,18.58,2.46,23.98
632,Jhargram,West Bengal,12,0.12,1.04,0.0,0.01,3.45,6.95,258.16,26.45,1.62,28.41,14.13,2.04,20.29
633,Paschim Barddhaman,West Bengal,1,0.36,2.07,0.02,1.43,9.9,7.11,52.4,24.48,2.08,27.04,11.79,2.19,18.13
633,Paschim Barddhaman,West Bengal,2,0.85,3.95,0.44,4.63,18.93,17.99,29.31,28.16,2.58,31.53,14.69,2.25,21.43
633,Paschim Barddhaman,West Bengal,3,0.86,3.98,0.65,5.37,17.8,24.99,49.77,33.5,2.65,36.78,19.09,2.34,26.3
633,Paschim Barddhaman,West Bengal,4,1.62,5.31,4.7,11.96,29.01,34.45,77.49,37.11,2.35,40.08,23.34,1.8,30.23
633,Paschim Barddhaman,West Bengal,5,3.07,7.66,10.95,17.27,38.49,68.04,127.93,36.55,2.32,39.64,25.72,1.71,31.13
633,Paschim Barddhaman,West Bengal,6,7.62,13.17,24.07,35.89,62.66,152.66,256.59,34.29,2.67,37.94,26.66,1.24,30.47
633,Paschim Barddhaman,West Bengal,7,11.58,16.69,33.62,48.23,75.69,309.63,534.56,31.85,1.35,33.43,26.11,0.83,28.98
633,Paschim Barddhaman,West Bengal,8,10.36,16.05,29.29,44.25,77.31,337.37,810.81,31.64,1.16,33.01,25.96,0.7,28.8
633,Paschim Barddhaman,West Bengal,9,8.81,15.49,25.4,40.61,72.13,272.76,925.43,31.67,1.45,33.3,25.44,0.87,28.56
633,Paschim Barddhaman,West Bengal,10,3.85,10.86,12.72,22.91,59.11,207.55,815.58,31.21,1.49,33.0,22.68,2.01,26.94
633,Paschim Barddhaman,West Bengal,11,0.34,2.44,0.0,0.49,10.2,43.99,521.26,28.84,1.46,30.65,17.68,2.35,23.26
633,Paschim Barddhaman,West Bengal,12,0.13,1.26,0.0,0.0,4.05,5.02,250.47,25.46,1.71,27.47,13.11,2.0,19.28
634,Kalimpong,West Bengal,1,0.44,2.41,0.61,1.38,10.7,7.77,35.25,23.58,1.84,25.92,15.19,1.49,19.39
634,Kalimpong,West Bengal,2,0.89,6.55,1.11,4.41,12.2,18.94,28.04,25.99,2.14,28.6,16.82,1.76,21.4
634,Kalimpong,West Bengal,3,1.26,5.97,2.47,6.23,23.52,26.34,52.91,30.33,2.29,33.32,19.95,1.86,25.14
634,Kalimpong,West Bengal,4,4.11,14.91,11.39,22.62,59.83,85.91,131.24,33.14,2.15,35.83,22.78,1.6,27.96
634,Kalimpong,West Bengal,5,5.35,11.21,16.6,25.83,50.23,131.75,245.71,33.36,1.69,35.62,25.65,1.46,29.5
634,Kalimpong,West Bengal,6,13.76,20.43,37.45,57.01,103.64,286.11,506.65,33.33,1.31,35.06,27.92,0.9,30.62
634,Kalimpong,West Bengal,7,20.2,26.09,55.17,77.39,119.71,559.68,983.72,32.85,1.19,34.41,28.46,0.78,30.65
634,Kalimpong,West Bengal,8,18.35,27.23,53.0,77.75,120.04,546.64,1411.53,33.28,1.19,34.73,28.42,0.73,30.85
634,Kalimpong,West Bengal,9,11.19,20.01,33.11,52.56,100.6,467.55,1581.41,32.84,1.29,34.48,27.42,0.87,30.13
634,Kalimpong,West Bengal,10,2.81,9.86,6.26,15.56,51.82,192.91,1200.92,31.75,1.48,33.52,24.33,1.77,28.04
634,Kalimpong,West Bengal,11,0.1,0.57,0.09,0.3,2.87,29.38,678.1,28.81,1.64,30.97,20.16,1.52,24.48
634,Kalimpong,West Bengal,12,0.06,0.41,0.03,0.17,1.82,1.69,215.21,25.37,1.68,27.31,16.84,1.61,21.11
635,Jogulamba Gadwal,Telangana,1,0.02,0.24,0.0,0.0,0.71,1.15,53.98,30.44,1.52,32.31,18.05,1.7,24.25
635,Jogulamba Gadwal,Telangana,2,0.02,0.2,0.0,0.0,0.53,0.66,8.65,33.39,1.66,35.62,20.13,1.59,26.76
635,Jogulamba Gadwal,Telangana,3,0.15,0.93,0.0,0.14,4.51,2.3,4.13,36.71,1.78,38.76,23.38,1.67,30.04
635,Jogulamba Gadwal,Telangana,4,0.64,2.53,1.01,4.01,12.81,11.03,14.04,38.74,1.57,40.39,26.37,1.41,32.55
635,Jogulamba Gadwal,Telangana,5,1.5,5.56,2.16,9.09,33.56,30.11,43.84,39.05,2.03,41.27,27.85,1.33,33.45
635,Jogulamba Gadwal,Telangana,6,3.22,8.11,10.56,17.45,39.5,74.72,116.72,34.62,2.51,37.95,26.05,1.24,30.34
635,Jogulamba Gadwal,Telangana,7,4.48,9.1,14.07,23.41,45.47,110.92,217.31,31.91,1.91,34.26,24.82,0.86,28.37
635,Jogulamba Gadwal,Telangana,8,6.08,11.28,20.83,32.77,48.96,167.5,356.92,30.96,1.6,32.86,24.34,0.68,27.65
635,Jogulamba Gadwal,Telangana,9,4.43,8.88,14.43,23.03,43.33,154.95,436.25,31.5,1.56,33.39,24.13,0.7,27.82
635,Jogulamba Gadwal,Telangana,10,2.95,8.28,9.14,17.75,47.47,120.92,443.86,31.58,1.64,33.48,22.79,1.31,27.19
635,Jogulamba Gadwal,Telangana,11,0.75,3.47,0.91,4.12,15.1,47.84,321.84,30.62,1.37,32.24,20.01,2.1,25.31
635,Jogulamba Gadwal,Telangana,12,0.07,0.69,0.0,0.01,1.57,7.96,174.16,29.75,1.34,31.28,17.9,1.84,23.82
636,Siang,Arunachal Pradesh,1,1.2,3.54,3.69,6.64,17.91,31.43,107.24,25.91,1.92,28.28,15.88,1.56,20.89
636,Siang,Arunachal Pradesh,2,2.48,5.84,7.22,12.31,29.99,57.11,105.25,27.15,2.25,30.02,18.69,1.91,22.92
636,Siang,Arunachal Pradesh,3,4.25,8.71,13.1,21.36,44.23,89.85,177.21,29.79,2.27,32.86,22.21,1.64,26.0
636,Siang,Arunachal Pradesh,4,7.48,11.35,21.62,30.49,48.31,189.57,336.98,31.51,2.26,34.32,24.62,1.45,28.06
636,Siang,Arunachal Pradesh,5,8.68,14.8,22.67,37.93,76.42,239.77,522.2,33.56,2.17,36.29,27.25,1.56,30.41
636,Siang,Arunachal Pradesh,6,14.61,22.03,43.94,60.18,100.65,312.36,745.16,34.56,1.73,36.78,29.86,1.1,32.21
636,Siang,Arunachal Pradesh,7,16.4,21.48,45.32,63.04,93.2,518.65,1076.42,34.45,1.62,36.52,30.37,0.94,32.41
636,Siang,Arunachal Pradesh,8,13.25,18.24,37.62,53.25,85.71,425.06,1268.12,35.21,1.55,37.23,30.4,0.81,32.8
636,Siang,Arunachal Pradesh,9,10.2,16.86,32.49,44.89,74.97,384.62,1329.75,34.39,1.75,36.71,29.49,0.95,31.94
636,Siang,Arunachal Pradesh,10,4.38,11.17,11.92,25.25,61.86,202.31,1006.0,33.12,1.76,35.26,26.54,1.81,29.83
636,Siang,Arunachal Pradesh,11,0.56,1.73,1.89,3.36,7.22,62.1,642.49,30.34,1.76,32.5,21.22,1.74,25.78
636,Siang,Arunachal Pradesh,12,0.95,3.25,2.23,5.54,15.79,17.88,275.3,27.19,1.68,29.24,17.08,1.69,22.14
637,West Siang,Arunachal Pradesh,1,0.9,2.97,2.6,5.93,14.8,20.8,86.81,24.62,1.86,26.9,15.09,1.55,19.86
637,West Siang,Arunachal Pradesh,2,2.14,7.37,5.33,11.65,34.23,48.64,80.51,25.88,2.22,28.69,17.83,1.87,21.85
637,West Siang,Arunachal Pradesh,3,3.72,10.78,10.13,21.71,58.43,72.07,140.37,28.55,2.22,31.53,21.3,1.67,24.92
637,West Siang,Arunachal Pradesh,4,7.39,15.7,23.4,40.09,73.09,183.21,304.15,30.27,2.24,33.03,23.71,1.46,26.99
637,West Siang,Arunachal Pradesh,5,8.45,22.29,22.02,41.39,117.87,234.0,492.38,32.51,2.16,35.16,26.19,1.55,29.35
637,West Siang,Arunachal Pradesh,6,15.04,34.44,48.49,91.91,166.77,310.9,731.97,33.58,1.7,35.77,28.76,1.07,31.17
637,West Siang,Arunachal Pradesh,7,14.76,29.25,45.65,76.86,132.72,492.4,1042.88,33.47,1.59,35.46,29.28,0.91,31.37
637,West Siang,Arunachal Pradesh,8,12.14,24.55,37.26,61.19,129.25,396.69,1211.35,34.24,1.52,36.18,29.27,0.78,31.75
637,West Siang,Arunachal Pradesh,9,9.91,24.02,30.61,57.65,116.99,362.24,1250.23,33.5,1.78,35.85,28.25,0.95,30.87
637,West Siang,Arunachal Pradesh,10,4.05,14.58,7.67,17.55,92.53,192.39,946.09,32.26,1.8,34.38,25.28,1.84,28.77
637,West Siang,Arunachal Pradesh,11,0.54,1.99,1.07,4.03,9.72,58.12,606.89,29.36,1.82,31.68,20.07,1.8,24.72
637,West Siang,Arunachal Pradesh,12,0.54,2.03,1.28,3.47,9.29,12.01,255.7,26.09,1.68,28.19,16.08,1.66,21.09
638,Shi Yomi,Arunachal Pradesh,1,0.63,1.7,2.01,3.49,7.82,14.72,55.8,20.81,2.03,23.36,9.37,1.71,15.09
638,Shi Yomi,Arunachal Pradesh,2,1.16,2.7,3.45,5.89,13.7,27.89,52.1,21.56,2.17,24.36,13.01,2.02,17.29
638,Shi Yomi,Arunachal Pradesh,3,1.48,3.26,4.46,7.11,16.43,34.55,76.55,24.05,2.15,26.87,16.81,1.6,20.43
638,Shi Yomi,Arunachal Pradesh,4,4.66,6.79,13.09,16.42,28.27,100.62,163.01,26.06,2.19,28.74,18.99,1.35,22.52
638,Shi Yomi,Arunachal Pradesh,5,3.05,5.19,8.79,12.71,22.44,109.25,246.02,28.2,2.1,30.87,21.55,1.57,24.87
638,Shi Yomi,Arunachal Pradesh,6,7.92,10.97,23.57,32.6,48.7,147.7,359.56,29.26,1.7,31.41,24.37,1.11,26.81
638,Shi Yomi,Arunachal Pradesh,7,8.35,10.34,21.42,28.95,46.04,271.84,530.54,29.3,1.66,31.5,24.8,0.94,27.05
638,Shi Yomi,Arunachal Pradesh,8,9.12,12.49,24.62,34.7,60.32,247.05,674.86,29.99,1.6,32.1,24.75,0.84,27.37
638,Shi Yomi,Arunachal Pradesh,9,5.66,9.53,18.11,25.89,45.42,246.61,766.57,29.14,1.68,31.42,24.02,0.9,26.58
638,Shi Yomi,Arunachal Pradesh,10,2.13,4.76,7.04,12.21,21.6,104.04,595.72,27.66,1.7,29.77,21.14,1.7,24.4
638,Shi Yomi,Arunachal Pradesh,11,0.37,1.12,1.18,2.27,5.15,33.34,378.27,25.0,1.69,27.02,15.49,1.66,20.24
638,Shi Yomi,Arunachal Pradesh,12,0.44,1.72,0.82,1.7,10.25,10.39,143.77,22.01,1.71,24.02,10.93,1.87,16.47
639,Lepa Rada,Arunachal Pradesh,1,0.89,3.07,2.08,6.7,15.07,20.35,85.52,22.3,1.87,24.58,12.71,1.58,17.5
639,Lepa Rada,Arunachal Pradesh,2,2.09,7.3,6.39,12.45,40.37,48.88,80.02,23.63,2.24,26.41,15.45,1.88,19.54
639,Lepa Rada,Arunachal Pradesh,3,3.72,12.73,9.69,23.2,57.94,69.59,137.6,26.36,2.26,29.36,18.93,1.7,22.64
639,Lepa Rada,Arunachal Pradesh,4,7.92,19.75,26.58,49.73,89.67,187.83,306.42,27.99,2.23,30.72,21.5,1.49,24.74
639,Lepa Rada,Arunachal Pradesh,5,9.26,25.87,24.46,52.36,134.15,265.68,526.68,30.22,2.17,32.9,24.03,1.56,27.12
639,Lepa Rada,Arunachal Pradesh,6,16.21,39.43,57.1,92.34,192.98,335.25,793.64,31.35,1.69,33.55,26.53,1.05,28.94
639,Lepa Rada,Arunachal Pradesh,7,16.27,32.79,49.39,82.36,148.97,539.12,1146.31,31.23,1.58,33.17,27.05,0.9,29.14
639,Lepa Rada,Arunachal Pradesh,8,13.22,27.11,41.4,68.26,135.53,428.63,1315.21,31.94,1.5,33.85,27.08,0.8,29.51
639,Lepa Rada,Arunachal Pradesh,9,10.37,25.65,34.95,60.01,118.77,380.53,1347.26,31.25,1.8,33.6,25.98,0.98,28.61
639,Lepa Rada,Arunachal Pradesh,10,4.26,15.28,8.67,22.51,85.96,210.06,1013.74,30.08,1.82,32.25,22.91,1.9,26.5
639,Lepa Rada,Arunachal Pradesh,11,0.58,2.37,0.58,4.66,12.09,57.23,641.62,27.18,1.85,29.53,17.64,1.84,22.41
639,Lepa Rada,Arunachal Pradesh,12,0.54,2.14,0.4,4.38,9.17,11.93,271.93,23.86,1.71,26.0,13.65,1.7,18.75
640,Pakke Kessang,Arunachal Pradesh,1,0.75,2.45,2.44,4.46,10.44,19.11,77.39,22.68,1.84,24.95,13.39,1.51,18.03
640,Pakke Kessang,Arunachal Pradesh,2,0.77,2.32,1.96,4.36,12.17,22.9,54.19,24.55,2.23,27.33,15.76,1.86,20.15
640,Pakke Kessang,Arunachal Pradesh,3,1.67,5.27,4.19,9.21,28.65,27.71,69.39,27.75,2.24,30.72,19.16,1.79,23.45
640,Pakke Kessang,Arunachal Pradesh,4,5.08,10.72,16.08,26.28,54.19,105.97,156.7,29.18,2.14,31.82,22.0,1.55,25.59
640,Pakke Kessang,Arunachal Pradesh,5,7.18,14.75,21.4,36.58,72.47,181.9,318.18,30.7,2.0,33.19,24.66,1.52,27.68
640,Pakke Kessang,Arunachal Pradesh,6,13.38,20.07,38.85,53.57,91.03,302.57,594.6,31.72,1.6,33.81,27.02,1.02,29.37
640,Pakke Kessang,Arunachal Pradesh,7,8.9,11.81,24.13,30.76,53.72,349.34,839.26,31.68,1.49,33.6,27.55,0.85,29.62
640,Pakke Kessang,Arunachal Pradesh,8,9.69,11.86,26.04,36.7,50.62,272.82,929.59,32.15,1.44,34.01,27.62,0.78,29.88
640,Pakke Kessang,Arunachal Pradesh,9,10.27,16.33,29.98,44.34,85.19,315.48,931.22,31.57,1.66,33.79,26.62,0.98,29.1
640,Pakke Kessang,Arunachal Pradesh,10,4.13,12.62,9.09,23.43,68.15,223.92,812.97,30.54,1.76,32.68,23.38,1.91,26.96
640,Pakke Kessang,Arunachal Pradesh,11,0.6,2.01,1.75,3.59,10.97,49.12,586.17,27.57,1.81,29.86,18.5,1.75,23.03
640,Pakke Kessang,Arunachal Pradesh,12,0.48,1.27,1.73,3.05,6.08,12.76,278.43,24.08,1.68,26.2,14.74,1.67,19.41
641,Kra Daadi,Arunachal Pradesh,1,0.9,2.77,3.03,5.13,13.1,22.17,88.33,22.27,1.82,24.51,13.6,1.55,17.93
641,Kra Daadi,Arunachal Pradesh,2,1.05,3.49,2.44,5.71,18.89,29.71,65.31,23.6,2.15,26.25,16.33,1.89,19.96
641,Kra Daadi,Arunachal Pradesh,3,1.86,5.5,5.02,10.28,32.92,34.74,86.35,26.54,2.16,29.4,19.69,1.65,23.12
641,Kra Daadi,Arunachal Pradesh,4,5.57,10.86,17.04,26.49,55.04,119.83,184.32,28.56,2.19,31.29,21.9,1.45,25.23
641,Kra Daadi,Arunachal Pradesh,5,5.07,12.47,13.38,25.69,58.46,158.7,315.71,30.66,2.04,33.15,24.48,1.58,27.57
641,Kra Daadi,Arunachal Pradesh,6,10.66,19.65,32.71,53.27,93.68,210.02,491.81,31.84,1.64,33.9,26.96,1.04,29.4
641,Kra Daadi,Arunachal Pradesh,7,6.88,11.49,20.45,30.8,56.37,288.25,660.21,31.98,1.57,33.99,27.37,0.84,29.68
641,Kra Daadi,Arunachal Pradesh,8,9.57,14.68,26.74,39.33,65.92,241.36,745.11,32.75,1.54,34.8,27.26,0.74,30.0
641,Kra Daadi,Arunachal Pradesh,9,9.14,17.26,26.09,44.52,86.79,311.9,837.61,31.7,1.73,33.95,26.49,0.9,29.1
641,Kra Daadi,Arunachal Pradesh,10,3.6,12.0,7.78,16.34,72.86,175.36,729.81,29.86,1.74,32.12,24.03,1.65,26.95
641,Kra Daadi,Arunachal Pradesh,11,0.67,2.13,2.04,5.06,11.64,55.93,539.26,26.74,1.72,28.94,19.06,1.71,22.9
641,Kra Daadi,Arunachal Pradesh,12,0.55,1.63,1.89,3.78,8.11,14.51,239.46,23.53,1.59,25.54,14.99,1.68,19.26
642,Namsai,Arunachal Pradesh,1,1.07,3.83,2.91,4.87,18.52,23.17,100.18,27.92,2.16,30.67,16.38,1.68,22.15
642,Namsai,Arunachal Pradesh,2,3.19,8.55,9.17,16.8,50.24,64.08,100.29,30.03,2.66,33.41,18.45,1.9,24.24
642,Namsai,Arunachal Pradesh,3,6.0,14.99,16.43,32.07,85.43,125.58,211.58,32.99,2.77,36.66,21.68,1.85,27.34
642,Namsai,Arunachal Pradesh,4,7.9,13.77,25.69,37.78,61.48,229.4,420.28,34.24,2.64,37.52,24.62,1.64,29.43
642,Namsai,Arunachal Pradesh,5,10.84,25.89,31.85,59.01,130.54,277.11,635.13,35.75,2.56,38.98,27.8,1.69,31.78
642,Namsai,Arunachal Pradesh,6,18.9,32.42,57.9,80.25,151.19,418.58,928.13,36.69,2.07,39.35,30.43,1.23,33.56
642,Namsai,Arunachal Pradesh,7,21.34,32.27,62.8,95.75,150.24,654.12,1357.96,36.39,1.96,38.93,31.02,1.13,33.7
642,Namsai,Arunachal Pradesh,8,15.33,22.87,44.31,62.99,108.54,526.98,1614.55,36.99,1.78,39.3,31.22,0.97,34.11
642,Namsai,Arunachal Pradesh,9,11.2,19.73,34.06,49.28,98.04,414.24,1596.4,36.51,2.05,39.34,30.05,1.08,33.28
642,Namsai,Arunachal Pradesh,10,5.49,16.21,14.89,35.13,90.62,253.23,1185.98,35.37,2.16,37.96,26.89,2.01,31.13
642,Namsai,Arunachal Pradesh,11,0.56,1.93,1.46,3.56,9.42,67.96,728.57,32.52,2.04,34.94,21.64,1.9,27.08
642,Namsai,Arunachal Pradesh,12,0.59,1.87,1.63,3.93,9.36,14.07,327.8,29.2,1.92,31.53,17.6,1.86,23.4
643,Kamle,Arunachal Pradesh,1,0.83,3.38,2.21,5.23,13.6,20.84,87.13,20.6,1.84,22.86,11.46,1.57,16.03
643,Kamle,Arunachal Pradesh,2,1.48,4.58,4.33,9.1,23.9,36.38,69.1,21.89,2.19,24.56,14.22,1.9,18.05
643,Kamle,Arunachal Pradesh,3,2.72,9.18,6.76,16.49,43.2,48.56,105.04,24.68,2.21,27.61,17.63,1.69,21.16
643,Kamle,Arunachal Pradesh,4,6.76,16.85,23.64,43.88,79.47,153.82,238.87,26.42,2.21,29.12,20.04,1.48,23.23
643,Kamle,Arunachal Pradesh,5,7.42,18.86,21.58,41.46,99.28,210.4,415.78,28.58,2.12,31.19,22.5,1.57,25.54
643,Kamle,Arunachal Pradesh,6,13.99,29.43,48.53,77.78,140.89,288.39,656.59,29.77,1.68,31.91,24.91,1.06,27.34
643,Kamle,Arunachal Pradesh,7,12.1,21.17,35.82,56.83,111.46,434.79,939.12,29.76,1.59,31.82,25.37,0.89,27.56
643,Kamle,Arunachal Pradesh,8,11.68,20.16,35.68,55.21,88.29,351.07,1083.35,30.51,1.54,32.51,25.34,0.79,27.92
643,Kamle,Arunachal Pradesh,9,9.93,21.16,33.64,54.16,94.12,346.87,1129.7,29.7,1.78,32.06,24.4,0.95,27.05
643,Kamle,Arunachal Pradesh,10,3.97,14.17,7.53,19.84,83.25,195.1,891.18,28.32,1.78,30.51,21.65,1.78,24.98
643,Kamle,Arunachal Pradesh,11,0.59,2.39,1.24,4.04,9.46,57.5,594.21,25.38,1.8,27.67,16.56,1.8,20.97
643,Kamle,Arunachal Pradesh,12,0.54,2.04,0.95,4.58,9.12,12.69,258.25,22.08,1.67,24.16,12.56,1.68,17.32
644,Kumuram Bheem,Telangana,1,0.43,3.07,0.13,0.45,12.54,9.3,50.81,28.0,1.82,30.15,16.18,2.12,22.09
644,Kumuram Bheem,Telangana,2,0.62,4.24,0.15,0.88,19.45,16.33,31.97,31.12,2.06,33.79,18.55,1.92,24.84
644,Kumuram Bheem,Telangana,3,0.82,4.89,0.24,2.05,25.41,23.21,48.46,35.24,2.28,37.93,22.13,1.89,28.68
644,Kumuram Bheem,Telangana,4,0.82,5.5,0.5,1.92,20.05,23.09,62.84,38.49,1.99,40.84,26.08,1.67,32.29
644,Kumuram Bheem,Telangana,5,0.69,3.94,0.55,2.61,16.86,21.84,68.29,40.33,2.18,42.81,28.86,1.65,34.6
644,Kumuram Bheem,Telangana,6,6.47,15.96,19.42,39.69,87.23,84.25,129.15,35.22,4.02,40.92,27.25,2.16,31.24
644,Kumuram Bheem,Telangana,7,11.66,19.44,38.06,58.26,86.94,290.09,399.82,30.24,1.97,32.84,24.87,0.99,27.56
644,Kumuram Bheem,Telangana,8,12.14,22.32,39.68,63.47,99.64,374.7,763.81,29.35,1.57,31.27,24.26,0.75,26.8
644,Kumuram Bheem,Telangana,9,6.24,14.85,20.55,35.19,67.22,287.88,961.35,30.7,1.49,32.5,24.08,0.66,27.39
644,Kumuram Bheem,Telangana,10,2.63,10.28,4.39,14.76,57.39,120.03,779.54,31.01,1.55,32.84,22.05,1.75,26.53
644,Kumuram Bheem,Telangana,11,0.49,3.11,0.11,0.68,14.68,36.81,436.36,29.37,1.37,31.1,18.5,2.38,23.94
644,Kumuram Bheem,Telangana,12,0.13,1.27,0.0,0.05,3.14,6.95,159.51,27.76,1.46,29.63,15.79,2.15,21.78
645,Mancherial,Telangana,1,0.48,3.38,0.15,0.46,16.0,9.64,52.79,28.58,1.73,30.6,16.69,2.03,22.64
645,Mancherial,Telangana,2,0.4,2.81,0.15,0.46,10.83,14.25,29.95,31.65,1.95,34.12,19.11,1.79,25.38
645,Mancherial,Telangana,3,0.5,3.43,0.2,0.94,13.23,13.77,37.27,35.51,2.13,37.98,22.54,1.76,29.02
645,Mancherial,Telangana,4,0.69,4.17,0.5,1.77,15.89,17.59,45.65,38.48,1.88,40.64,26.27,1.54,32.37
645,Mancherial,Telangana,5,0.72,4.06,0.57,2.54,15.09,20.86,52.41,40.23,2.17,42.65,28.82,1.58,34.52
645,Mancherial,Telangana,6,5.71,13.2,17.47,33.31,64.85,79.9,118.56,35.25,3.85,40.69,27.35,2.02,31.3
645,Mancherial,Telangana,7,10.56,16.67,34.88,53.33,67.32,254.51,358.39,30.58,1.97,33.15,25.13,1.02,27.85
645,Mancherial,Telangana,8,10.08,18.12,35.01,52.82,71.48,328.73,676.15,29.75,1.59,31.71,24.52,0.77,27.13
645,Mancherial,Telangana,9,6.07,13.3,19.71,34.59,60.85,248.81,839.57,31.07,1.46,32.84,24.36,0.65,27.72
645,Mancherial,Telangana,10,2.61,9.12,4.73,15.75,57.15,121.68,696.42,31.35,1.54,33.14,22.4,1.69,26.88
645,Mancherial,Telangana,11,0.55,4.3,0.23,1.05,13.29,38.53,402.82,29.84,1.36,31.51,18.87,2.37,24.36
645,Mancherial,Telangana,12,0.13,1.55,0.0,0.12,2.34,6.67,162.66,28.33,1.43,30.2,16.21,2.11,22.27
646,Nirmal,Telangana,1,0.55,4.07,0.16,0.52,16.99,11.61,58.37,28.44,1.79,30.53,16.88,2.04,22.66
646,Nirmal,Telangana,2,0.35,2.21,0.11,0.52,11.73,14.32,33.78,31.53,2.01,34.1,19.06,1.88,25.29
646,Nirmal,Telangana,3,0.69,3.76,0.38,1.71,17.09,17.17,42.83,35.48,2.26,38.18,22.44,1.81,28.96
646,Nirmal,Telangana,4,0.66,3.24,0.69,2.4,16.98,19.51,51.25,38.73,1.96,41.06,25.98,1.63,32.35
646,Nirmal,Telangana,5,0.64,3.32,0.8,2.81,11.52,19.16,56.13,40.24,2.08,42.49,28.63,1.53,34.43
646,Nirmal,Telangana,6,6.31,17.13,16.16,35.62,93.39,84.92,123.56,34.99,3.81,40.25,26.91,1.97,30.95
646,Nirmal,Telangana,7,10.62,20.17,29.37,46.91,106.6,259.55,367.13,30.33,1.99,32.9,24.8,0.96,27.56
646,Nirmal,Telangana,8,10.21,23.16,29.96,54.14,117.78,341.93,700.14,29.26,1.57,31.12,24.16,0.72,26.71
646,Nirmal,Telangana,9,5.93,14.73,16.31,31.51,77.58,241.51,849.89,30.55,1.5,32.46,23.97,0.67,27.26
646,Nirmal,Telangana,10,2.59,12.38,3.4,9.3,63.29,121.44,701.86,30.94,1.56,32.78,22.06,1.74,26.5
646,Nirmal,Telangana,11,0.57,3.7,0.27,1.21,17.68,40.12,396.96,29.42,1.37,31.16,18.75,2.33,24.08
646,Nirmal,Telangana,12,0.21,2.21,0.02,0.13,2.52,8.54,166.06,28.03,1.49,29.9,16.33,2.12,22.18
647,Kamareddy,Telangana,1,0.37,2.93,0.0,0.15,12.1,9.82,55.45,28.35,1.69,30.3,16.88,1.96,22.62
647,Kamareddy,Telangana,2,0.3,2.11,0.0,0.25,10.18,9.54,26.46,31.37,1.86,33.74,19.11,1.74,25.24
647,Kamareddy,Telangana,3,0.45,2.46,0.09,1.35,11.52,12.53,31.82,35.03,2.08,37.47,22.38,1.74,28.7
647,Kamareddy,Telangana,4,0.71,3.78,0.66,3.18,15.17,16.8,39.09,37.71,1.84,39.83,25.65,1.58,31.68
647,Kamareddy,Telangana,5,0.57,2.94,0.62,2.78,11.96,19.52,49.08,38.99,2.08,41.28,27.82,1.47,33.41
647,Kamareddy,Telangana,6,5.19,12.83,17.06,30.94,62.25,75.36,111.92,33.98,3.4,38.72,25.94,1.75,29.96
647,Kamareddy,Telangana,7,8.61,17.1,27.76,42.99,74.09,209.73,307.18,30.07,2.03,32.71,24.2,1.02,27.14
647,Kamareddy,Telangana,8,9.26,20.56,29.65,53.59,99.42,284.24,580.37,29.1,1.66,31.02,23.6,0.78,26.35
647,Kamareddy,Telangana,9,4.75,10.84,16.89,26.83,53.18,213.01,712.59,30.19,1.51,32.23,23.43,0.7,26.81
647,Kamareddy,Telangana,10,2.82,11.13,5.64,16.02,54.29,114.02,609.1,30.46,1.63,32.41,21.81,1.58,26.14
647,Kamareddy,Telangana,11,0.51,2.88,0.21,1.68,14.52,40.6,362.47,28.99,1.4,30.77,18.75,2.3,23.87
647,Kamareddy,Telangana,12,0.2,2.66,0.0,0.0,1.65,7.51,159.07,27.81,1.51,29.58,16.41,2.1,22.11
648,Sangareddy,Telangana,1,0.08,0.62,0.0,0.06,2.14,2.5,52.15,28.58,1.64,30.48,16.88,1.88,22.73
648,Sangareddy,Telangana,2,0.14,0.8,0.0,0.29,4.07,3.36,13.14,31.52,1.77,33.83,19.1,1.67,25.31
648,Sangareddy,Telangana,3,0.37,1.93,0.18,1.23,9.57,7.9,13.73,35.06,1.99,37.43,22.43,1.69,28.74
648,Sangareddy,Telangana,4,0.77,2.8,1.76,4.56,16.15,16.83,28.23,37.53,1.78,39.55,25.56,1.53,31.55
648,Sangareddy,Telangana,5,0.7,2.61,1.74,3.97,12.91,21.37,46.5,38.68,2.09,40.98,27.52,1.43,33.1
648,Sangareddy,Telangana,6,4.66,9.04,14.12,24.15,44.54,74.3,112.85,33.59,3.23,38.17,25.58,1.61,29.58
648,Sangareddy,Telangana,7,6.86,11.59,20.73,29.59,54.24,176.07,273.93,29.95,2.01,32.44,24.02,1.01,26.98
648,Sangareddy,Telangana,8,7.77,13.49,23.75,35.19,67.26,233.42,492.25,29.01,1.63,30.83,23.46,0.76,26.23
648,Sangareddy,Telangana,9,4.67,8.21,14.67,21.4,37.0,182.21,595.62,29.98,1.52,31.94,23.29,0.7,26.64
648,Sangareddy,Telangana,10,3.05,8.58,9.02,17.64,49.64,121.49,536.32,30.3,1.63,32.17,21.75,1.51,26.02
648,Sangareddy,Telangana,11,0.58,2.86,0.48,2.83,14.29,44.76,344.98,29.04,1.39,30.79,18.71,2.25,23.87
648,Sangareddy,Telangana,12,0.09,0.83,0.0,0.0,1.89,7.68,171.14,28.02,1.47,29.77,16.43,2.03,22.22
649,Nagarkurnool,Telangana,1,0.06,0.38,0.0,0.08,2.61,2.57,71.43,29.57,1.53,31.38,17.32,1.67,23.44
649,Nagarkurnool,Telangana,2,0.08,0.49,0.0,0.15,1.96,1.9,13.25,32.68,1.68,34.9,19.18,1.58,25.93
649,Nagarkurnool,Telangana,3,0.28,1.96,0.04,0.99,5.12,5.33,9.86,36.16,1.79,38.25,22.21,1.61,29.18
649,Nagarkurnool,Telangana,4,0.66,2.8,1.63,3.84,10.92,13.39,20.75,38.26,1.62,40.12,25.28,1.44,31.77
649,Nagarkurnool,Telangana,5,1.53,5.61,3.29,8.62,28.55,32.69,51.82,38.79,2.17,41.2,27.52,1.42,33.15
649,Nagarkurnool,Telangana,6,3.53,8.29,10.98,18.15,41.28,81.49,128.4,34.2,2.79,38.07,26.04,1.41,30.12
649,Nagarkurnool,Telangana,7,5.86,11.15,17.5,28.63,55.22,135.46,251.42,31.14,2.0,33.65,24.68,1.02,27.91
649,Nagarkurnool,Telangana,8,7.18,13.72,20.83,35.46,75.76,199.6,421.76,30.17,1.65,32.11,24.16,0.79,27.17
649,Nagarkurnool,Telangana,9,4.86,9.84,14.37,22.54,47.63,179.61,518.56,30.8,1.55,32.71,23.9,0.71,27.35
649,Nagarkurnool,Telangana,10,3.66,9.81,10.06,20.59,54.55,135.98,515.18,30.77,1.65,32.62,22.53,1.27,26.65
649,Nagarkurnool,Telangana,11,0.81,3.26,1.72,4.7,14.36,62.63,375.77,29.46,1.33,31.03,19.77,2.03,24.62
649,Nagarkurnool,Telangana,12,0.13,1.05,0.0,0.15,3.24,9.76,205.58,28.66,1.28,30.2,17.49,1.77,23.08
650,Wanaparthy,Telangana,1,0.03,0.31,0.0,0.01,0.59,1.38,57.77,30.09,1.54,31.92,17.57,1.71,23.83
650,Wanaparthy,Telangana,2,0.04,0.44,0.0,0.01,0.69,1.06,9.26,33.04,1.67,35.27,19.67,1.61,26.36
650,Wanaparthy,Telangana,3,0.16,1.0,0.0,0.36,5.02,2.7,5.16,36.38,1.8,38.46,22.95,1.67,29.67
650,Wanaparthy,Telangana,4,0.63,2.65,0.87,4.04,12.83,11.13,14.94,38.44,1.59,40.17,26.02,1.43,32.23
650,Wanaparthy,Telangana,5,1.42,5.72,1.96,8.91,29.85,28.62,42.82,38.88,2.08,41.17,27.76,1.38,33.32
650,Wanaparthy,Telangana,6,3.51,9.51,11.81,19.95,50.13,80.48,121.02,34.26,2.65,37.87,26.01,1.33,30.14
650,Wanaparthy,Telangana,7,5.21,10.7,16.78,28.19,54.23,123.57,234.36,31.38,1.93,33.76,24.71,0.94,28.04
650,Wanaparthy,Telangana,8,6.86,14.11,23.35,37.89,63.5,188.23,396.96,30.43,1.61,32.31,24.19,0.72,27.31
650,Wanaparthy,Telangana,9,4.62,9.74,15.72,24.35,47.67,171.96,487.05,31.03,1.55,32.97,23.94,0.71,27.49
650,Wanaparthy,Telangana,10,3.06,9.53,8.7,19.72,48.86,124.68,485.07,31.19,1.65,33.12,22.53,1.32,26.86
650,Wanaparthy,Telangana,11,0.79,3.96,0.64,4.03,16.49,51.41,345.53,30.14,1.36,31.76,19.7,2.11,24.92
650,Wanaparthy,Telangana,12,0.07,0.77,0.0,0.01,1.83,7.83,181.15,29.37,1.34,30.89,17.46,1.83,23.42
651,Narayanpet,Telangana,1,0.04,0.39,0.0,0.0,0.75,1.69,51.63,29.65,1.6,31.58,17.38,1.75,23.52
651,Narayanpet,Telangana,2,0.04,0.38,0.0,0.0,1.33,1.21,9.89,32.59,1.72,34.94,19.51,1.62,26.05
651,Narayanpet,Telangana,3,0.3,2.11,0.0,0.55,9.77,5.0,7.93,35.99,1.9,38.21,22.85,1.69,29.42
651,Narayanpet,Telangana,4,0.59,2.4,0.93,3.89,13.17,12.93,19.26,38.17,1.65,39.93,25.82,1.48,32.0
651,Narayanpet,Telangana,5,1.35,5.24,2.56,7.82,26.74,29.4,47.79,38.7,2.06,41.0,27.41,1.39,33.05
651,Narayanpet,Telangana,6,3.6,8.84,10.84,19.71,43.72,73.34,116.35,33.82,2.74,37.67,25.53,1.34,29.67
651,Narayanpet,Telangana,7,5.49,10.7,17.81,28.45,51.37,132.08,236.63,30.82,1.92,33.17,24.22,0.91,27.52
651,Narayanpet,Telangana,8,7.95,15.66,24.37,40.81,77.28,216.04,426.94,29.91,1.6,31.74,23.69,0.7,26.8
651,Narayanpet,Telangana,9,5.14,9.92,15.99,24.39,48.57,190.55,543.02,30.58,1.56,32.52,23.5,0.71,27.04
651,Narayanpet,Telangana,10,3.21,9.11,10.57,19.24,44.73,139.2,546.53,30.86,1.63,32.72,22.11,1.37,26.48
651,Narayanpet,Telangana,11,0.59,3.23,0.26,2.22,16.93,44.75,371.48,29.89,1.38,31.55,19.32,2.17,24.61
651,Narayanpet,Telangana,12,0.12,1.21,0.0,0.0,2.1,7.52,188.3,29.03,1.4,30.63,17.13,1.91,23.08
652,Vikarabad,Telangana,1,0.06,0.52,0.0,0.0,1.9,2.22,51.47,28.61,1.61,30.52,16.75,1.81,22.68
652,Vikarabad,Telangana,2,0.06,0.43,0.0,0.04,1.69,1.72,11.59,31.51,1.73,33.8,18.92,1.62,25.22
652,Vikarabad,Telangana,3,0.24,1.32,0.03,0.87,6.45,4.58,8.54,34.97,1.94,37.25,22.28,1.68,28.63
652,Vikarabad,Telangana,4,0.75,2.79,1.57,4.52,13.36,14.47,20.88,37.3,1.73,39.24,25.26,1.5,31.28
652,Vikarabad,Telangana,5,1.14,4.08,3.01,7.6,19.88,28.87,48.38,38.25,2.1,40.61,26.97,1.42,32.61
652,Vikarabad,Telangana,6,4.47,9.85,14.2,23.5,42.7,81.1,125.16,33.12,3.03,37.39,25.05,1.47,29.09
652,Vikarabad,Telangana,7,6.8,12.82,22.04,29.6,60.18,169.23,281.44,29.74,1.97,32.12,23.66,0.98,26.7
652,Vikarabad,Telangana,8,8.47,16.48,24.2,40.84,79.89,241.74,499.69,28.83,1.61,30.65,23.11,0.74,25.97
652,Vikarabad,Telangana,9,5.32,9.64,17.22,25.83,45.6,200.89,616.24,29.71,1.55,31.69,22.92,0.71,26.31
652,Vikarabad,Telangana,10,3.11,8.37,10.46,17.24,39.7,137.31,579.81,30.1,1.65,32.0,21.39,1.45,25.74
652,Vikarabad,Telangana,11,0.6,3.1,0.3,2.49,17.57,43.37,377.92,29.0,1.4,30.69,18.52,2.23,23.76
652,Vikarabad,Telangana,12,0.09,0.86,0.0,0.0,2.51,8.06,185.43,28.08,1.44,29.75,16.34,1.97,22.21
653,Medchal-Malkajgiri,Telangana,1,0.11,0.77,0.0,0.01,3.79,3.26,57.66,28.91,1.62,30.84,16.85,1.9,22.88
653,Medchal-Malkajgiri,Telangana,2,0.24,1.46,0.0,0.13,9.08,5.48,14.52,31.88,1.77,34.21,19.03,1.69,25.46
653,Medchal-Malkajgiri,Telangana,3,0.46,2.83,0.01,0.95,11.17,9.64,18.28,35.46,1.96,37.79,22.23,1.66,28.84
653,Medchal-Malkajgiri,Telangana,4,0.74,2.93,1.03,4.78,16.14,19.24,34.45,37.84,1.79,39.88,25.38,1.53,31.61
653,Medchal-Malkajgiri,Telangana,5,0.88,3.85,1.06,6.19,20.65,23.62,52.84,39.01,2.21,41.45,27.7,1.52,33.36
653,Medchal-Malkajgiri,Telangana,6,3.85,9.13,12.46,22.94,49.05,73.42,116.61,34.08,3.3,38.74,25.97,1.68,30.03
653,Medchal-Malkajgiri,Telangana,7,6.22,13.19,19.55,33.88,71.02,148.12,246.71,30.38,2.09,32.98,24.33,1.06,27.35
653,Medchal-Malkajgiri,Telangana,8,6.81,14.57,23.32,39.19,74.78,204.69,433.09,29.45,1.7,31.34,23.76,0.79,26.61
653,Medchal-Malkajgiri,Telangana,9,4.41,9.64,15.81,23.36,43.04,160.62,517.22,30.41,1.53,32.44,23.58,0.69,27.0
653,Medchal-Malkajgiri,Telangana,10,3.31,10.01,10.33,21.33,52.4,124.45,489.14,30.62,1.65,32.47,21.95,1.51,26.28
653,Medchal-Malkajgiri,Telangana,11,0.5,2.56,0.26,2.8,11.77,50.77,333.38,29.29,1.39,30.96,18.9,2.25,24.09
653,Medchal-Malkajgiri,Telangana,12,0.11,1.26,0.0,0.0,1.78,6.18,178.88,28.28,1.42,29.96,16.56,2.01,22.42
654,Yadadri Bhuvanagiri,Telangana,1,0.09,0.6,0.0,0.03,2.78,3.56,58.81,29.31,1.6,31.18,17.28,1.85,23.3
654,Yadadri Bhuvanagiri,Telangana,2,0.26,1.55,0.0,0.34,9.1,5.17,14.39,32.39,1.77,34.68,19.43,1.64,25.91
654,Yadadri Bhuvanagiri,Telangana,3,0.37,2.32,0.01,1.07,10.53,9.03,17.71,35.99,1.91,38.26,22.43,1.59,29.21
654,Yadadri Bhuvanagiri,Telangana,4,0.62,2.82,0.69,3.46,12.96,15.61,29.86,38.41,1.74,40.43,25.55,1.44,31.98
654,Yadadri Bhuvanagiri,Telangana,5,0.91,3.99,1.84,4.54,21.35,22.16,47.02,39.64,2.24,42.06,28.02,1.5,33.83
654,Yadadri Bhuvanagiri,Telangana,6,4.08,9.2,13.45,22.29,46.53,74.52,112.64,34.91,3.3,39.53,26.64,1.67,30.77
654,Yadadri Bhuvanagiri,Telangana,7,6.7,12.43,21.31,31.99,57.34,160.07,258.65,31.17,2.12,33.89,24.87,1.06,28.02
654,Yadadri Bhuvanagiri,Telangana,8,6.54,13.02,22.67,35.66,60.72,208.4,450.48,30.25,1.72,32.22,24.31,0.79,27.28
654,Yadadri Bhuvanagiri,Telangana,9,4.82,9.98,15.7,24.64,47.67,165.4,537.75,31.16,1.51,33.13,24.14,0.66,27.65
654,Yadadri Bhuvanagiri,Telangana,10,3.39,9.54,10.12,22.45,48.24,130.5,503.18,31.16,1.63,32.98,22.55,1.44,26.85
654,Yadadri Bhuvanagiri,Telangana,11,0.49,2.51,0.6,2.74,11.04,51.84,345.66,29.67,1.35,31.31,19.58,2.2,24.63
654,Yadadri Bhuvanagiri,Telangana,12,0.14,1.41,0.0,0.0,3.58,6.0,185.48,28.62,1.36,30.22,17.12,1.96,22.87
655,Suryapet,Telangana,1,0.09,0.54,0.0,0.05,3.31,2.31,73.01,29.62,1.47,31.3,18.39,1.69,24.01
655,Suryapet,Telangana,2,0.32,2.13,0.0,0.56,11.14,6.07,15.36,32.64,1.66,34.83,20.27,1.55,26.45
655,Suryapet,Telangana,3,0.22,1.42,0.05,0.59,6.66,7.6,15.84,36.02,1.71,38.01,22.92,1.57,29.47
655,Suryapet,Telangana,4,0.48,2.47,0.39,2.12,10.41,9.82,23.45,38.31,1.65,40.35,25.94,1.35,32.12
655,Suryapet,Telangana,5,1.25,5.31,2.35,6.91,22.12,27.34,44.85,39.86,2.31,42.52,28.35,1.48,34.1
655,Suryapet,Telangana,6,4.18,9.27,14.63,24.05,44.7,77.57,115.41,35.86,3.19,40.27,27.59,1.61,31.73
655,Suryapet,Telangana,7,7.23,12.04,22.49,33.14,55.68,169.26,276.55,32.25,2.15,34.95,25.84,1.11,29.05
655,Suryapet,Telangana,8,6.79,12.12,21.5,33.82,57.85,222.18,476.71,31.37,1.75,33.4,25.32,0.84,28.35
655,Suryapet,Telangana,9,5.24,10.0,17.81,24.89,47.97,179.94,575.79,32.01,1.51,33.85,25.13,0.67,28.57
655,Suryapet,Telangana,10,3.94,10.12,11.16,24.0,53.43,143.64,544.45,31.63,1.61,33.45,23.7,1.32,27.66
655,Suryapet,Telangana,11,0.85,4.0,1.09,4.35,17.27,66.19,387.74,30.17,1.31,31.74,20.82,2.09,25.49
655,Suryapet,Telangana,12,0.07,0.65,0.0,0.0,1.7,7.84,214.72,29.0,1.24,30.5,18.44,1.82,23.72
656,Khammam,Telangana,1,0.07,0.45,0.0,0.04,2.39,2.47,85.12,29.36,1.4,30.95,18.46,1.64,23.91
656,Khammam,Telangana,2,0.22,1.39,0.02,0.52,6.37,4.31,15.78,32.22,1.61,34.32,20.24,1.52,26.23
656,Khammam,Telangana,3,0.26,1.57,0.05,1.0,5.99,6.2,12.89,35.4,1.61,37.29,22.79,1.54,29.09
656,Khammam,Telangana,4,0.54,2.06,1.08,3.81,10.63,11.2,21.71,37.57,1.59,39.5,25.7,1.32,31.63
656,Khammam,Telangana,5,1.88,8.2,3.73,8.7,30.96,38.85,56.47,39.22,2.36,42.07,27.95,1.47,33.58
656,Khammam,Telangana,6,4.87,9.8,14.56,24.53,46.85,95.13,146.21,35.51,3.23,39.92,27.51,1.62,31.51
656,Khammam,Telangana,7,8.46,12.53,23.94,34.2,57.66,197.83,334.87,31.87,2.12,34.52,25.83,1.13,28.85
656,Khammam,Telangana,8,8.32,13.12,23.24,35.45,59.65,272.2,573.52,31.12,1.73,33.11,25.33,0.87,28.23
656,Khammam,Telangana,9,5.76,10.09,16.83,25.04,42.38,207.04,682.8,31.77,1.5,33.59,25.17,0.69,28.47
656,Khammam,Telangana,10,4.56,11.32,13.68,23.31,55.28,159.21,636.99,31.44,1.6,33.3,23.78,1.25,27.61
656,Khammam,Telangana,11,0.98,4.9,1.55,4.59,21.51,76.55,439.78,30.09,1.29,31.62,20.93,2.04,25.51
656,Khammam,Telangana,12,0.09,0.9,0.0,0.03,1.91,10.0,242.62,28.9,1.19,30.33,18.58,1.77,23.74
657,Mahabubabad,Telangana,1,0.17,1.34,0.0,0.04,6.52,4.24,64.83,28.55,1.47,30.24,17.67,1.74,23.11
657,Mahabubabad,Telangana,2,0.31,1.88,0.0,0.73,10.53,7.15,18.53,31.59,1.69,33.84,19.72,1.54,25.66
657,Mahabubabad,Telangana,3,0.27,1.72,0.02,0.84,7.68,8.26,19.51,35.09,1.77,37.13,22.5,1.52,28.8
657,Mahabubabad,Telangana,4,0.6,2.8,0.77,3.38,12.77,12.04,27.45,37.49,1.65,39.49,25.52,1.33,31.51
657,Mahabubabad,Telangana,5,1.46,6.85,1.97,6.06,31.53,32.16,52.65,39.09,2.29,41.76,27.78,1.47,33.43
657,Mahabubabad,Telangana,6,4.69,10.6,14.68,24.84,57.21,86.8,131.79,34.88,3.4,39.67,26.89,1.71,30.88
657,Mahabubabad,Telangana,7,9.28,14.88,28.9,41.0,71.13,206.0,327.64,31.0,2.09,33.66,25.03,1.1,28.01
657,Mahabubabad,Telangana,8,8.7,15.07,27.56,43.13,68.42,297.93,600.56,30.2,1.7,32.23,24.5,0.83,27.35
657,Mahabubabad,Telangana,9,5.91,11.33,19.03,29.86,48.65,214.27,725.3,31.05,1.47,32.9,24.39,0.66,27.72
657,Mahabubabad,Telangana,10,3.4,9.68,10.38,19.2,49.79,135.35,645.39,30.85,1.57,32.73,22.93,1.34,26.89
657,Mahabubabad,Telangana,11,0.66,3.81,0.35,2.75,15.28,55.58,401.02,29.34,1.29,30.88,19.96,2.12,24.65
657,Mahabubabad,Telangana,12,0.1,1.08,0.0,0.0,2.07,7.72,194.83,28.07,1.24,29.59,17.51,1.86,22.79
658,Jangaon,Telangana,1,0.13,0.97,0.0,0.06,4.09,5.25,56.49,28.55,1.58,30.38,17.07,1.85,22.81
658,Jangaon,Telangana,2,0.32,1.93,0.0,0.31,12.68,6.69,19.29,31.65,1.77,33.97,19.28,1.62,25.47
658,Jangaon,Telangana,3,0.34,2.56,0.0,0.62,7.93,9.69,21.56,35.26,1.89,37.48,22.26,1.59,28.76
658,Jangaon,Telangana,4,0.6,3.21,0.29,2.0,16.1,13.63,30.02,37.76,1.74,39.82,25.41,1.4,31.58
658,Jangaon,Telangana,5,0.85,3.89,0.77,4.91,18.25,22.05,45.55,39.24,2.26,41.68,27.8,1.52,33.52
658,Jangaon,Telangana,6,4.34,10.66,14.89,25.9,58.31,71.38,107.45,34.6,3.42,39.43,26.53,1.75,30.57
658,Jangaon,Telangana,7,7.03,12.66,23.73,35.72,60.2,171.75,267.45,30.67,2.1,33.42,24.65,1.08,27.66
658,Jangaon,Telangana,8,6.26,13.29,19.67,35.75,63.73,212.4,463.73,29.76,1.7,31.71,24.08,0.81,26.92
658,Jangaon,Telangana,9,4.93,11.22,16.24,28.48,58.8,168.47,556.5,30.72,1.48,32.63,23.94,0.67,27.33
658,Jangaon,Telangana,10,2.85,9.26,8.05,18.39,57.97,117.03,496.3,30.64,1.61,32.48,22.34,1.44,26.49
658,Jangaon,Telangana,11,0.57,3.27,0.14,1.78,16.25,45.45,328.55,29.07,1.34,30.68,19.31,2.2,24.19
658,Jangaon,Telangana,12,0.19,2.37,0.0,0.0,1.51,7.62,166.91,27.9,1.34,29.49,16.82,1.96,22.36
659,Warangal (Urban),Telangana,1,0.1,0.83,0.0,0.01,3.71,4.23,58.13,28.67,1.59,30.47,17.3,1.88,22.98
659,Warangal (Urban),Telangana,2,0.32,1.86,0.0,0.1,11.17,6.55,17.66,31.72,1.79,34.04,19.62,1.61,25.67
659,Warangal (Urban),Telangana,3,0.32,2.19,0.0,0.47,10.66,9.54,20.21,35.3,1.92,37.5,22.68,1.57,28.99
659,Warangal (Urban),Telangana,4,0.56,2.95,0.16,1.6,17.73,13.12,29.21,37.89,1.76,39.98,25.84,1.4,31.87
659,Warangal (Urban),Telangana,5,0.61,2.92,0.55,3.01,14.7,17.73,40.53,39.44,2.23,41.91,28.18,1.53,33.81
659,Warangal (Urban),Telangana,6,4.52,10.78,16.04,25.26,56.49,66.41,97.51,34.81,3.51,39.83,26.87,1.81,30.84
659,Warangal (Urban),Telangana,7,7.3,12.58,24.63,37.16,55.09,180.55,267.1,30.72,2.05,33.48,24.93,1.07,27.82
659,Warangal (Urban),Telangana,8,6.24,12.53,22.19,36.12,59.87,218.76,474.84,29.82,1.65,31.72,24.4,0.81,27.11
659,Warangal (Urban),Telangana,9,5.07,11.35,16.93,30.65,57.15,171.69,574.96,30.86,1.44,32.75,24.31,0.66,27.58
659,Warangal (Urban),Telangana,10,2.92,9.33,7.55,20.08,53.6,117.62,506.18,30.86,1.56,32.65,22.61,1.48,26.73
659,Warangal (Urban),Telangana,11,0.67,4.04,0.0,1.77,18.31,48.47,335.46,29.37,1.33,30.95,19.41,2.25,24.39
659,Warangal (Urban),Telangana,12,0.15,1.76,0.0,0.0,1.84,7.34,170.14,28.15,1.35,29.75,16.88,1.99,22.52
660,Warangal (Rural),Telangana,1,0.11,0.91,0.0,0.03,3.82,3.8,59.09,28.69,1.54,30.47,17.54,1.83,23.11
660,Warangal (Rural),Telangana,2,0.31,1.72,0.0,0.52,11.2,6.19,17.22,31.76,1.75,34.06,19.75,1.57,25.76
660,Warangal (Rural),Telangana,3,0.29,1.92,0.01,0.41,8.55,8.92,18.85,35.34,1.85,37.48,22.7,1.55,29.02
660,Warangal (Rural),Telangana,4,0.58,2.77,0.36,2.36,16.58,12.49,27.63,37.87,1.71,39.91,25.81,1.36,31.84
660,Warangal (Rural),Telangana,5,0.95,4.55,1.04,5.15,21.55,23.96,45.55,39.46,2.26,42.0,28.11,1.5,33.79
660,Warangal (Rural),Telangana,6,4.86,11.2,16.45,25.43,57.42,78.49,115.44,34.98,3.49,39.88,27.0,1.78,30.99
660,Warangal (Rural),Telangana,7,8.58,14.33,25.89,37.61,67.35,201.05,306.16,30.95,2.08,33.66,25.06,1.08,28.0
660,Warangal (Rural),Telangana,8,7.58,14.34,23.33,39.71,71.18,267.52,557.1,30.1,1.67,32.02,24.5,0.81,27.3
660,Warangal (Rural),Telangana,9,5.88,11.99,18.93,30.94,63.21,200.56,674.67,31.06,1.45,32.9,24.4,0.65,27.73
660,Warangal (Rural),Telangana,10,3.11,8.94,9.31,19.45,44.59,130.28,596.32,30.97,1.56,32.79,22.8,1.42,26.88
660,Warangal (Rural),Telangana,11,0.66,3.71,0.15,2.69,18.99,49.86,377.47,29.46,1.31,30.98,19.69,2.2,24.57
660,Warangal (Rural),Telangana,12,0.13,1.41,0.0,0.0,3.54,7.73,183.95,28.2,1.3,29.75,17.19,1.94,22.7
661,Jayashankar Bhupalapally,Telangana,1,0.35,2.96,0.0,0.03,13.71,6.87,48.44,28.94,1.6,30.77,17.52,1.91,23.23
661,Jayashankar Bhupalapally,Telangana,2,0.45,3.05,0.0,0.3,18.6,12.99,25.19,31.96,1.81,34.3,19.88,1.63,25.92
661,Jayashankar Bhupalapally,Telangana,3,0.38,3.09,0.0,0.47,10.7,11.87,31.36,35.6,1.93,37.8,23.06,1.6,29.33
661,Jayashankar Bhupalapally,Telangana,4,0.65,3.79,0.23,1.6,20.82,15.64,40.42,38.23,1.76,40.31,26.44,1.41,32.33
661,Jayashankar Bhupalapally,Telangana,5,0.74,3.8,0.74,3.1,18.91,20.67,48.27,39.85,2.22,42.32,28.71,1.53,34.28
661,Jayashankar Bhupalapally,Telangana,6,5.12,12.29,17.69,35.04,56.76,76.89,113.48,35.21,3.66,40.32,27.42,1.89,31.32
661,Jayashankar Bhupalapally,Telangana,7,9.81,16.41,34.54,50.69,65.61,225.47,325.72,30.91,2.0,33.51,25.37,1.04,28.14
661,Jayashankar Bhupalapally,Telangana,8,8.99,16.07,31.3,51.05,65.4,310.33,624.44,30.13,1.62,32.08,24.83,0.8,27.48
661,Jayashankar Bhupalapally,Telangana,9,6.07,14.36,20.38,39.85,63.6,223.72,766.82,31.31,1.44,33.15,24.73,0.64,28.02
661,Jayashankar Bhupalapally,Telangana,10,2.67,8.94,5.66,17.83,50.53,127.91,659.43,31.41,1.52,33.19,22.99,1.53,27.2
661,Jayashankar Bhupalapally,Telangana,11,0.56,4.02,0.04,0.58,19.95,37.67,384.51,30.01,1.33,31.59,19.65,2.3,24.83
661,Jayashankar Bhupalapally,Telangana,12,0.1,1.47,0.0,0.0,1.29,5.88,167.33,28.6,1.34,30.28,17.06,2.02,22.83
662,Peddapalli,Telangana,1,0.35,2.39,0.0,0.05,13.62,10.27,55.66,29.22,1.7,31.16,17.3,2.0,23.26
662,Peddapalli,Telangana,2,0.21,1.36,0.0,0.11,7.31,9.04,27.54,32.32,1.89,34.66,19.73,1.71,26.02
662,Peddapalli,Telangana,3,0.35,2.69,0.0,0.57,8.96,8.23,27.47,35.93,2.03,38.26,22.98,1.67,29.46
662,Peddapalli,Telangana,4,0.63,4.16,0.24,1.64,15.88,15.11,32.42,38.63,1.82,40.74,26.47,1.49,32.55
662,Peddapalli,Telangana,5,0.69,3.69,0.32,2.16,19.19,20.02,43.64,40.22,2.2,42.64,28.9,1.57,34.56
662,Peddapalli,Telangana,6,5.05,11.94,18.04,34.42,57.42,73.03,108.47,35.34,3.71,40.55,27.42,1.94,31.38
662,Peddapalli,Telangana,7,8.68,14.98,29.09,47.2,62.22,213.65,309.44,30.93,2.02,33.64,25.37,1.06,28.15
662,Peddapalli,Telangana,8,7.57,14.38,26.53,44.23,61.11,260.38,557.85,30.06,1.63,32.03,24.81,0.82,27.43
662,Peddapalli,Telangana,9,5.6,12.56,19.97,36.26,58.57,199.81,679.07,31.3,1.46,33.18,24.66,0.67,27.98
662,Peddapalli,Telangana,10,2.63,8.8,6.48,20.03,48.77,119.34,577.18,31.53,1.57,33.35,22.73,1.63,27.13
662,Peddapalli,Telangana,11,0.46,3.35,0.0,0.47,15.21,38.47,353.96,30.12,1.37,31.77,19.31,2.37,24.72
662,Peddapalli,Telangana,12,0.31,3.99,0.0,0.0,3.02,8.6,162.57,28.81,1.43,30.6,16.75,2.1,22.78
663,Jagtial,Telangana,1,0.38,2.81,0.0,0.06,12.88,12.93,60.91,28.89,1.77,30.92,16.85,2.05,22.87
663,Jagtial,Telangana,2,0.35,2.55,0.0,0.47,14.9,11.01,31.98,32.04,1.98,34.53,19.14,1.84,25.59
663,Jagtial,Telangana,3,0.57,4.2,0.01,0.7,18.22,13.61,37.49,35.77,2.16,38.3,22.49,1.78,29.13
663,Jagtial,Telangana,4,0.88,5.12,0.36,2.39,27.73,22.84,47.6,38.69,1.89,40.91,26.07,1.59,32.38
663,Jagtial,Telangana,5,0.57,3.11,0.4,1.64,17.38,21.11,57.86,40.15,2.14,42.5,28.64,1.59,34.39
663,Jagtial,Telangana,6,5.6,15.82,16.56,34.11,85.09,77.53,121.63,35.06,3.71,40.24,27.11,1.96,31.08
663,Jagtial,Telangana,7,9.38,18.01,29.74,53.02,84.14,232.31,333.71,30.56,2.02,33.16,25.06,1.05,27.81
663,Jagtial,Telangana,8,8.96,20.52,31.14,54.6,90.66,292.53,614.41,29.6,1.62,31.59,24.44,0.81,27.02
663,Jagtial,Telangana,9,5.78,14.85,19.65,35.46,76.39,221.01,751.68,30.93,1.49,32.83,24.23,0.69,27.58
663,Jagtial,Telangana,10,2.71,11.29,3.36,14.91,70.83,126.43,637.66,31.31,1.61,33.19,22.25,1.72,26.78
663,Jagtial,Telangana,11,0.56,4.11,0.02,0.87,18.44,41.4,384.1,29.82,1.41,31.57,18.85,2.4,24.33
663,Jagtial,Telangana,12,0.31,4.39,0.0,0.0,2.39,8.52,172.45,28.49,1.51,30.37,16.28,2.15,22.38
664,Ranjanna Sircilla,Telangana,1,0.32,2.18,0.0,0.0,11.83,10.69,55.88,28.38,1.71,30.34,16.63,2.0,22.5
664,Ranjanna Sircilla,Telangana,2,0.33,2.44,0.0,0.32,9.49,9.69,28.18,31.48,1.88,33.82,18.9,1.78,25.19
664,Ranjanna Sircilla,Telangana,3,0.5,3.44,0.0,0.55,17.97,11.97,32.27,35.04,2.07,37.44,22.19,1.72,28.62
664,Ranjanna Sircilla,Telangana,4,0.69,4.31,0.34,2.38,16.19,18.63,40.4,37.67,1.84,39.78,25.53,1.55,31.6
664,Ranjanna Sircilla,Telangana,5,0.48,2.43,0.32,1.63,14.76,17.14,47.91,39.04,2.15,41.39,27.85,1.54,33.45
664,Ranjanna Sircilla,Telangana,6,5.19,14.04,17.45,31.61,75.17,73.98,109.86,34.14,3.52,39.02,26.13,1.85,30.13
664,Ranjanna Sircilla,Telangana,7,7.8,15.06,25.51,40.15,70.64,197.92,291.55,29.99,2.03,32.63,24.28,1.04,27.13
664,Ranjanna Sircilla,Telangana,8,8.04,18.22,29.48,46.53,77.6,257.72,539.87,29.04,1.65,30.98,23.71,0.8,26.38
664,Ranjanna Sircilla,Telangana,9,4.91,12.49,16.41,29.6,62.06,188.21,648.37,30.19,1.48,32.14,23.57,0.69,26.88
664,Ranjanna Sircilla,Telangana,10,2.58,10.0,4.69,15.46,60.4,116.57,560.98,30.44,1.62,32.32,21.78,1.59,26.11
664,Ranjanna Sircilla,Telangana,11,0.55,3.5,0.02,1.53,16.09,38.72,339.47,28.97,1.4,30.69,18.62,2.33,23.79
664,Ranjanna Sircilla,Telangana,12,0.26,2.9,0.0,0.0,6.19,8.18,160.21,27.78,1.48,29.51,16.21,2.11,22.0
665,Medak,Telangana,1,0.21,1.59,0.0,0.04,6.38,5.5,51.44,28.48,1.64,30.35,16.81,1.91,22.64
665,Medak,Telangana,2,0.13,0.88,0.0,0.12,4.65,5.03,15.77,31.43,1.79,33.76,19.06,1.69,25.24
665,Medak,Telangana,3,0.39,2.2,0.04,1.18,12.02,8.49,18.96,34.99,2.01,37.36,22.32,1.68,28.65
665,Medak,Telangana,4,0.73,3.15,1.05,4.23,15.72,16.64,30.36,37.49,1.8,39.55,25.48,1.53,31.49
665,Medak,Telangana,5,0.62,2.69,0.86,3.77,12.76,19.91,45.43,38.73,2.13,41.04,27.6,1.48,33.17
665,Medak,Telangana,6,4.65,10.91,14.54,26.33,56.7,72.4,109.25,33.7,3.34,38.45,25.8,1.71,29.75
665,Medak,Telangana,7,8.1,16.11,25.54,40.51,74.54,194.57,289.05,29.91,2.02,32.48,24.12,1.03,27.02
665,Medak,Telangana,8,8.81,17.64,27.04,44.44,85.24,267.23,544.16,28.99,1.65,30.86,23.54,0.78,26.27
665,Medak,Telangana,9,4.6,9.7,15.15,26.51,46.49,198.52,665.97,30.06,1.51,32.08,23.37,0.69,26.71
665,Medak,Telangana,10,3.02,10.27,8.01,18.45,55.56,118.78,582.79,30.35,1.61,32.19,21.76,1.52,26.06
665,Medak,Telangana,11,0.47,2.73,0.21,1.81,11.46,43.13,355.91,29.0,1.38,30.72,18.66,2.27,23.83
665,Medak,Telangana,12,0.11,1.26,0.0,0.0,2.1,5.73,164.72,27.93,1.46,29.65,16.34,2.05,22.13
666,East Siang,Arunachal Pradesh,1,1.06,3.99,2.25,6.53,17.34,21.96,99.42,27.11,1.98,29.55,16.63,1.59,21.87
666,East Siang,Arunachal Pradesh,2,3.69,10.57,10.23,18.96,55.39,74.22,107.43,28.87,2.41,31.91,18.97,1.86,23.92
666,East Siang,Arunachal Pradesh,3,5.42,14.7,13.46,29.72,78.12,119.45,213.81,31.65,2.43,34.88,22.36,1.74,27.0
666,East Siang,Arunachal Pradesh,4,8.79,19.32,28.82,47.78,93.53,226.85,420.94,32.97,2.36,35.88,25.16,1.54,29.06
666,East Siang,Arunachal Pradesh,5,14.43,32.03,43.01,81.9,169.18,354.0,703.58,34.88,2.26,37.71,28.13,1.58,31.5
666,East Siang,Arunachal Pradesh,6,21.69,42.85,73.34,124.96,191.48,488.25,1075.23,35.8,1.78,38.08,30.75,1.11,33.28
666,East Siang,Arunachal Pradesh,7,25.71,44.78,82.06,127.21,192.6,800.21,1653.67,35.53,1.67,37.6,31.29,0.98,33.41
666,East Siang,Arunachal Pradesh,8,20.07,35.13,61.23,92.18,174.21,659.94,1965.08,36.27,1.54,38.2,31.4,0.84,33.83
666,East Siang,Arunachal Pradesh,9,15.61,31.09,52.4,84.69,147.68,560.78,2025.16,35.73,1.84,38.17,30.21,1.01,32.97
666,East Siang,Arunachal Pradesh,10,5.61,17.83,10.84,34.29,107.65,302.86,1514.11,34.76,1.88,36.95,26.98,2.02,30.87
666,East Siang,Arunachal Pradesh,11,0.57,2.04,1.11,3.63,11.51,70.26,924.43,32.04,1.9,34.44,21.5,1.81,26.77
666,East Siang,Arunachal Pradesh,12,0.58,1.95,1.6,3.96,11.33,12.89,374.64,28.64,1.79,30.86,17.59,1.71,23.12
667,Longding,Arunachal Pradesh,1,0.84,3.61,1.36,4.77,17.32,17.32,72.2,21.47,1.69,23.53,12.32,1.35,16.89
667,Longding,Arunachal Pradesh,2,2.06,5.88,6.31,12.06,27.71,45.23,72.16,23.39,2.14,26.03,14.38,1.64,18.88
667,Longding,Arunachal Pradesh,3,4.48,12.17,12.4,26.86,69.76,81.74,143.25,26.48,2.18,29.37,17.53,1.59,22.0
667,Longding,Arunachal Pradesh,4,8.33,16.21,28.1,42.3,83.21,212.08,339.73,28.11,2.08,30.72,20.26,1.43,24.19
667,Longding,Arunachal Pradesh,5,8.72,19.36,31.17,52.36,93.55,248.85,546.43,29.83,2.03,32.35,23.13,1.46,26.48
667,Longding,Arunachal Pradesh,6,13.89,20.38,42.61,57.58,91.5,325.76,790.1,30.98,1.54,32.95,25.58,0.88,28.28
667,Longding,Arunachal Pradesh,7,14.54,18.11,40.7,49.46,78.72,460.96,1039.51,30.87,1.43,32.74,26.14,0.68,28.5
667,Longding,Arunachal Pradesh,8,13.09,16.67,34.69,46.99,74.77,390.75,1186.55,31.31,1.36,33.02,26.24,0.65,28.78
667,Longding,Arunachal Pradesh,9,11.57,17.4,32.92,45.49,83.4,391.45,1242.24,30.64,1.63,32.73,25.16,0.84,27.9
667,Longding,Arunachal Pradesh,10,4.33,13.2,10.74,26.14,71.77,247.84,1027.74,29.14,1.73,31.32,22.39,1.73,25.77
667,Longding,Arunachal Pradesh,11,0.57,2.4,0.8,4.14,10.85,48.21,682.56,26.02,1.72,28.22,17.48,1.8,21.75
667,Longding,Arunachal Pradesh,12,0.38,1.52,0.47,2.89,6.54,10.26,297.63,22.75,1.56,24.71,13.63,1.56,18.19
668,Ariyalur,Tamil Nadu,1,0.52,2.95,0.12,2.98,10.43,60.63,570.39,30.36,0.99,31.52,21.46,1.36,25.91
668,Ariyalur,Tamil Nadu,2,0.32,1.66,0.01,1.3,8.84,8.5,273.92,32.75,1.29,34.35,21.59,1.54,27.17
668,Ariyalur,Tamil Nadu,3,0.49,3.12,0.0,0.59,12.86,14.19,85.81,35.43,1.32,37.03,23.11,1.62,29.27
668,Ariyalur,Tamil Nadu,4,0.73,3.58,0.22,3.32,18.22,15.97,38.99,36.74,1.35,38.34,25.78,1.08,31.26
668,Ariyalur,Tamil Nadu,5,3.24,13.41,5.32,17.82,75.02,72.07,102.71,37.65,1.6,39.45,26.92,1.03,32.29
668,Ariyalur,Tamil Nadu,6,1.13,4.01,2.64,7.4,19.7,58.59,148.51,36.57,1.41,38.11,26.81,0.74,31.69
668,Ariyalur,Tamil Nadu,7,1.61,4.73,4.78,10.4,21.48,34.73,166.79,35.7,1.34,37.33,26.32,0.75,31.01
668,Ariyalur,Tamil Nadu,8,3.81,8.86,12.7,23.11,42.49,84.07,175.19,35.15,1.3,36.75,25.95,0.71,30.55
668,Ariyalur,Tamil Nadu,9,4.18,10.11,12.96,25.19,50.61,122.3,242.85,34.56,1.41,36.27,25.58,0.72,30.07
668,Ariyalur,Tamil Nadu,10,7.2,16.75,22.05,35.34,93.74,141.8,350.27,32.53,1.65,34.44,24.86,0.72,28.69
668,Ariyalur,Tamil Nadu,11,9.88,20.91,31.5,50.11,108.13,303.67,568.55,30.25,1.51,31.93,23.63,1.04,26.94
668,Ariyalur,Tamil Nadu,12,4.72,14.11,14.5,29.75,79.69,219.49,668.12,29.46,1.15,30.73,22.42,1.26,25.94
669,Chengalpattu,Tamil Nadu,1,0.49,2.07,1.09,2.2,9.93,56.1,590.33,28.5,0.72,29.39,21.56,1.0,25.03
669,Chengalpattu,Tamil Nadu,2,0.12,0.74,0.01,0.23,4.36,5.53,264.14,30.38,1.01,31.68,22.09,1.2,26.24
669,Chengalpattu,Tamil Nadu,3,0.21,1.36,0.04,0.59,5.46,4.88,69.12,32.67,1.02,33.95,24.01,1.35,28.34
669,Chengalpattu,Tamil Nadu,4,0.4,2.2,0.51,1.37,11.46,9.6,20.21,34.35,1.03,35.58,26.77,0.85,30.56
669,Chengalpattu,Tamil Nadu,5,0.89,3.91,1.45,3.15,17.08,22.3,36.96,36.07,1.33,37.7,28.15,0.6,32.11
669,Chengalpattu,Tamil Nadu,6,1.51,4.0,4.02,6.41,14.92,33.13,65.53,35.46,1.18,36.78,27.93,0.54,31.69
669,Chengalpattu,Tamil Nadu,7,2.84,5.03,7.25,13.1,26.27,61.73,118.07,34.23,1.15,35.61,27.08,0.58,30.65
669,Chengalpattu,Tamil Nadu,8,3.48,5.38,9.32,14.06,26.65,99.55,196.82,33.48,1.03,34.71,26.58,0.46,30.03
669,Chengalpattu,Tamil Nadu,9,4.12,6.8,11.27,16.76,30.68,113.4,276.93,32.8,1.07,34.09,26.16,0.47,29.48
669,Chengalpattu,Tamil Nadu,10,8.44,13.73,24.33,34.4,68.87,168.8,382.72,30.91,1.27,32.4,25.1,0.6,28.01
669,Chengalpattu,Tamil Nadu,11,10.38,18.76,31.86,47.91,93.06,334.71,619.04,28.94,1.0,30.13,23.64,0.92,26.29
669,Chengalpattu,Tamil Nadu,12,4.92,12.6,14.99,26.85,61.62,224.76,731.88,28.0,0.73,28.81,22.42,0.97,25.21
670,Chennai,Tamil Nadu,1,0.21,1.33,0.11,0.5,5.04,51.55,623.3,28.48,0.74,29.39,21.38,0.86,24.93
670,Chennai,Tamil Nadu,2,0.08,0.59,0.0,0.01,3.13,3.0,261.5,30.62,1.04,31.92,21.76,1.02,26.19
670,Chennai,Tamil Nadu,3,0.09,0.83,0.0,0.0,1.64,2.81,60.01,33.2,0.99,34.4,23.67,1.15,28.44
670,Chennai,Tamil Nadu,4,0.41,2.87,0.09,0.42,15.35,7.93,13.83,35.08,0.89,36.13,26.5,0.76,30.79
670,Chennai,Tamil Nadu,5,0.54,2.59,0.34,2.22,12.68,15.35,26.26,36.68,1.1,38.01,28.05,0.48,32.37
670,Chennai,Tamil Nadu,6,2.38,13.16,5.66,11.14,32.74,43.32,67.0,35.76,1.03,36.94,27.93,0.47,31.84
670,Chennai,Tamil Nadu,7,3.13,7.2,10.01,16.99,36.67,78.49,138.26,34.27,1.01,35.5,27.01,0.48,30.64
670,Chennai,Tamil Nadu,8,3.95,8.5,12.94,20.34,36.89,111.13,236.53,33.44,0.85,34.45,26.52,0.38,29.98
670,Chennai,Tamil Nadu,9,4.17,8.44,13.66,21.86,37.52,118.45,309.46,32.85,0.91,33.95,26.04,0.4,29.45
670,Chennai,Tamil Nadu,10,8.25,16.41,25.38,41.82,76.54,160.97,391.49,31.01,1.18,32.42,24.95,0.53,27.98
670,Chennai,Tamil Nadu,11,11.84,26.79,35.08,57.38,132.73,369.31,650.13,28.84,0.9,29.96,23.63,0.83,26.23
670,Chennai,Tamil Nadu,12,4.87,15.59,14.27,30.2,59.06,234.55,768.55,27.84,0.67,28.6,22.43,0.86,25.14
671,Coimbatore,Tamil Nadu,1,0.4,1.53,0.8,1.97,8.16,24.88,304.33,27.4,0.89,28.49,16.86,1.19,22.13
671,Coimbatore,Tamil Nadu,2,0.36,1.66,0.63,1.83,6.61,8.89,113.11,29.55,1.11,30.95,17.74,1.21,23.65
671,Coimbatore,Tamil Nadu,3,0.91,2.79,2.65,4.73,15.16,18.77,53.25,31.73,1.2,33.06,19.52,1.18,25.63
671,Coimbatore,Tamil Nadu,4,2.3,4.75,6.39,9.85,22.96,47.27,75.33,32.13,1.23,33.58,21.39,0.83,26.76
671,Coimbatore,Tamil Nadu,5,3.21,5.78,9.23,14.13,27.31,86.99,154.44,30.97,1.49,32.57,21.95,0.8,26.46
671,Coimbatore,Tamil Nadu,6,3.47,5.94,9.2,13.06,24.27,99.61,235.81,27.81,1.47,29.78,21.3,0.67,24.55
671,Coimbatore,Tamil Nadu,7,3.22,4.25,8.2,11.59,19.69,98.44,285.9,26.99,1.15,28.51,20.81,0.54,23.9
671,Coimbatore,Tamil Nadu,8,3.79,5.8,9.55,14.77,30.67,107.44,305.73,27.1,1.05,28.37,20.64,0.48,23.87
671,Coimbatore,Tamil Nadu,9,3.15,4.61,8.23,12.69,22.41,100.11,305.9,27.85,1.03,29.09,20.54,0.51,24.19
671,Coimbatore,Tamil Nadu,10,6.31,8.8,16.2,24.39,46.93,140.28,348.22,27.47,1.13,28.85,20.2,0.64,23.83
671,Coimbatore,Tamil Nadu,11,5.31,10.09,14.9,26.44,47.79,201.95,443.21,26.4,1.08,27.59,19.17,1.05,22.78
671,Coimbatore,Tamil Nadu,12,1.53,4.64,4.1,8.23,22.04,84.59,428.33,26.31,1.03,27.42,17.72,1.35,22.02
672,Cuddalore,Tamil Nadu,1,0.6,3.78,0.44,2.06,12.9,61.24,569.61,29.44,0.82,30.4,21.61,1.11,25.53
672,Cuddalore,Tamil Nadu,2,0.35,1.81,0.11,1.33,9.5,9.78,277.14,31.6,1.14,33.04,21.84,1.28,26.72
672,Cuddalore,Tamil Nadu,3,0.33,2.38,0.05,0.38,11.36,11.5,85.14,34.19,1.16,35.62,23.42,1.39,28.81
672,Cuddalore,Tamil Nadu,4,0.58,3.28,0.24,1.81,13.52,12.94,34.42,35.77,1.11,37.09,26.11,0.9,30.94
672,Cuddalore,Tamil Nadu,5,2.0,8.63,2.99,10.83,43.82,46.34,70.99,37.02,1.31,38.51,27.35,0.76,32.19
672,Cuddalore,Tamil Nadu,6,1.16,3.38,3.2,6.91,17.87,41.9,102.35,36.1,1.17,37.38,27.27,0.55,31.69
672,Cuddalore,Tamil Nadu,7,2.0,5.95,5.66,9.65,27.57,41.11,130.42,35.16,1.11,36.52,26.67,0.57,30.91
672,Cuddalore,Tamil Nadu,8,3.5,7.76,10.75,18.12,41.02,86.94,169.84,34.53,1.05,35.81,26.26,0.52,30.39
672,Cuddalore,Tamil Nadu,9,3.95,8.74,12.5,21.24,41.29,110.31,240.29,33.88,1.15,35.28,25.82,0.56,29.85
672,Cuddalore,Tamil Nadu,10,6.99,14.8,19.28,34.25,71.08,142.11,341.03,31.89,1.41,33.56,24.96,0.58,28.42
672,Cuddalore,Tamil Nadu,11,10.0,19.74,29.03,48.01,100.54,300.87,554.47,29.62,1.22,30.98,23.66,0.9,26.64
672,Cuddalore,Tamil Nadu,12,4.91,13.05,14.44,30.92,71.25,225.49,671.62,28.77,0.93,29.76,22.47,1.05,25.62
673,Dharmapuri,Tamil Nadu,1,0.3,2.37,0.03,0.39,7.44,23.28,236.41,29.07,1.13,30.49,17.95,1.47,23.51
673,Dharmapuri,Tamil Nadu,2,0.36,2.56,0.04,0.59,8.96,7.34,92.13,31.7,1.43,33.51,19.17,1.64,25.44
673,Dharmapuri,Tamil Nadu,3,0.41,1.94,0.29,1.86,11.79,11.43,42.61,34.46,1.45,36.2,21.37,1.68,27.92
673,Dharmapuri,Tamil Nadu,4,1.57,5.15,4.13,10.34,28.89,26.34,45.27,35.69,1.42,37.27,23.9,1.07,29.79
673,Dharmapuri,Tamil Nadu,5,4.42,10.6,13.29,23.57,57.19,91.75,130.42,35.36,1.69,37.21,24.68,0.91,30.02
673,Dharmapuri,Tamil Nadu,6,2.28,6.89,6.57,14.07,36.61,116.83,237.54,32.75,1.55,34.55,24.03,0.72,28.39
673,Dharmapuri,Tamil Nadu,7,3.52,9.87,10.31,21.76,51.21,71.0,280.58,31.76,1.41,33.55,23.48,0.65,27.62
673,Dharmapuri,Tamil Nadu,8,5.65,14.16,19.48,36.99,66.64,136.16,321.43,31.37,1.24,32.9,23.03,0.57,27.2
673,Dharmapuri,Tamil Nadu,9,5.48,10.18,18.0,28.21,49.63,173.09,382.97,31.47,1.3,33.11,22.69,0.59,27.08
673,Dharmapuri,Tamil Nadu,10,7.01,12.56,22.51,30.58,64.84,198.07,509.22,30.09,1.44,31.75,22.09,0.73,26.09
673,Dharmapuri,Tamil Nadu,11,3.41,9.0,10.48,20.25,42.59,157.34,529.37,28.48,1.43,30.08,20.39,1.41,24.44
673,Dharmapuri,Tamil Nadu,12,1.43,5.84,2.54,8.67,26.1,65.7,420.25,27.88,1.27,29.25,18.62,1.58,23.25
674,Dindigul,Tamil Nadu,1,0.45,2.35,0.7,2.12,9.0,34.45,380.08,28.47,0.97,29.68,18.7,1.17,23.59
674,Dindigul,Tamil Nadu,2,0.37,1.51,0.61,1.8,9.24,8.98,160.06,30.83,1.21,32.35,19.37,1.25,25.1
674,Dindigul,Tamil Nadu,3,0.94,4.2,1.5,3.94,21.11,19.74,64.17,33.4,1.32,34.94,21.03,1.27,27.21
674,Dindigul,Tamil Nadu,4,2.39,5.99,6.37,13.55,27.73,46.35,75.53,34.3,1.33,35.71,23.04,0.89,28.67
674,Dindigul,Tamil Nadu,5,3.81,8.53,10.64,18.55,46.83,100.87,168.51,34.13,1.45,35.66,23.69,0.85,28.91
674,Dindigul,Tamil Nadu,6,2.15,6.23,5.19,10.65,32.08,91.75,241.36,32.0,1.35,33.7,23.33,0.61,27.67
674,Dindigul,Tamil Nadu,7,3.44,9.51,7.89,19.36,50.06,79.93,272.85,31.21,1.17,32.69,22.99,0.57,27.1
674,Dindigul,Tamil Nadu,8,5.46,13.11,15.5,27.81,72.81,124.94,295.54,31.26,1.07,32.56,22.64,0.53,26.95
674,Dindigul,Tamil Nadu,9,6.2,10.54,18.76,25.33,51.21,186.99,394.53,31.45,1.17,32.91,22.18,0.55,26.82
674,Dindigul,Tamil Nadu,10,6.93,10.56,19.9,27.87,49.4,188.28,501.96,29.91,1.45,31.7,21.83,0.59,25.87
674,Dindigul,Tamil Nadu,11,6.87,14.78,18.26,31.21,76.32,230.12,606.04,27.89,1.29,29.36,20.96,0.94,24.43
674,Dindigul,Tamil Nadu,12,2.18,6.95,6.01,11.57,27.43,123.89,542.24,27.43,1.12,28.63,19.65,1.22,23.54
675,Erode,Tamil Nadu,1,0.28,1.59,0.35,1.04,5.35,19.12,280.46,28.3,0.97,29.51,17.67,1.28,22.98
675,Erode,Tamil Nadu,2,0.28,1.45,0.31,1.05,6.24,6.44,96.84,30.61,1.23,32.13,18.73,1.37,24.67
675,Erode,Tamil Nadu,3,0.64,2.47,1.47,3.39,9.85,12.94,39.0,33.05,1.33,34.56,20.6,1.33,26.83
675,Erode,Tamil Nadu,4,1.78,3.9,4.66,7.8,20.46,34.64,54.29,33.91,1.35,35.42,22.43,0.9,28.17
675,Erode,Tamil Nadu,5,5.5,10.15,15.23,23.37,47.35,112.32,161.14,33.29,1.63,35.03,22.53,0.86,27.91
675,Erode,Tamil Nadu,6,1.36,3.28,3.42,6.0,17.87,111.79,261.8,30.35,1.63,32.43,21.6,0.66,25.98
675,Erode,Tamil Nadu,7,0.71,1.4,2.09,3.25,7.17,22.75,247.78,29.28,1.32,31.04,21.24,0.54,25.26
675,Erode,Tamil Nadu,8,4.18,8.27,11.03,20.3,42.88,69.77,197.41,29.21,1.18,30.69,21.03,0.51,25.12
675,Erode,Tamil Nadu,9,4.29,6.44,12.54,18.5,32.23,128.83,222.03,29.85,1.19,31.31,20.95,0.56,25.4
675,Erode,Tamil Nadu,10,7.25,10.42,19.47,27.1,50.62,180.47,382.39,28.89,1.3,30.44,20.91,0.69,24.9
675,Erode,Tamil Nadu,11,4.77,10.19,12.75,25.21,51.21,195.86,507.0,27.55,1.23,28.91,19.8,1.22,23.68
675,Erode,Tamil Nadu,12,1.21,4.83,2.67,5.52,20.17,75.92,453.14,27.3,1.16,28.59,18.28,1.47,22.79
676,Kanchipuram,Tamil Nadu,1,0.58,2.93,0.68,2.4,15.76,59.85,586.34,29.62,1.06,30.93,20.42,1.42,25.02
676,Kanchipuram,Tamil Nadu,2,0.14,0.92,0.0,0.11,5.32,6.82,257.98,32.04,1.41,33.82,21.01,1.67,26.53
676,Kanchipuram,Tamil Nadu,3,0.26,2.19,0.0,0.21,9.47,6.21,75.49,34.71,1.4,36.49,23.11,1.73,28.91
676,Kanchipuram,Tamil Nadu,4,0.61,4.16,0.26,1.2,18.12,13.59,26.89,36.43,1.44,38.16,26.14,1.14,31.29
676,Kanchipuram,Tamil Nadu,5,0.88,4.53,0.97,3.85,21.22,25.67,45.77,38.03,1.88,40.26,27.78,1.02,32.9
676,Kanchipuram,Tamil Nadu,6,2.31,8.13,5.8,11.27,30.28,45.5,85.31,36.56,1.73,38.47,27.58,0.91,32.07
676,Kanchipuram,Tamil Nadu,7,3.4,7.41,10.97,18.16,37.63,80.69,152.95,34.94,1.65,36.93,26.62,0.92,30.78
676,Kanchipuram,Tamil Nadu,8,4.1,8.03,12.5,20.36,41.79,117.48,247.03,34.11,1.43,35.83,26.13,0.75,30.12
676,Kanchipuram,Tamil Nadu,9,4.77,9.78,14.64,23.74,44.85,131.79,331.83,33.62,1.44,35.37,25.74,0.69,29.68
676,Kanchipuram,Tamil Nadu,10,8.76,17.34,27.58,43.2,93.84,179.75,430.04,31.72,1.7,33.67,24.64,0.84,28.18
676,Kanchipuram,Tamil Nadu,11,9.92,20.94,31.18,51.93,110.47,339.87,653.25,29.58,1.41,31.18,22.96,1.27,26.27
676,Kanchipuram,Tamil Nadu,12,4.92,13.89,15.7,33.39,65.62,213.08,735.39,28.69,1.05,29.88,21.5,1.4,25.1
677,Kallakkurichi,Tamil Nadu,1,0.74,5.64,0.02,1.15,17.06,51.14,435.61,30.6,1.07,31.87,20.59,1.45,25.59
677,Kallakkurichi,Tamil Nadu,2,0.49,3.64,0.0,0.52,13.87,13.3,208.26,33.13,1.38,34.87,21.06,1.63,27.09
677,Kallakkurichi,Tamil Nadu,3,0.42,3.33,0.0,0.36,12.36,14.54,80.63,35.86,1.39,37.54,22.85,1.68,29.35
677,Kallakkurichi,Tamil Nadu,4,1.09,6.07,0.46,3.52,28.14,22.09,50.11,37.28,1.4,38.91,25.64,1.08,31.46
677,Kallakkurichi,Tamil Nadu,5,2.85,10.25,6.63,16.91,56.42,65.29,102.34,37.89,1.67,39.74,26.95,1.0,32.42
677,Kallakkurichi,Tamil Nadu,6,2.18,6.96,6.09,12.63,34.59,75.95,165.01,36.14,1.5,37.8,26.81,0.76,31.48
677,Kallakkurichi,Tamil Nadu,7,3.0,8.7,8.93,16.2,46.78,64.91,207.4,35.14,1.41,36.89,26.22,0.75,30.68
677,Kallakkurichi,Tamil Nadu,8,5.4,13.58,17.7,33.95,67.11,129.67,270.44,34.58,1.31,36.19,25.79,0.68,30.19
677,Kallakkurichi,Tamil Nadu,9,4.72,10.88,16.06,29.52,53.31,154.86,351.64,34.11,1.38,35.79,25.36,0.68,29.73
677,Kallakkurichi,Tamil Nadu,10,7.0,15.28,24.31,39.77,68.11,166.41,452.86,32.36,1.59,34.21,24.54,0.73,28.45
677,Kallakkurichi,Tamil Nadu,11,7.25,17.44,20.83,47.51,91.65,241.23,562.62,30.31,1.5,31.97,23.03,1.21,26.67
677,Kallakkurichi,Tamil Nadu,12,3.37,11.05,9.09,21.18,61.45,157.25,566.22,29.56,1.2,30.87,21.58,1.41,25.57
678,Kanyakumari,Tamil Nadu,1,1.32,4.26,3.47,8.8,21.66,52.28,457.98,31.72,0.76,32.6,22.77,0.93,27.25
678,Kanyakumari,Tamil Nadu,2,1.69,6.1,3.11,9.15,38.15,40.66,237.48,33.21,0.79,34.17,23.22,0.96,28.21
678,Kanyakumari,Tamil Nadu,3,1.41,4.93,3.35,8.39,24.09,45.14,138.28,34.41,0.85,35.29,24.77,1.03,29.59
678,Kanyakumari,Tamil Nadu,4,4.21,11.22,10.13,21.13,60.99,82.77,168.57,33.99,0.98,35.08,26.55,0.8,30.27
678,Kanyakumari,Tamil Nadu,5,3.2,9.31,8.79,14.77,38.81,116.46,245.69,33.29,1.05,34.36,27.29,0.76,30.29
678,Kanyakumari,Tamil Nadu,6,3.66,8.37,10.09,19.76,40.8,107.52,309.15,31.5,1.06,32.76,26.64,0.69,29.07
678,Kanyakumari,Tamil Nadu,7,2.36,6.64,6.22,10.72,31.44,84.24,307.28,31.29,0.91,32.4,26.1,0.6,28.7
678,Kanyakumari,Tamil Nadu,8,1.38,4.63,2.9,6.44,23.92,50.11,240.91,31.53,0.86,32.51,25.83,0.52,28.68
678,Kanyakumari,Tamil Nadu,9,3.81,9.71,9.27,16.99,58.76,72.92,204.63,31.78,0.85,32.75,25.68,0.49,28.73
678,Kanyakumari,Tamil Nadu,10,6.88,13.12,18.18,30.53,68.25,148.92,272.41,31.13,0.98,32.34,25.31,0.58,28.22
678,Kanyakumari,Tamil Nadu,11,8.64,14.44,25.48,39.52,68.15,269.77,495.06,30.33,0.94,31.34,24.58,0.61,27.46
678,Kanyakumari,Tamil Nadu,12,2.42,6.15,7.79,13.84,32.92,154.51,576.03,30.62,0.82,31.48,23.67,0.88,27.15
679,Karur,Tamil Nadu,1,0.27,1.77,0.01,0.4,7.38,24.59,295.51,31.15,1.04,32.41,20.3,1.3,25.72
679,Karur,Tamil Nadu,2,0.3,1.74,0.0,0.7,11.92,6.15,120.61,33.67,1.31,35.33,20.96,1.43,27.31
679,Karur,Tamil Nadu,3,0.22,1.1,0.13,1.17,5.46,7.63,39.13,36.28,1.35,37.86,22.86,1.51,29.57
679,Karur,Tamil Nadu,4,1.13,3.62,3.24,6.91,21.25,19.15,33.01,37.28,1.37,38.77,25.31,0.97,31.3
679,Karur,Tamil Nadu,5,3.8,9.24,12.64,22.01,47.07,77.14,104.5,37.27,1.53,38.84,26.02,0.91,31.65
679,Karur,Tamil Nadu,6,0.43,1.2,1.18,2.64,6.1,64.23,162.87,35.31,1.38,36.97,25.56,0.63,30.44
679,Karur,Tamil Nadu,7,1.24,3.71,4.18,8.13,19.32,24.28,166.36,34.45,1.26,36.04,25.16,0.62,29.8
679,Karur,Tamil Nadu,8,3.68,8.83,13.29,22.62,42.92,70.71,155.27,34.34,1.16,35.76,24.78,0.58,29.56
679,Karur,Tamil Nadu,9,4.57,8.61,14.41,21.46,40.76,128.82,226.14,34.34,1.3,35.92,24.41,0.59,29.37
679,Karur,Tamil Nadu,10,6.22,10.55,19.08,29.4,47.76,159.59,361.68,32.45,1.55,34.35,23.97,0.63,28.21
679,Karur,Tamil Nadu,11,5.11,11.4,14.53,28.94,60.75,183.39,473.31,30.35,1.42,31.94,22.8,1.07,26.57
679,Karur,Tamil Nadu,12,1.64,5.77,4.55,9.4,28.66,94.79,438.37,29.96,1.24,31.27,21.26,1.35,25.61
680,Madurai,Tamil Nadu,1,0.41,2.17,0.68,1.77,8.36,34.29,358.5,30.79,0.97,31.94,20.38,1.16,25.58
680,Madurai,Tamil Nadu,2,0.36,1.51,0.72,1.96,6.54,8.36,150.6,32.97,1.13,34.34,20.91,1.23,26.94
680,Madurai,Tamil Nadu,3,0.84,3.28,1.39,4.15,19.9,18.56,62.15,35.28,1.21,36.68,22.55,1.24,28.91
680,Madurai,Tamil Nadu,4,2.23,6.13,6.08,12.09,27.44,45.05,72.4,35.96,1.27,37.36,24.48,0.88,30.22
680,Madurai,Tamil Nadu,5,3.4,7.46,10.31,16.26,42.07,89.37,154.32,36.3,1.36,37.71,24.99,0.84,30.64
680,Madurai,Tamil Nadu,6,2.54,6.67,6.69,11.62,34.27,92.99,229.52,34.79,1.3,36.3,24.5,0.61,29.65
680,Madurai,Tamil Nadu,7,4.24,10.5,10.65,20.72,59.05,96.54,279.33,34.1,1.15,35.55,24.15,0.58,29.12
680,Madurai,Tamil Nadu,8,5.66,11.94,17.43,28.55,59.66,139.13,328.99,34.05,1.07,35.33,23.85,0.54,28.95
680,Madurai,Tamil Nadu,9,5.35,8.98,15.65,23.89,42.37,176.06,414.6,33.97,1.2,35.44,23.61,0.53,28.79
680,Madurai,Tamil Nadu,10,6.45,9.82,19.48,27.43,45.48,170.71,486.79,32.01,1.47,33.88,23.48,0.54,27.75
680,Madurai,Tamil Nadu,11,6.49,12.55,17.95,31.25,57.24,218.13,564.76,30.0,1.26,31.41,22.7,0.84,26.35
680,Madurai,Tamil Nadu,12,2.16,6.75,6.35,10.83,31.08,115.38,504.4,29.69,1.1,30.85,21.44,1.15,25.57
681,Nilgiris,Tamil Nadu,1,0.88,2.86,2.51,4.97,16.91,35.49,355.37,23.95,0.86,25.06,12.34,1.28,18.14
681,Nilgiris,Tamil Nadu,2,0.64,2.39,1.63,3.43,9.13,20.81,150.54,25.76,1.05,27.14,13.48,1.33,19.62
681,Nilgiris,Tamil Nadu,3,1.34,4.0,3.61,7.36,19.19,26.92,83.87,27.58,1.13,28.82,15.52,1.25,21.55
681,Nilgiris,Tamil Nadu,4,3.11,4.87,9.25,13.85,22.63,66.48,114.5,27.76,1.16,29.16,17.52,0.84,22.64
681,Nilgiris,Tamil Nadu,5,4.96,6.92,13.69,18.23,32.72,128.73,223.8,26.52,1.48,28.13,17.92,0.81,22.22
681,Nilgiris,Tamil Nadu,6,6.04,10.2,17.4,24.85,45.65,175.43,373.51,23.27,1.57,25.38,17.1,0.74,20.18
681,Nilgiris,Tamil Nadu,7,6.04,8.46,17.94,24.13,37.41,168.78,474.9,22.33,1.17,23.87,16.54,0.56,19.44
681,Nilgiris,Tamil Nadu,8,4.34,6.3,11.82,16.59,29.3,153.72,498.79,22.51,1.08,23.76,16.34,0.52,19.42
681,Nilgiris,Tamil Nadu,9,4.46,5.91,12.01,15.87,28.73,126.85,448.45,23.47,1.03,24.72,16.25,0.54,19.86
681,Nilgiris,Tamil Nadu,10,7.95,10.3,19.92,27.94,45.49,192.08,471.18,23.43,1.01,24.64,16.07,0.69,19.75
681,Nilgiris,Tamil Nadu,11,5.79,11.64,17.64,29.64,61.99,229.2,550.25,22.85,1.0,23.92,14.9,1.21,18.87
681,Nilgiris,Tamil Nadu,12,1.9,6.24,4.96,10.06,29.19,99.49,522.16,22.95,1.0,24.06,13.19,1.51,18.07
682,Nagapattinam,Tamil Nadu,1,0.9,2.93,2.53,4.89,12.85,82.3,688.67,27.7,0.41,28.19,23.73,0.49,25.71
682,Nagapattinam,Tamil Nadu,2,0.36,1.52,0.65,1.88,7.76,15.17,362.62,29.17,0.64,30.0,24.1,0.61,26.63
682,Nagapattinam,Tamil Nadu,3,0.33,1.73,0.37,1.32,7.34,10.94,111.43,31.19,0.67,32.02,25.43,0.73,28.31
682,Nagapattinam,Tamil Nadu,4,0.77,2.43,2.15,3.82,10.29,15.22,41.43,32.69,0.59,33.4,27.29,0.5,29.99
682,Nagapattinam,Tamil Nadu,5,1.61,5.05,3.72,7.36,25.08,41.89,68.35,33.82,0.63,34.57,28.13,0.39,30.97
682,Nagapattinam,Tamil Nadu,6,0.51,1.56,1.28,2.69,8.19,27.66,85.83,33.67,0.56,34.28,27.9,0.29,30.78
682,Nagapattinam,Tamil Nadu,7,0.74,1.82,2.15,3.46,8.01,16.74,86.57,33.26,0.56,33.95,27.35,0.32,30.31
682,Nagapattinam,Tamil Nadu,8,2.14,3.86,6.34,10.18,20.0,43.39,86.67,32.81,0.55,33.47,26.99,0.28,29.9
682,Nagapattinam,Tamil Nadu,9,3.01,5.85,7.75,13.79,29.43,77.73,138.84,32.2,0.65,32.99,26.58,0.36,29.39
682,Nagapattinam,Tamil Nadu,10,6.73,11.23,16.6,25.71,51.05,122.98,245.82,30.51,0.88,31.59,25.7,0.34,28.11
682,Nagapattinam,Tamil Nadu,11,12.5,17.3,30.99,45.45,80.98,335.76,538.33,28.44,0.7,29.33,24.75,0.45,26.59
682,Nagapattinam,Tamil Nadu,12,6.09,12.08,20.12,30.22,52.22,279.33,743.42,27.51,0.47,28.01,24.06,0.49,25.78
683,Namakkal,Tamil Nadu,1,0.31,2.22,0.01,0.48,9.52,24.06,276.2,29.92,1.01,31.13,19.18,1.34,24.55
683,Namakkal,Tamil Nadu,2,0.27,1.9,0.0,0.39,8.61,5.93,111.69,32.34,1.31,34.0,20.15,1.48,26.24
683,Namakkal,Tamil Nadu,3,0.33,1.75,0.19,1.55,8.49,8.74,39.43,34.99,1.35,36.57,22.19,1.57,28.59
683,Namakkal,Tamil Nadu,4,1.3,4.31,3.37,7.15,21.77,23.55,38.39,36.09,1.38,37.61,24.63,1.02,30.36
683,Namakkal,Tamil Nadu,5,4.88,12.08,14.84,27.63,56.42,96.78,129.86,36.05,1.58,37.71,25.31,0.92,30.68
683,Namakkal,Tamil Nadu,6,1.58,4.64,4.44,9.13,22.66,103.14,226.34,33.97,1.43,35.63,24.68,0.66,29.32
683,Namakkal,Tamil Nadu,7,2.17,6.35,6.37,14.11,30.7,47.57,248.87,32.95,1.3,34.62,24.26,0.63,28.61
683,Namakkal,Tamil Nadu,8,3.82,8.77,12.37,21.41,38.51,87.75,234.02,32.62,1.19,34.07,23.95,0.58,28.29
683,Namakkal,Tamil Nadu,9,5.34,10.28,17.67,25.83,49.75,139.24,276.15,32.57,1.29,34.17,23.66,0.61,28.12
683,Namakkal,Tamil Nadu,10,6.8,12.6,22.06,33.18,57.4,191.33,420.64,31.01,1.49,32.74,23.14,0.68,27.07
683,Namakkal,Tamil Nadu,11,4.63,11.86,13.54,24.0,68.77,174.5,507.56,29.25,1.45,30.85,21.67,1.19,25.46
683,Namakkal,Tamil Nadu,12,1.51,6.07,4.05,7.95,26.79,86.77,452.62,28.84,1.25,30.21,19.95,1.44,24.4
684,Perambalur,Tamil Nadu,1,0.51,3.72,0.02,0.88,13.33,44.24,405.95,30.94,1.05,32.19,21.04,1.4,25.99
684,Perambalur,Tamil Nadu,2,0.32,2.11,0.0,0.55,8.76,8.4,186.07,33.5,1.35,35.19,21.37,1.57,27.44
684,Perambalur,Tamil Nadu,3,0.55,3.53,0.0,0.57,19.28,14.88,69.2,36.22,1.34,37.81,23.13,1.67,29.68
684,Perambalur,Tamil Nadu,4,1.13,5.37,0.57,6.0,27.66,22.68,46.32,37.49,1.37,39.09,25.88,1.07,31.69
684,Perambalur,Tamil Nadu,5,3.4,12.22,6.74,24.63,64.46,75.24,113.52,37.99,1.59,39.74,27.03,1.01,32.51
684,Perambalur,Tamil Nadu,6,1.68,5.77,3.89,11.91,27.18,78.33,178.17,36.53,1.42,38.06,26.81,0.72,31.67
684,Perambalur,Tamil Nadu,7,2.61,7.6,8.77,16.88,36.44,55.29,209.96,35.64,1.33,37.3,26.33,0.73,30.98
684,Perambalur,Tamil Nadu,8,4.33,11.13,14.03,26.85,54.35,104.38,236.43,35.13,1.28,36.72,25.97,0.68,30.55
684,Perambalur,Tamil Nadu,9,4.29,10.18,14.9,23.7,51.83,131.94,293.64,34.59,1.39,36.3,25.61,0.7,30.1
684,Perambalur,Tamil Nadu,10,6.85,15.38,23.72,40.65,76.77,155.21,393.14,32.69,1.6,34.56,24.85,0.72,28.77
684,Perambalur,Tamil Nadu,11,6.52,16.32,19.26,35.61,95.45,228.91,516.75,30.57,1.53,32.24,23.46,1.11,27.01
684,Perambalur,Tamil Nadu,12,3.17,10.31,8.45,21.24,58.32,143.36,528.99,29.86,1.2,31.16,22.08,1.33,25.97
685,Pudukkottai,Tamil Nadu,1,0.54,2.51,0.25,2.7,14.25,47.99,450.09,30.32,1.0,31.52,21.33,1.21,25.83
685,Pudukkottai,Tamil Nadu,2,0.43,2.5,0.06,1.47,11.34,11.91,221.42,32.7,1.25,34.23,21.71,1.4,27.2
685,Pudukkottai,Tamil Nadu,3,0.39,1.82,0.13,1.77,9.85,11.93,73.37,35.22,1.26,36.75,23.47,1.52,29.35
685,Pudukkottai,Tamil Nadu,4,1.27,4.82,2.35,7.89,25.14,23.68,47.6,36.31,1.26,37.77,26.01,1.01,31.16
685,Pudukkottai,Tamil Nadu,5,2.95,9.69,7.73,15.62,56.75,71.56,107.74,36.99,1.38,38.47,26.95,0.95,31.97
685,Pudukkottai,Tamil Nadu,6,2.15,7.3,5.07,11.8,39.25,77.93,175.16,35.95,1.22,37.33,26.63,0.66,31.29
685,Pudukkottai,Tamil Nadu,7,3.15,8.64,9.96,19.14,43.05,73.5,224.04,35.29,1.17,36.75,26.18,0.69,30.74
685,Pudukkottai,Tamil Nadu,8,4.34,10.62,13.85,24.73,54.55,105.21,256.47,34.98,1.14,36.41,25.8,0.65,30.39
685,Pudukkottai,Tamil Nadu,9,3.87,7.91,13.89,22.1,37.18,129.1,309.52,34.34,1.29,35.89,25.42,0.65,29.88
685,Pudukkottai,Tamil Nadu,10,6.45,12.69,19.61,30.55,65.25,143.64,378.72,32.33,1.55,34.19,24.71,0.68,28.52
685,Pudukkottai,Tamil Nadu,11,7.92,16.71,23.68,39.11,88.34,237.81,510.85,30.13,1.44,31.79,23.53,0.93,26.83
685,Pudukkottai,Tamil Nadu,12,3.34,10.17,9.54,21.28,49.98,169.51,553.48,29.37,1.12,30.59,22.31,1.15,25.84
686,Ramanathapuram,Tamil Nadu,1,0.8,3.17,1.44,3.77,15.39,56.25,410.9,28.95,0.69,29.76,21.86,0.72,25.41
686,Ramanathapuram,Tamil Nadu,2,0.68,2.49,1.36,4.31,13.22,18.25,219.29,30.74,0.86,31.77,22.3,0.87,26.52
686,Ramanathapuram,Tamil Nadu,3,0.37,1.45,0.68,2.34,7.93,15.1,91.18,32.89,0.9,33.96,23.79,0.93,28.34
686,Ramanathapuram,Tamil Nadu,4,1.79,5.35,3.94,8.87,25.28,32.14,65.47,33.93,0.83,34.87,25.79,0.61,29.86
686,Ramanathapuram,Tamil Nadu,5,1.53,4.46,3.61,7.87,21.63,54.82,102.59,34.85,0.84,35.75,26.62,0.5,30.73
686,Ramanathapuram,Tamil Nadu,6,0.33,1.11,0.7,2.06,6.43,23.87,112.28,34.53,0.77,35.39,26.13,0.4,30.33
686,Ramanathapuram,Tamil Nadu,7,0.1,0.29,0.29,0.71,1.4,4.97,82.74,34.01,0.72,34.9,25.69,0.39,29.85
686,Ramanathapuram,Tamil Nadu,8,0.42,0.98,1.4,2.47,4.74,7.42,34.48,33.67,0.67,34.5,25.44,0.36,29.55
686,Ramanathapuram,Tamil Nadu,9,1.76,3.47,4.58,8.78,17.48,30.96,43.15,33.17,0.83,34.19,25.18,0.38,29.17
686,Ramanathapuram,Tamil Nadu,10,5.27,8.03,13.51,22.13,37.69,97.32,136.84,31.27,1.1,32.67,24.49,0.4,27.88
686,Ramanathapuram,Tamil Nadu,11,6.77,9.9,19.06,27.46,47.54,207.73,338.78,29.08,0.93,30.22,23.48,0.57,26.28
686,Ramanathapuram,Tamil Nadu,12,3.53,8.31,10.48,19.38,40.12,149.65,457.83,28.35,0.75,29.17,22.52,0.71,25.43
687,Ranippettai,Tamil Nadu,1,0.45,2.99,0.03,0.8,12.36,39.99,384.63,30.4,1.22,31.89,19.63,1.54,25.01
687,Ranippettai,Tamil Nadu,2,0.07,0.48,0.0,0.07,2.78,4.88,169.25,33.14,1.55,35.04,20.28,1.77,26.71
687,Ranippettai,Tamil Nadu,3,0.29,2.21,0.0,0.37,9.55,5.39,52.0,35.98,1.48,37.85,22.46,1.79,29.22
687,Ranippettai,Tamil Nadu,4,0.66,3.93,0.26,2.47,17.41,13.18,23.68,37.6,1.5,39.35,25.59,1.17,31.59
687,Ranippettai,Tamil Nadu,5,1.36,5.38,3.5,7.24,18.21,34.71,53.76,38.64,1.92,40.88,27.34,1.08,32.99
687,Ranippettai,Tamil Nadu,6,2.87,8.31,9.22,15.85,35.46,64.27,113.0,36.47,1.79,38.49,27.19,0.95,31.83
687,Ranippettai,Tamil Nadu,7,3.3,7.17,10.92,17.7,34.55,86.19,186.56,34.85,1.7,36.92,26.24,0.92,30.54
687,Ranippettai,Tamil Nadu,8,4.18,8.91,12.94,22.07,45.39,115.79,268.87,34.09,1.46,35.84,25.74,0.75,29.92
687,Ranippettai,Tamil Nadu,9,4.37,8.46,14.08,21.12,36.41,126.98,329.94,33.81,1.47,35.55,25.33,0.68,29.57
687,Ranippettai,Tamil Nadu,10,7.0,14.33,20.52,36.23,73.12,158.76,402.61,32.07,1.73,34.02,24.25,0.85,28.16
687,Ranippettai,Tamil Nadu,11,6.01,13.88,19.41,33.68,71.78,226.58,513.39,29.98,1.51,31.61,22.46,1.41,26.22
687,Ranippettai,Tamil Nadu,12,3.21,9.95,9.19,21.48,50.54,137.58,523.89,29.19,1.21,30.58,20.79,1.57,24.99
688,Salem,Tamil Nadu,1,0.39,2.52,0.29,0.86,11.71,26.15,288.01,29.98,1.03,31.25,19.31,1.37,24.65
688,Salem,Tamil Nadu,2,0.53,3.38,0.47,1.61,14.88,10.53,118.72,32.44,1.33,34.14,20.41,1.52,26.43
688,Salem,Tamil Nadu,3,0.5,2.09,0.71,2.29,12.05,15.51,52.81,35.09,1.36,36.7,22.51,1.58,28.8
688,Salem,Tamil Nadu,4,1.61,4.73,4.11,8.46,23.61,30.1,56.33,36.26,1.37,37.78,24.89,1.01,30.57
688,Salem,Tamil Nadu,5,4.79,10.91,13.64,24.67,50.88,97.37,143.79,36.09,1.61,37.84,25.49,0.9,30.79
688,Salem,Tamil Nadu,6,2.64,7.03,7.36,15.06,33.92,126.14,256.31,33.74,1.48,35.45,24.78,0.68,29.26
688,Salem,Tamil Nadu,7,3.38,8.88,9.69,19.18,47.07,73.93,298.7,32.8,1.33,34.51,24.29,0.62,28.54
688,Salem,Tamil Nadu,8,5.77,13.57,18.21,29.99,60.13,136.63,333.71,32.48,1.2,33.95,23.94,0.56,28.21
688,Salem,Tamil Nadu,9,5.64,9.44,18.03,26.19,44.94,175.83,388.52,32.41,1.27,34.02,23.73,0.59,28.07
688,Salem,Tamil Nadu,10,7.37,11.93,21.36,32.85,54.73,204.37,518.93,30.97,1.42,32.62,23.28,0.68,27.13
688,Salem,Tamil Nadu,11,4.65,11.32,12.97,22.1,56.96,184.82,566.09,29.37,1.4,30.92,21.73,1.26,25.55
688,Salem,Tamil Nadu,12,1.62,5.83,4.03,9.04,25.03,87.6,476.6,28.89,1.22,30.22,20.03,1.47,24.46
689,Sivaganga,Tamil Nadu,1,0.62,3.27,0.28,2.53,15.02,47.15,381.74,29.93,1.0,31.1,20.87,1.14,25.4
689,Sivaganga,Tamil Nadu,2,0.43,2.15,0.18,2.27,11.12,11.15,189.43,32.24,1.22,33.71,21.19,1.32,26.72
689,Sivaganga,Tamil Nadu,3,0.43,2.02,0.32,2.33,11.51,13.03,72.78,34.71,1.29,36.27,22.83,1.4,28.77
689,Sivaganga,Tamil Nadu,4,1.68,6.37,3.51,9.46,30.33,31.86,56.24,35.71,1.27,37.13,25.15,0.96,30.43
689,Sivaganga,Tamil Nadu,5,2.94,9.39,7.53,17.0,52.66,74.32,119.98,36.41,1.35,37.87,26.0,0.91,31.21
689,Sivaganga,Tamil Nadu,6,2.4,7.21,6.84,12.87,40.43,84.21,192.42,35.46,1.21,36.84,25.62,0.64,30.54
689,Sivaganga,Tamil Nadu,7,2.32,6.06,6.87,13.27,31.86,61.71,220.88,34.76,1.14,36.2,25.25,0.66,30.0
689,Sivaganga,Tamil Nadu,8,3.27,7.38,10.28,17.44,37.24,79.99,224.82,34.48,1.08,35.84,24.93,0.62,29.7
689,Sivaganga,Tamil Nadu,9,3.67,7.57,11.75,19.27,35.31,107.63,249.45,33.97,1.25,35.47,24.62,0.61,29.3
689,Sivaganga,Tamil Nadu,10,6.17,11.73,19.04,29.58,52.94,143.29,332.05,31.92,1.55,33.85,24.05,0.63,27.98
689,Sivaganga,Tamil Nadu,11,6.31,12.83,20.21,33.11,64.22,203.53,455.82,29.68,1.38,31.27,23.03,0.86,26.35
689,Sivaganga,Tamil Nadu,12,2.94,9.66,7.69,17.16,49.3,137.28,485.84,28.97,1.12,30.17,21.86,1.08,25.42
690,Teni,Tamil Nadu,1,0.7,2.75,1.71,3.48,14.04,42.9,429.87,27.66,0.84,28.66,17.67,1.09,22.66
690,Teni,Tamil Nadu,2,0.86,2.65,2.17,6.9,12.48,19.54,185.46,29.54,0.99,30.78,18.36,1.11,23.95
690,Teni,Tamil Nadu,3,1.44,4.05,4.39,9.1,19.42,33.17,96.55,31.7,1.17,33.06,19.82,1.04,25.76
690,Teni,Tamil Nadu,4,3.87,7.24,11.16,18.23,29.42,79.45,132.63,32.31,1.21,33.64,21.15,0.81,26.73
690,Teni,Tamil Nadu,5,4.35,7.24,12.17,18.15,33.6,131.44,246.07,32.12,1.36,33.51,21.38,0.79,26.75
690,Teni,Tamil Nadu,6,4.71,11.66,11.25,18.74,54.23,141.61,355.35,29.65,1.37,31.38,21.09,0.63,25.37
690,Teni,Tamil Nadu,7,5.6,10.97,14.81,22.4,62.49,144.62,417.9,29.03,1.13,30.45,20.67,0.54,24.85
690,Teni,Tamil Nadu,8,6.92,13.39,18.53,29.86,70.19,181.04,468.44,29.22,1.05,30.46,20.35,0.5,24.78
690,Teni,Tamil Nadu,9,6.53,8.86,17.98,25.34,38.94,210.25,537.67,29.73,1.09,31.02,19.97,0.5,24.85
690,Teni,Tamil Nadu,10,7.71,9.26,19.09,25.46,41.79,204.07,595.98,28.46,1.35,30.13,20.02,0.55,24.24
690,Teni,Tamil Nadu,11,7.64,13.09,21.46,32.74,65.3,265.0,679.16,26.81,1.14,28.1,19.61,0.8,23.21
690,Teni,Tamil Nadu,12,2.46,7.11,7.13,13.29,35.16,130.58,599.47,26.7,0.99,27.74,18.48,1.15,22.59
691,Tenkasi,Tamil Nadu,1,0.67,2.75,1.44,3.63,11.93,38.1,423.33,32.22,0.85,33.18,21.63,1.07,26.92
691,Tenkasi,Tamil Nadu,2,0.81,2.61,2.29,4.77,13.88,17.95,178.98,34.16,0.96,35.35,21.76,1.05,27.96
691,Tenkasi,Tamil Nadu,3,1.65,5.88,3.85,7.76,28.11,37.62,94.57,36.09,1.09,37.32,22.81,0.97,29.45
691,Tenkasi,Tamil Nadu,4,4.04,8.52,10.85,17.6,44.41,86.47,142.7,36.15,1.16,37.4,24.31,0.85,30.23
691,Tenkasi,Tamil Nadu,5,4.33,8.68,13.35,21.17,40.98,130.35,256.58,35.44,1.27,36.7,25.15,0.82,30.29
691,Tenkasi,Tamil Nadu,6,3.89,9.44,11.17,15.85,52.24,130.64,350.09,33.01,1.29,34.55,25.06,0.68,29.04
691,Tenkasi,Tamil Nadu,7,3.93,8.72,10.61,16.5,45.79,106.95,367.63,32.68,1.08,34.05,24.54,0.59,28.61
691,Tenkasi,Tamil Nadu,8,3.66,8.72,10.17,18.98,44.82,104.93,341.51,32.97,1.04,34.16,24.18,0.56,28.58
691,Tenkasi,Tamil Nadu,9,3.75,6.31,10.7,17.12,28.94,113.88,325.3,33.48,1.04,34.69,23.88,0.52,28.68
691,Tenkasi,Tamil Nadu,10,7.51,10.71,21.28,30.69,49.67,157.47,376.02,32.49,1.24,34.04,23.76,0.54,28.13
691,Tenkasi,Tamil Nadu,11,7.6,11.74,22.2,33.59,52.66,264.84,537.66,31.0,1.09,32.25,23.55,0.67,27.27
691,Tenkasi,Tamil Nadu,12,2.22,5.57,6.85,12.86,26.1,131.88,556.67,31.06,0.95,32.04,22.67,1.05,26.86
692,Thanjavur,Tamil Nadu,1,0.61,2.5,0.9,3.5,10.42,59.83,545.47,30.01,0.88,31.05,21.66,1.12,25.84
692,Thanjavur,Tamil Nadu,2,0.39,1.97,0.24,1.25,11.13,11.86,273.68,32.32,1.16,33.74,21.93,1.29,27.13
692,Thanjavur,Tamil Nadu,3,0.51,2.85,0.23,1.23,16.04,14.46,88.27,34.88,1.15,36.26,23.56,1.41,29.22
692,Thanjavur,Tamil Nadu,4,1.07,4.27,1.31,5.99,21.45,22.01,48.52,36.1,1.13,37.44,26.15,0.92,31.13
692,Thanjavur,Tamil Nadu,5,2.8,9.72,5.73,16.07,57.9,67.34,104.35,37.08,1.3,38.5,27.17,0.86,32.13
692,Thanjavur,Tamil Nadu,6,1.4,4.73,2.87,7.45,25.29,59.57,150.65,36.28,1.15,37.55,26.93,0.6,31.61
692,Thanjavur,Tamil Nadu,7,1.48,4.25,4.59,8.44,22.5,38.55,166.39,35.62,1.11,36.98,26.41,0.63,31.01
692,Thanjavur,Tamil Nadu,8,3.86,9.14,12.93,22.09,43.06,77.05,173.44,35.17,1.09,36.51,26.01,0.58,30.59
692,Thanjavur,Tamil Nadu,9,3.81,7.97,12.5,21.32,37.91,121.07,237.73,34.46,1.22,35.94,25.63,0.6,30.04
692,Thanjavur,Tamil Nadu,10,6.56,13.16,17.6,28.95,68.78,133.28,333.43,32.33,1.46,34.05,24.86,0.61,28.59
692,Thanjavur,Tamil Nadu,11,9.73,18.13,26.53,46.42,89.88,279.99,534.74,30.03,1.32,31.52,23.67,0.86,26.85
692,Thanjavur,Tamil Nadu,12,4.42,11.4,14.49,23.61,56.27,213.84,630.52,29.18,0.98,30.24,22.55,1.05,25.86
693,Thiruvarur,Tamil Nadu,1,0.87,4.61,1.11,4.45,14.47,80.04,725.2,29.11,0.78,30.05,22.67,1.03,25.89
693,Thiruvarur,Tamil Nadu,2,0.57,3.01,0.19,1.27,15.9,18.98,372.32,31.1,1.07,32.41,23.04,1.23,27.07
693,Thiruvarur,Tamil Nadu,3,0.55,3.49,0.11,0.68,15.0,17.84,119.58,33.52,1.12,34.91,24.59,1.36,29.05
693,Thiruvarur,Tamil Nadu,4,1.18,5.7,0.99,5.76,25.5,24.37,61.3,34.94,1.09,36.23,26.92,0.92,30.93
693,Thiruvarur,Tamil Nadu,5,2.58,11.08,2.47,12.83,58.74,66.59,109.29,36.08,1.25,37.5,27.78,0.87,31.93
693,Thiruvarur,Tamil Nadu,6,1.4,5.63,2.41,7.72,30.83,55.13,147.78,35.57,1.11,36.79,27.42,0.62,31.5
693,Thiruvarur,Tamil Nadu,7,1.23,4.35,3.15,7.01,21.23,34.64,157.04,35.02,1.09,36.34,26.82,0.66,30.92
693,Thiruvarur,Tamil Nadu,8,3.22,8.92,10.51,19.78,47.44,63.12,151.29,34.55,1.07,35.87,26.43,0.61,30.49
693,Thiruvarur,Tamil Nadu,9,3.95,10.58,12.48,21.31,54.64,113.8,212.05,33.82,1.18,35.22,26.08,0.63,29.95
693,Thiruvarur,Tamil Nadu,10,7.31,17.19,22.06,37.84,85.11,137.86,316.75,31.83,1.46,33.56,25.29,0.66,28.56
693,Thiruvarur,Tamil Nadu,11,13.56,26.81,39.4,66.65,144.19,367.17,620.0,29.55,1.29,31.07,24.21,0.83,26.88
693,Thiruvarur,Tamil Nadu,12,6.01,15.75,21.28,34.97,83.54,291.76,801.97,28.58,0.91,29.62,23.28,0.97,25.93
694,Tiruchirapalli,Tamil Nadu,1,0.39,2.25,0.13,1.05,9.4,34.3,335.5,30.99,1.05,32.23,20.79,1.33,25.89
694,Tiruchirapalli,Tamil Nadu,2,0.38,2.26,0.02,0.81,11.98,8.75,153.63,33.53,1.33,35.19,21.34,1.5,27.44
694,Tiruchirapalli,Tamil Nadu,3,0.37,1.92,0.09,1.8,9.06,11.55,55.73,36.24,1.36,37.86,23.23,1.6,29.73
694,Tiruchirapalli,Tamil Nadu,4,1.23,4.22,2.71,7.1,23.18,22.37,42.81,37.46,1.38,39.0,25.81,1.05,31.63
694,Tiruchirapalli,Tamil Nadu,5,3.66,10.04,10.82,21.85,54.66,76.19,110.74,37.78,1.54,39.4,26.79,0.99,32.29
694,Tiruchirapalli,Tamil Nadu,6,1.53,4.55,4.15,8.85,23.67,83.23,183.94,36.29,1.35,37.83,26.46,0.68,31.37
694,Tiruchirapalli,Tamil Nadu,7,2.47,6.67,7.96,15.16,30.89,54.67,215.02,35.47,1.28,37.09,26.02,0.7,30.74
694,Tiruchirapalli,Tamil Nadu,8,4.2,9.56,14.04,24.91,47.39,97.13,232.8,35.13,1.22,36.65,25.63,0.66,30.38
694,Tiruchirapalli,Tamil Nadu,9,4.98,9.14,15.68,24.67,41.21,143.62,297.48,34.69,1.37,36.35,25.25,0.67,29.97
694,Tiruchirapalli,Tamil Nadu,10,6.32,11.56,18.9,28.94,58.5,162.47,405.06,32.63,1.6,34.55,24.59,0.69,28.61
694,Tiruchirapalli,Tamil Nadu,11,5.5,12.44,17.68,25.98,66.43,192.08,499.21,30.49,1.5,32.13,23.25,1.07,26.87
694,Tiruchirapalli,Tamil Nadu,12,2.38,7.54,6.93,15.36,38.47,117.36,472.45,29.87,1.23,31.16,21.79,1.31,25.83
695,Tirunelveli,Tamil Nadu,1,0.71,2.96,1.25,3.42,12.61,39.85,424.67,31.43,0.78,32.33,22.14,0.97,26.79
695,Tirunelveli,Tamil Nadu,2,1.19,4.22,2.36,7.13,21.29,25.79,201.85,33.15,0.87,34.19,22.32,0.96,27.73
695,Tirunelveli,Tamil Nadu,3,1.11,3.8,2.82,6.28,18.29,33.95,100.31,34.88,0.98,35.97,23.47,0.93,29.18
695,Tirunelveli,Tamil Nadu,4,3.43,8.37,8.93,15.64,39.22,68.57,128.43,35.02,1.06,36.18,25.04,0.8,30.03
695,Tirunelveli,Tamil Nadu,5,2.64,6.79,7.39,12.92,33.6,95.84,199.55,34.67,1.14,35.82,25.72,0.77,30.2
695,Tirunelveli,Tamil Nadu,6,2.6,7.47,7.06,11.21,38.79,81.62,248.06,32.73,1.18,34.12,25.32,0.65,29.03
695,Tirunelveli,Tamil Nadu,7,1.97,5.53,5.13,8.56,24.24,61.97,238.39,32.46,1.01,33.73,24.78,0.58,28.62
695,Tirunelveli,Tamil Nadu,8,1.7,5.58,3.79,7.93,25.39,48.33,190.99,32.7,0.96,33.81,24.43,0.52,28.56
695,Tirunelveli,Tamil Nadu,9,3.01,7.33,7.66,12.19,36.53,70.0,179.06,33.04,0.96,34.17,24.21,0.48,28.63
695,Tirunelveli,Tamil Nadu,10,6.03,10.04,17.46,27.91,46.01,123.26,241.99,32.0,1.15,33.45,24.11,0.51,28.06
695,Tirunelveli,Tamil Nadu,11,8.25,13.23,24.43,36.48,61.94,252.34,447.89,30.49,1.01,31.64,23.85,0.6,27.17
695,Tirunelveli,Tamil Nadu,12,2.4,6.37,7.37,13.1,33.22,145.98,524.49,30.46,0.86,31.34,23.1,0.92,26.78
696,Tiruppur,Tamil Nadu,1,0.22,1.44,0.11,0.4,7.06,20.29,282.28,29.32,1.0,30.57,18.51,1.25,23.91
696,Tiruppur,Tamil Nadu,2,0.2,0.96,0.12,0.82,5.71,4.3,101.59,31.72,1.24,33.25,19.4,1.3,25.56
696,Tiruppur,Tamil Nadu,3,0.53,2.39,0.72,2.46,11.87,10.61,35.78,34.13,1.31,35.6,21.26,1.3,27.7
696,Tiruppur,Tamil Nadu,4,1.66,4.79,4.85,8.52,23.28,31.26,46.44,34.75,1.34,36.25,23.26,0.87,29.01
696,Tiruppur,Tamil Nadu,5,3.59,8.36,10.79,17.89,41.6,84.14,127.13,33.97,1.55,35.65,23.77,0.82,28.87
696,Tiruppur,Tamil Nadu,6,1.17,2.95,3.46,5.89,13.79,70.58,188.23,31.17,1.5,33.15,23.2,0.63,27.18
696,Tiruppur,Tamil Nadu,7,1.1,2.35,3.09,5.79,12.59,32.84,188.0,30.28,1.22,31.87,22.79,0.54,26.54
696,Tiruppur,Tamil Nadu,8,3.61,8.63,10.91,18.58,43.76,69.1,169.15,30.37,1.12,31.76,22.52,0.5,26.45
696,Tiruppur,Tamil Nadu,9,2.69,4.99,8.06,13.6,23.48,96.26,199.3,31.06,1.15,32.44,22.22,0.54,26.64
696,Tiruppur,Tamil Nadu,10,5.76,9.78,18.43,26.88,45.19,125.73,292.98,29.99,1.35,31.64,21.93,0.63,25.96
696,Tiruppur,Tamil Nadu,11,5.23,11.82,15.66,25.22,63.94,187.64,410.17,28.27,1.22,29.63,20.96,1.07,24.62
696,Tiruppur,Tamil Nadu,12,1.35,5.35,3.09,6.67,21.7,82.74,397.93,28.09,1.16,29.33,19.44,1.37,23.77
697,Tiruppattur,Tamil Nadu,1,0.27,1.95,0.15,0.47,8.2,24.39,239.22,29.23,1.27,30.8,17.96,1.59,23.6
697,Tiruppattur,Tamil Nadu,2,0.23,1.42,0.05,0.31,7.57,5.62,95.31,32.13,1.59,34.11,19.08,1.81,25.61
697,Tiruppattur,Tamil Nadu,3,0.47,2.55,0.28,1.71,12.85,10.66,41.35,35.13,1.57,37.02,21.31,1.82,28.22
697,Tiruppattur,Tamil Nadu,4,1.42,5.95,2.11,6.68,30.13,26.13,42.65,36.58,1.51,38.27,24.04,1.16,30.31
697,Tiruppattur,Tamil Nadu,5,3.6,9.74,11.07,22.01,42.78,75.68,113.37,36.48,1.86,38.56,25.2,0.99,30.84
697,Tiruppattur,Tamil Nadu,6,4.6,12.99,14.79,29.87,67.16,139.58,243.39,33.59,1.68,35.49,24.73,0.82,29.16
697,Tiruppattur,Tamil Nadu,7,4.53,12.11,13.86,27.95,63.07,121.94,339.18,32.43,1.56,34.35,24.05,0.75,28.24
697,Tiruppattur,Tamil Nadu,8,4.35,10.26,14.76,26.49,53.23,130.77,392.75,31.92,1.36,33.57,23.53,0.64,27.72
697,Tiruppattur,Tamil Nadu,9,5.6,11.47,18.77,30.76,56.61,158.03,410.43,31.94,1.39,33.66,23.18,0.62,27.56
697,Tiruppattur,Tamil Nadu,10,6.57,13.73,21.05,32.72,64.75,178.4,467.65,30.51,1.55,32.28,22.33,0.83,26.42
697,Tiruppattur,Tamil Nadu,11,3.24,8.77,9.19,19.43,43.32,156.05,493.8,28.74,1.52,30.45,20.53,1.54,24.63
697,Tiruppattur,Tamil Nadu,12,1.66,6.42,2.48,9.85,37.43,70.38,403.61,27.95,1.32,29.45,18.74,1.68,23.35
698,Tiruvallur,Tamil Nadu,1,0.5,3.43,0.05,1.06,14.57,46.87,519.43,29.29,1.07,30.62,20.41,1.32,24.85
698,Tiruvallur,Tamil Nadu,2,0.17,1.17,0.0,0.04,6.53,7.04,213.4,31.85,1.42,33.63,21.01,1.54,26.43
698,Tiruvallur,Tamil Nadu,3,0.23,2.08,0.0,0.17,5.34,6.59,62.55,34.66,1.39,36.42,23.1,1.6,28.88
698,Tiruvallur,Tamil Nadu,4,0.59,3.85,0.15,0.96,20.31,12.43,26.28,36.49,1.36,38.13,26.06,1.08,31.28
698,Tiruvallur,Tamil Nadu,5,0.8,3.68,0.98,3.81,16.24,22.97,42.24,37.81,1.77,39.89,27.76,0.99,32.79
698,Tiruvallur,Tamil Nadu,6,2.41,10.14,6.08,12.64,39.15,47.63,83.53,36.13,1.69,37.99,27.52,0.91,31.82
698,Tiruvallur,Tamil Nadu,7,2.98,7.07,9.17,17.47,35.95,76.57,148.25,34.41,1.62,36.36,26.51,0.88,30.46
698,Tiruvallur,Tamil Nadu,8,3.85,9.17,12.47,20.87,41.45,106.94,234.17,33.6,1.36,35.2,26.02,0.72,29.81
698,Tiruvallur,Tamil Nadu,9,3.97,9.11,12.24,20.6,42.0,113.44,298.12,33.25,1.37,34.88,25.63,0.64,29.44
698,Tiruvallur,Tamil Nadu,10,8.12,18.0,23.35,43.52,99.03,154.05,375.38,31.48,1.67,33.38,24.51,0.79,27.99
698,Tiruvallur,Tamil Nadu,11,8.87,20.51,26.9,46.37,112.88,317.2,585.97,29.23,1.35,30.72,22.92,1.22,26.07
698,Tiruvallur,Tamil Nadu,12,3.76,12.06,10.43,24.13,52.32,177.32,651.19,28.3,1.02,29.47,21.48,1.32,24.89
699,Tiruvannamalai,Tamil Nadu,1,0.41,2.86,0.05,0.93,9.89,43.48,406.39,29.97,1.16,31.38,19.49,1.51,24.73
699,Tiruvannamalai,Tamil Nadu,2,0.28,1.98,0.0,0.36,10.35,7.2,186.09,32.62,1.48,34.46,20.19,1.74,26.4
699,Tiruvannamalai,Tamil Nadu,3,0.37,2.28,0.04,0.53,12.1,10.5,62.95,35.41,1.45,37.23,22.22,1.77,28.82
699,Tiruvannamalai,Tamil Nadu,4,0.94,4.71,0.78,3.27,26.84,18.49,36.41,36.96,1.47,38.64,25.13,1.13,31.05
699,Tiruvannamalai,Tamil Nadu,5,2.75,8.93,7.94,16.08,40.38,59.48,88.94,37.75,1.82,39.85,26.63,1.03,32.19
699,Tiruvannamalai,Tamil Nadu,6,3.67,11.31,10.24,22.42,51.56,99.99,179.51,35.63,1.66,37.47,26.49,0.85,31.06
699,Tiruvannamalai,Tamil Nadu,7,3.74,9.53,11.25,20.89,47.19,100.22,261.81,34.31,1.57,36.23,25.69,0.83,30.0
699,Tiruvannamalai,Tamil Nadu,8,4.77,10.12,16.19,27.61,48.21,130.71,332.08,33.67,1.38,35.34,25.18,0.71,29.43
699,Tiruvannamalai,Tamil Nadu,9,5.32,10.57,16.5,26.41,53.0,155.29,386.74,33.38,1.41,35.12,24.77,0.67,29.08
699,Tiruvannamalai,Tamil Nadu,10,7.16,14.58,21.76,36.66,71.15,179.49,466.86,31.65,1.64,33.46,23.84,0.8,27.74
699,Tiruvannamalai,Tamil Nadu,11,6.54,15.47,21.09,40.19,76.64,230.97,566.79,29.65,1.5,31.29,22.13,1.37,25.89
699,Tiruvannamalai,Tamil Nadu,12,3.48,11.37,9.97,18.67,62.31,147.94,558.86,28.85,1.22,30.24,20.52,1.54,24.69
700,Tuticorin,Tamil Nadu,1,0.53,2.36,0.99,2.81,10.02,35.65,388.67,30.66,0.8,31.61,22.3,0.94,26.48
700,Tuticorin,Tamil Nadu,2,0.86,3.16,1.84,4.8,17.27,18.39,183.36,32.39,0.93,33.48,22.6,1.0,27.5
700,Tuticorin,Tamil Nadu,3,0.75,3.09,1.45,3.32,16.48,23.45,78.37,34.21,1.1,35.48,23.89,1.04,29.05
700,Tuticorin,Tamil Nadu,4,2.46,7.06,6.09,12.44,34.24,49.03,90.94,34.8,1.19,36.18,25.65,0.77,30.22
700,Tuticorin,Tamil Nadu,5,1.93,5.2,5.62,9.38,26.05,69.32,142.6,35.51,1.15,36.75,26.26,0.66,30.88
700,Tuticorin,Tamil Nadu,6,1.55,4.52,4.22,6.93,24.04,52.9,172.8,34.39,1.17,35.74,25.62,0.54,30.01
700,Tuticorin,Tamil Nadu,7,0.55,1.74,1.31,2.85,8.93,25.88,147.29,33.97,1.01,35.21,25.16,0.47,29.57
700,Tuticorin,Tamil Nadu,8,0.65,1.9,1.74,3.59,9.99,15.99,93.11,34.01,0.93,35.08,24.89,0.42,29.45
700,Tuticorin,Tamil Nadu,9,1.61,3.47,4.93,7.67,17.58,34.12,74.47,33.98,1.03,35.18,24.78,0.42,29.38
700,Tuticorin,Tamil Nadu,10,4.81,7.87,14.16,22.66,35.33,86.45,137.21,32.22,1.36,33.97,24.5,0.48,28.36
700,Tuticorin,Tamil Nadu,11,7.81,12.04,23.56,31.48,52.44,222.22,344.97,30.15,1.04,31.39,23.89,0.62,27.02
700,Tuticorin,Tamil Nadu,12,2.31,6.43,7.44,12.88,30.81,138.27,450.43,29.8,0.86,30.74,23.1,0.89,26.45
701,Vellore,Tamil Nadu,1,0.28,2.04,0.0,0.43,7.35,26.98,276.93,29.39,1.26,30.93,18.16,1.57,23.77
701,Vellore,Tamil Nadu,2,0.2,1.36,0.0,0.18,8.03,5.07,115.11,32.25,1.58,34.23,19.12,1.79,25.69
701,Vellore,Tamil Nadu,3,0.36,2.15,0.03,0.86,9.1,8.98,42.02,35.27,1.57,37.2,21.28,1.79,28.27
701,Vellore,Tamil Nadu,4,1.03,4.6,1.09,5.03,29.23,19.43,33.69,36.88,1.5,38.61,24.22,1.17,30.55
701,Vellore,Tamil Nadu,5,2.54,7.91,7.34,14.63,42.51,55.58,84.61,37.28,1.88,39.37,25.79,1.02,31.53
701,Vellore,Tamil Nadu,6,3.54,9.78,11.45,21.79,49.27,99.49,175.95,34.54,1.75,36.48,25.46,0.87,30.0
701,Vellore,Tamil Nadu,7,4.79,11.69,15.47,26.06,60.37,114.94,271.66,33.1,1.63,35.15,24.66,0.81,28.88
701,Vellore,Tamil Nadu,8,4.34,9.79,14.95,24.02,49.7,138.43,355.07,32.47,1.4,34.12,24.15,0.67,28.31
701,Vellore,Tamil Nadu,9,5.21,10.51,17.43,27.07,46.19,146.05,401.03,32.38,1.42,34.13,23.77,0.62,28.08
701,Vellore,Tamil Nadu,10,6.3,12.96,21.64,35.03,59.45,166.35,450.83,30.85,1.62,32.7,22.74,0.86,26.8
701,Vellore,Tamil Nadu,11,4.19,10.67,13.92,25.18,56.32,172.56,486.09,28.95,1.52,30.6,20.81,1.53,24.88
701,Vellore,Tamil Nadu,12,2.01,7.16,4.65,12.26,38.67,90.57,428.87,28.18,1.28,29.64,19.03,1.67,23.6
702,Villupuram,Tamil Nadu,1,0.56,3.69,0.58,1.63,14.99,55.78,558.43,29.69,0.98,30.87,20.86,1.38,25.27
702,Villupuram,Tamil Nadu,2,0.21,1.29,0.0,0.46,6.5,7.19,262.03,31.96,1.31,33.63,21.33,1.63,26.65
702,Villupuram,Tamil Nadu,3,0.28,2.1,0.0,0.18,11.29,7.96,73.46,34.49,1.33,36.18,23.2,1.71,28.85
702,Villupuram,Tamil Nadu,4,0.58,3.25,0.52,1.57,14.3,12.99,28.37,36.04,1.37,37.7,26.1,1.1,31.07
702,Villupuram,Tamil Nadu,5,2.0,7.95,2.91,10.58,44.27,43.73,64.96,37.42,1.71,39.45,27.6,0.98,32.51
702,Villupuram,Tamil Nadu,6,2.13,6.45,5.79,13.81,34.6,59.05,116.9,36.22,1.54,37.89,27.43,0.82,31.83
702,Villupuram,Tamil Nadu,7,2.68,6.77,7.98,14.01,29.01,65.71,170.05,35.02,1.47,36.83,26.63,0.83,30.83
702,Villupuram,Tamil Nadu,8,4.36,9.77,13.4,24.76,45.69,110.0,235.67,34.32,1.35,35.95,26.15,0.72,30.24
702,Villupuram,Tamil Nadu,9,4.67,9.4,14.82,23.61,43.53,136.34,313.61,33.77,1.4,35.45,25.74,0.7,29.76
702,Villupuram,Tamil Nadu,10,7.52,14.75,24.27,36.45,78.8,165.56,413.68,31.84,1.62,33.69,24.76,0.78,28.3
702,Villupuram,Tamil Nadu,11,9.93,21.31,30.16,54.55,111.25,303.94,606.97,29.73,1.4,31.29,23.19,1.18,26.46
702,Villupuram,Tamil Nadu,12,4.69,13.58,13.77,31.23,69.45,220.7,692.73,28.9,1.07,30.06,21.8,1.34,25.35
703,Virudhunagar,Tamil Nadu,1,0.54,3.13,0.94,2.11,11.2,38.38,370.88,31.24,0.91,32.28,21.16,1.09,26.2
703,Virudhunagar,Tamil Nadu,2,0.51,2.02,1.03,2.91,7.85,12.08,160.49,33.38,1.07,34.63,21.34,1.14,27.36
703,Virudhunagar,Tamil Nadu,3,1.1,3.82,2.26,5.84,22.14,24.58,76.0,35.57,1.17,36.92,22.63,1.12,29.1
703,Virudhunagar,Tamil Nadu,4,2.96,8.55,8.28,13.43,38.58,60.94,98.11,35.95,1.22,37.28,24.45,0.86,30.2
703,Virudhunagar,Tamil Nadu,5,2.94,6.23,8.46,12.8,33.77,92.76,179.93,36.26,1.28,37.58,24.99,0.81,30.63
703,Virudhunagar,Tamil Nadu,6,2.89,7.59,6.89,11.79,42.63,91.78,247.41,34.81,1.28,36.3,24.52,0.63,29.67
703,Virudhunagar,Tamil Nadu,7,2.26,4.81,6.65,9.37,27.41,69.53,253.74,34.27,1.12,35.67,24.12,0.57,29.19
703,Virudhunagar,Tamil Nadu,8,2.81,5.9,7.86,13.99,28.77,70.34,230.71,34.3,1.04,35.54,23.84,0.53,29.07
703,Virudhunagar,Tamil Nadu,9,2.78,4.28,7.73,11.63,21.42,88.13,227.09,34.27,1.13,35.63,23.66,0.52,28.97
703,Virudhunagar,Tamil Nadu,10,5.85,8.67,15.89,25.27,41.71,120.58,279.5,32.4,1.41,34.24,23.64,0.52,28.02
703,Virudhunagar,Tamil Nadu,11,6.71,12.28,19.89,33.39,57.01,222.52,432.36,30.41,1.18,31.76,23.17,0.72,26.79
703,Virudhunagar,Tamil Nadu,12,2.33,6.91,6.73,11.89,34.39,117.95,463.3,30.15,1.01,31.21,22.19,1.04,26.17
704,Krishnagiri,Tamil Nadu,1,0.24,2.36,0.04,0.24,3.82,16.23,171.94,28.3,1.23,29.85,16.37,1.58,22.33
704,Krishnagiri,Tamil Nadu,2,0.35,2.68,0.04,0.35,12.32,6.64,59.75,31.0,1.53,32.9,17.73,1.73,24.36
704,Krishnagiri,Tamil Nadu,3,0.43,1.96,0.45,2.05,10.02,11.78,35.01,33.73,1.52,35.53,20.14,1.76,26.93
704,Krishnagiri,Tamil Nadu,4,1.63,5.04,4.22,10.17,27.09,26.77,45.38,34.91,1.44,36.53,22.69,1.09,28.8
704,Krishnagiri,Tamil Nadu,5,4.28,9.38,12.85,21.83,46.6,90.35,129.85,34.28,1.75,36.17,23.58,0.9,28.93
704,Krishnagiri,Tamil Nadu,6,3.34,9.16,9.54,20.85,46.97,137.0,256.69,31.18,1.62,33.04,22.91,0.73,27.05
704,Krishnagiri,Tamil Nadu,7,3.03,8.23,8.53,18.82,40.6,77.22,305.76,30.07,1.44,31.88,22.34,0.65,26.2
704,Krishnagiri,Tamil Nadu,8,5.47,13.58,16.18,34.8,65.77,122.01,333.54,29.66,1.24,31.19,21.86,0.56,25.76
704,Krishnagiri,Tamil Nadu,9,5.47,9.93,18.94,28.14,43.41,173.46,373.09,29.99,1.28,31.63,21.52,0.58,25.76
704,Krishnagiri,Tamil Nadu,10,6.61,12.75,18.82,30.08,64.75,192.34,490.21,28.97,1.41,30.55,20.79,0.81,24.88
704,Krishnagiri,Tamil Nadu,11,2.15,5.82,6.4,11.85,26.5,126.5,493.1,27.54,1.45,29.15,18.95,1.57,23.24
704,Krishnagiri,Tamil Nadu,12,0.94,4.16,1.36,4.57,21.82,40.43,357.55,26.97,1.32,28.44,17.07,1.71,22.02
708,Disputed (Sabar Kantha & Sirohi),Disputed (Rajathan & Gujarat),1,0.02,0.19,0.0,0.0,0.72,0.71,11.08,22.13,2.37,25.22,7.75,2.09,14.94
708,Disputed (Sabar Kantha & Sirohi),Disputed (Rajathan & Gujarat),2,0.05,0.58,0.0,0.0,0.74,0.75,2.38,24.92,2.89,28.74,10.31,2.74,17.62
708,Disputed (Sabar Kantha & Sirohi),Disputed (Rajathan & Gujarat),3,0.02,0.32,0.0,0.0,0.41,1.28,2.74,30.25,3.03,34.09,15.55,2.79,22.9
708,Disputed (Sabar Kantha & Sirohi),Disputed (Rajathan & Gujarat),4,0.02,0.21,0.0,0.0,0.27,0.53,2.58,34.63,2.44,37.68,20.14,2.21,27.39
708,Disputed (Sabar Kantha & Sirohi),Disputed (Rajathan & Gujarat),5,0.08,0.68,0.0,0.08,2.26,1.77,3.56,36.58,1.92,38.9,23.11,1.47,29.84
708,Disputed (Sabar Kantha & Sirohi),Disputed (Rajathan & Gujarat),6,3.1,11.25,8.85,20.28,58.41,34.18,36.53,34.0,2.76,37.6,24.01,1.36,29.0
708,Disputed (Sabar Kantha & Sirohi),Disputed (Rajathan & Gujarat),7,17.77,47.6,59.8,101.73,230.82,311.82,350.04,28.64,2.35,31.77,22.77,1.19,25.7
708,Disputed (Sabar Kantha & Sirohi),Disputed (Rajathan & Gujarat),8,14.01,38.05,45.88,79.26,182.76,536.93,903.31,27.09,1.6,29.05,21.82,0.94,24.45
708,Disputed (Sabar Kantha & Sirohi),Disputed (Rajathan & Gujarat),9,7.44,25.32,20.61,44.92,131.85,306.04,1176.02,28.96,2.08,31.73,21.24,1.14,25.1
708,Disputed (Sabar Kantha & Sirohi),Disputed (Rajathan & Gujarat),10,0.93,5.74,0.0,0.0,33.1,101.74,936.5,30.41,1.79,32.55,18.38,2.28,24.4
708,Disputed (Sabar Kantha & Sirohi),Disputed (Rajathan & Gujarat),11,0.06,0.73,0.0,0.0,1.1,10.27,408.36,27.0,2.04,29.46,13.47,2.33,20.24
708,Disputed (Sabar Kantha & Sirohi),Disputed (Rajathan & Gujarat),12,0.02,0.2,0.0,0.0,0.27,0.92,106.5,23.57,2.17,26.06,9.14,2.24,16.36
709,Dadra & Nagar Haveli,Dadra & Nagar Haveli & Daman & Diu,1,0.0,0.03,0.0,0.0,0.06,0.3,24.17,29.71,1.68,31.8,16.06,1.74,22.88
709,Dadra & Nagar Haveli,Dadra & Nagar Haveli & Daman & Diu,2,0.0,0.07,0.0,0.0,0.04,0.1,4.52,31.63,2.12,34.38,17.07,1.92,24.35
709,Dadra & Nagar Haveli,Dadra & Nagar Haveli & Daman & Diu,3,0.0,0.03,0.0,0.0,0.08,0.12,0.54,35.13,2.09,37.81,19.92,1.82,27.53
709,Dadra & Nagar Haveli,Dadra & Nagar Haveli & Daman & Diu,4,0.01,0.12,0.0,0.0,0.11,0.13,0.36,37.07,1.48,38.99,22.94,1.56,30.01
709,Dadra & Nagar Haveli,Dadra & Nagar Haveli & Daman & Diu,5,0.19,1.8,0.0,0.4,2.87,1.32,1.57,36.66,1.18,38.12,26.21,1.21,31.43
709,Dadra & Nagar Haveli,Dadra & Nagar Haveli & Daman & Diu,6,13.96,38.41,35.4,73.25,173.39,154.83,156.31,33.13,2.27,36.2,27.04,0.97,30.09
709,Dadra & Nagar Haveli,Dadra & Nagar Haveli & Daman & Diu,7,21.8,32.09,65.0,93.16,151.79,581.11,746.62,29.87,1.32,31.58,26.08,0.73,27.98
709,Dadra & Nagar Haveli,Dadra & Nagar Haveli & Daman & Diu,8,15.04,24.32,39.01,59.96,118.1,607.23,1373.56,29.34,1.1,30.7,25.42,0.61,27.38
709,Dadra & Nagar Haveli,Dadra & Nagar Haveli & Daman & Diu,9,8.58,18.96,24.36,39.55,104.67,321.58,1519.88,30.6,1.37,32.38,24.94,0.7,27.77
709,Dadra & Nagar Haveli,Dadra & Nagar Haveli & Daman & Diu,10,2.08,8.75,4.28,10.84,34.38,163.71,1083.23,33.5,1.51,35.22,23.18,1.66,28.34
709,Dadra & Nagar Haveli,Dadra & Nagar Haveli & Daman & Diu,11,0.37,2.44,0.34,0.99,7.14,21.04,497.35,32.53,1.33,34.17,20.66,2.11,26.59
709,Dadra & Nagar Haveli,Dadra & Nagar Haveli & Daman & Diu,12,0.03,0.41,0.0,0.0,0.32,4.53,182.45,30.57,1.47,32.28,17.77,1.9,24.17
710,Baksa,Assam,1,0.72,3.87,0.66,2.34,20.88,16.06,68.19,22.78,1.9,25.14,11.3,1.44,17.04
710,Baksa,Assam,2,0.74,2.62,1.4,4.87,14.17,21.06,49.84,24.98,2.26,27.75,13.25,1.85,19.11
710,Baksa,Assam,3,2.08,7.02,6.48,12.86,29.7,31.38,68.62,28.73,2.37,31.72,16.9,1.99,22.81
710,Baksa,Assam,4,6.23,10.31,19.0,26.59,46.4,122.96,175.65,29.71,2.19,32.49,20.25,1.68,24.98
710,Baksa,Assam,5,13.06,20.78,39.17,55.52,93.04,299.91,458.22,30.18,1.73,32.33,23.17,1.45,26.67
710,Baksa,Assam,6,15.63,20.35,39.14,55.5,92.93,441.03,871.64,31.01,1.45,32.83,25.6,0.91,28.3
710,Baksa,Assam,7,14.15,19.38,37.26,53.21,92.44,466.85,1214.77,30.98,1.42,32.79,26.16,0.73,28.57
710,Baksa,Assam,8,9.44,14.47,28.51,40.21,65.97,323.27,1233.05,31.3,1.35,33.0,26.22,0.68,28.76
710,Baksa,Assam,9,11.85,21.85,37.05,55.28,105.61,340.41,1125.31,30.81,1.54,32.8,25.1,0.94,27.95
710,Baksa,Assam,10,3.37,10.36,8.95,19.42,59.94,222.77,882.7,29.96,1.59,31.85,21.33,2.09,25.65
710,Baksa,Assam,11,0.47,2.19,0.61,1.6,12.08,42.39,603.64,27.53,1.68,29.68,16.28,1.76,21.91
710,Baksa,Assam,12,0.42,3.08,0.15,1.01,9.34,13.58,269.41,24.31,1.77,26.54,12.71,1.62,18.51
711,Barpeta,Assam,1,0.37,1.88,0.24,1.82,8.85,8.95,68.8,22.89,1.82,25.17,12.27,1.45,17.58
711,Barpeta,Assam,2,0.74,3.11,0.73,4.08,17.15,15.1,32.06,25.38,2.17,28.07,14.24,1.84,19.81
711,Barpeta,Assam,3,1.81,5.68,5.49,12.5,28.96,29.63,53.56,29.19,2.24,31.98,17.98,2.04,23.58
711,Barpeta,Assam,4,6.48,11.18,20.29,28.1,49.27,119.03,164.11,30.24,2.17,32.95,21.33,1.71,25.78
711,Barpeta,Assam,5,14.8,23.31,43.59,63.74,107.14,343.0,495.68,30.73,1.81,32.94,23.96,1.47,27.34
711,Barpeta,Assam,6,13.73,20.12,40.83,57.54,90.4,434.68,906.12,31.54,1.5,33.48,26.03,0.92,28.79
711,Barpeta,Assam,7,16.18,24.74,50.46,70.59,104.22,471.41,1255.89,31.64,1.45,33.52,26.45,0.78,29.05
711,Barpeta,Assam,8,10.83,17.86,33.89,51.51,79.27,369.1,1276.07,31.99,1.39,33.76,26.54,0.71,29.26
711,Barpeta,Assam,9,12.54,23.84,40.48,62.03,109.13,365.45,1205.98,31.41,1.6,33.46,25.63,0.91,28.52
711,Barpeta,Assam,10,4.4,16.46,11.34,24.62,85.76,252.17,982.07,30.31,1.64,32.28,22.73,1.82,26.52
711,Barpeta,Assam,11,0.39,2.25,0.18,1.38,11.05,55.74,671.14,27.76,1.61,29.84,17.71,1.87,22.74
711,Barpeta,Assam,12,0.2,1.47,0.03,0.48,4.57,8.63,307.0,24.48,1.68,26.59,13.75,1.65,19.12
712,Biswanath,Assam,1,0.71,3.03,1.29,3.98,14.25,16.99,75.88,25.46,1.85,27.73,15.38,1.51,20.42
712,Biswanath,Assam,2,1.17,3.69,3.16,6.97,19.95,28.5,55.69,27.54,2.27,30.41,17.63,1.84,22.59
712,Biswanath,Assam,3,2.63,8.19,7.04,15.54,43.62,46.41,91.38,30.76,2.28,33.72,21.07,1.85,25.91
712,Biswanath,Assam,4,5.91,11.99,20.23,31.94,58.73,130.89,206.19,31.83,2.2,34.54,24.11,1.63,27.97
712,Biswanath,Assam,5,10.1,20.19,34.09,55.94,95.15,243.59,424.05,33.25,2.05,35.77,26.91,1.55,30.08
712,Biswanath,Assam,6,13.13,18.63,37.65,53.77,82.12,346.89,726.58,34.4,1.62,36.53,29.25,0.97,31.83
712,Biswanath,Assam,7,12.5,15.64,33.57,44.4,68.78,397.1,993.16,34.42,1.52,36.4,29.74,0.8,32.08
712,Biswanath,Assam,8,11.29,14.77,30.55,43.36,64.08,351.45,1099.46,34.78,1.45,36.64,29.87,0.75,32.33
712,Biswanath,Assam,9,11.6,18.1,30.89,48.28,88.85,357.36,1104.33,34.18,1.7,36.44,28.9,0.96,31.54
712,Biswanath,Assam,10,4.5,13.62,10.42,31.24,72.15,249.99,957.43,33.16,1.78,35.38,25.7,1.95,29.43
712,Biswanath,Assam,11,0.53,2.06,1.04,3.36,10.2,52.32,656.68,30.29,1.79,32.52,20.65,1.83,25.47
712,Biswanath,Assam,12,0.42,1.43,0.99,3.24,7.21,10.83,304.64,26.83,1.7,29.01,16.76,1.7,21.79
713,Bongaigaon,Assam,1,0.35,1.98,0.19,1.22,9.96,10.81,71.93,21.6,1.84,23.98,11.32,1.44,16.46
713,Bongaigaon,Assam,2,0.67,3.12,0.56,3.75,15.82,13.38,34.37,24.09,2.16,26.77,13.25,1.83,18.67
713,Bongaigaon,Assam,3,1.81,6.56,4.22,12.45,31.25,27.89,52.14,27.95,2.23,30.73,17.03,2.05,22.49
713,Bongaigaon,Assam,4,6.78,12.51,22.81,32.45,53.29,125.73,167.37,29.08,2.18,31.77,20.42,1.72,24.75
713,Bongaigaon,Assam,5,15.05,26.28,46.51,67.07,120.72,339.01,496.74,29.52,1.78,31.76,22.95,1.48,26.24
713,Bongaigaon,Assam,6,16.18,25.25,48.06,66.84,123.05,483.9,957.93,30.29,1.48,32.19,24.92,0.94,27.6
713,Bongaigaon,Assam,7,19.08,30.23,54.09,85.0,144.82,569.11,1400.24,30.4,1.44,32.26,25.3,0.83,27.85
713,Bongaigaon,Assam,8,12.93,24.17,37.28,60.19,123.07,420.69,1477.86,30.78,1.39,32.56,25.37,0.74,28.08
713,Bongaigaon,Assam,9,16.62,33.03,51.35,83.9,150.99,466.46,1455.46,30.17,1.58,32.17,24.47,0.94,27.32
713,Bongaigaon,Assam,10,5.04,15.67,15.03,31.69,83.62,331.61,1214.56,29.02,1.61,30.93,21.61,1.84,25.32
713,Bongaigaon,Assam,11,0.38,2.29,0.1,1.12,11.53,55.5,851.68,26.52,1.59,28.55,16.61,1.82,21.57
713,Bongaigaon,Assam,12,0.35,3.02,0.01,0.3,11.58,10.35,384.5,23.24,1.69,25.33,12.75,1.63,17.99
714,Cachar,Assam,1,0.42,1.62,0.73,2.27,8.38,12.64,117.58,24.12,1.9,26.39,12.1,1.61,18.11
714,Cachar,Assam,2,1.5,5.19,3.55,8.12,23.41,24.57,55.51,26.59,2.24,29.42,14.27,1.97,20.43
714,Cachar,Assam,3,5.63,12.05,19.53,29.27,57.11,91.8,129.03,29.76,2.31,32.67,18.14,2.11,23.95
714,Cachar,Assam,4,12.32,19.02,32.73,45.99,86.12,287.31,405.6,30.84,2.17,33.49,21.49,1.56,26.17
714,Cachar,Assam,5,17.31,22.69,44.37,61.92,93.66,437.54,823.69,31.37,1.95,33.7,23.96,1.49,27.67
714,Cachar,Assam,6,20.72,22.12,48.69,62.07,93.48,587.41,1320.75,31.82,1.56,33.81,26.02,0.89,28.92
714,Cachar,Assam,7,14.7,15.39,34.26,42.91,66.24,538.03,1569.13,31.69,1.48,33.63,26.45,0.73,29.07
714,Cachar,Assam,8,14.28,14.97,32.91,42.19,64.23,430.94,1554.55,31.89,1.4,33.64,26.58,0.68,29.23
714,Cachar,Assam,9,13.5,17.68,35.45,47.82,82.82,429.38,1389.12,31.61,1.63,33.73,25.77,0.9,28.69
714,Cachar,Assam,10,6.82,14.14,22.27,36.41,67.0,311.62,1170.93,30.86,1.72,32.91,23.09,1.79,26.98
714,Cachar,Assam,11,1.28,5.1,2.32,6.89,26.29,92.99,830.09,28.45,1.66,30.51,18.21,2.05,23.33
714,Cachar,Assam,12,0.4,1.92,0.73,1.66,8.14,19.12,415.22,25.31,1.67,27.51,13.92,1.78,19.61
715,Charaideo,Assam,1,0.91,3.9,1.59,4.8,16.42,19.43,80.67,24.07,1.9,26.4,13.73,1.51,18.9
715,Charaideo,Assam,2,2.8,8.72,7.83,15.83,46.83,58.17,88.25,26.12,2.38,29.05,15.96,1.83,21.04
715,Charaideo,Assam,3,4.69,13.88,13.53,30.69,79.13,94.84,171.04,29.12,2.37,32.22,19.36,1.76,24.24
715,Charaideo,Assam,4,8.26,17.89,30.16,47.2,81.93,208.98,362.39,30.39,2.3,33.27,22.27,1.56,26.33
715,Charaideo,Assam,5,10.47,25.52,34.66,68.63,121.62,278.24,585.34,32.21,2.23,34.97,25.12,1.58,28.66
715,Charaideo,Assam,6,14.26,24.35,45.59,67.8,102.85,359.95,851.4,33.39,1.74,35.64,27.56,0.99,30.48
715,Charaideo,Assam,7,17.16,23.77,51.73,70.55,100.23,506.42,1149.51,33.24,1.62,35.33,28.06,0.81,30.65
715,Charaideo,Assam,8,14.6,21.1,40.43,56.59,89.8,455.77,1331.35,33.74,1.53,35.65,28.2,0.75,30.97
715,Charaideo,Assam,9,11.82,20.75,37.33,56.63,94.99,412.52,1376.77,33.05,1.82,35.43,27.15,0.94,30.1
715,Charaideo,Assam,10,4.65,15.23,11.92,29.6,80.85,257.79,1122.19,31.71,1.87,34.02,24.33,1.85,28.02
715,Charaideo,Assam,11,0.58,2.57,0.9,3.81,12.16,53.8,718.11,28.64,1.82,30.93,19.18,1.9,23.91
715,Charaideo,Assam,12,0.46,1.73,1.03,2.76,9.13,11.34,314.21,25.3,1.7,27.42,15.09,1.71,20.2
716,Chirang,Assam,1,0.46,2.12,0.79,1.96,11.01,10.2,59.27,21.88,1.91,24.34,11.51,1.48,16.69
716,Chirang,Assam,2,0.97,3.76,1.84,6.4,17.06,19.16,36.67,24.04,2.19,26.84,13.44,1.8,18.74
716,Chirang,Assam,3,2.05,6.1,6.42,14.44,28.92,35.05,64.45,28.0,2.34,30.99,16.86,1.93,22.43
716,Chirang,Assam,4,6.87,11.25,20.44,30.19,51.59,132.73,187.29,29.27,2.19,32.1,20.0,1.67,24.64
716,Chirang,Assam,5,11.5,18.56,35.47,49.3,86.17,283.22,454.92,29.65,1.67,31.77,22.75,1.44,26.2
716,Chirang,Assam,6,18.43,23.46,48.46,65.75,109.52,464.56,887.69,30.28,1.43,32.03,24.99,0.89,27.64
716,Chirang,Assam,7,19.57,26.96,54.73,78.05,123.73,605.75,1360.94,30.26,1.46,32.11,25.47,0.76,27.87
716,Chirang,Assam,8,12.57,20.44,36.76,54.86,97.68,428.18,1508.92,30.66,1.38,32.48,25.49,0.67,28.08
716,Chirang,Assam,9,15.08,27.86,43.53,72.28,117.75,442.81,1473.56,30.17,1.54,32.18,24.42,0.91,27.3
716,Chirang,Assam,10,4.03,11.76,11.79,24.1,64.78,283.89,1148.99,29.31,1.55,31.15,20.88,2.09,25.09
716,Chirang,Assam,11,0.43,2.35,0.58,1.19,12.75,45.38,769.01,26.96,1.68,29.18,15.95,1.7,21.45
716,Chirang,Assam,12,0.2,1.33,0.11,0.64,5.39,7.9,325.12,23.68,1.79,25.9,12.62,1.65,18.15
717,Darrang,Assam,1,0.4,1.82,0.58,1.64,7.94,9.45,58.69,22.88,1.8,25.13,13.23,1.48,18.05
717,Darrang,Assam,2,0.6,2.31,1.02,3.57,11.53,14.27,34.48,25.4,2.25,28.22,15.21,1.8,20.31
717,Darrang,Assam,3,2.05,6.39,6.34,12.96,29.69,29.07,52.78,29.21,2.32,32.19,18.62,1.9,23.92
717,Darrang,Assam,4,6.22,11.35,19.84,28.52,48.94,121.41,165.18,30.46,2.2,33.21,21.62,1.68,26.04
717,Darrang,Assam,5,13.64,22.09,40.41,58.03,101.3,310.05,464.46,31.13,1.93,33.47,24.4,1.51,27.76
717,Darrang,Assam,6,13.62,18.13,37.3,50.68,81.44,411.51,851.06,32.05,1.56,34.08,26.64,0.93,29.34
717,Darrang,Assam,7,10.93,14.78,30.2,42.47,68.46,386.2,1114.55,32.1,1.49,34.01,27.1,0.76,29.6
717,Darrang,Assam,8,10.15,16.27,29.07,41.0,73.41,298.31,1093.37,32.42,1.43,34.21,27.16,0.71,29.79
717,Darrang,Assam,9,8.1,13.93,23.36,37.31,70.29,287.68,967.5,31.83,1.66,33.99,26.26,0.92,29.05
717,Darrang,Assam,10,3.11,7.98,10.08,20.27,40.54,166.26,750.26,30.52,1.75,32.67,23.54,1.76,27.03
717,Darrang,Assam,11,0.51,2.26,0.65,2.34,13.27,41.72,491.01,27.63,1.72,29.88,18.75,1.85,23.19
717,Darrang,Assam,12,0.28,1.74,0.26,0.79,5.37,11.69,213.92,24.24,1.65,26.37,14.79,1.68,19.52
718,Dhemaji,Assam,1,1.01,3.81,2.35,6.38,17.52,22.19,88.51,24.81,1.89,27.14,14.74,1.55,19.78
718,Dhemaji,Assam,2,2.43,7.55,7.43,13.93,37.15,54.12,87.47,26.51,2.32,29.37,17.27,1.88,21.89
718,Dhemaji,Assam,3,4.12,13.2,11.03,23.6,67.49,82.9,157.97,29.31,2.33,32.4,20.72,1.75,25.01
718,Dhemaji,Assam,4,7.44,16.86,24.68,44.81,82.08,181.14,318.5,30.63,2.28,33.43,23.49,1.54,27.06
718,Dhemaji,Assam,5,11.14,25.87,36.85,69.99,133.96,290.81,558.32,32.67,2.21,35.43,26.23,1.59,29.45
718,Dhemaji,Assam,6,16.46,27.8,53.95,74.16,128.26,377.26,854.49,33.87,1.74,36.14,28.63,1.04,31.25
718,Dhemaji,Assam,7,19.07,27.64,54.42,80.01,124.6,584.57,1260.29,33.73,1.62,35.73,29.1,0.89,31.42
718,Dhemaji,Assam,8,15.16,23.17,45.14,63.56,120.58,497.01,1471.07,34.34,1.53,36.28,29.22,0.8,31.78
718,Dhemaji,Assam,9,12.67,21.59,40.46,59.26,95.42,436.73,1519.7,33.67,1.84,36.07,28.15,0.98,30.91
718,Dhemaji,Assam,10,4.66,14.33,12.74,29.03,75.66,257.67,1185.91,32.45,1.84,34.69,25.26,1.88,28.86
718,Dhemaji,Assam,11,0.59,2.4,1.35,3.71,12.58,58.29,746.13,29.53,1.85,31.89,19.97,1.89,24.75
718,Dhemaji,Assam,12,0.54,1.96,1.09,4.04,11.04,12.31,319.09,26.2,1.72,28.34,15.88,1.71,21.04
719,Dhubri,Assam,1,0.47,2.93,0.26,1.29,14.0,9.23,70.54,22.08,1.83,24.44,11.42,1.46,16.75
719,Dhubri,Assam,2,0.5,2.25,0.49,2.61,12.57,13.29,28.91,24.71,2.14,27.33,13.33,1.82,19.02
719,Dhubri,Assam,3,1.5,5.07,3.99,10.35,26.19,21.44,43.9,28.71,2.24,31.52,17.19,2.08,22.95
719,Dhubri,Assam,4,6.21,10.94,18.97,28.5,49.45,113.11,148.07,29.9,2.26,32.75,20.69,1.7,25.29
719,Dhubri,Assam,5,14.55,22.37,43.22,58.68,97.63,317.34,455.72,29.98,1.78,32.27,23.18,1.45,26.58
719,Dhubri,Assam,6,20.18,29.23,54.85,80.97,136.29,531.95,971.24,30.55,1.46,32.45,25.06,0.93,27.8
719,Dhubri,Assam,7,20.06,29.92,56.48,79.66,143.61,647.32,1507.23,30.63,1.4,32.43,25.44,0.81,28.03
719,Dhubri,Assam,8,15.74,29.93,46.19,78.57,137.39,478.55,1665.55,30.98,1.36,32.7,25.49,0.73,28.24
719,Dhubri,Assam,9,17.14,33.69,52.63,80.01,146.64,513.04,1634.79,30.38,1.54,32.32,24.67,0.92,27.52
719,Dhubri,Assam,10,5.52,17.71,15.51,32.96,88.94,356.14,1344.33,29.32,1.58,31.15,21.9,1.82,25.61
719,Dhubri,Assam,11,0.44,2.62,0.32,1.45,13.11,60.55,925.76,26.88,1.52,28.83,17.03,1.83,21.95
719,Dhubri,Assam,12,0.1,1.02,0.0,0.03,2.06,6.86,410.72,23.68,1.68,25.72,13.06,1.63,18.37
720,Dibrugarh,Assam,1,0.94,3.38,2.38,5.63,13.96,21.43,84.64,23.52,1.86,25.81,14.13,1.5,18.82
720,Dibrugarh,Assam,2,2.58,7.35,7.28,14.73,42.41,54.2,87.76,25.49,2.32,28.31,16.39,1.83,20.94
720,Dibrugarh,Assam,3,4.32,11.97,10.67,23.43,66.66,88.92,163.39,28.43,2.34,31.5,19.72,1.74,24.08
720,Dibrugarh,Assam,4,7.87,15.51,25.36,42.28,74.71,195.3,338.9,29.81,2.29,32.65,22.42,1.56,26.12
720,Dibrugarh,Assam,5,9.89,21.87,32.34,58.82,107.92,271.2,558.72,31.83,2.24,34.61,25.17,1.58,28.5
720,Dibrugarh,Assam,6,14.37,21.66,41.54,61.05,96.5,339.7,810.62,33.1,1.76,35.37,27.48,1.02,30.29
720,Dibrugarh,Assam,7,17.81,22.08,49.09,62.62,100.21,523.69,1139.82,32.98,1.64,35.03,27.93,0.85,30.46
720,Dibrugarh,Assam,8,13.58,18.4,36.79,48.52,92.07,453.29,1327.8,33.53,1.55,35.48,28.07,0.77,30.8
720,Dibrugarh,Assam,9,11.42,17.84,34.25,48.85,88.75,388.66,1368.35,32.79,1.86,35.19,27.07,0.97,29.93
720,Dibrugarh,Assam,10,4.44,12.73,10.73,27.36,64.77,242.19,1078.64,31.32,1.88,33.68,24.47,1.77,27.89
720,Dibrugarh,Assam,11,0.54,2.08,1.09,3.39,9.97,54.27,679.65,28.12,1.83,30.45,19.55,1.86,23.84
720,Dibrugarh,Assam,12,0.56,1.89,1.36,3.98,10.25,13.03,301.25,24.76,1.68,26.85,15.48,1.69,20.12
721,Dima Hasao,Assam,1,0.48,2.14,0.72,1.96,10.93,12.06,97.75,21.79,1.86,24.07,11.09,1.54,16.44
721,Dima Hasao,Assam,2,1.32,4.6,2.78,6.89,25.06,23.1,50.67,24.27,2.24,27.07,13.23,1.87,18.75
721,Dima Hasao,Assam,3,3.16,8.2,11.36,21.21,37.74,58.32,93.38,27.67,2.3,30.56,16.77,1.95,22.22
721,Dima Hasao,Assam,4,7.16,12.88,22.65,33.28,59.38,159.52,241.89,28.91,2.2,31.57,19.87,1.56,24.39
721,Dima Hasao,Assam,5,10.61,19.38,28.56,44.31,81.13,268.16,489.92,29.63,2.0,32.06,22.37,1.5,26.0
721,Dima Hasao,Assam,6,14.18,20.27,37.23,49.78,87.25,376.83,810.04,30.34,1.59,32.38,24.54,0.91,27.44
721,Dima Hasao,Assam,7,10.72,14.37,26.76,38.49,71.56,378.29,1028.13,30.24,1.52,32.24,25.0,0.73,27.62
721,Dima Hasao,Assam,8,9.74,13.51,25.62,36.46,60.51,307.03,1063.83,30.43,1.42,32.22,25.14,0.69,27.78
721,Dima Hasao,Assam,9,9.99,14.95,28.18,41.04,64.69,302.92,982.56,30.04,1.64,32.19,24.35,0.87,27.2
721,Dima Hasao,Assam,10,5.75,15.38,16.54,33.67,63.48,246.92,855.71,28.9,1.74,31.03,21.8,1.68,25.35
721,Dima Hasao,Assam,11,0.93,4.38,1.09,4.67,20.06,75.99,624.05,26.16,1.65,28.18,16.99,1.98,21.58
721,Dima Hasao,Assam,12,0.23,1.17,0.24,0.87,5.26,15.87,333.51,22.99,1.67,25.17,12.81,1.72,17.9
722,Goalpara,Assam,1,0.36,2.01,0.21,1.34,8.07,9.11,77.94,22.18,1.82,24.54,11.64,1.47,16.91
722,Goalpara,Assam,2,0.57,2.48,0.68,3.64,11.62,12.54,29.77,24.93,2.17,27.64,13.45,1.85,19.19
722,Goalpara,Assam,3,1.9,5.89,6.32,13.82,28.56,26.66,48.25,28.87,2.23,31.62,17.35,2.12,23.11
722,Goalpara,Assam,4,6.82,12.04,21.23,31.56,54.17,126.68,166.28,29.97,2.2,32.7,20.81,1.72,25.39
722,Goalpara,Assam,5,16.43,25.43,46.17,67.02,121.74,365.43,523.08,30.22,1.8,32.47,23.34,1.48,26.78
722,Goalpara,Assam,6,16.11,22.76,45.74,62.24,101.85,493.6,995.75,30.87,1.47,32.76,25.36,0.92,28.12
722,Goalpara,Assam,7,20.16,28.07,58.79,82.31,120.18,585.48,1453.63,30.95,1.42,32.77,25.76,0.78,28.35
722,Goalpara,Assam,8,15.02,26.14,44.58,68.54,131.94,479.37,1562.32,31.26,1.37,32.99,25.81,0.71,28.54
722,Goalpara,Assam,9,12.24,22.99,37.28,59.63,102.28,420.03,1486.4,30.69,1.57,32.7,24.93,0.9,27.81
722,Goalpara,Assam,10,5.74,18.81,16.2,30.1,98.43,285.8,1179.05,29.48,1.64,31.43,22.24,1.73,25.86
722,Goalpara,Assam,11,0.4,2.31,0.14,1.57,9.89,66.38,766.82,26.81,1.56,28.8,17.47,1.85,22.14
722,Goalpara,Assam,12,0.21,2.13,0.02,0.29,3.44,8.5,352.46,23.56,1.64,25.59,13.42,1.67,18.49
723,Golaghat,Assam,1,0.84,2.55,2.18,4.96,13.43,17.92,79.28,24.09,1.81,26.32,14.54,1.49,19.31
723,Golaghat,Assam,2,1.34,3.11,4.59,7.54,13.93,32.96,62.65,26.31,2.26,29.19,16.75,1.82,21.53
723,Golaghat,Assam,3,3.06,6.53,11.02,17.42,30.47,54.21,104.48,29.58,2.29,32.53,20.03,1.81,24.81
723,Golaghat,Assam,4,6.26,8.72,18.24,24.74,39.73,147.8,235.44,30.94,2.22,33.71,22.82,1.62,26.88
723,Golaghat,Assam,5,9.14,11.78,25.28,34.87,50.3,234.91,440.05,32.45,2.11,35.05,25.57,1.56,29.01
723,Golaghat,Assam,6,12.47,11.9,29.66,37.87,50.3,317.11,704.34,33.59,1.66,35.73,27.87,0.94,30.73
723,Golaghat,Assam,7,14.19,12.58,30.84,39.62,53.09,421.46,978.44,33.58,1.55,35.59,28.33,0.75,30.95
723,Golaghat,Assam,8,13.2,12.48,31.76,39.11,54.39,405.7,1151.32,33.88,1.47,35.73,28.51,0.72,31.19
723,Golaghat,Assam,9,10.38,11.24,25.46,34.43,45.38,359.86,1188.8,33.22,1.74,35.52,27.61,0.92,30.42
723,Golaghat,Assam,10,4.3,8.68,13.43,22.68,42.26,226.49,989.61,31.8,1.82,34.08,25.01,1.74,28.4
723,Golaghat,Assam,11,0.61,2.03,1.22,3.32,11.15,53.28,633.95,28.65,1.73,30.79,20.2,1.86,24.43
723,Golaghat,Assam,12,0.4,1.25,1.15,2.39,6.18,12.7,285.24,25.3,1.64,27.42,16.07,1.7,20.68
724,Hailakandi,Assam,1,0.51,2.01,1.05,2.74,10.76,13.07,111.51,23.1,1.88,25.34,10.64,1.63,16.87
724,Hailakandi,Assam,2,1.31,4.51,3.55,6.79,20.28,24.83,54.27,25.78,2.22,28.58,12.78,1.98,19.28
724,Hailakandi,Assam,3,5.45,12.25,18.95,28.97,64.98,85.92,123.69,29.07,2.29,31.92,16.76,2.18,22.92
724,Hailakandi,Assam,4,10.82,15.78,31.1,43.89,69.78,258.88,371.39,30.13,2.17,32.73,20.17,1.59,25.15
724,Hailakandi,Assam,5,18.66,24.25,51.78,70.17,104.24,433.08,784.37,30.51,1.94,32.84,22.58,1.47,26.55
724,Hailakandi,Assam,6,21.74,22.7,50.69,68.03,104.29,632.14,1332.68,30.84,1.53,32.77,24.64,0.86,27.74
724,Hailakandi,Assam,7,16.07,16.89,37.82,48.07,78.64,575.69,1649.48,30.71,1.45,32.58,25.08,0.69,27.89
724,Hailakandi,Assam,8,16.1,17.03,37.83,51.4,73.03,478.18,1683.76,30.88,1.37,32.53,25.19,0.64,28.03
724,Hailakandi,Assam,9,14.26,16.9,35.22,47.44,69.64,464.31,1509.48,30.55,1.61,32.64,24.44,0.86,27.49
724,Hailakandi,Assam,10,6.71,13.97,22.64,35.21,59.13,320.99,1262.42,29.67,1.7,31.73,21.96,1.72,25.82
724,Hailakandi,Assam,11,1.13,4.3,2.35,6.61,22.63,88.35,868.31,27.26,1.62,29.22,17.1,2.09,22.18
724,Hailakandi,Assam,12,0.38,1.44,0.78,2.32,6.84,17.4,417.56,24.17,1.63,26.29,12.63,1.82,18.4
725,Hojai,Assam,1,0.47,2.32,0.63,1.83,13.56,11.28,73.92,23.71,1.86,25.99,12.82,1.52,18.27
725,Hojai,Assam,2,1.07,4.37,1.69,6.68,22.31,20.72,44.4,26.13,2.29,29.04,14.94,1.81,20.54
725,Hojai,Assam,3,2.54,7.66,8.26,17.26,38.35,46.34,78.05,29.75,2.34,32.76,18.31,1.91,24.03
725,Hojai,Assam,4,4.54,9.47,16.38,22.7,42.8,110.11,177.85,30.91,2.27,33.7,21.43,1.65,26.17
725,Hojai,Assam,5,9.15,18.79,28.23,42.71,89.99,212.14,371.23,31.66,2.05,34.2,24.21,1.51,27.93
725,Hojai,Assam,6,11.59,18.72,34.58,50.6,75.12,300.81,627.45,32.53,1.62,34.66,26.5,0.91,29.52
725,Hojai,Assam,7,11.84,18.36,33.36,45.53,76.98,367.03,885.67,32.48,1.55,34.49,26.98,0.72,29.73
725,Hojai,Assam,8,11.03,17.01,32.56,47.31,72.22,342.13,1014.59,32.68,1.45,34.5,27.13,0.69,29.9
725,Hojai,Assam,9,7.67,12.52,25.15,36.13,53.78,285.6,994.72,32.19,1.69,34.4,26.3,0.87,29.25
725,Hojai,Assam,10,4.12,11.34,13.12,26.25,51.72,182.46,807.61,30.98,1.77,33.16,23.65,1.74,27.31
725,Hojai,Assam,11,0.65,3.51,0.5,2.61,16.71,54.35,517.24,28.23,1.69,30.31,18.6,1.95,23.41
725,Hojai,Assam,12,0.21,1.2,0.08,0.53,5.11,12.68,245.2,25.03,1.68,27.23,14.37,1.74,19.7
726,Jorhat,Assam,1,0.94,3.46,2.54,5.27,14.66,19.04,82.17,24.52,1.85,26.81,14.47,1.5,19.5
726,Jorhat,Assam,2,1.69,3.97,5.72,9.31,18.4,41.0,72.34,26.68,2.3,29.54,16.75,1.85,21.72
726,Jorhat,Assam,3,3.49,8.69,11.89,19.99,48.63,63.85,122.98,29.77,2.31,32.78,20.2,1.81,24.98
726,Jorhat,Assam,4,7.33,12.39,22.76,34.32,56.9,173.85,279.09,31.05,2.24,33.84,23.14,1.62,27.1
726,Jorhat,Assam,5,10.0,16.92,32.8,50.1,77.84,260.12,501.29,32.74,2.16,35.4,25.97,1.58,29.35
726,Jorhat,Assam,6,13.14,16.1,35.75,48.03,66.19,337.37,776.26,34.02,1.7,36.17,28.28,0.95,31.15
726,Jorhat,Assam,7,15.32,15.23,35.6,46.45,66.28,456.72,1058.91,33.97,1.57,36.02,28.71,0.75,31.34
726,Jorhat,Assam,8,14.25,14.78,34.06,45.23,62.06,434.45,1236.1,34.34,1.49,36.19,28.87,0.72,31.61
726,Jorhat,Assam,9,11.13,14.27,30.28,41.49,62.67,386.21,1279.55,33.64,1.78,35.96,27.86,0.92,30.75
726,Jorhat,Assam,10,4.57,11.11,14.79,26.43,59.24,246.29,1064.48,32.15,1.84,34.42,25.25,1.78,28.7
726,Jorhat,Assam,11,0.64,2.17,1.68,3.93,11.88,53.99,680.46,29.02,1.76,31.24,20.17,1.9,24.6
726,Jorhat,Assam,12,0.44,1.52,1.23,2.82,6.95,13.83,306.2,25.72,1.65,27.86,15.92,1.71,20.82
727,Kamrup Metro,Assam,1,0.37,2.77,0.14,1.05,8.32,8.96,63.24,22.73,1.81,24.99,12.35,1.49,17.54
727,Kamrup Metro,Assam,2,0.62,2.76,0.7,3.36,14.78,14.1,32.01,25.3,2.22,28.09,14.19,1.8,19.74
727,Kamrup Metro,Assam,3,2.06,7.08,5.11,13.55,37.29,29.4,52.29,29.04,2.28,31.96,17.64,1.97,23.34
727,Kamrup Metro,Assam,4,6.48,13.42,22.48,34.69,67.66,128.04,171.97,30.14,2.23,32.94,20.79,1.69,25.47
727,Kamrup Metro,Assam,5,12.32,22.93,37.87,55.55,102.07,293.28,454.63,30.63,1.93,32.95,23.58,1.53,27.11
727,Kamrup Metro,Assam,6,12.49,19.83,34.06,54.34,96.94,357.38,786.23,31.41,1.55,33.4,25.88,0.94,28.65
727,Kamrup Metro,Assam,7,11.96,17.35,32.62,48.34,74.04,395.81,1052.44,31.45,1.49,33.37,26.37,0.76,28.91
727,Kamrup Metro,Assam,8,11.77,17.31,33.21,47.17,75.02,345.32,1099.41,31.82,1.42,33.6,26.43,0.71,29.13
727,Kamrup Metro,Assam,9,7.48,14.36,23.53,34.83,71.91,300.0,1039.82,31.31,1.65,33.46,25.55,0.91,28.43
727,Kamrup Metro,Assam,10,3.72,11.55,12.27,22.83,62.42,167.43,810.18,30.12,1.73,32.24,22.84,1.72,26.48
727,Kamrup Metro,Assam,11,0.43,2.33,0.22,1.71,11.14,48.67,510.09,27.36,1.68,29.52,18.02,1.9,22.69
727,Kamrup Metro,Assam,12,0.21,1.43,0.02,0.51,6.61,9.52,220.82,24.09,1.65,26.23,13.96,1.72,19.02
728,Kamrup Rural,Assam,1,0.32,1.86,0.23,1.26,8.07,7.43,65.12,22.91,1.83,25.22,12.12,1.49,17.51
728,Kamrup Rural,Assam,2,0.75,2.8,1.33,4.85,15.31,14.84,29.71,25.58,2.22,28.3,13.95,1.85,19.76
728,Kamrup Rural,Assam,3,2.04,6.36,6.42,14.18,30.36,31.67,53.81,29.4,2.28,32.25,17.65,2.07,23.53
728,Kamrup Rural,Assam,4,6.89,11.6,21.97,32.83,50.15,130.03,176.95,30.51,2.23,33.28,21.01,1.71,25.76
728,Kamrup Rural,Assam,5,13.67,20.22,39.2,52.08,99.83,326.91,492.78,30.86,1.87,33.1,23.74,1.51,27.3
728,Kamrup Rural,Assam,6,13.02,17.28,35.95,49.96,77.99,394.64,860.17,31.54,1.52,33.5,25.96,0.93,28.75
728,Kamrup Rural,Assam,7,14.28,19.85,39.93,52.48,104.23,433.37,1161.22,31.58,1.46,33.46,26.41,0.76,28.99
728,Kamrup Rural,Assam,8,11.72,16.29,30.95,44.2,80.28,373.1,1201.94,31.89,1.4,33.67,26.48,0.7,29.18
728,Kamrup Rural,Assam,9,8.5,14.71,24.73,36.39,61.55,315.0,1121.46,31.39,1.62,33.46,25.55,0.91,28.47
728,Kamrup Rural,Assam,10,4.22,15.07,10.26,20.5,68.06,189.23,873.16,30.25,1.7,32.31,22.73,1.76,26.49
728,Kamrup Rural,Assam,11,0.38,1.8,0.49,2.05,8.26,54.44,553.38,27.55,1.65,29.7,17.89,1.88,22.72
728,Kamrup Rural,Assam,12,0.16,1.19,0.08,0.54,3.09,8.12,246.24,24.27,1.65,26.37,13.83,1.71,19.05
729,Karbi Anglong,Assam,1,0.67,2.84,1.15,3.22,13.28,15.0,78.84,21.52,1.81,23.73,11.93,1.5,16.72
729,Karbi Anglong,Assam,2,1.16,3.73,3.09,6.47,18.2,26.83,54.59,23.93,2.27,26.85,14.05,1.8,18.99
729,Karbi Anglong,Assam,3,2.83,7.15,9.03,15.43,34.88,47.56,88.95,27.43,2.31,30.44,17.3,1.84,22.36
729,Karbi Anglong,Assam,4,5.65,9.88,16.29,24.21,43.17,136.54,211.46,28.77,2.23,31.51,20.11,1.63,24.44
729,Karbi Anglong,Assam,5,9.11,13.32,26.13,37.91,57.82,230.77,417.79,29.99,2.08,32.58,22.81,1.53,26.4
729,Karbi Anglong,Assam,6,12.48,16.91,32.79,46.15,75.8,310.34,682.35,31.0,1.63,33.12,25.13,0.93,28.07
729,Karbi Anglong,Assam,7,11.76,15.09,28.2,40.2,68.61,378.79,925.26,30.96,1.54,32.96,25.63,0.74,28.29
729,Karbi Anglong,Assam,8,11.86,14.97,30.71,44.43,70.03,357.13,1051.27,31.18,1.46,33.03,25.78,0.71,28.48
729,Karbi Anglong,Assam,9,9.37,13.45,25.36,36.07,60.2,323.64,1058.59,30.64,1.72,32.91,24.9,0.91,27.77
729,Karbi Anglong,Assam,10,4.31,10.53,13.55,22.21,55.86,207.9,887.29,29.23,1.83,31.55,22.32,1.71,25.78
729,Karbi Anglong,Assam,11,0.63,2.96,1.21,2.75,13.44,55.46,582.1,26.13,1.74,28.29,17.56,1.89,21.84
729,Karbi Anglong,Assam,12,0.32,1.44,0.44,1.43,7.15,13.33,270.67,22.79,1.65,24.94,13.44,1.7,18.12
730,Karimganj,Assam,1,0.75,3.99,0.91,1.97,21.0,15.5,105.34,22.82,1.77,24.96,10.85,1.59,16.83
730,Karimganj,Assam,2,1.23,4.76,3.05,6.47,18.41,27.92,56.59,25.42,2.16,28.13,12.88,1.96,19.15
730,Karimganj,Assam,3,5.66,11.85,16.73,26.81,60.67,85.93,129.43,28.59,2.28,31.47,16.86,2.19,22.72
730,Karimganj,Assam,4,10.88,15.07,27.16,40.54,72.93,268.6,384.16,29.55,2.14,32.23,20.27,1.55,24.91
730,Karimganj,Assam,5,19.4,23.42,48.87,64.43,115.96,445.35,806.48,30.03,1.89,32.37,22.59,1.38,26.31
730,Karimganj,Assam,6,21.87,20.84,48.73,62.8,91.33,643.78,1366.51,30.41,1.53,32.34,24.52,0.8,27.47
730,Karimganj,Assam,7,17.08,16.19,37.94,49.75,72.04,588.86,1686.77,30.27,1.44,32.09,24.89,0.65,27.58
730,Karimganj,Assam,8,15.91,15.7,35.08,46.24,70.03,491.79,1722.24,30.47,1.34,32.06,24.95,0.6,27.71
730,Karimganj,Assam,9,14.88,16.83,35.62,49.21,77.32,471.17,1543.91,30.14,1.56,32.1,24.23,0.83,27.18
730,Karimganj,Assam,10,6.67,13.22,20.99,32.02,67.21,331.92,1293.01,29.27,1.62,31.27,21.8,1.74,25.53
730,Karimganj,Assam,11,0.98,3.66,1.73,6.35,16.82,83.2,881.5,26.96,1.56,28.89,17.01,2.04,21.99
730,Karimganj,Assam,12,0.35,1.55,0.79,1.81,6.14,14.83,420.02,23.9,1.6,25.95,12.73,1.74,18.32
731,Kokrajhar,Assam,1,0.44,2.72,0.39,1.28,13.74,8.89,59.95,22.54,1.86,24.89,12.25,1.44,17.4
731,Kokrajhar,Assam,2,0.79,3.35,1.22,5.14,15.34,16.8,31.93,24.88,2.14,27.51,14.2,1.8,19.54
731,Kokrajhar,Assam,3,1.61,5.64,4.03,10.65,25.39,26.84,52.4,28.92,2.28,31.81,17.75,1.98,23.34
731,Kokrajhar,Assam,4,6.44,11.35,19.83,28.93,50.54,118.4,162.21,30.31,2.19,33.1,21.09,1.7,25.7
731,Kokrajhar,Assam,5,13.06,21.09,39.68,56.42,101.29,298.56,447.5,30.51,1.71,32.71,23.72,1.45,27.11
731,Kokrajhar,Assam,6,21.33,29.88,60.96,81.22,138.98,527.11,952.17,31.05,1.42,32.89,25.71,0.92,28.38
731,Kokrajhar,Assam,7,22.29,31.45,64.87,85.27,144.25,701.38,1537.42,31.07,1.4,32.9,26.11,0.81,28.59
731,Kokrajhar,Assam,8,16.12,29.25,47.05,81.72,142.12,511.63,1752.55,31.49,1.36,33.22,26.13,0.72,28.81
731,Kokrajhar,Assam,9,15.73,29.54,46.07,76.39,143.35,507.91,1717.5,30.96,1.53,32.91,25.22,0.92,28.09
731,Kokrajhar,Assam,10,4.57,14.14,12.76,29.47,70.45,308.44,1321.46,30.12,1.55,31.91,22.0,1.98,26.06
731,Kokrajhar,Assam,11,0.38,2.11,0.31,1.28,8.08,49.37,859.85,27.75,1.64,29.87,17.07,1.72,22.41
731,Kokrajhar,Assam,12,0.12,0.84,0.02,0.28,4.12,6.76,352.39,24.38,1.75,26.5,13.56,1.61,18.97
732,Lakhimpur,Assam,1,1.04,3.92,2.52,6.05,20.71,23.72,93.86,25.23,1.86,27.54,15.1,1.52,20.16
732,Lakhimpur,Assam,2,2.09,6.07,6.54,11.8,29.62,49.18,85.65,27.04,2.28,29.84,17.57,1.87,22.31
732,Lakhimpur,Assam,3,3.65,11.96,9.01,21.39,63.79,72.81,144.59,29.94,2.29,32.94,21.03,1.77,25.49
732,Lakhimpur,Assam,4,6.39,14.27,21.25,39.34,70.05,151.78,274.06,31.19,2.24,33.95,23.88,1.56,27.54
732,Lakhimpur,Assam,5,11.91,26.19,39.15,75.65,119.6,283.79,511.55,33.09,2.15,35.76,26.62,1.57,29.86
732,Lakhimpur,Assam,6,16.47,25.37,54.43,72.23,110.06,410.85,851.97,34.35,1.69,36.47,28.98,0.98,31.66
732,Lakhimpur,Assam,7,18.49,24.12,50.65,71.12,109.74,559.01,1262.15,34.32,1.58,36.35,29.41,0.82,31.87
732,Lakhimpur,Assam,8,15.3,20.36,42.89,55.11,98.97,495.19,1474.6,34.82,1.51,36.75,29.55,0.76,32.19
732,Lakhimpur,Assam,9,13.11,21.1,41.88,58.98,92.0,439.47,1494.14,34.15,1.8,36.51,28.52,0.95,31.33
732,Lakhimpur,Assam,10,4.92,15.59,12.44,31.95,84.89,277.1,1207.75,32.92,1.82,35.13,25.58,1.88,29.25
732,Lakhimpur,Assam,11,0.75,3.23,1.43,4.43,13.76,60.39,770.73,30.01,1.81,32.3,20.34,1.88,25.17
732,Lakhimpur,Assam,12,0.55,2.04,0.98,4.03,10.71,13.94,341.94,26.6,1.7,28.77,16.32,1.69,21.46
733,Majuli,Assam,1,1.0,3.74,2.54,5.15,19.23,21.17,89.81,24.71,1.83,26.97,15.23,1.49,19.97
733,Majuli,Assam,2,1.92,5.02,6.48,11.09,21.92,46.05,80.26,26.75,2.28,29.57,17.54,1.86,22.14
733,Majuli,Assam,3,3.23,9.25,8.82,18.88,49.29,64.66,130.82,29.78,2.29,32.84,20.94,1.79,25.36
733,Majuli,Assam,4,6.84,13.33,23.16,35.3,64.61,154.26,265.14,31.07,2.24,33.8,23.7,1.6,27.38
733,Majuli,Assam,5,11.11,22.28,35.67,64.9,102.99,274.29,496.38,32.93,2.16,35.61,26.41,1.57,29.67
733,Majuli,Assam,6,14.1,19.93,42.38,59.26,87.87,370.52,804.77,34.29,1.71,36.48,28.64,0.96,31.47
733,Majuli,Assam,7,16.38,18.79,42.18,55.6,86.99,486.95,1137.98,34.28,1.59,36.34,29.06,0.78,31.67
733,Majuli,Assam,8,13.56,16.35,35.25,47.43,75.86,438.52,1303.15,34.71,1.52,36.62,29.23,0.74,31.97
733,Majuli,Assam,9,11.51,16.99,32.17,46.37,83.96,382.12,1308.9,33.99,1.81,36.36,28.27,0.94,31.13
733,Majuli,Assam,10,4.76,12.97,14.33,26.83,68.02,254.68,1071.94,32.56,1.84,34.85,25.61,1.79,29.08
733,Majuli,Assam,11,0.72,2.79,1.7,4.05,15.21,58.59,690.21,29.42,1.78,31.69,20.67,1.87,25.04
733,Majuli,Assam,12,0.49,1.78,1.15,2.97,9.65,14.26,319.38,26.0,1.67,28.15,16.57,1.68,21.29
734,Marigaon,Assam,1,0.31,1.76,0.21,1.31,7.77,8.3,58.19,21.79,1.81,24.07,12.25,1.49,17.02
734,Marigaon,Assam,2,0.54,2.48,0.56,2.59,13.14,12.33,31.21,24.33,2.27,27.19,14.15,1.78,19.24
734,Marigaon,Assam,3,2.0,6.69,4.95,15.11,33.42,27.07,47.61,28.1,2.33,31.11,17.43,1.9,22.76
734,Marigaon,Assam,4,5.41,10.96,18.84,27.78,49.58,110.96,150.77,29.33,2.24,32.12,20.36,1.68,24.85
734,Marigaon,Assam,5,11.06,19.48,36.14,54.44,84.15,260.04,401.5,30.03,1.99,32.48,23.14,1.52,26.58
734,Marigaon,Assam,6,11.71,17.79,34.9,48.95,77.51,335.33,712.82,30.96,1.6,33.01,25.38,0.94,28.17
734,Marigaon,Assam,7,11.71,17.09,33.22,48.91,76.29,369.66,970.77,31.01,1.53,32.96,25.83,0.76,28.42
734,Marigaon,Assam,8,11.61,18.75,35.4,51.48,80.04,338.1,1044.7,31.36,1.46,33.22,25.88,0.7,28.62
734,Marigaon,Assam,9,7.74,14.05,25.24,37.3,64.39,303.75,1010.97,30.8,1.7,33.04,25.04,0.91,27.92
734,Marigaon,Assam,10,3.17,9.38,10.82,20.29,48.91,160.83,800.33,29.45,1.78,31.67,22.45,1.68,25.95
734,Marigaon,Assam,11,0.47,2.41,0.17,1.71,12.12,42.65,501.09,26.52,1.71,28.71,17.76,1.88,22.14
734,Marigaon,Assam,12,0.28,2.06,0.03,0.41,7.51,11.68,209.8,23.15,1.66,25.31,13.79,1.69,18.47
735,Nagaon,Assam,1,0.42,2.21,0.45,1.55,12.35,10.95,65.66,22.27,1.81,24.52,12.79,1.49,17.53
735,Nagaon,Assam,2,0.74,2.76,1.28,5.05,14.47,16.99,40.93,24.71,2.28,27.61,14.8,1.78,19.76
735,Nagaon,Assam,3,2.38,7.57,6.48,14.81,38.04,35.59,63.23,28.37,2.33,31.39,18.04,1.86,23.2
735,Nagaon,Assam,4,5.6,10.7,17.52,25.71,49.49,122.04,175.1,29.61,2.23,32.36,20.96,1.67,25.29
735,Nagaon,Assam,5,9.98,16.31,31.48,43.53,73.92,245.52,406.52,30.59,2.03,33.09,23.71,1.52,27.15
735,Nagaon,Assam,6,10.93,13.37,30.49,38.67,57.51,308.57,681.74,31.64,1.62,33.7,25.97,0.94,28.8
735,Nagaon,Assam,7,11.46,13.68,29.68,37.67,55.55,350.66,909.42,31.67,1.54,33.65,26.44,0.75,29.05
735,Nagaon,Assam,8,11.89,15.68,33.19,46.19,65.16,344.5,1006.15,31.96,1.47,33.83,26.53,0.7,29.24
735,Nagaon,Assam,9,8.56,12.69,23.66,35.17,58.98,314.92,1010.95,31.38,1.72,33.69,25.67,0.91,28.53
735,Nagaon,Assam,10,3.34,8.8,11.03,18.06,45.27,177.71,835.67,29.99,1.82,32.26,23.09,1.7,26.54
735,Nagaon,Assam,11,0.52,2.44,0.54,1.89,12.64,45.05,531.77,26.99,1.74,29.18,18.35,1.89,22.67
735,Nagaon,Assam,12,0.38,2.52,0.22,1.0,8.7,14.0,230.79,23.66,1.66,25.79,14.25,1.7,18.96
736,Nalbari,Assam,1,0.34,1.93,0.24,1.19,7.81,6.58,60.42,22.71,1.84,25.02,11.74,1.48,17.22
736,Nalbari,Assam,2,0.69,2.84,0.59,4.47,15.53,14.29,27.35,25.21,2.22,27.95,13.76,1.88,19.48
736,Nalbari,Assam,3,1.97,6.97,5.45,14.68,28.23,30.41,51.12,28.95,2.28,31.81,17.5,2.04,23.22
736,Nalbari,Assam,4,6.18,10.94,19.37,29.74,48.56,117.95,163.04,29.96,2.21,32.73,20.81,1.71,25.38
736,Nalbari,Assam,5,15.09,26.23,45.16,63.66,115.0,336.57,488.86,30.47,1.87,32.74,23.52,1.49,27.0
736,Nalbari,Assam,6,13.62,20.66,39.04,56.72,94.98,441.19,904.78,31.37,1.54,33.38,25.73,0.93,28.55
736,Nalbari,Assam,7,12.15,20.17,35.86,52.75,100.46,400.23,1185.06,31.43,1.48,33.34,26.18,0.76,28.81
736,Nalbari,Assam,8,8.55,14.7,27.16,40.15,64.69,285.46,1122.83,31.77,1.41,33.56,26.28,0.72,29.02
736,Nalbari,Assam,9,10.53,22.33,32.96,50.67,110.55,299.37,980.57,31.19,1.64,33.28,25.32,0.93,28.26
736,Nalbari,Assam,10,3.77,13.75,9.61,20.91,69.08,209.79,791.96,30.13,1.7,32.16,22.25,1.89,26.19
736,Nalbari,Assam,11,0.39,2.08,0.14,1.18,11.08,50.82,558.52,27.55,1.67,29.76,17.16,1.9,22.35
736,Nalbari,Assam,12,0.1,0.71,0.01,0.3,2.72,7.31,260.06,24.23,1.7,26.36,13.2,1.67,18.72
737,Sibsagar,Assam,1,0.93,3.45,2.31,4.56,16.38,20.19,84.2,24.31,1.87,26.64,14.27,1.5,19.29
737,Sibsagar,Assam,2,2.26,5.94,6.38,12.11,31.43,48.76,81.52,26.4,2.34,29.26,16.5,1.85,21.45
737,Sibsagar,Assam,3,3.89,10.83,10.18,23.35,63.0,76.88,144.83,29.4,2.34,32.49,19.92,1.77,24.66
737,Sibsagar,Assam,4,8.14,15.4,26.5,42.56,71.14,190.39,316.42,30.73,2.29,33.52,22.77,1.58,26.75
737,Sibsagar,Assam,5,10.88,22.34,34.25,61.69,103.75,289.71,560.49,32.55,2.22,35.31,25.59,1.58,29.07
737,Sibsagar,Assam,6,12.91,18.67,35.21,52.24,82.19,343.63,829.26,33.82,1.74,36.04,27.94,0.97,30.88
737,Sibsagar,Assam,7,16.15,18.3,41.71,54.7,83.52,465.48,1103.33,33.7,1.62,35.81,28.41,0.79,31.06
737,Sibsagar,Assam,8,13.99,16.52,34.91,46.58,78.34,439.59,1255.65,34.16,1.53,36.09,28.56,0.74,31.36
737,Sibsagar,Assam,9,11.23,16.47,31.3,44.56,81.82,391.45,1299.66,33.47,1.83,35.88,27.53,0.93,30.5
737,Sibsagar,Assam,10,4.46,12.76,11.47,25.18,66.99,242.48,1069.94,31.99,1.87,34.33,24.92,1.77,28.45
737,Sibsagar,Assam,11,0.66,2.51,1.67,3.48,12.52,54.73,682.8,28.84,1.79,31.1,19.87,1.9,24.35
737,Sibsagar,Assam,12,0.47,1.59,1.27,2.79,8.41,13.39,302.44,25.52,1.67,27.62,15.67,1.71,20.6
738,Sonitpur,Assam,1,0.64,2.23,1.49,3.46,13.63,16.84,74.08,25.27,1.88,27.64,14.71,1.53,19.99
738,Sonitpur,Assam,2,0.89,3.02,2.46,5.08,13.91,22.73,55.67,27.45,2.31,30.39,16.87,1.82,22.16
738,Sonitpur,Assam,3,2.31,6.27,7.56,12.96,31.69,37.27,76.55,30.95,2.35,33.99,20.26,1.85,25.6
738,Sonitpur,Assam,4,5.86,9.92,17.55,24.09,42.95,124.98,185.37,32.1,2.22,34.88,23.39,1.64,27.75
738,Sonitpur,Assam,5,11.13,17.83,32.25,45.2,74.7,257.93,423.48,33.05,2.0,35.5,26.28,1.52,29.66
738,Sonitpur,Assam,6,13.77,14.45,33.43,42.0,64.55,372.06,761.03,33.94,1.59,36.03,28.69,0.97,31.31
738,Sonitpur,Assam,7,12.28,13.03,28.13,37.23,61.61,412.67,1049.11,33.93,1.51,35.87,29.22,0.79,31.57
738,Sonitpur,Assam,8,10.81,12.91,27.37,38.71,54.94,334.55,1121.71,34.26,1.45,36.12,29.29,0.74,31.78
738,Sonitpur,Assam,9,12.05,15.75,30.8,43.07,67.74,354.7,1098.89,33.75,1.68,35.98,28.31,0.94,31.03
738,Sonitpur,Assam,10,3.6,7.85,13.13,21.81,35.14,237.98,926.25,32.81,1.78,34.97,25.03,1.95,28.92
738,Sonitpur,Assam,11,0.56,1.97,1.45,3.39,9.95,43.69,633.45,30.04,1.8,32.35,20.01,1.79,25.03
738,Sonitpur,Assam,12,0.61,3.43,0.94,2.04,12.41,17.27,289.68,26.66,1.7,28.83,16.16,1.71,21.41
739,South Salmara Mancachar,Assam,1,0.44,2.24,0.57,1.93,9.35,8.26,92.27,22.86,1.79,25.18,12.49,1.54,17.67
739,South Salmara Mancachar,Assam,2,0.49,1.98,0.68,3.24,9.57,13.39,32.43,25.74,2.31,28.67,14.43,1.86,20.09
739,South Salmara Mancachar,Assam,3,1.56,5.54,3.78,9.86,24.36,22.77,44.25,30.11,2.64,33.45,18.42,2.12,24.27
739,South Salmara Mancachar,Assam,4,6.1,11.31,20.24,29.87,51.0,111.11,147.54,30.9,3.02,35.1,21.46,1.58,26.18
739,South Salmara Mancachar,Assam,5,14.89,20.8,43.42,59.14,88.36,316.39,454.17,30.32,2.03,32.91,23.38,1.36,26.85
739,South Salmara Mancachar,Assam,6,20.82,28.68,55.66,78.54,132.53,546.0,982.28,30.7,1.61,32.56,25.17,0.9,27.94
739,South Salmara Mancachar,Assam,7,17.51,23.88,47.72,66.54,106.51,600.92,1474.25,30.76,1.43,32.43,25.6,0.72,28.18
739,South Salmara Mancachar,Assam,8,14.83,23.2,43.59,65.83,114.78,457.84,1609.83,30.96,1.36,32.57,25.64,0.65,28.3
739,South Salmara Mancachar,Assam,9,12.55,20.96,35.37,56.46,89.82,422.75,1474.43,30.41,1.54,32.36,24.85,0.85,27.63
739,South Salmara Mancachar,Assam,10,6.53,20.23,16.39,40.44,111.66,313.23,1190.06,29.34,1.61,31.25,22.19,1.79,25.76
739,South Salmara Mancachar,Assam,11,1.02,6.74,0.69,3.14,37.57,78.84,810.48,27.16,1.4,28.87,17.74,1.7,22.45
739,South Salmara Mancachar,Assam,12,0.09,0.96,0.0,0.08,1.26,11.86,396.35,24.21,1.63,26.14,13.99,1.57,19.1
740,Tinsukia,Assam,1,0.98,3.51,2.24,5.07,17.54,21.26,87.45,24.82,1.95,27.32,14.81,1.54,19.81
740,Tinsukia,Assam,2,2.75,7.91,7.33,14.04,40.14,56.87,89.98,26.87,2.42,29.91,16.95,1.8,21.91
740,Tinsukia,Assam,3,5.48,13.71,14.96,29.28,80.79,109.53,186.47,29.85,2.46,33.13,20.19,1.74,25.02
740,Tinsukia,Assam,4,7.56,13.65,24.89,37.75,61.85,209.06,376.48,31.16,2.4,34.12,22.94,1.56,27.05
740,Tinsukia,Assam,5,10.58,22.67,30.29,62.58,102.12,279.54,601.59,33.01,2.33,35.89,25.88,1.59,29.44
740,Tinsukia,Assam,6,15.38,24.51,47.82,67.04,115.14,362.35,854.52,34.11,1.85,36.56,28.34,1.08,31.22
740,Tinsukia,Assam,7,19.47,26.4,56.42,80.95,116.23,563.31,1211.67,33.89,1.72,36.06,28.86,0.9,31.37
740,Tinsukia,Assam,8,15.7,21.74,39.68,63.85,104.68,515.57,1453.29,34.52,1.61,36.56,28.98,0.81,31.75
740,Tinsukia,Assam,9,11.04,18.28,33.55,48.44,91.55,414.38,1497.95,33.88,1.91,36.41,27.91,0.98,30.89
740,Tinsukia,Assam,10,4.8,13.85,10.86,28.79,79.48,239.02,1162.2,32.56,1.94,34.94,25.08,1.84,28.82
740,Tinsukia,Assam,11,0.49,1.79,1.26,3.11,8.84,57.78,703.69,29.53,1.88,31.86,20.01,1.84,24.77
740,Tinsukia,Assam,12,0.55,1.72,1.43,3.28,9.53,12.82,301.93,26.14,1.75,28.3,16.03,1.71,21.08
741,Udalguri,Assam,1,0.47,1.46,1.41,2.51,7.71,12.06,58.96,22.28,1.83,24.54,12.23,1.45,17.25
741,Udalguri,Assam,2,0.66,1.78,1.89,3.84,8.76,16.6,40.91,24.4,2.25,27.23,13.86,1.8,19.13
741,Udalguri,Assam,3,2.24,5.66,6.82,12.39,32.55,33.3,61.89,28.19,2.37,31.25,17.29,1.88,22.74
741,Udalguri,Assam,4,6.03,8.4,16.34,23.63,38.0,124.08,174.45,29.52,2.16,32.3,20.46,1.63,24.99
741,Udalguri,Assam,5,12.81,17.72,35.01,45.83,82.31,292.4,453.72,30.17,1.73,32.34,23.41,1.45,26.79
741,Udalguri,Assam,6,14.97,14.8,34.64,45.11,64.16,415.77,839.55,31.09,1.4,32.83,25.87,0.88,28.48
741,Udalguri,Assam,7,11.28,11.18,25.71,33.55,51.61,410.94,1126.1,31.1,1.38,32.83,26.42,0.69,28.76
741,Udalguri,Assam,8,9.37,10.06,22.5,29.24,44.65,298.74,1125.11,31.31,1.33,33.02,26.4,0.63,28.86
741,Udalguri,Assam,9,8.55,11.04,23.31,30.58,45.42,278.72,982.12,30.75,1.52,32.75,25.38,0.86,28.06
741,Udalguri,Assam,10,2.99,6.96,10.51,16.95,37.34,173.09,747.95,29.5,1.57,31.42,22.02,2.08,25.76
741,Udalguri,Assam,11,0.44,1.4,1.15,2.55,7.45,36.99,485.28,26.91,1.67,29.06,17.14,1.69,22.02
741,Udalguri,Assam,12,0.46,2.99,0.78,1.47,6.88,13.76,217.56,23.71,1.7,25.85,13.67,1.6,18.69
742,West Karbi Anglong,Assam,1,0.35,1.74,0.34,1.51,7.47,9.16,72.0,21.13,1.82,23.38,10.99,1.51,16.06
742,West Karbi Anglong,Assam,2,0.73,2.64,1.54,5.0,13.03,14.89,35.3,23.62,2.25,26.5,12.97,1.82,18.3
742,West Karbi Anglong,Assam,3,2.43,6.96,7.58,16.54,32.99,39.93,63.86,27.23,2.3,30.14,16.42,1.96,21.82
742,West Karbi Anglong,Assam,4,5.8,11.33,19.42,31.36,51.09,122.13,177.64,28.52,2.22,31.26,19.51,1.64,24.02
742,West Karbi Anglong,Assam,5,9.52,20.23,28.33,44.49,81.4,237.87,403.57,29.27,1.99,31.71,22.11,1.49,25.69
742,West Karbi Anglong,Assam,6,12.78,19.63,36.62,53.29,88.16,329.01,694.3,30.17,1.58,32.24,24.3,0.9,27.24
742,West Karbi Anglong,Assam,7,13.83,19.09,39.05,54.16,79.45,408.79,980.97,30.17,1.52,32.17,24.75,0.72,27.46
742,West Karbi Anglong,Assam,8,12.54,18.28,36.04,49.44,80.3,401.09,1145.43,30.4,1.44,32.2,24.86,0.68,27.63
742,West Karbi Anglong,Assam,9,9.69,15.2,27.97,42.3,71.47,336.16,1146.73,29.89,1.65,32.04,24.06,0.87,26.97
742,West Karbi Anglong,Assam,10,4.39,11.3,14.78,25.96,66.53,217.53,951.77,28.61,1.75,30.78,21.39,1.7,25.0
742,West Karbi Anglong,Assam,11,0.52,2.74,0.38,1.78,14.2,55.72,604.2,25.72,1.69,27.85,16.62,1.89,21.17
742,West Karbi Anglong,Assam,12,0.26,1.49,0.02,0.39,8.71,11.51,278.53,22.44,1.66,24.57,12.64,1.71,17.54
